Input file,Event Number,Species Code,Call,Start time,End time,Parameter 1,Parameter 2,Parameter 3,Parameter 4,Parameter 5,Parameter 6,Comments,Image,Audio,date,lat,lon,DayNight
C:\Users\mmrph\Desktop\author's Interns\PHR_wavfiles\WAVfiles\5643.210808103815.wav,11/3/21 14:04,HMS,Growl,8/8/2021 13:00:06.1,NA,3,NA,NA,NA,NA,NA,NA,Hawaiian Monk Seal-NWHI2021PHR-20210808T130006.jpg,Hawaiian Monk Seal-NWHI2021PHR-20210808T130006.x.wav,2021-08-08,27.79205,-175.819217,Day
C:\Users\mmrph\Desktop\author's Interns\PHR_wavfiles\WAVfiles\5643.210808103815.wav,11/3/21 14:04,HMS,Croak,8/8/2021 13:00:09.9,NA,3,NA,NA,NA,NA,NA,NA,NA,NA,2021-08-08,27.79205,-175.819217,Day
C:\Users\mmrph\Desktop\author's Interns\PHR_wavfiles\WAVfiles\5643.210808103815.wav,11/3/21 14:20,HMS,Growl,8/8/2021 13:00:11.4,NA,3,NA,NA,NA,NA,NA,NA,NA,NA,2021-08-08,27.79205,-175.819217,Day
C:\Users\mmrph\Desktop\author's Interns\PHR_wavfiles\WAVfiles\5643.210808103815.wav,11/3/21 14:20,HMS,Whoop,8/8/2021 13:00:15.2,NA,3,2,NA,NA,NA,NA,NA,NA,NA,2021-08-08,27.79205,-175.819217,Day
C:\Users\mmrph\Desktop\author's Interns\PHR_wavfiles\WAVfiles\5643.210808103815.wav,11/3/21 14:20,HMS,Whoop,8/8/2021 13:00:15.2,NA,3,1,NA,NA,NA,NA,NA,NA,NA,2021-08-08,27.79205,-175.819217,Day
C:\Users\mmrph\Desktop\author's Interns\PHR_wavfiles\WAVfiles\5643.210808103815.wav,11/3/21 14:20,HMS,Whoop,8/8/2021 13:00:17.7,NA,3,2,NA,NA,NA,NA,NA,NA,NA,2021-08-08,27.79205,-175.819217,Day
C:\Users\mmrph\Desktop\author's Interns\PHR_wavfiles\WAVfiles\5643.210808103815.wav,11/3/21 14:21,HMS,Croak,8/8/2021 13:00:18.7,NA,3,NA,NA,NA,NA,NA,NA,NA,NA,2021-08-08,27.79205,-175.819217,Day
C:\Users\mmrph\Desktop\author's Interns\PHR_wavfiles\WAVfiles\5643.210808103815.wav,11/3/21 14:21,HMS,Growl,8/8/2021 13:00:19.6,NA,2,NA,NA,NA,NA,NA,NA,NA,NA,2021-08-08,27.79205,-175.819217,Day
C:\Users\mmrph\Desktop\author's Interns\PHR_wavfiles\WAVfiles\5643.210808103815.wav,11/3/21 14:22,HMS,Whoop,8/8/2021 13:00:24.6,NA,2,2,NA,NA,NA,NA,NA,NA,NA,2021-08-08,27.79205,-175.819217,Day
C:\Users\mmrph\Desktop\author's Interns\PHR_wavfiles\WAVfiles\5643.210808103815.wav,11/3/21 14:22,HMS,Croak,8/8/2021 13:00:24.6,NA,2,NA,NA,NA,NA,NA,NA,NA,NA,2021-08-08,27.79205,-175.819217,Day
C:\Users\mmrph\Desktop\author's Interns\PHR_wavfiles\WAVfiles\5643.210808103815.wav,11/3/21 14:23,HMS,Whoop,8/8/2021 13:00:26.5,NA,2,1,NA,NA,NA,NA,NA,NA,NA,2021-08-08,27.79205,-175.819217,Day
C:\Users\mmrph\Desktop\author's Interns\PHR_wavfiles\WAVfiles\5643.210808103815.wav,11/3/21 14:25,HMS,Growl,8/8/2021 13:01:41.3,NA,1,NA,NA,NA,NA,NA,NA,NA,NA,2021-08-08,27.79205,-175.819217,Day
C:\Users\mmrph\Desktop\author's Interns\PHR_wavfiles\WAVfiles\5643.210808103815.wav,11/3/21 14:25,HMS,Growl,8/8/2021 13:01:47.4,NA,1,NA,NA,NA,NA,NA,NA,NA,NA,2021-08-08,27.79205,-175.819217,Day
C:\Users\mmrph\Desktop\author's Interns\PHR_wavfiles\WAVfiles\5643.210808103815.wav,11/3/21 14:25,HMS,Growl,8/8/2021 13:01:47.4,NA,2,NA,NA,NA,NA,NA,NA,NA,NA,2021-08-08,27.79205,-175.819217,Day
C:\Users\mmrph\Desktop\author's Interns\PHR_wavfiles\WAVfiles\5643.210808103815.wav,11/3/21 14:26,HMS,Whoop,8/8/2021 13:02:01.1,NA,2,1,NA,NA,NA,NA,NA,NA,NA,2021-08-08,27.79205,-175.819217,Day
C:\Users\mmrph\Desktop\author's Interns\PHR_wavfiles\WAVfiles\5643.210808103815.wav,11/3/21 14:26,HMS,Growl,8/8/2021 13:02:04.8,NA,2,NA,NA,NA,NA,NA,NA,NA,NA,2021-08-08,27.79205,-175.819217,Day
C:\Users\mmrph\Desktop\author's Interns\PHR_wavfiles\WAVfiles\5643.210808103815.wav,11/3/21 14:27,HMS,Whoop,8/8/2021 13:02:08.9,NA,2,3,NA,NA,NA,NA,NA,NA,NA,2021-08-08,27.79205,-175.819217,Day
C:\Users\mmrph\Desktop\author's Interns\PHR_wavfiles\WAVfiles\5643.210808103815.wav,11/3/21 14:27,HMS,Croak,8/8/2021 13:02:10.4,NA,2,NA,NA,NA,NA,NA,NA,NA,NA,2021-08-08,27.79205,-175.819217,Day
C:\Users\mmrph\Desktop\author's Interns\PHR_wavfiles\WAVfiles\5643.210808103815.wav,11/3/21 14:27,HMS,Growl,8/8/2021 13:02:11.2,NA,2,NA,NA,NA,NA,NA,NA,NA,NA,2021-08-08,27.79205,-175.819217,Day
C:\Users\mmrph\Desktop\author's Interns\PHR_wavfiles\WAVfiles\5643.210808103815.wav,11/3/21 14:27,HMS,Whoop,8/8/2021 13:02:18.4,NA,2,1,NA,NA,NA,NA,NA,NA,NA,2021-08-08,27.79205,-175.819217,Day
C:\Users\mmrph\Desktop\author's Interns\PHR_wavfiles\WAVfiles\5643.210808103815.wav,11/3/21 14:27,HMS,Whoop,8/8/2021 13:02:19.2,NA,1,2,NA,NA,NA,NA,NA,NA,NA,2021-08-08,27.79205,-175.819217,Day
C:\Users\mmrph\Desktop\author's Interns\PHR_wavfiles\WAVfiles\5643.210808103815.wav,11/3/21 14:28,HMS,Croak,8/8/2021 13:02:22.7,NA,2,NA,NA,NA,NA,NA,NA,NA,NA,2021-08-08,27.79205,-175.819217,Day
C:\Users\mmrph\Desktop\author's Interns\PHR_wavfiles\WAVfiles\5643.210808103815.wav,11/3/21 14:28,HMS,Whoop,8/8/2021 13:02:23.4,NA,1,1,NA,NA,NA,NA,NA,NA,NA,2021-08-08,27.79205,-175.819217,Day
C:\Users\mmrph\Desktop\author's Interns\PHR_wavfiles\WAVfiles\5643.210808103815.wav,11/3/21 14:28,HMS,Croak,8/8/2021 13:02:24.5,NA,2,NA,NA,NA,NA,NA,NA,NA,NA,2021-08-08,27.79205,-175.819217,Day
C:\Users\mmrph\Desktop\author's Interns\PHR_wavfiles\WAVfiles\5643.210808103815.wav,11/3/21 14:29,HMS,Croak,8/8/2021 13:02:28.4,NA,1,NA,NA,NA,NA,NA,NA,NA,NA,2021-08-08,27.79205,-175.819217,Day
C:\Users\mmrph\Desktop\author's Interns\PHR_wavfiles\WAVfiles\5643.210808103815.wav,11/3/21 14:33,HMS,Growl,8/8/2021 13:03:55.2,NA,3,NA,NA,NA,NA,NA,NA,Hawaiian Monk Seal-NWHI2021PHR-20210808T130355.jpg,Hawaiian Monk Seal-NWHI2021PHR-20210808T130355.x.wav,2021-08-08,27.79205,-175.819217,Day
C:\Users\mmrph\Desktop\author's Interns\PHR_wavfiles\WAVfiles\5643.210808103815.wav,11/3/21 14:33,HMS,Croak,8/8/2021 13:03:58.4,NA,3,NA,NA,NA,NA,NA,NA,NA,NA,2021-08-08,27.79205,-175.819217,Day
C:\Users\mmrph\Desktop\author's Interns\PHR_wavfiles\WAVfiles\5643.210808103815.wav,11/3/21 14:33,HMS,Croak,8/8/2021 13:03:59.7,NA,1,NA,NA,NA,NA,NA,NA,NA,NA,2021-08-08,27.79205,-175.819217,Day
C:\Users\mmrph\Desktop\author's Interns\PHR_wavfiles\WAVfiles\5643.210808103815.wav,11/3/21 14:34,HMS,Growl,8/8/2021 13:04:01.1,NA,2,NA,NA,NA,NA,NA,NA,NA,NA,2021-08-08,27.79205,-175.819217,Day
C:\Users\mmrph\Desktop\author's Interns\PHR_wavfiles\WAVfiles\5643.210808103815.wav,11/3/21 14:34,HMS,Whoop,8/8/2021 13:04:06.6,NA,1,1,NA,NA,NA,NA,NA,NA,NA,2021-08-08,27.79205,-175.819217,Day
C:\Users\mmrph\Desktop\author's Interns\PHR_wavfiles\WAVfiles\5643.210808103815.wav,11/3/21 14:34,HMS,Croak,8/8/2021 13:04:07.3,NA,3,NA,NA,NA,NA,NA,NA,NA,NA,2021-08-08,27.79205,-175.819217,Day
C:\Users\mmrph\Desktop\author's Interns\PHR_wavfiles\WAVfiles\5643.210808103815.wav,11/3/21 14:34,HMS,Growl,8/8/2021 13:04:08.3,NA,3,NA,NA,NA,NA,NA,NA,NA,NA,2021-08-08,27.79205,-175.819217,Day
C:\Users\mmrph\Desktop\author's Interns\PHR_wavfiles\WAVfiles\5643.210808103815.wav,11/3/21 14:35,HMS,Whoop,8/8/2021 13:04:12.6,NA,2,2,NA,NA,NA,NA,NA,NA,NA,2021-08-08,27.79205,-175.819217,Day
C:\Users\mmrph\Desktop\author's Interns\PHR_wavfiles\WAVfiles\5643.210808103815.wav,11/3/21 14:35,HMS,Croak,8/8/2021 13:04:15.7,NA,1,NA,NA,NA,NA,NA,NA,NA,NA,2021-08-08,27.79205,-175.819217,Day
C:\Users\mmrph\Desktop\author's Interns\PHR_wavfiles\WAVfiles\5643.210808103815.wav,11/3/21 14:36,HMS,Whoop,8/8/2021 13:04:16.9,NA,1,2,NA,NA,NA,NA,NA,NA,NA,2021-08-08,27.79205,-175.819217,Day
C:\Users\mmrph\Desktop\author's Interns\PHR_wavfiles\WAVfiles\5643.210808103815.wav,11/3/21 14:36,HMS,Growl,8/8/2021 13:04:18.2,NA,1,NA,NA,NA,NA,NA,NA,NA,NA,2021-08-08,27.79205,-175.819217,Day
C:\Users\mmrph\Desktop\author's Interns\PHR_wavfiles\WAVfiles\5643.210808103815.wav,11/3/21 14:36,HMS,Croak,8/8/2021 13:04:20.5,NA,2,NA,NA,NA,NA,NA,NA,NA,NA,2021-08-08,27.79205,-175.819217,Day
C:\Users\mmrph\Desktop\author's Interns\PHR_wavfiles\WAVfiles\5643.210808103815.wav,11/3/21 14:36,HMS,Whoop,8/8/2021 13:04:21.6,NA,2,3,NA,NA,NA,NA,NA,NA,NA,2021-08-08,27.79205,-175.819217,Day
C:\Users\mmrph\Desktop\author's Interns\PHR_wavfiles\WAVfiles\5643.210808103815.wav,11/3/21 14:36,HMS,Croak,8/8/2021 13:04:22.5,NA,3,NA,NA,NA,NA,NA,NA,NA,NA,2021-08-08,27.79205,-175.819217,Day
C:\Users\mmrph\Desktop\author's Interns\PHR_wavfiles\WAVfiles\5643.210808103815.wav,11/3/21 14:38,HMS,Growl,8/8/2021 13:04:23.5,NA,2,NA,NA,NA,NA,NA,NA,NA,NA,2021-08-08,27.79205,-175.819217,Day
C:\Users\mmrph\Desktop\author's Interns\PHR_wavfiles\WAVfiles\5643.210808103815.wav,11/3/21 14:38,HMS,Growl,8/8/2021 13:04:28.0,NA,2,NA,NA,NA,NA,NA,NA,NA,NA,2021-08-08,27.79205,-175.819217,Day
C:\Users\mmrph\Desktop\author's Interns\PHR_wavfiles\WAVfiles\5643.210808103815.wav,11/3/21 14:38,HMS,Whoop,8/8/2021 13:04:30.9,NA,1,2,NA,NA,NA,NA,NA,NA,NA,2021-08-08,27.79205,-175.819217,Day
C:\Users\mmrph\Desktop\author's Interns\PHR_wavfiles\WAVfiles\5643.210808103815.wav,11/3/21 14:39,HMS,Growl,8/8/2021 13:04:37.3,NA,2,NA,NA,NA,NA,NA,NA,NA,NA,2021-08-08,27.79205,-175.819217,Day
C:\Users\mmrph\Desktop\author's Interns\PHR_wavfiles\WAVfiles\5643.210808103815.wav,11/3/21 14:40,HMS,Whoop,8/8/2021 13:04:40.0,NA,1,2,NA,NA,NA,NA,NA,NA,NA,2021-08-08,27.79205,-175.819217,Day
C:\Users\mmrph\Desktop\author's Interns\PHR_wavfiles\WAVfiles\5643.210808103815.wav,11/3/21 14:40,HMS,Croak,8/8/2021 13:04:40.7,NA,2,NA,NA,NA,NA,NA,NA,NA,NA,2021-08-08,27.79205,-175.819217,Day
C:\Users\mmrph\Desktop\author's Interns\PHR_wavfiles\WAVfiles\5643.210808103815.wav,11/3/21 14:40,HMS,Growl,8/8/2021 13:04:42.0,NA,2,NA,NA,NA,NA,NA,NA,NA,NA,2021-08-08,27.79205,-175.819217,Day
C:\Users\mmrph\Desktop\author's Interns\PHR_wavfiles\WAVfiles\5643.210808133815.wav,11/10/21 15:36,HMS,Growl,8/8/2021 14:01:11.8,NA,1,NA,NA,NA,NA,NA,NA,NA,NA,2021-08-08,27.79205,-175.819217,Day
C:\Users\mmrph\Desktop\author's Interns\PHR_wavfiles\WAVfiles\5643.210808133815.wav,11/10/21 15:36,HMS,Growl,8/8/2021 14:01:25.4,NA,1,NA,NA,NA,NA,NA,NA,NA,NA,2021-08-08,27.79205,-175.819217,Day
C:\Users\mmrph\Desktop\author's Interns\PHR_wavfiles\WAVfiles\5643.210808133815.wav,11/10/21 15:37,HMS,Growl,8/8/2021 14:03:26.2,NA,1,NA,NA,NA,NA,NA,NA,NA,NA,2021-08-08,27.79205,-175.819217,Day
C:\Users\mmrph\Desktop\author's Interns\PHR_wavfiles\WAVfiles\5643.210808133815.wav,11/10/21 15:37,HMS,Growl,8/8/2021 14:03:32.7,NA,1,NA,NA,NA,NA,NA,NA,NA,NA,2021-08-08,27.79205,-175.819217,Day
C:\Users\mmrph\Desktop\author's Interns\PHR_wavfiles\WAVfiles\5643.210808133815.wav,11/10/21 15:38,HMS,Whoop,8/8/2021 14:03:37.7,NA,1,1,NA,NA,NA,NA,NA,NA,NA,2021-08-08,27.79205,-175.819217,Day
C:\Users\mmrph\Desktop\author's Interns\PHR_wavfiles\WAVfiles\5643.210808133815.wav,11/10/21 15:39,HMS,Growl,8/8/2021 14:03:47.9,NA,1,NA,NA,NA,NA,NA,NA,NA,NA,2021-08-08,27.79205,-175.819217,Day
C:\Users\mmrph\Desktop\author's Interns\PHR_wavfiles\WAVfiles\5643.210808133815.wav,11/10/21 15:39,HMS,Growl,8/8/2021 14:03:53.3,NA,1,NA,NA,NA,NA,NA,NA,NA,NA,2021-08-08,27.79205,-175.819217,Day
C:\Users\mmrph\Desktop\author's Interns\PHR_wavfiles\WAVfiles\5643.210808133815.wav,11/17/21 14:04,Anthro,Ship/Small Boat,8/8/2021 15:01:15.4,NA,NA,NA,NA,NA,NA,NA,NA,NA,NA,2021-08-08,27.79205,-175.819217,Day
C:\Users\mmrph\Desktop\author's Interns\PHR_wavfiles\WAVfiles\5643.210808133815.wav,11/17/21 14:39,HMS,Growl,8/8/2021 16:01:04.1,NA,1,NA,NA,NA,NA,NA,NA,NA,NA,2021-08-08,27.79205,-175.819217,Day
C:\Users\mmrph\Desktop\author's Interns\PHR_wavfiles\WAVfiles\5643.210808133815.wav,11/17/21 14:40,HMS,Growl,8/8/2021 16:01:06.7,NA,2,NA,NA,NA,NA,NA,NA,NA,NA,2021-08-08,27.79205,-175.819217,Day
C:\Users\mmrph\Desktop\author's Interns\PHR_wavfiles\WAVfiles\5643.210808133815.wav,11/17/21 14:40,HMS,Whoop,8/8/2021 16:01:11.1,NA,2,1,NA,NA,NA,NA,NA,NA,NA,2021-08-08,27.79205,-175.819217,Day
C:\Users\mmrph\Desktop\author's Interns\PHR_wavfiles\WAVfiles\5643.210808133815.wav,11/17/21 14:40,HMS,Whoop,8/8/2021 16:01:13.1,NA,2,1,NA,NA,NA,NA,NA,NA,NA,2021-08-08,27.79205,-175.819217,Day
C:\Users\mmrph\Desktop\author's Interns\PHR_wavfiles\WAVfiles\5643.210808133815.wav,11/17/21 14:40,HMS,Growl,8/8/2021 16:01:17.4,NA,2,NA,NA,NA,NA,NA,NA,NA,NA,2021-08-08,27.79205,-175.819217,Day
C:\Users\mmrph\Desktop\author's Interns\PHR_wavfiles\WAVfiles\5643.210808133815.wav,11/17/21 14:40,HMS,Croak,8/8/2021 16:01:19.8,NA,2,NA,NA,NA,NA,NA,NA,NA,NA,2021-08-08,27.79205,-175.819217,Day
C:\Users\mmrph\Desktop\author's Interns\PHR_wavfiles\WAVfiles\5643.210808133815.wav,11/17/21 14:41,HMS,Growl,8/8/2021 16:01:20.7,NA,2,NA,NA,NA,NA,NA,NA,NA,NA,2021-08-08,27.79205,-175.819217,Day
C:\Users\mmrph\Desktop\author's Interns\PHR_wavfiles\WAVfiles\5643.210808133815.wav,11/17/21 14:41,HMS,Growl,8/8/2021 16:01:24.8,NA,2,NA,NA,NA,NA,NA,NA,NA,NA,2021-08-08,27.79205,-175.819217,Day
C:\Users\mmrph\Desktop\author's Interns\PHR_wavfiles\WAVfiles\5643.210808133815.wav,11/17/21 14:42,HMS,Whoop,8/8/2021 16:01:28.7,NA,1,1,NA,NA,NA,NA,NA,NA,NA,2021-08-08,27.79205,-175.819217,Day
C:\Users\mmrph\Desktop\author's Interns\PHR_wavfiles\WAVfiles\5643.210808133815.wav,11/17/21 14:42,HMS,Croak,8/8/2021 16:01:32.9,NA,1,NA,NA,NA,NA,NA,NA,NA,NA,2021-08-08,27.79205,-175.819217,Day
C:\Users\mmrph\Desktop\author's Interns\PHR_wavfiles\WAVfiles\5643.210808133815.wav,11/17/21 14:42,HMS,Growl,8/8/2021 16:01:38.8,NA,2,NA,NA,NA,NA,NA,NA,NA,NA,2021-08-08,27.79205,-175.819217,Day
C:\Users\mmrph\Desktop\author's Interns\PHR_wavfiles\WAVfiles\5643.210808133815.wav,11/17/21 14:44,HMS,Growl,8/8/2021 16:02:51.9,NA,2,NA,NA,NA,NA,NA,NA,NA,NA,2021-08-08,27.79205,-175.819217,Day
C:\Users\mmrph\Desktop\author's Interns\PHR_wavfiles\WAVfiles\5643.210808133815.wav,11/17/21 14:45,HMS,Whoop,8/8/2021 16:02:58.7,NA,2,1,NA,NA,NA,NA,NA,NA,NA,2021-08-08,27.79205,-175.819217,Day
C:\Users\mmrph\Desktop\author's Interns\PHR_wavfiles\WAVfiles\5643.210808133815.wav,11/17/21 14:45,HMS,Whoop,8/8/2021 16:03:00.8,NA,1,1,NA,NA,NA,NA,NA,NA,NA,2021-08-08,27.79205,-175.819217,Day
C:\Users\mmrph\Desktop\author's Interns\PHR_wavfiles\WAVfiles\5643.210808133815.wav,11/17/21 14:45,HMS,Croak,8/8/2021 16:03:07.6,NA,2,NA,NA,NA,NA,NA,NA,NA,NA,2021-08-08,27.79205,-175.819217,Day
C:\Users\mmrph\Desktop\author's Interns\PHR_wavfiles\WAVfiles\5643.210808133815.wav,11/17/21 14:45,HMS,Whoop,8/8/2021 16:03:09.3,NA,1,1,NA,NA,NA,NA,NA,NA,NA,2021-08-08,27.79205,-175.819217,Day
C:\Users\mmrph\Desktop\author's Interns\PHR_wavfiles\WAVfiles\5643.210808133815.wav,11/17/21 14:45,HMS,Growl,8/8/2021 16:03:10.8,NA,2,NA,NA,NA,NA,NA,NA,NA,NA,2021-08-08,27.79205,-175.819217,Day
C:\Users\mmrph\Desktop\author's Interns\PHR_wavfiles\WAVfiles\5643.210808133815.wav,11/17/21 14:46,HMS,Whoop,8/8/2021 16:03:15.6,NA,1,1,NA,NA,NA,NA,NA,NA,NA,2021-08-08,27.79205,-175.819217,Day
C:\Users\mmrph\Desktop\author's Interns\PHR_wavfiles\WAVfiles\5643.210808133815.wav,11/17/21 14:47,HMS,Whoop,8/8/2021 16:03:15.6,NA,1,1,NA,NA,NA,NA,NA,NA,NA,2021-08-08,27.79205,-175.819217,Day
C:\Users\mmrph\Desktop\author's Interns\PHR_wavfiles\WAVfiles\5643.210808133815.wav,11/17/21 14:48,HMS,MoanGrowl,8/8/2021 16:04:30.7,NA,3,NA,NA,NA,NA,NA,not going to analyze in raven due to fish noise overlapping call,NA,NA,2021-08-08,27.79205,-175.819217,Day
C:\Users\mmrph\Desktop\author's Interns\PHR_wavfiles\WAVfiles\5643.210808133815.wav,11/17/21 14:50,HMS,Whoop,8/8/2021 16:04:38.2,NA,2,1,NA,NA,NA,NA,NA,NA,NA,2021-08-08,27.79205,-175.819217,Day
C:\Users\mmrph\Desktop\author's Interns\PHR_wavfiles\WAVfiles\5643.210808133815.wav,11/17/21 14:51,HMS,Growl,8/8/2021 16:04:42.9,NA,2,NA,NA,NA,NA,NA,NA,NA,NA,2021-08-08,27.79205,-175.819217,Day
C:\Users\mmrph\Desktop\author's Interns\PHR_wavfiles\WAVfiles\5643.210808133815.wav,11/17/21 14:51,HMS,Whoop,8/8/2021 16:04:42.9,NA,1,1,NA,NA,NA,NA,NA,NA,NA,2021-08-08,27.79205,-175.819217,Day
C:\Users\mmrph\Desktop\author's Interns\PHR_wavfiles\WAVfiles\5643.210808133815.wav,11/17/21 14:51,HMS,Croak,8/8/2021 16:04:52.0,NA,2,NA,NA,NA,NA,NA,NA,NA,NA,2021-08-08,27.79205,-175.819217,Day
C:\Users\mmrph\Desktop\author's Interns\PHR_wavfiles\WAVfiles\5643.210808133815.wav,11/17/21 14:51,HMS,Whoop,8/8/2021 16:04:53.1,NA,2,1,NA,NA,NA,NA,NA,NA,NA,2021-08-08,27.79205,-175.819217,Day
C:\Users\mmrph\Desktop\author's Interns\PHR_wavfiles\WAVfiles\5643.210808133815.wav,11/17/21 14:52,HMS,Growl,8/8/2021 16:04:54.7,NA,2,NA,NA,NA,NA,NA,NA,NA,NA,2021-08-08,27.79205,-175.819217,Day
C:\Users\mmrph\Desktop\author's Interns\PHR_wavfiles\WAVfiles\5643.210808163814.wav,11/24/21 10:21,HMS,Growl,8/8/2021 17:01:30.7,NA,2,NA,NA,NA,NA,NA,NA,NA,NA,2021-08-08,27.79205,-175.819217,Day
C:\Users\mmrph\Desktop\author's Interns\PHR_wavfiles\WAVfiles\5643.210808163814.wav,11/24/21 10:22,HMS,Croak,8/8/2021 17:01:34.8,NA,2,NA,NA,NA,NA,NA,NA,NA,NA,2021-08-08,27.79205,-175.819217,Day
C:\Users\mmrph\Desktop\author's Interns\PHR_wavfiles\WAVfiles\5643.210808163814.wav,11/24/21 10:22,HMS,Growl,8/8/2021 17:01:35.2,NA,1,NA,NA,NA,NA,NA,"Overlaps with croak, maybe two individuals",NA,NA,2021-08-08,27.79205,-175.819217,Day
C:\Users\mmrph\Desktop\author's Interns\PHR_wavfiles\WAVfiles\5643.210808163814.wav,11/24/21 10:22,HMS,Croak,8/8/2021 17:01:39.2,NA,1,NA,NA,NA,NA,NA,NA,NA,NA,2021-08-08,27.79205,-175.819217,Day
C:\Users\mmrph\Desktop\author's Interns\PHR_wavfiles\WAVfiles\5643.210808163814.wav,11/24/21 10:24,HMS,Croak,8/8/2021 17:01:41.8,NA,2,NA,NA,NA,NA,NA,"Series of three croaks, maybe two individuals",NA,NA,2021-08-08,27.79205,-175.819217,Day
C:\Users\mmrph\Desktop\author's Interns\PHR_wavfiles\WAVfiles\5643.210808163814.wav,11/24/21 10:24,HMS,Croak,8/8/2021 17:01:42.4,NA,1,NA,NA,NA,NA,NA,NA,NA,NA,2021-08-08,27.79205,-175.819217,Day
C:\Users\mmrph\Desktop\author's Interns\PHR_wavfiles\WAVfiles\5643.210808163814.wav,11/24/21 10:24,HMS,Croak,8/8/2021 17:01:42.7,NA,2,NA,NA,NA,NA,NA,NA,NA,NA,2021-08-08,27.79205,-175.819217,Day
C:\Users\mmrph\Desktop\author's Interns\PHR_wavfiles\WAVfiles\5643.210808163814.wav,11/24/21 10:25,HMS,Growl,8/8/2021 17:01:43.8,NA,3,NA,NA,NA,NA,NA,NA,Hawaiian Monk Seal-NWHI2021PHR-20210808T170143.jpg,Hawaiian Monk Seal-NWHI2021PHR-20210808T170143.x.wav,2021-08-08,27.79205,-175.819217,Day
C:\Users\mmrph\Desktop\author's Interns\PHR_wavfiles\WAVfiles\5643.210808163814.wav,11/24/21 10:25,HMS,Whoop,8/8/2021 17:01:47.2,NA,3,4,NA,NA,NA,NA,NA,NA,NA,2021-08-08,27.79205,-175.819217,Day
C:\Users\mmrph\Desktop\author's Interns\PHR_wavfiles\WAVfiles\5643.210808163814.wav,11/24/21 10:25,HMS,Croak,8/8/2021 17:01:48.5,NA,1,NA,NA,NA,NA,NA,NA,NA,NA,2021-08-08,27.79205,-175.819217,Day
C:\Users\mmrph\Desktop\author's Interns\PHR_wavfiles\WAVfiles\5643.210808163814.wav,11/24/21 10:25,HMS,Growl,8/8/2021 17:01:49.4,NA,1,NA,NA,NA,NA,NA,NA,NA,NA,2021-08-08,27.79205,-175.819217,Day
C:\Users\mmrph\Desktop\author's Interns\PHR_wavfiles\WAVfiles\5643.210808163814.wav,11/24/21 10:26,HMS,Growl,8/8/2021 17:01:52.9,NA,1,NA,NA,NA,NA,NA,NA,NA,NA,2021-08-08,27.79205,-175.819217,Day
C:\Users\mmrph\Desktop\author's Interns\PHR_wavfiles\WAVfiles\5643.210808163814.wav,11/24/21 10:26,HMS,Whoop,8/8/2021 17:01:59.3,NA,1,3,NA,NA,NA,NA,NA,NA,NA,2021-08-08,27.79205,-175.819217,Day
C:\Users\mmrph\Desktop\author's Interns\PHR_wavfiles\WAVfiles\5643.210808163814.wav,11/24/21 10:26,HMS,Croak,8/8/2021 17:02:00.2,NA,1,NA,NA,NA,NA,NA,NA,NA,NA,2021-08-08,27.79205,-175.819217,Day
C:\Users\mmrph\Desktop\author's Interns\PHR_wavfiles\WAVfiles\5643.210808163814.wav,11/24/21 10:26,HMS,Croak,8/8/2021 17:02:10.8,NA,1,NA,NA,NA,NA,NA,NA,NA,NA,2021-08-08,27.79205,-175.819217,Day
C:\Users\mmrph\Desktop\author's Interns\PHR_wavfiles\WAVfiles\5643.210808163814.wav,11/24/21 10:26,HMS,Growl,8/8/2021 17:02:11.7,NA,1,NA,NA,NA,NA,NA,NA,NA,NA,2021-08-08,27.79205,-175.819217,Day
C:\Users\mmrph\Desktop\author's Interns\PHR_wavfiles\WAVfiles\5643.210808163814.wav,11/24/21 10:27,HMS,Croak,8/8/2021 17:02:29.1,NA,1,NA,NA,NA,NA,NA,NA,NA,NA,2021-08-08,27.79205,-175.819217,Day
C:\Users\mmrph\Desktop\author's Interns\PHR_wavfiles\WAVfiles\5643.210808163814.wav,11/24/21 10:27,HMS,Growl,8/8/2021 17:02:29.1,NA,1,NA,NA,NA,NA,NA,NA,NA,NA,2021-08-08,27.79205,-175.819217,Day
C:\Users\mmrph\Desktop\author's Interns\PHR_wavfiles\WAVfiles\5643.210808163814.wav,11/24/21 10:27,HMS,Croak,8/8/2021 17:03:03.6,NA,1,NA,NA,NA,NA,NA,NA,NA,NA,2021-08-08,27.79205,-175.819217,Day
C:\Users\mmrph\Desktop\author's Interns\PHR_wavfiles\WAVfiles\5643.210808163814.wav,11/24/21 10:28,HMS,Growl,8/8/2021 17:03:06.9,NA,2,NA,NA,NA,NA,NA,NA,NA,NA,2021-08-08,27.79205,-175.819217,Day
C:\Users\mmrph\Desktop\author's Interns\PHR_wavfiles\WAVfiles\5643.210808163814.wav,11/24/21 10:28,HMS,Whoop,8/8/2021 17:03:11.5,NA,1,1,NA,NA,NA,NA,NA,NA,NA,2021-08-08,27.79205,-175.819217,Day
C:\Users\mmrph\Desktop\author's Interns\PHR_wavfiles\WAVfiles\5643.210808163814.wav,11/24/21 10:28,HMS,Whoop,8/8/2021 17:03:14.6,NA,1,3,NA,NA,NA,NA,NA,NA,NA,2021-08-08,27.79205,-175.819217,Day
C:\Users\mmrph\Desktop\author's Interns\PHR_wavfiles\WAVfiles\5643.210808163814.wav,11/24/21 10:28,HMS,Croak,8/8/2021 17:03:15.8,NA,2,NA,NA,NA,NA,NA,NA,NA,NA,2021-08-08,27.79205,-175.819217,Day
C:\Users\mmrph\Desktop\author's Interns\PHR_wavfiles\WAVfiles\5643.210808163814.wav,11/24/21 10:28,HMS,Growl,8/8/2021 17:03:16.7,NA,2,NA,NA,NA,NA,NA,NA,NA,NA,2021-08-08,27.79205,-175.819217,Day
C:\Users\mmrph\Desktop\author's Interns\PHR_wavfiles\WAVfiles\5643.210808163814.wav,11/24/21 10:29,HMS,Whoop,8/8/2021 17:03:20.2,NA,2,3,NA,NA,NA,NA,NA,NA,NA,2021-08-08,27.79205,-175.819217,Day
C:\Users\mmrph\Desktop\author's Interns\PHR_wavfiles\WAVfiles\5643.210808163814.wav,11/24/21 10:29,HMS,Croak,8/8/2021 17:03:24.0,NA,1,NA,NA,NA,NA,NA,NA,NA,NA,2021-08-08,27.79205,-175.819217,Day
C:\Users\mmrph\Desktop\author's Interns\PHR_wavfiles\WAVfiles\5643.210808163814.wav,11/24/21 10:29,HMS,Growl,8/8/2021 17:03:30.2,NA,1,NA,NA,NA,NA,NA,NA,NA,NA,2021-08-08,27.79205,-175.819217,Day
C:\Users\mmrph\Desktop\author's Interns\PHR_wavfiles\WAVfiles\5643.210808163814.wav,11/24/21 10:29,HMS,Croak,8/8/2021 17:03:36.5,NA,1,NA,NA,NA,NA,NA,NA,NA,NA,2021-08-08,27.79205,-175.819217,Day
C:\Users\mmrph\Desktop\author's Interns\PHR_wavfiles\WAVfiles\5643.210808163814.wav,11/24/21 10:29,HMS,Croak,8/8/2021 17:03:38.1,NA,1,NA,NA,NA,NA,NA,NA,NA,NA,2021-08-08,27.79205,-175.819217,Day
C:\Users\mmrph\Desktop\author's Interns\PHR_wavfiles\WAVfiles\5643.210808163814.wav,11/24/21 10:29,HMS,Growl,8/8/2021 17:03:44.1,NA,1,NA,NA,NA,NA,NA,NA,NA,NA,2021-08-08,27.79205,-175.819217,Day
C:\Users\mmrph\Desktop\author's Interns\PHR_wavfiles\WAVfiles\5643.210808163814.wav,11/24/21 10:29,HMS,Whoop,8/8/2021 17:03:47.5,NA,1,2,NA,NA,NA,NA,NA,NA,NA,2021-08-08,27.79205,-175.819217,Day
C:\Users\mmrph\Desktop\author's Interns\PHR_wavfiles\WAVfiles\5643.210808163814.wav,11/24/21 10:29,HMS,Croak,8/8/2021 17:03:59.1,NA,1,NA,NA,NA,NA,NA,NA,NA,NA,2021-08-08,27.79205,-175.819217,Day
C:\Users\mmrph\Desktop\author's Interns\PHR_wavfiles\WAVfiles\5643.210808163814.wav,11/24/21 10:30,HMS,Croak,8/8/2021 17:03:59.9,NA,1,NA,NA,NA,NA,NA,NA,NA,NA,2021-08-08,27.79205,-175.819217,Day
C:\Users\mmrph\Desktop\author's Interns\PHR_wavfiles\WAVfiles\5643.210808163814.wav,11/24/21 10:30,HMS,Growl,8/8/2021 17:04:37.7,NA,1,NA,NA,NA,NA,NA,NA,NA,NA,2021-08-08,27.79205,-175.819217,Day
C:\Users\mmrph\Desktop\author's Interns\PHR_wavfiles\WAVfiles\5643.210808163814.wav,11/24/21 10:30,HMS,Croak,8/8/2021 17:04:41.6,NA,1,NA,NA,NA,NA,NA,NA,NA,NA,2021-08-08,27.79205,-175.819217,Day
C:\Users\mmrph\Desktop\author's Interns\PHR_wavfiles\WAVfiles\5643.210808163814.wav,11/24/21 10:30,HMS,Growl,8/8/2021 17:04:43.7,NA,1,NA,NA,NA,NA,NA,NA,NA,NA,2021-08-08,27.79205,-175.819217,Day
C:\Users\mmrph\Desktop\author's Interns\PHR_wavfiles\WAVfiles\5643.210808163814.wav,11/24/21 10:30,HMS,Growl,8/8/2021 17:04:50.3,NA,1,NA,NA,NA,NA,NA,NA,NA,NA,2021-08-08,27.79205,-175.819217,Day
C:\Users\mmrph\Desktop\author's Interns\PHR_wavfiles\WAVfiles\5643.210808163814.wav,11/24/21 10:30,HMS,Croak,8/8/2021 17:04:53.3,NA,1,NA,NA,NA,NA,NA,NA,NA,NA,2021-08-08,27.79205,-175.819217,Day
C:\Users\mmrph\Desktop\author's Interns\PHR_wavfiles\WAVfiles\5643.210808163814.wav,3/10/22 9:48,HMS,Growl,8/8/2021 18:02:00.9,8/8/2021 18:02:06.2,1,NA,NA,NA,NA,NA,"Poor quality, really quiet",NA,NA,2021-08-08,27.79205,-175.819217,Day
C:\Users\mmrph\Desktop\author's Interns\PHR_wavfiles\WAVfiles\5643.210808163814.wav,3/10/22 9:48,HMS,Whoop,8/8/2021 18:02:06.4,8/8/2021 18:02:06.7,1,1,NA,NA,NA,NA,NA,NA,NA,2021-08-08,27.79205,-175.819217,Day
C:\Users\mmrph\Desktop\author's Interns\PHR_wavfiles\WAVfiles\5643.210808163814.wav,3/10/22 9:48,HMS,Croak,8/8/2021 18:02:08.8,8/8/2021 18:02:09.2,1,NA,NA,NA,NA,NA,NA,NA,NA,2021-08-08,27.79205,-175.819217,Day
C:\Users\mmrph\Desktop\author's Interns\PHR_wavfiles\WAVfiles\5643.210808163814.wav,3/10/22 9:48,HMS,Croak,8/8/2021 18:02:13.7,8/8/2021 18:02:14.0,1,NA,NA,NA,NA,NA,NA,NA,NA,2021-08-08,27.79205,-175.819217,Day
C:\Users\mmrph\Desktop\author's Interns\PHR_wavfiles\WAVfiles\5643.210808163814.wav,3/10/22 9:48,HMS,Growl,8/8/2021 18:02:15.3,8/8/2021 18:02:17.8,1,NA,NA,NA,NA,NA,NA,NA,NA,2021-08-08,27.79205,-175.819217,Day
C:\Users\mmrph\Desktop\author's Interns\PHR_wavfiles\WAVfiles\5643.210808163814.wav,3/10/22 9:48,HMS,Croak,8/8/2021 18:02:18.8,8/8/2021 18:02:19.1,1,NA,NA,NA,NA,NA,NA,NA,NA,2021-08-08,27.79205,-175.819217,Day
C:\Users\mmrph\Desktop\author's Interns\PHR_wavfiles\WAVfiles\5643.210808163814.wav,3/10/22 9:49,HMS,Croak,8/8/2021 18:02:31.0,8/8/2021 18:02:31.7,1,NA,NA,NA,NA,NA,NA,NA,NA,2021-08-08,27.79205,-175.819217,Day
C:\Users\mmrph\Desktop\author's Interns\PHR_wavfiles\WAVfiles\5643.210808163814.wav,3/10/22 9:49,HMS,Croak,8/8/2021 18:02:32.5,8/8/2021 18:02:33.0,1,NA,NA,NA,NA,NA,NA,NA,NA,2021-08-08,27.79205,-175.819217,Day
C:\Users\mmrph\Desktop\author's Interns\PHR_wavfiles\WAVfiles\5643.210808163814.wav,3/10/22 9:49,HMS,Growl,8/8/2021 18:02:33.6,8/8/2021 18:02:36.0,1,NA,NA,NA,NA,NA,NA,NA,NA,2021-08-08,27.79205,-175.819217,Day
C:\Users\mmrph\Desktop\author's Interns\PHR_wavfiles\WAVfiles\5643.210808163814.wav,3/10/22 9:49,HMS,Croak,8/8/2021 18:02:38.8,8/8/2021 18:02:39.2,1,NA,NA,NA,NA,NA,NA,NA,NA,2021-08-08,27.79205,-175.819217,Day
C:\Users\mmrph\Desktop\author's Interns\PHR_wavfiles\WAVfiles\5643.210808163814.wav,3/10/22 9:49,HMS,Growl,8/8/2021 18:03:58.2,8/8/2021 18:04:01.6,1,NA,NA,NA,NA,NA,NA,NA,NA,2021-08-08,27.79205,-175.819217,Day
C:\Users\mmrph\Desktop\author's Interns\PHR_wavfiles\WAVfiles\5643.210808163814.wav,3/10/22 9:49,HMS,Croak,8/8/2021 18:04:04.8,8/8/2021 18:04:05.2,1,NA,NA,NA,NA,NA,NA,NA,NA,2021-08-08,27.79205,-175.819217,Day
C:\Users\mmrph\Desktop\author's Interns\PHR_wavfiles\WAVfiles\5643.210808163814.wav,3/10/22 9:50,HMS,Growl,8/8/2021 18:04:13.4,8/8/2021 18:04:17.3,1,NA,NA,NA,NA,NA,NA,NA,NA,2021-08-08,27.79205,-175.819217,Day
C:\Users\mmrph\Desktop\author's Interns\PHR_wavfiles\WAVfiles\5643.210808163814.wav,3/10/22 9:50,HMS,Croak,8/8/2021 18:04:18.9,8/8/2021 18:04:19.2,1,NA,NA,NA,NA,NA,NA,NA,NA,2021-08-08,27.79205,-175.819217,Day
C:\Users\mmrph\Desktop\author's Interns\PHR_wavfiles\WAVfiles\5643.210808163814.wav,3/10/22 9:51,HMS,Growl,8/8/2021 18:04:19.8,8/8/2021 18:04:22.8,1,NA,NA,NA,NA,NA,Movement sounds underneath the growl?,NA,NA,2021-08-08,27.79205,-175.819217,Day
C:\Users\mmrph\Desktop\author's Interns\PHR_wavfiles\WAVfiles\5643.210808163814.wav,3/10/22 9:52,HMS,Croak,8/8/2021 18:04:34.5,8/8/2021 18:04:35.5,1,NA,NA,NA,NA,NA,NA,NA,NA,2021-08-08,27.79205,-175.819217,Day
C:\Users\mmrph\Desktop\author's Interns\PHR_wavfiles\WAVfiles\5643.210808163814.wav,3/10/22 9:52,HMS,Croak,8/8/2021 18:04:36.0,8/8/2021 18:04:36.5,1,NA,NA,NA,NA,NA,NA,NA,NA,2021-08-08,27.79205,-175.819217,Day
C:\Users\mmrph\Desktop\author's Interns\PHR_wavfiles\WAVfiles\5643.210808163814.wav,3/10/22 9:52,HMS,Growl,8/8/2021 18:04:38.6,8/8/2021 18:04:41.7,1,NA,NA,NA,NA,NA,NA,NA,NA,2021-08-08,27.79205,-175.819217,Day
C:\Users\mmrph\Desktop\author's Interns\PHR_wavfiles\WAVfiles\5643.210808163814.wav,3/10/22 11:32,HMS,Growl,8/8/2021 19:00:18.1,8/8/2021 19:00:20.8,1,NA,NA,NA,NA,NA,NA,NA,NA,2021-08-08,27.79205,-175.819217,Day
C:\Users\mmrph\Desktop\author's Interns\PHR_wavfiles\WAVfiles\5643.210808163814.wav,3/10/22 11:32,HMS,Croak,8/8/2021 19:00:21.5,8/8/2021 19:00:22.0,1,NA,NA,NA,NA,NA,NA,NA,NA,2021-08-08,27.79205,-175.819217,Day
C:\Users\mmrph\Desktop\author's Interns\PHR_wavfiles\WAVfiles\5643.210808163814.wav,3/10/22 11:32,HMS,Growl,8/8/2021 19:00:23.8,8/8/2021 19:00:27.4,1,NA,NA,NA,NA,NA,NA,NA,NA,2021-08-08,27.79205,-175.819217,Day
C:\Users\mmrph\Desktop\author's Interns\PHR_wavfiles\WAVfiles\5643.210808163814.wav,3/10/22 11:32,HMS,Moan,8/8/2021 19:00:33.8,8/8/2021 19:00:34.4,1,NA,NA,NA,NA,NA,NA,NA,NA,2021-08-08,27.79205,-175.819217,Day
C:\Users\mmrph\Desktop\author's Interns\PHR_wavfiles\WAVfiles\5643.210808163814.wav,3/10/22 11:33,HMS,MoanGrowl,8/8/2021 19:00:34.5,8/8/2021 19:00:37.0,1,NA,NA,NA,NA,NA,NA,NA,NA,2021-08-08,27.79205,-175.819217,Day
C:\Users\mmrph\Desktop\author's Interns\PHR_wavfiles\WAVfiles\5643.210808163814.wav,3/10/22 11:33,HMS,Growl,8/8/2021 19:00:35.8,8/8/2021 19:00:37.2,1,NA,NA,NA,NA,NA,NA,NA,NA,2021-08-08,27.79205,-175.819217,Day
C:\Users\mmrph\Desktop\author's Interns\PHR_wavfiles\WAVfiles\5643.210808163814.wav,3/10/22 11:33,HMS,Growl,8/8/2021 19:01:02.6,8/8/2021 19:01:09.0,2,NA,NA,NA,NA,NA,NA,NA,NA,2021-08-08,27.79205,-175.819217,Day
C:\Users\mmrph\Desktop\author's Interns\PHR_wavfiles\WAVfiles\5643.210808163814.wav,3/10/22 11:34,HMS,Croak,8/8/2021 19:01:09.1,8/8/2021 19:01:09.5,3,NA,NA,NA,NA,NA,NA,Hawaiian Monk Seal-NWHI2021PHR-20210808T190109.jpg,Hawaiian Monk Seal-NWHI2021PHR-20210808T190109.x.wav,2021-08-08,27.79205,-175.819217,Day
C:\Users\mmrph\Desktop\author's Interns\PHR_wavfiles\WAVfiles\5643.210808163814.wav,3/10/22 11:34,HMS,Croak,8/8/2021 19:01:11.6,8/8/2021 19:01:12.1,3,NA,NA,NA,NA,NA,NA,NA,NA,2021-08-08,27.79205,-175.819217,Day
C:\Users\mmrph\Desktop\author's Interns\PHR_wavfiles\WAVfiles\5643.210808163814.wav,3/10/22 11:34,HMS,Growl,8/8/2021 19:01:12.6,8/8/2021 19:01:14.9,3,NA,NA,NA,NA,NA,NA,NA,NA,2021-08-08,27.79205,-175.819217,Day
C:\Users\mmrph\Desktop\author's Interns\PHR_wavfiles\WAVfiles\5643.210808163814.wav,3/10/22 11:34,HMS,Whoop,8/8/2021 19:01:14.9,8/8/2021 19:01:15.5,2,2,NA,NA,NA,NA,NA,NA,NA,2021-08-08,27.79205,-175.819217,Day
C:\Users\mmrph\Desktop\author's Interns\PHR_wavfiles\WAVfiles\5643.210808163814.wav,3/10/22 11:35,HMS,Croak,8/8/2021 19:01:15.5,8/8/2021 19:01:16.0,2,NA,NA,NA,NA,NA,NA,NA,NA,2021-08-08,27.79205,-175.819217,Day
C:\Users\mmrph\Desktop\author's Interns\PHR_wavfiles\WAVfiles\5643.210808163814.wav,3/10/22 11:35,HMS,Croak,8/8/2021 19:01:17.7,8/8/2021 19:01:18.2,2,NA,NA,NA,NA,NA,NA,NA,NA,2021-08-08,27.79205,-175.819217,Day
C:\Users\mmrph\Desktop\author's Interns\PHR_wavfiles\WAVfiles\5643.210808163814.wav,3/10/22 11:35,HMS,Growl,8/8/2021 19:01:18.5,8/8/2021 19:01:21.0,2,NA,NA,NA,NA,NA,NA,NA,NA,2021-08-08,27.79205,-175.819217,Day
C:\Users\mmrph\Desktop\author's Interns\PHR_wavfiles\WAVfiles\5643.210808163814.wav,3/10/22 11:35,HMS,MoanGrowl,8/8/2021 19:01:29.0,8/8/2021 19:01:32.4,2,NA,NA,NA,NA,NA,NA,NA,NA,2021-08-08,27.79205,-175.819217,Day
C:\Users\mmrph\Desktop\author's Interns\PHR_wavfiles\WAVfiles\5643.210808163814.wav,3/10/22 11:36,HMS,Growl,8/8/2021 19:01:33.0,8/8/2021 19:01:35.3,2,NA,NA,NA,NA,NA,NA,NA,NA,2021-08-08,27.79205,-175.819217,Day
C:\Users\mmrph\Desktop\author's Interns\PHR_wavfiles\WAVfiles\5643.210808163814.wav,3/10/22 11:36,HMS,Croak,8/8/2021 19:01:39.5,8/8/2021 19:01:39.8,2,NA,NA,NA,NA,NA,NA,NA,NA,2021-08-08,27.79205,-175.819217,Day
C:\Users\mmrph\Desktop\author's Interns\PHR_wavfiles\WAVfiles\5643.210808163814.wav,3/10/22 11:36,HMS,Croak,8/8/2021 19:01:49.6,8/8/2021 19:01:50.2,2,NA,NA,NA,NA,NA,NA,NA,NA,2021-08-08,27.79205,-175.819217,Day
C:\Users\mmrph\Desktop\author's Interns\PHR_wavfiles\WAVfiles\5643.210808163814.wav,3/10/22 11:36,HMS,Growl,8/8/2021 19:01:50.6,8/8/2021 19:01:53.3,2,NA,NA,NA,NA,NA,NA,NA,NA,2021-08-08,27.79205,-175.819217,Day
C:\Users\mmrph\Desktop\author's Interns\PHR_wavfiles\WAVfiles\5643.210808163814.wav,3/10/22 11:36,HMS,Croak,8/8/2021 19:01:57.2,8/8/2021 19:01:57.4,1,NA,NA,NA,NA,NA,NA,NA,NA,2021-08-08,27.79205,-175.819217,Day
C:\Users\mmrph\Desktop\author's Interns\PHR_wavfiles\WAVfiles\5643.210808163814.wav,3/10/22 11:37,HMS,Croak,8/8/2021 19:03:02.8,8/8/2021 19:03:03.3,2,NA,NA,NA,NA,NA,NA,NA,NA,2021-08-08,27.79205,-175.819217,Day
C:\Users\mmrph\Desktop\author's Interns\PHR_wavfiles\WAVfiles\5643.210808163814.wav,3/10/22 11:37,HMS,Growl,8/8/2021 19:03:17.5,8/8/2021 19:03:20.5,1,NA,NA,NA,NA,NA,NA,NA,NA,2021-08-08,27.79205,-175.819217,Day
C:\Users\mmrph\Desktop\author's Interns\PHR_wavfiles\WAVfiles\5643.210808163814.wav,3/10/22 11:38,HMS,Growl,8/8/2021 19:03:21.6,8/8/2021 19:03:27.1,2,NA,NA,NA,NA,NA,NA,NA,NA,2021-08-08,27.79205,-175.819217,Day
C:\Users\mmrph\Desktop\author's Interns\PHR_wavfiles\WAVfiles\5643.210808163814.wav,3/10/22 11:38,HMS,Growl,8/8/2021 19:03:27.5,8/8/2021 19:03:30.9,2,NA,NA,NA,NA,NA,NA,NA,NA,2021-08-08,27.79205,-175.819217,Day
C:\Users\mmrph\Desktop\author's Interns\PHR_wavfiles\WAVfiles\5643.210808163814.wav,3/10/22 11:39,HMS,MoanGrowl,8/8/2021 19:03:31.3,8/8/2021 19:03:39.0,1,NA,NA,NA,NA,NA,NA,NA,NA,2021-08-08,27.79205,-175.819217,Day
C:\Users\mmrph\Desktop\author's Interns\PHR_wavfiles\WAVfiles\5643.210808163814.wav,3/10/22 11:39,HMS,Croak,8/8/2021 19:03:31.8,8/8/2021 19:03:32.1,2,NA,NA,NA,NA,NA,NA,NA,NA,2021-08-08,27.79205,-175.819217,Day
C:\Users\mmrph\Desktop\author's Interns\PHR_wavfiles\WAVfiles\5643.210808163814.wav,3/10/22 11:39,HMS,Growl,8/8/2021 19:03:32.5,8/8/2021 19:03:39.2,2,NA,NA,NA,NA,NA,NA,NA,NA,2021-08-08,27.79205,-175.819217,Day
C:\Users\mmrph\Desktop\author's Interns\PHR_wavfiles\WAVfiles\5643.210808163814.wav,3/10/22 11:40,HMS,Whoop,8/8/2021 19:03:40.5,8/8/2021 19:03:41.5,2,4,NA,NA,NA,NA,NA,NA,NA,2021-08-08,27.79205,-175.819217,Day
C:\Users\mmrph\Desktop\author's Interns\PHR_wavfiles\WAVfiles\5643.210808163814.wav,3/10/22 11:40,HMS,Croak,8/8/2021 19:03:47.1,8/8/2021 19:03:47.7,2,NA,NA,NA,NA,NA,NA,NA,NA,2021-08-08,27.79205,-175.819217,Day
C:\Users\mmrph\Desktop\author's Interns\PHR_wavfiles\WAVfiles\5643.210808163814.wav,3/10/22 11:40,HMS,Croak,8/8/2021 19:03:48.2,8/8/2021 19:03:48.6,2,NA,NA,NA,NA,NA,NA,NA,NA,2021-08-08,27.79205,-175.819217,Day
C:\Users\mmrph\Desktop\author's Interns\PHR_wavfiles\WAVfiles\5643.210808163814.wav,3/10/22 11:40,HMS,Growl,8/8/2021 19:03:56.6,8/8/2021 19:04:00.1,2,NA,NA,NA,NA,NA,NA,NA,NA,2021-08-08,27.79205,-175.819217,Day
C:\Users\mmrph\Desktop\author's Interns\PHR_wavfiles\WAVfiles\5643.210808163814.wav,3/10/22 11:40,HMS,Whoop,8/8/2021 19:04:00.2,8/8/2021 19:04:00.5,1,1,NA,NA,NA,NA,NA,NA,NA,2021-08-08,27.79205,-175.819217,Day
C:\Users\mmrph\Desktop\author's Interns\PHR_wavfiles\WAVfiles\5643.210808163814.wav,3/10/22 11:40,HMS,Croak,8/8/2021 19:04:01.6,8/8/2021 19:04:02.0,2,NA,NA,NA,NA,NA,NA,NA,NA,2021-08-08,27.79205,-175.819217,Day
C:\Users\mmrph\Desktop\author's Interns\PHR_wavfiles\WAVfiles\5643.210808163814.wav,3/10/22 11:41,HMS,Growl,8/8/2021 19:04:02.6,8/8/2021 19:04:05.3,2,NA,NA,NA,NA,NA,NA,NA,NA,2021-08-08,27.79205,-175.819217,Day
C:\Users\mmrph\Desktop\author's Interns\PHR_wavfiles\WAVfiles\5643.210808163814.wav,3/10/22 11:41,HMS,Growl,8/8/2021 19:04:05.6,8/8/2021 19:04:05.6,2,NA,NA,NA,NA,NA,NA,NA,NA,2021-08-08,27.79205,-175.819217,Day
C:\Users\mmrph\Desktop\author's Interns\PHR_wavfiles\WAVfiles\5643.210808163814.wav,3/10/22 11:41,HMS,Croak,8/8/2021 19:04:12.3,8/8/2021 19:04:12.6,2,NA,NA,NA,NA,NA,NA,NA,NA,2021-08-08,27.79205,-175.819217,Day
C:\Users\mmrph\Desktop\author's Interns\PHR_wavfiles\WAVfiles\5643.210808163814.wav,3/10/22 11:41,HMS,Growl,8/8/2021 19:04:22.3,8/8/2021 19:04:25.6,2,NA,NA,NA,NA,NA,NA,NA,NA,2021-08-08,27.79205,-175.819217,Day
C:\Users\mmrph\Desktop\author's Interns\PHR_wavfiles\WAVfiles\5643.210808163814.wav,3/10/22 11:41,HMS,Whoop,8/8/2021 19:04:25.9,8/8/2021 19:04:26.1,1,1,NA,NA,NA,NA,NA,NA,NA,2021-08-08,27.79205,-175.819217,Day
C:\Users\mmrph\Desktop\author's Interns\PHR_wavfiles\WAVfiles\5643.210808193813.wav,3/10/22 13:58,HMS,Growl,8/8/2021 20:00:55.1,8/8/2021 20:01:01.0,2,NA,NA,NA,NA,NA,NA,NA,NA,2021-08-08,27.79205,-175.819217,Day
C:\Users\mmrph\Desktop\author's Interns\PHR_wavfiles\WAVfiles\5643.210808193813.wav,3/10/22 13:58,HMS,Croak,8/8/2021 20:01:04.2,8/8/2021 20:01:04.9,2,NA,NA,NA,NA,NA,NA,NA,NA,2021-08-08,27.79205,-175.819217,Day
C:\Users\mmrph\Desktop\author's Interns\PHR_wavfiles\WAVfiles\5643.210808193813.wav,3/10/22 13:58,HMS,Whoop,8/8/2021 20:01:05.8,8/8/2021 20:01:06.1,2,1,NA,NA,NA,NA,NA,NA,NA,2021-08-08,27.79205,-175.819217,Day
C:\Users\mmrph\Desktop\author's Interns\PHR_wavfiles\WAVfiles\5643.210808193813.wav,3/10/22 13:58,HMS,Croak,8/8/2021 20:01:11.7,8/8/2021 20:01:12.1,2,NA,NA,NA,NA,NA,NA,NA,NA,2021-08-08,27.79205,-175.819217,Day
C:\Users\mmrph\Desktop\author's Interns\PHR_wavfiles\WAVfiles\5643.210808193813.wav,3/10/22 13:59,HMS,Croak,8/8/2021 20:01:12.4,8/8/2021 20:01:12.6,2,NA,NA,NA,NA,NA,NA,NA,NA,2021-08-08,27.79205,-175.819217,Day
C:\Users\mmrph\Desktop\author's Interns\PHR_wavfiles\WAVfiles\5643.210808193813.wav,3/10/22 13:59,HMS,Growl,8/8/2021 20:01:13.3,8/8/2021 20:01:16.4,2,NA,NA,NA,NA,NA,NA,NA,NA,2021-08-08,27.79205,-175.819217,Day
C:\Users\mmrph\Desktop\author's Interns\PHR_wavfiles\WAVfiles\5643.210808193813.wav,3/10/22 13:59,HMS,Growl,8/8/2021 20:01:16.8,8/8/2021 20:01:19.6,2,NA,NA,NA,NA,NA,NA,NA,NA,2021-08-08,27.79205,-175.819217,Day
C:\Users\mmrph\Desktop\author's Interns\PHR_wavfiles\WAVfiles\5643.210808193813.wav,3/10/22 13:59,HMS,Croak,8/8/2021 20:01:23.0,8/8/2021 20:01:23.4,2,NA,NA,NA,NA,NA,NA,NA,NA,2021-08-08,27.79205,-175.819217,Day
C:\Users\mmrph\Desktop\author's Interns\PHR_wavfiles\WAVfiles\5643.210808193813.wav,3/10/22 13:59,HMS,Whoop,8/8/2021 20:01:23.9,8/8/2021 20:01:24.4,1,2,NA,NA,NA,NA,NA,NA,NA,2021-08-08,27.79205,-175.819217,Day
C:\Users\mmrph\Desktop\author's Interns\PHR_wavfiles\WAVfiles\5643.210808193813.wav,3/10/22 14:15,HMS,Croak,8/8/2021 20:01:34.0,8/8/2021 20:01:35.1,2,NA,NA,NA,NA,NA,NA,NA,NA,2021-08-08,27.79205,-175.819217,Day
C:\Users\mmrph\Desktop\author's Interns\PHR_wavfiles\WAVfiles\5643.210808193813.wav,3/10/22 14:15,HMS,Croak,8/8/2021 20:01:35.4,8/8/2021 20:01:36.0,2,NA,NA,NA,NA,NA,NA,NA,NA,2021-08-08,27.79205,-175.819217,Day
C:\Users\mmrph\Desktop\author's Interns\PHR_wavfiles\WAVfiles\5643.210808193813.wav,3/10/22 14:16,HMS,Growl,8/8/2021 20:01:39.1,8/8/2021 20:01:42.9,2,NA,NA,NA,NA,NA,NA,NA,NA,2021-08-08,27.79205,-175.819217,Day
C:\Users\mmrph\Desktop\author's Interns\PHR_wavfiles\WAVfiles\5643.210808193813.wav,3/10/22 14:16,HMS,Croak,8/8/2021 20:01:44.8,8/8/2021 20:01:45.3,2,NA,NA,NA,NA,NA,NA,NA,NA,2021-08-08,27.79205,-175.819217,Day
C:\Users\mmrph\Desktop\author's Interns\PHR_wavfiles\WAVfiles\5643.210808193813.wav,3/10/22 14:16,HMS,Growl,8/8/2021 20:01:47.1,8/8/2021 20:01:50.4,2,NA,NA,NA,NA,NA,NA,NA,NA,2021-08-08,27.79205,-175.819217,Day
C:\Users\mmrph\Desktop\author's Interns\PHR_wavfiles\WAVfiles\5643.210808193813.wav,3/10/22 14:16,HMS,Whoop,8/8/2021 20:01:52.0,8/8/2021 20:01:52.7,1,2,NA,NA,NA,NA,NA,NA,NA,2021-08-08,27.79205,-175.819217,Day
C:\Users\mmrph\Desktop\author's Interns\PHR_wavfiles\WAVfiles\5643.210808193813.wav,3/10/22 14:16,HMS,Croak,8/8/2021 20:01:53.1,8/8/2021 20:01:53.6,2,NA,NA,NA,NA,NA,NA,NA,NA,2021-08-08,27.79205,-175.819217,Day
C:\Users\mmrph\Desktop\author's Interns\PHR_wavfiles\WAVfiles\5643.210808193813.wav,3/10/22 14:16,HMS,Croak,8/8/2021 20:02:02.9,8/8/2021 20:02:04.0,2,NA,NA,NA,NA,NA,NA,NA,NA,2021-08-08,27.79205,-175.819217,Day
C:\Users\mmrph\Desktop\author's Interns\PHR_wavfiles\WAVfiles\5643.210808193813.wav,3/10/22 14:17,HMS,Whoop,8/8/2021 20:02:04.7,8/8/2021 20:02:05.8,2,3,NA,NA,NA,NA,NA,NA,NA,2021-08-08,27.79205,-175.819217,Day
C:\Users\mmrph\Desktop\author's Interns\PHR_wavfiles\WAVfiles\5643.210808193813.wav,3/10/22 14:17,HMS,Croak,8/8/2021 20:02:05.8,8/8/2021 20:02:06.3,2,NA,NA,NA,NA,NA,NA,NA,NA,2021-08-08,27.79205,-175.819217,Day
C:\Users\mmrph\Desktop\author's Interns\PHR_wavfiles\WAVfiles\5643.210808193813.wav,3/10/22 14:17,HMS,Croak,8/8/2021 20:02:06.8,8/8/2021 20:02:07.5,2,NA,NA,NA,NA,NA,NA,NA,NA,2021-08-08,27.79205,-175.819217,Day
C:\Users\mmrph\Desktop\author's Interns\PHR_wavfiles\WAVfiles\5643.210808193813.wav,3/10/22 14:17,HMS,Growl,8/8/2021 20:04:07.5,8/8/2021 20:04:13.1,2,NA,NA,NA,NA,NA,NA,NA,NA,2021-08-08,27.79205,-175.819217,Day
C:\Users\mmrph\Desktop\author's Interns\PHR_wavfiles\WAVfiles\5643.210808193813.wav,3/10/22 14:17,HMS,Growl,8/8/2021 20:04:13.6,8/8/2021 20:04:17.1,2,NA,NA,NA,NA,NA,NA,NA,NA,2021-08-08,27.79205,-175.819217,Day
C:\Users\mmrph\Desktop\author's Interns\PHR_wavfiles\WAVfiles\5643.210808193813.wav,3/10/22 14:19,HMS,Croak,8/8/2021 20:04:18.0,8/8/2021 20:04:18.3,2,NA,NA,NA,NA,NA,NA,NA,NA,2021-08-08,27.79205,-175.819217,Day
C:\Users\mmrph\Desktop\author's Interns\PHR_wavfiles\WAVfiles\5643.210808193813.wav,3/10/22 14:19,HMS,Croak,8/8/2021 20:04:21.8,8/8/2021 20:04:22.5,2,NA,NA,NA,NA,NA,NA,NA,NA,2021-08-08,27.79205,-175.819217,Day
C:\Users\mmrph\Desktop\author's Interns\PHR_wavfiles\WAVfiles\5643.210808193813.wav,3/10/22 14:20,HMS,Croak,8/8/2021 20:04:35.5,8/8/2021 20:04:36.5,2,NA,NA,NA,NA,NA,NA,NA,NA,2021-08-08,27.79205,-175.819217,Day
C:\Users\mmrph\Desktop\author's Interns\PHR_wavfiles\WAVfiles\5643.210808193813.wav,3/10/22 14:20,HMS,Croak,8/8/2021 20:04:36.8,8/8/2021 20:04:37.3,2,NA,NA,NA,NA,NA,NA,NA,NA,2021-08-08,27.79205,-175.819217,Day
C:\Users\mmrph\Desktop\author's Interns\PHR_wavfiles\WAVfiles\5643.210808193813.wav,3/10/22 14:21,HMS,Growl,8/8/2021 20:04:38.9,8/8/2021 20:04:41.4,2,NA,NA,NA,NA,NA,NA,NA,NA,2021-08-08,27.79205,-175.819217,Day
C:\Users\mmrph\Desktop\author's Interns\PHR_wavfiles\WAVfiles\5643.210808193813.wav,3/10/22 14:21,HMS,Whoop,8/8/2021 20:04:41.6,8/8/2021 20:04:42.1,1,2,NA,NA,NA,NA,NA,NA,NA,2021-08-08,27.79205,-175.819217,Day
C:\Users\mmrph\Desktop\author's Interns\PHR_wavfiles\WAVfiles\5643.210808193813.wav,3/10/22 14:21,HMS,Whoop,8/8/2021 20:04:43.5,8/8/2021 20:04:43.9,1,1,NA,NA,NA,NA,NA,NA,NA,2021-08-08,27.79205,-175.819217,Day
C:\Users\mmrph\Desktop\author's Interns\PHR_wavfiles\WAVfiles\5643.210808193813.wav,4/1/22 16:36,HMS,Growl,8/8/2021 22:00:38.2,8/8/2021 22:00:44.2,2,NA,NA,NA,NA,NA,NA,NA,NA,2021-08-08,27.79205,-175.819217,Night
C:\Users\mmrph\Desktop\author's Interns\PHR_wavfiles\WAVfiles\5643.210808193813.wav,4/1/22 16:36,HMS,Growl,8/8/2021 22:00:44.7,8/8/2021 22:00:48.1,2,NA,NA,NA,NA,NA,NA,NA,NA,2021-08-08,27.79205,-175.819217,Night
C:\Users\mmrph\Desktop\author's Interns\PHR_wavfiles\WAVfiles\5643.210808193813.wav,4/1/22 16:36,HMS,Croak,8/8/2021 22:00:49.0,8/8/2021 22:00:49.4,1,NA,NA,NA,NA,NA,NA,NA,NA,2021-08-08,27.79205,-175.819217,Night
C:\Users\mmrph\Desktop\author's Interns\PHR_wavfiles\WAVfiles\5643.210808193813.wav,4/1/22 16:36,HMS,Growl,8/8/2021 22:00:53.8,8/8/2021 22:00:57.0,2,NA,NA,NA,NA,NA,NA,NA,NA,2021-08-08,27.79205,-175.819217,Night
C:\Users\mmrph\Desktop\author's Interns\PHR_wavfiles\WAVfiles\5643.210808193813.wav,4/1/22 16:37,HMS,Whoop,8/8/2021 22:00:59.0,8/8/2021 22:00:59.7,1,2,NA,NA,NA,NA,NA,NA,NA,2021-08-08,27.79205,-175.819217,Night
C:\Users\mmrph\Desktop\author's Interns\PHR_wavfiles\WAVfiles\5643.210808193813.wav,4/1/22 16:37,HMS,MoanBridgeGrowl,8/8/2021 22:01:06.0,8/8/2021 22:01:09.4,2,NA,NA,NA,NA,NA,NA,NA,NA,2021-08-08,27.79205,-175.819217,Night
C:\Users\mmrph\Desktop\author's Interns\PHR_wavfiles\WAVfiles\5643.210808193813.wav,4/1/22 16:38,HMS,Growl,8/8/2021 22:03:19.4,8/8/2021 22:03:23.9,2,NA,NA,NA,NA,NA,NA,NA,NA,2021-08-08,27.79205,-175.819217,Night
C:\Users\mmrph\Desktop\author's Interns\PHR_wavfiles\WAVfiles\5643.210808193813.wav,4/1/22 16:38,HMS,Croak,8/8/2021 22:03:26.1,8/8/2021 22:03:27.0,2,NA,NA,NA,NA,NA,NA,NA,NA,2021-08-08,27.79205,-175.819217,Night
C:\Users\mmrph\Desktop\author's Interns\PHR_wavfiles\WAVfiles\5643.210808193813.wav,4/1/22 16:38,HMS,Croak,8/8/2021 22:03:27.9,8/8/2021 22:03:28.3,1,NA,NA,NA,NA,NA,NA,NA,NA,2021-08-08,27.79205,-175.819217,Night
C:\Users\mmrph\Desktop\author's Interns\PHR_wavfiles\WAVfiles\5643.210808193813.wav,4/1/22 16:38,HMS,Growl,8/8/2021 22:03:34.4,8/8/2021 22:03:37.8,2,NA,NA,NA,NA,NA,NA,NA,NA,2021-08-08,27.79205,-175.819217,Night
C:\Users\mmrph\Desktop\author's Interns\PHR_wavfiles\WAVfiles\5643.210808193813.wav,4/1/22 16:39,HMS,Whoop,8/8/2021 22:03:37.9,8/8/2021 22:03:38.6,2,3,NA,NA,NA,NA,NA,NA,NA,2021-08-08,27.79205,-175.819217,Night
C:\Users\mmrph\Desktop\author's Interns\PHR_wavfiles\WAVfiles\5643.210808193813.wav,4/1/22 16:39,HMS,Moan,8/8/2021 22:03:44.1,8/8/2021 22:03:44.6,1,NA,NA,NA,NA,NA,NA,NA,NA,2021-08-08,27.79205,-175.819217,Night
C:\Users\mmrph\Desktop\author's Interns\PHR_wavfiles\WAVfiles\5643.210808193813.wav,4/1/22 16:39,HMS,MoanGrowl,8/8/2021 22:03:44.7,8/8/2021 22:03:48.1,1,NA,NA,NA,NA,NA,NA,NA,NA,2021-08-08,27.79205,-175.819217,Night
C:\Users\mmrph\Desktop\author's Interns\PHR_wavfiles\WAVfiles\5643.210808193813.wav,4/1/22 16:40,HMS,Whoop,8/8/2021 22:03:50.3,8/8/2021 22:03:51.3,1,2,NA,NA,NA,NA,NA,NA,NA,2021-08-08,27.79205,-175.819217,Night
C:\Users\mmrph\Desktop\author's Interns\PHR_wavfiles\WAVfiles\5643.210808193813.wav,4/1/22 16:40,HMS,Croak,8/8/2021 22:03:52.2,8/8/2021 22:03:52.9,1,NA,NA,NA,NA,NA,NA,NA,NA,2021-08-08,27.79205,-175.819217,Night
C:\Users\mmrph\Desktop\author's Interns\PHR_wavfiles\WAVfiles\5643.210808193813.wav,4/1/22 16:40,HMS,Growl,8/8/2021 22:04:03.9,8/8/2021 22:04:05.4,2,NA,NA,NA,NA,NA,NA,NA,NA,2021-08-08,27.79205,-175.819217,Night
C:\Users\mmrph\Desktop\author's Interns\PHR_wavfiles\WAVfiles\5643.210808193813.wav,4/1/22 16:41,HMS,Croak,8/8/2021 22:04:05.9,8/8/2021 22:04:06.5,2,NA,NA,NA,NA,NA,NA,NA,NA,2021-08-08,27.79205,-175.819217,Night
C:\Users\mmrph\Desktop\author's Interns\PHR_wavfiles\WAVfiles\5643.210808193813.wav,4/1/22 16:41,HMS,Growl,8/8/2021 22:04:08.4,8/8/2021 22:04:11.6,2,NA,NA,NA,NA,NA,NA,NA,NA,2021-08-08,27.79205,-175.819217,Night
C:\Users\mmrph\Desktop\author's Interns\PHR_wavfiles\WAVfiles\5643.210808223813.wav,4/8/22 9:45,HMS,Whoop,8/8/2021 23:00:00.8,8/8/2021 23:00:01.0,1,1,NA,NA,NA,NA,"intern-new file, starting 15 min",NA,NA,2021-08-08,27.79205,-175.819217,Night
C:\Users\mmrph\Desktop\author's Interns\PHR_wavfiles\WAVfiles\5643.210808223813.wav,4/8/22 9:51,HMS,MoanGrowl,8/8/2021 23:00:01.7,8/8/2021 23:00:02.8,1,NA,NA,NA,NA,NA,NA,NA,NA,2021-08-08,27.79205,-175.819217,Night
C:\Users\mmrph\Desktop\author's Interns\PHR_wavfiles\WAVfiles\5643.210808223813.wav,4/8/22 9:52,HMS,Whoop,8/8/2021 23:00:02.8,8/8/2021 23:00:03.0,1,1,NA,NA,NA,NA,NA,NA,NA,2021-08-08,27.79205,-175.819217,Night
C:\Users\mmrph\Desktop\author's Interns\PHR_wavfiles\WAVfiles\5643.210808223813.wav,4/8/22 10:09,HMS,Growl,8/8/2021 23:02:32.7,8/8/2021 23:02:38.9,2,NA,NA,NA,NA,NA,NA,NA,NA,2021-08-08,27.79205,-175.819217,Night
C:\Users\mmrph\Desktop\author's Interns\PHR_wavfiles\WAVfiles\5643.210808223813.wav,4/8/22 10:10,HMS,Croak,8/8/2021 23:02:39.3,8/8/2021 23:02:39.6,1,NA,NA,NA,NA,NA,NA,NA,NA,2021-08-08,27.79205,-175.819217,Night
C:\Users\mmrph\Desktop\author's Interns\PHR_wavfiles\WAVfiles\5643.210808223813.wav,4/8/22 10:11,HMS,Growl,8/8/2021 23:02:42.2,8/8/2021 23:02:45.3,2,NA,NA,NA,NA,NA,NA,NA,NA,2021-08-08,27.79205,-175.819217,Night
C:\Users\mmrph\Desktop\author's Interns\PHR_wavfiles\WAVfiles\5643.210808223813.wav,4/8/22 10:11,HMS,Whoop,8/8/2021 23:02:45.6,8/8/2021 23:02:45.7,1,1,NA,NA,NA,NA,NA,NA,NA,2021-08-08,27.79205,-175.819217,Night
C:\Users\mmrph\Desktop\author's Interns\PHR_wavfiles\WAVfiles\5643.210808223813.wav,4/8/22 10:12,HMS,Croak,8/8/2021 23:02:45.9,8/8/2021 23:02:46.1,2,NA,NA,NA,NA,NA,NA,NA,NA,2021-08-08,27.79205,-175.819217,Night
C:\Users\mmrph\Desktop\author's Interns\PHR_wavfiles\WAVfiles\5643.210808223813.wav,4/8/22 10:13,HMS,Croak,8/8/2021 23:02:48.5,8/8/2021 23:02:48.9,2,NA,NA,NA,NA,NA,NA,NA,NA,2021-08-08,27.79205,-175.819217,Night
C:\Users\mmrph\Desktop\author's Interns\PHR_wavfiles\WAVfiles\5643.210808223813.wav,4/8/22 10:13,HMS,Croak,8/8/2021 23:02:49.5,8/8/2021 23:02:49.7,1,NA,NA,NA,NA,NA,NA,NA,NA,2021-08-08,27.79205,-175.819217,Night
C:\Users\mmrph\Desktop\author's Interns\PHR_wavfiles\WAVfiles\5643.210808223813.wav,4/8/22 10:14,HMS,Croak,8/8/2021 23:02:57.1,8/8/2021 23:02:57.6,2,NA,NA,NA,NA,NA,NA,NA,NA,2021-08-08,27.79205,-175.819217,Night
C:\Users\mmrph\Desktop\author's Interns\PHR_wavfiles\WAVfiles\5643.210808223813.wav,4/8/22 10:15,HMS,Croak,8/8/2021 23:02:58.1,8/8/2021 23:02:58.4,2,NA,NA,NA,NA,NA,NA,NA,NA,2021-08-08,27.79205,-175.819217,Night
C:\Users\mmrph\Desktop\author's Interns\PHR_wavfiles\WAVfiles\5643.210808223813.wav,4/8/22 10:16,HMS,Growl,8/8/2021 23:02:59.7,8/8/2021 23:03:02.9,2,NA,NA,NA,NA,NA,NA,NA,NA,2021-08-08,27.79205,-175.819217,Night
C:\Users\mmrph\Desktop\author's Interns\PHR_wavfiles\WAVfiles\5643.210808223813.wav,4/8/22 10:22,HMS,Growl,8/8/2021 23:04:17.2,8/8/2021 23:04:22.1,2,NA,NA,NA,NA,NA,NA,NA,NA,2021-08-08,27.79205,-175.819217,Night
C:\Users\mmrph\Desktop\author's Interns\PHR_wavfiles\WAVfiles\5643.210808223813.wav,4/8/22 10:26,HMS,Growl,8/8/2021 23:04:24.0,8/8/2021 23:04:25.0,2,NA,NA,NA,NA,NA,NA,NA,NA,2021-08-08,27.79205,-175.819217,Night
C:\Users\mmrph\Desktop\author's Interns\PHR_wavfiles\WAVfiles\5643.210808223813.wav,4/8/22 10:28,HMS,Croak,8/8/2021 23:04:26.0,8/8/2021 23:04:26.2,1,NA,NA,NA,NA,NA,NA,NA,NA,2021-08-08,27.79205,-175.819217,Night
C:\Users\mmrph\Desktop\author's Interns\PHR_wavfiles\WAVfiles\5643.210808223813.wav,4/8/22 10:38,HMS,Growl,8/8/2021 23:04:32.4,8/8/2021 23:04:36.5,2,NA,NA,NA,NA,NA,NA,NA,NA,2021-08-08,27.79205,-175.819217,Night
C:\Users\mmrph\Desktop\author's Interns\PHR_wavfiles\WAVfiles\5643.210808223813.wav,4/8/22 11:47,HMS,Whoop,8/8/2021 23:04:36.8,8/8/2021 23:04:37.0,1,1,NA,NA,NA,NA,NA,NA,NA,2021-08-08,27.79205,-175.819217,Night
C:\Users\mmrph\Desktop\author's Interns\PHR_wavfiles\WAVfiles\5643.210808223813.wav,4/8/22 11:47,HMS,Croak,8/8/2021 23:04:38.0,8/8/2021 23:04:38.5,2,NA,NA,NA,NA,NA,NA,NA,NA,2021-08-08,27.79205,-175.819217,Night
C:\Users\mmrph\Desktop\author's Interns\PHR_wavfiles\WAVfiles\5643.210808223813.wav,4/8/22 11:47,HMS,Croak,8/8/2021 23:04:39.1,8/8/2021 23:04:39.4,1,NA,NA,NA,NA,NA,NA,NA,NA,2021-08-08,27.79205,-175.819217,Night
C:\Users\mmrph\Desktop\author's Interns\PHR_wavfiles\WAVfiles\5643.210808223813.wav,4/8/22 11:47,HMS,Whoop,8/8/2021 23:04:48.5,8/8/2021 23:04:48.7,1,1,NA,NA,NA,NA,NA,NA,NA,2021-08-08,27.79205,-175.819217,Night
C:\Users\mmrph\Desktop\author's Interns\PHR_wavfiles\WAVfiles\5643.210808223813.wav,4/8/22 11:48,HMS,Croak,8/8/2021 23:04:49.2,8/8/2021 23:04:49.6,2,NA,NA,NA,NA,NA,NA,NA,NA,2021-08-08,27.79205,-175.819217,Night
C:\Users\mmrph\Desktop\author's Interns\PHR_wavfiles\WAVfiles\5643.210808223813.wav,4/8/22 11:48,HMS,Growl,8/8/2021 23:04:50.1,8/8/2021 23:04:53.0,2,NA,NA,NA,NA,NA,NA,NA,NA,2021-08-08,27.79205,-175.819217,Night
C:\Users\mmrph\Desktop\author's Interns\PHR_wavfiles\WAVfiles\5643.210808223813.wav,4/8/22 12:03,HMS,Growl,8/9/2021 0:00:15.9,8/9/2021 0:00:21.4,2,NA,NA,NA,NA,NA,NA,NA,NA,2021-08-09,27.79205,-175.819217,Night
C:\Users\mmrph\Desktop\author's Interns\PHR_wavfiles\WAVfiles\5643.210808223813.wav,4/8/22 12:03,HMS,Croak,8/9/2021 0:00:21.8,8/9/2021 0:00:22.0,2,NA,NA,NA,NA,NA,NA,NA,NA,2021-08-09,27.79205,-175.819217,Night
C:\Users\mmrph\Desktop\author's Interns\PHR_wavfiles\WAVfiles\5643.210808223813.wav,4/8/22 12:03,HMS,Croak,8/9/2021 0:00:24.6,8/9/2021 0:00:24.9,2,NA,NA,NA,NA,NA,NA,NA,NA,2021-08-09,27.79205,-175.819217,Night
C:\Users\mmrph\Desktop\author's Interns\PHR_wavfiles\WAVfiles\5643.210808223813.wav,4/8/22 12:03,HMS,Croak,8/9/2021 0:00:27.1,8/9/2021 0:00:27.6,2,NA,NA,NA,NA,NA,NA,NA,NA,2021-08-09,27.79205,-175.819217,Night
C:\Users\mmrph\Desktop\author's Interns\PHR_wavfiles\WAVfiles\5643.210808223813.wav,4/8/22 12:03,HMS,Croak,8/9/2021 0:00:29.2,8/9/2021 0:00:29.6,2,NA,NA,NA,NA,NA,NA,NA,NA,2021-08-09,27.79205,-175.819217,Night
C:\Users\mmrph\Desktop\author's Interns\PHR_wavfiles\WAVfiles\5643.210808223813.wav,4/8/22 12:04,HMS,Growl,8/9/2021 0:00:30.2,8/9/2021 0:00:32.5,2,NA,NA,NA,NA,NA,NA,NA,NA,2021-08-09,27.79205,-175.819217,Night
C:\Users\mmrph\Desktop\author's Interns\PHR_wavfiles\WAVfiles\5643.210808223813.wav,4/8/22 12:05,HMS,Whoop,8/9/2021 0:00:32.8,8/9/2021 0:00:33.6,2,4,NA,NA,NA,NA,NA,NA,NA,2021-08-09,27.79205,-175.819217,Night
C:\Users\mmrph\Desktop\author's Interns\PHR_wavfiles\WAVfiles\5643.210808223813.wav,4/8/22 12:05,HMS,Whoop,8/9/2021 0:00:34.5,8/9/2021 0:00:35.4,2,4,NA,NA,NA,NA,NA,NA,NA,2021-08-09,27.79205,-175.819217,Night
C:\Users\mmrph\Desktop\author's Interns\PHR_wavfiles\WAVfiles\5643.210808223813.wav,4/8/22 12:05,HMS,Whoop,8/9/2021 0:00:37.1,8/9/2021 0:00:37.4,2,1,NA,NA,NA,NA,NA,NA,NA,2021-08-09,27.79205,-175.819217,Night
C:\Users\mmrph\Desktop\author's Interns\PHR_wavfiles\WAVfiles\5643.210808223813.wav,4/8/22 12:05,HMS,Moan,8/9/2021 0:00:38.4,8/9/2021 0:00:39.2,1,NA,NA,NA,NA,NA,NA,NA,NA,2021-08-09,27.79205,-175.819217,Night
C:\Users\mmrph\Desktop\author's Interns\PHR_wavfiles\WAVfiles\5643.210808223813.wav,4/8/22 12:05,HMS,Growl,8/9/2021 0:00:39.2,8/9/2021 0:00:41.1,2,NA,NA,NA,NA,NA,NA,NA,NA,2021-08-09,27.79205,-175.819217,Night
C:\Users\mmrph\Desktop\author's Interns\PHR_wavfiles\WAVfiles\5643.210808223813.wav,4/8/22 12:06,HMS,Moan,8/9/2021 0:00:42.1,8/9/2021 0:00:42.7,1,NA,NA,NA,NA,NA,NA,NA,NA,2021-08-09,27.79205,-175.819217,Night
C:\Users\mmrph\Desktop\author's Interns\PHR_wavfiles\WAVfiles\5643.210808223813.wav,4/8/22 12:06,HMS,Growl,8/9/2021 0:00:42.4,8/9/2021 0:00:44.8,1,NA,NA,NA,NA,NA,NA,NA,NA,2021-08-09,27.79205,-175.819217,Night
C:\Users\mmrph\Desktop\author's Interns\PHR_wavfiles\WAVfiles\5643.210808223813.wav,4/8/22 12:06,HMS,Croak,8/9/2021 0:00:55.9,8/9/2021 0:00:56.6,1,NA,NA,NA,NA,NA,NA,NA,NA,2021-08-09,27.79205,-175.819217,Night
C:\Users\mmrph\Desktop\author's Interns\PHR_wavfiles\WAVfiles\5643.210808223813.wav,4/8/22 12:06,HMS,Growl,8/9/2021 0:00:57.1,8/9/2021 0:00:59.6,1,NA,NA,NA,NA,NA,NA,NA,NA,2021-08-09,27.79205,-175.819217,Night
C:\Users\mmrph\Desktop\author's Interns\PHR_wavfiles\WAVfiles\5643.210808223813.wav,4/8/22 12:08,HMS,Growl,8/9/2021 0:03:41.6,8/9/2021 0:03:47.7,1,NA,NA,NA,NA,NA,NA,NA,NA,2021-08-09,27.79205,-175.819217,Night
C:\Users\mmrph\Desktop\author's Interns\PHR_wavfiles\WAVfiles\5643.210808223813.wav,4/8/22 12:09,HMS,Croak,8/9/2021 0:03:47.9,8/9/2021 0:03:48.7,1,NA,NA,NA,NA,NA,with bubbles,NA,NA,2021-08-09,27.79205,-175.819217,Night
C:\Users\mmrph\Desktop\author's Interns\PHR_wavfiles\WAVfiles\5643.210808223813.wav,4/8/22 12:09,HMS,Croak,8/9/2021 0:03:50.2,8/9/2021 0:03:50.6,1,NA,NA,NA,NA,NA,NA,NA,NA,2021-08-09,27.79205,-175.819217,Night
C:\Users\mmrph\Desktop\author's Interns\PHR_wavfiles\WAVfiles\5643.210808223813.wav,4/8/22 12:09,HMS,Croak,8/9/2021 0:03:52.7,8/9/2021 0:03:53.2,1,NA,NA,NA,NA,NA,NA,NA,NA,2021-08-09,27.79205,-175.819217,Night
C:\Users\mmrph\Desktop\author's Interns\PHR_wavfiles\WAVfiles\5643.210808223813.wav,4/8/22 12:09,HMS,Growl,8/9/2021 0:03:53.6,8/9/2021 0:03:56.4,2,NA,NA,NA,NA,NA,NA,NA,NA,2021-08-09,27.79205,-175.819217,Night
C:\Users\mmrph\Desktop\author's Interns\PHR_wavfiles\WAVfiles\5643.210808223813.wav,4/8/22 12:10,HMS,Growl,8/9/2021 0:03:57.3,8/9/2021 0:03:59.6,2,NA,NA,NA,NA,NA,NA,NA,NA,2021-08-09,27.79205,-175.819217,Night
C:\Users\mmrph\Desktop\author's Interns\PHR_wavfiles\WAVfiles\5643.210808223813.wav,4/8/22 12:10,HMS,Growl,8/9/2021 0:04:07.8,8/9/2021 0:04:10.9,1,NA,NA,NA,NA,NA,NA,NA,NA,2021-08-09,27.79205,-175.819217,Night
C:\Users\mmrph\Desktop\author's Interns\PHR_wavfiles\WAVfiles\5643.210808223813.wav,4/8/22 12:11,HMS,Whoop,8/9/2021 0:04:12.2,8/9/2021 0:04:12.8,1,2,NA,NA,NA,NA,NA,NA,NA,2021-08-09,27.79205,-175.819217,Night
C:\Users\mmrph\Desktop\author's Interns\PHR_wavfiles\WAVfiles\5643.210808223813.wav,4/8/22 12:18,HMS,Growl,8/9/2021 1:02:24.1,8/9/2021 1:02:30.2,2,NA,NA,NA,NA,NA,NA,NA,NA,2021-08-09,27.79205,-175.819217,Night
C:\Users\mmrph\Desktop\author's Interns\PHR_wavfiles\WAVfiles\5643.210808223813.wav,4/8/22 12:19,HMS,Croak,8/9/2021 1:02:33.0,8/9/2021 1:02:33.8,2,NA,NA,NA,NA,NA,NA,NA,NA,2021-08-09,27.79205,-175.819217,Night
C:\Users\mmrph\Desktop\author's Interns\PHR_wavfiles\WAVfiles\5643.210808223813.wav,4/8/22 12:19,HMS,Croak,8/9/2021 1:02:34.8,8/9/2021 1:02:35.1,1,NA,NA,NA,NA,NA,NA,NA,NA,2021-08-09,27.79205,-175.819217,Night
C:\Users\mmrph\Desktop\author's Interns\PHR_wavfiles\WAVfiles\5643.210808223813.wav,4/8/22 12:19,HMS,Croak,8/9/2021 1:02:39.9,8/9/2021 1:02:40.3,1,NA,NA,NA,NA,NA,NA,NA,NA,2021-08-09,27.79205,-175.819217,Night
C:\Users\mmrph\Desktop\author's Interns\PHR_wavfiles\WAVfiles\5643.210808223813.wav,4/8/22 12:19,HMS,Growl,8/9/2021 1:02:41.1,8/9/2021 1:02:44.0,2,NA,NA,NA,NA,NA,NA,NA,NA,2021-08-09,27.79205,-175.819217,Night
C:\Users\mmrph\Desktop\author's Interns\PHR_wavfiles\WAVfiles\5643.210808223813.wav,4/8/22 12:19,HMS,Whoop,8/9/2021 1:02:44.3,8/9/2021 1:02:44.6,1,1,NA,NA,NA,NA,NA,NA,NA,2021-08-09,27.79205,-175.819217,Night
C:\Users\mmrph\Desktop\author's Interns\PHR_wavfiles\WAVfiles\5643.210808223813.wav,4/8/22 12:19,HMS,Croak,8/9/2021 1:02:44.7,8/9/2021 1:02:45.0,2,NA,NA,NA,NA,NA,NA,NA,NA,2021-08-09,27.79205,-175.819217,Night
C:\Users\mmrph\Desktop\author's Interns\PHR_wavfiles\WAVfiles\5643.210808223813.wav,4/8/22 12:19,HMS,Growl,8/9/2021 1:02:45.5,8/9/2021 1:02:48.0,2,NA,NA,NA,NA,NA,NA,NA,NA,2021-08-09,27.79205,-175.819217,Night
C:\Users\mmrph\Desktop\author's Interns\PHR_wavfiles\WAVfiles\5643.210808223813.wav,4/8/22 12:20,HMS,Croak,8/9/2021 1:02:48.0,8/9/2021 1:02:48.7,2,NA,NA,NA,NA,NA,NA,NA,NA,2021-08-09,27.79205,-175.819217,Night
C:\Users\mmrph\Desktop\author's Interns\PHR_wavfiles\WAVfiles\5643.210808223813.wav,4/8/22 12:20,HMS,Whoop,8/9/2021 1:02:51.6,8/9/2021 1:02:52.4,1,2,NA,NA,NA,NA,NA,NA,NA,2021-08-09,27.79205,-175.819217,Night
C:\Users\mmrph\Desktop\author's Interns\PHR_wavfiles\WAVfiles\5643.210808223813.wav,4/8/22 12:21,HMS,Croak,8/9/2021 1:02:52.8,8/9/2021 1:02:53.4,2,NA,NA,NA,NA,NA,NA,NA,NA,2021-08-09,27.79205,-175.819217,Night
C:\Users\mmrph\Desktop\author's Interns\PHR_wavfiles\WAVfiles\5643.210808223813.wav,4/8/22 12:21,HMS,Croak,8/9/2021 1:02:53.4,8/9/2021 1:02:54.3,1,NA,NA,NA,NA,NA,NA,NA,NA,2021-08-09,27.79205,-175.819217,Night
C:\Users\mmrph\Desktop\author's Interns\PHR_wavfiles\WAVfiles\5643.210809013812.wav,4/8/22 13:05,HMS,Growl,8/9/2021 2:00:48.6,8/9/2021 2:00:53.1,1,NA,NA,NA,NA,NA,NA,NA,NA,2021-08-09,27.79205,-175.819217,Night
C:\Users\mmrph\Desktop\author's Interns\PHR_wavfiles\WAVfiles\5643.210809013812.wav,4/8/22 13:05,HMS,Growl,8/9/2021 2:00:54.8,8/9/2021 2:00:56.0,1,NA,NA,NA,NA,NA,NA,NA,NA,2021-08-09,27.79205,-175.819217,Night
C:\Users\mmrph\Desktop\author's Interns\PHR_wavfiles\WAVfiles\5643.210809013812.wav,4/8/22 13:05,HMS,Croak,8/9/2021 2:00:56.7,8/9/2021 2:00:57.0,1,NA,NA,NA,NA,NA,NA,NA,NA,2021-08-09,27.79205,-175.819217,Night
C:\Users\mmrph\Desktop\author's Interns\PHR_wavfiles\WAVfiles\5643.210809013812.wav,4/8/22 13:05,HMS,Growl,8/9/2021 2:01:04.9,8/9/2021 2:01:09.2,1,NA,NA,NA,NA,NA,NA,NA,NA,2021-08-09,27.79205,-175.819217,Night
C:\Users\mmrph\Desktop\author's Interns\PHR_wavfiles\WAVfiles\5643.210809013812.wav,4/8/22 13:05,HMS,Whoop,8/9/2021 2:01:09.3,8/9/2021 2:01:10.0,1,2,NA,NA,NA,NA,NA,NA,NA,2021-08-09,27.79205,-175.819217,Night
C:\Users\mmrph\Desktop\author's Interns\PHR_wavfiles\WAVfiles\5643.210809013812.wav,4/8/22 13:06,HMS,Croak,8/9/2021 2:01:10.8,8/9/2021 2:01:11.5,2,NA,NA,NA,NA,NA,NA,NA,NA,2021-08-09,27.79205,-175.819217,Night
C:\Users\mmrph\Desktop\author's Interns\PHR_wavfiles\WAVfiles\5643.210809013812.wav,4/8/22 13:06,HMS,Growl,8/9/2021 2:01:11.8,8/9/2021 2:01:15.1,2,NA,NA,NA,NA,NA,NA,NA,NA,2021-08-09,27.79205,-175.819217,Night
C:\Users\mmrph\Desktop\author's Interns\PHR_wavfiles\WAVfiles\5643.210809013812.wav,4/8/22 13:06,HMS,Croak,8/9/2021 2:01:28.1,8/9/2021 2:01:28.1,1,NA,NA,NA,NA,NA,NA,NA,NA,2021-08-09,27.79205,-175.819217,Night
C:\Users\mmrph\Desktop\author's Interns\PHR_wavfiles\WAVfiles\5643.210809013812.wav,4/8/22 13:07,HMS,Croak,8/9/2021 2:01:29.6,8/9/2021 2:01:30.3,1,NA,NA,NA,NA,NA,NA,NA,NA,2021-08-09,27.79205,-175.819217,Night
C:\Users\mmrph\Desktop\author's Interns\PHR_wavfiles\WAVfiles\5643.210809013812.wav,4/8/22 13:07,HMS,Growl,8/9/2021 2:01:32.3,8/9/2021 2:01:35.7,1,NA,NA,NA,NA,NA,NA,NA,NA,2021-08-09,27.79205,-175.819217,Night
C:\Users\mmrph\Desktop\author's Interns\PHR_wavfiles\WAVfiles\5643.210809013812.wav,4/8/22 13:07,HMS,Growl,8/9/2021 2:03:52.6,8/9/2021 2:03:59.7,1,NA,NA,NA,NA,NA,NA,NA,NA,2021-08-09,27.79205,-175.819217,Night
C:\Users\mmrph\Desktop\author's Interns\PHR_wavfiles\WAVfiles\5643.210809013812.wav,4/8/22 13:07,HMS,Growl,8/9/2021 2:04:00.3,8/9/2021 2:04:04.6,1,NA,NA,NA,NA,NA,NA,NA,NA,2021-08-09,27.79205,-175.819217,Night
C:\Users\mmrph\Desktop\author's Interns\PHR_wavfiles\WAVfiles\5643.210809013812.wav,4/8/22 13:07,HMS,Croak,8/9/2021 2:04:05.6,8/9/2021 2:04:05.9,1,NA,NA,NA,NA,NA,NA,NA,NA,2021-08-09,27.79205,-175.819217,Night
C:\Users\mmrph\Desktop\author's Interns\PHR_wavfiles\WAVfiles\5643.210809013812.wav,4/8/22 13:08,HMS,Croak,8/9/2021 2:04:10.3,8/9/2021 2:04:11.1,1,NA,NA,NA,NA,NA,NA,NA,NA,2021-08-09,27.79205,-175.819217,Night
C:\Users\mmrph\Desktop\author's Interns\PHR_wavfiles\WAVfiles\5643.210809013812.wav,4/8/22 13:08,HMS,Croak,8/9/2021 2:04:12.1,8/9/2021 2:04:12.3,1,NA,NA,NA,NA,NA,NA,NA,NA,2021-08-09,27.79205,-175.819217,Night
C:\Users\mmrph\Desktop\author's Interns\PHR_wavfiles\WAVfiles\5643.210809013812.wav,4/8/22 13:08,HMS,Croak,8/9/2021 2:04:22.7,8/9/2021 2:04:23.7,1,NA,NA,NA,NA,NA,NA,NA,NA,2021-08-09,27.79205,-175.819217,Night
C:\Users\mmrph\Desktop\author's Interns\PHR_wavfiles\WAVfiles\5643.210809013812.wav,4/8/22 13:08,HMS,Croak,8/9/2021 2:04:23.8,8/9/2021 2:04:24.2,1,NA,NA,NA,NA,NA,NA,NA,NA,2021-08-09,27.79205,-175.819217,Night
C:\Users\mmrph\Desktop\author's Interns\PHR_wavfiles\WAVfiles\5643.210809013812.wav,4/8/22 13:08,HMS,Growl,8/9/2021 2:04:25.9,8/9/2021 2:04:28.7,1,NA,NA,NA,NA,NA,NA,NA,NA,2021-08-09,27.79205,-175.819217,Night
C:\Users\mmrph\Desktop\author's Interns\PHR_wavfiles\WAVfiles\5643.210809013812.wav,4/8/22 13:08,HMS,Whoop,8/9/2021 2:04:28.9,8/9/2021 2:04:29.5,1,2,NA,NA,NA,NA,NA,NA,NA,2021-08-09,27.79205,-175.819217,Night
C:\Users\mmrph\Desktop\author's Interns\PHR_wavfiles\WAVfiles\5643.210809013812.wav,4/8/22 13:09,HMS,Croak,8/9/2021 2:04:30.9,8/9/2021 2:04:31.4,1,NA,NA,NA,NA,NA,NA,NA,NA,2021-08-09,27.79205,-175.819217,Night
C:\Users\mmrph\Desktop\author's Interns\PHR_wavfiles\WAVfiles\5643.210809013812.wav,4/8/22 13:09,HMS,Whoop,8/9/2021 2:04:39.0,8/9/2021 2:04:39.8,1,2,NA,NA,NA,NA,NA,NA,NA,2021-08-09,27.79205,-175.819217,Night
C:\Users\mmrph\Desktop\author's Interns\PHR_wavfiles\WAVfiles\5643.210809013812.wav,4/8/22 13:09,HMS,Croak,8/9/2021 2:04:40.0,8/9/2021 2:04:40.7,2,NA,NA,NA,NA,NA,NA,NA,NA,2021-08-09,27.79205,-175.819217,Night
C:\Users\mmrph\Desktop\author's Interns\PHR_wavfiles\WAVfiles\5643.210809013812.wav,4/8/22 13:09,HMS,Growl,8/9/2021 2:04:41.1,8/9/2021 2:04:43.9,2,NA,NA,NA,NA,NA,NA,NA,NA,2021-08-09,27.79205,-175.819217,Night
C:\Users\mmrph\Desktop\author's Interns\PHR_wavfiles\WAVfiles\5643.210809013812.wav,4/22/22 11:25,HMS,Growl,8/9/2021 3:00:02.0,8/9/2021 3:00:05.9,1,NA,NA,NA,NA,NA,NA,NA,NA,2021-08-09,27.79205,-175.819217,Night
C:\Users\mmrph\Desktop\author's Interns\PHR_wavfiles\WAVfiles\5643.210809013812.wav,4/22/22 11:25,HMS,Croak,8/9/2021 3:00:09.1,8/9/2021 3:00:09.6,1,NA,NA,NA,NA,NA,NA,NA,NA,2021-08-09,27.79205,-175.819217,Night
C:\Users\mmrph\Desktop\author's Interns\PHR_wavfiles\WAVfiles\5643.210809013812.wav,4/22/22 11:25,HMS,Croak,8/9/2021 3:00:10.6,8/9/2021 3:00:10.8,1,NA,NA,NA,NA,NA,NA,NA,NA,2021-08-09,27.79205,-175.819217,Night
C:\Users\mmrph\Desktop\author's Interns\PHR_wavfiles\WAVfiles\5643.210809013812.wav,4/22/22 11:26,HMS,Whoop,8/9/2021 3:00:15.8,8/9/2021 3:00:16.1,1,1,NA,NA,NA,NA,NA,NA,NA,2021-08-09,27.79205,-175.819217,Night
C:\Users\mmrph\Desktop\author's Interns\PHR_wavfiles\WAVfiles\5643.210809013812.wav,4/22/22 11:26,HMS,Whoop,8/9/2021 3:00:16.5,8/9/2021 3:00:16.7,1,1,NA,NA,NA,NA,NA,NA,NA,2021-08-09,27.79205,-175.819217,Night
C:\Users\mmrph\Desktop\author's Interns\PHR_wavfiles\WAVfiles\5643.210809013812.wav,4/22/22 11:26,HMS,Growl,8/9/2021 3:00:17.9,8/9/2021 3:00:22.4,1,NA,NA,NA,NA,NA,NA,NA,NA,2021-08-09,27.79205,-175.819217,Night
C:\Users\mmrph\Desktop\author's Interns\PHR_wavfiles\WAVfiles\5643.210809013812.wav,4/22/22 11:27,HMS,Growl,8/9/2021 3:01:05.7,8/9/2021 3:01:08.6,1,NA,NA,NA,NA,NA,Overlapping with another growl: 2 individuals?,NA,NA,2021-08-09,27.79205,-175.819217,Night
C:\Users\mmrph\Desktop\author's Interns\PHR_wavfiles\WAVfiles\5643.210809013812.wav,4/22/22 11:27,HMS,Croak,8/9/2021 3:01:09.2,8/9/2021 3:01:09.7,1,NA,NA,NA,NA,NA,Overlapping with a growl,NA,NA,2021-08-09,27.79205,-175.819217,Night
C:\Users\mmrph\Desktop\author's Interns\PHR_wavfiles\WAVfiles\5643.210809013812.wav,4/22/22 11:28,HMS,Growl,8/9/2021 3:01:07.5,8/9/2021 3:01:13.0,1,NA,NA,NA,NA,NA,NA,NA,NA,2021-08-09,27.79205,-175.819217,Night
C:\Users\mmrph\Desktop\author's Interns\PHR_wavfiles\WAVfiles\5643.210809013812.wav,4/22/22 11:28,HMS,Croak,8/9/2021 3:01:13.3,8/9/2021 3:01:13.6,2,NA,NA,NA,NA,NA,NA,NA,NA,2021-08-09,27.79205,-175.819217,Night
C:\Users\mmrph\Desktop\author's Interns\PHR_wavfiles\WAVfiles\5643.210809013812.wav,4/22/22 11:28,HMS,Growl,8/9/2021 3:01:16.2,8/9/2021 3:01:19.5,2,NA,NA,NA,NA,NA,NA,NA,NA,2021-08-09,27.79205,-175.819217,Night
C:\Users\mmrph\Desktop\author's Interns\PHR_wavfiles\WAVfiles\5643.210809013812.wav,4/22/22 11:29,HMS,Whoop,8/9/2021 3:01:26.2,8/9/2021 3:01:26.4,1,1,NA,NA,NA,NA,NA,NA,NA,2021-08-09,27.79205,-175.819217,Night
C:\Users\mmrph\Desktop\author's Interns\PHR_wavfiles\WAVfiles\5643.210809013812.wav,4/22/22 11:29,HMS,Growl,8/9/2021 3:01:28.8,8/9/2021 3:01:31.7,2,NA,NA,NA,NA,NA,NA,NA,NA,2021-08-09,27.79205,-175.819217,Night
C:\Users\mmrph\Desktop\author's Interns\PHR_wavfiles\WAVfiles\5643.210809013812.wav,4/22/22 11:29,HMS,Croak,8/9/2021 3:01:40.3,8/9/2021 3:01:41.1,2,NA,NA,NA,NA,NA,NA,NA,NA,2021-08-09,27.79205,-175.819217,Night
C:\Users\mmrph\Desktop\author's Interns\PHR_wavfiles\WAVfiles\5643.210809013812.wav,4/22/22 11:30,HMS,Whoop,8/9/2021 3:01:41.7,8/9/2021 3:01:42.7,2,3,NA,NA,NA,NA,NA,NA,NA,2021-08-09,27.79205,-175.819217,Night
C:\Users\mmrph\Desktop\author's Interns\PHR_wavfiles\WAVfiles\5643.210809013812.wav,4/22/22 11:30,HMS,Croak,8/9/2021 3:01:42.7,8/9/2021 3:01:43.1,2,NA,NA,NA,NA,NA,NA,NA,NA,2021-08-09,27.79205,-175.819217,Night
C:\Users\mmrph\Desktop\author's Interns\PHR_wavfiles\WAVfiles\5643.210809013812.wav,4/22/22 11:30,HMS,Growl,8/9/2021 3:02:31.5,8/9/2021 3:02:34.8,1,NA,NA,NA,NA,NA,NA,NA,NA,2021-08-09,27.79205,-175.819217,Night
C:\Users\mmrph\Desktop\author's Interns\PHR_wavfiles\WAVfiles\5643.210809013812.wav,4/22/22 11:30,HMS,Croak,8/9/2021 3:02:35.3,8/9/2021 3:02:35.8,1,NA,NA,NA,NA,NA,NA,NA,NA,2021-08-09,27.79205,-175.819217,Night
C:\Users\mmrph\Desktop\author's Interns\PHR_wavfiles\WAVfiles\5643.210809013812.wav,4/22/22 11:30,HMS,Growl,8/9/2021 3:02:37.8,8/9/2021 3:02:40.8,1,NA,NA,NA,NA,NA,NA,NA,NA,2021-08-09,27.79205,-175.819217,Night
C:\Users\mmrph\Desktop\author's Interns\PHR_wavfiles\WAVfiles\5643.210809013812.wav,4/22/22 11:31,HMS,Croak,8/9/2021 3:02:42.1,8/9/2021 3:02:42.1,1,NA,NA,NA,NA,NA,NA,NA,NA,2021-08-09,27.79205,-175.819217,Night
C:\Users\mmrph\Desktop\author's Interns\PHR_wavfiles\WAVfiles\5643.210809013812.wav,4/22/22 11:31,HMS,Growl,8/9/2021 3:02:43.9,8/9/2021 3:02:48.2,1,NA,NA,NA,NA,NA,NA,NA,NA,2021-08-09,27.79205,-175.819217,Night
C:\Users\mmrph\Desktop\author's Interns\PHR_wavfiles\WAVfiles\5643.210809013812.wav,4/22/22 11:31,HMS,Growl,8/9/2021 3:02:59.3,8/9/2021 3:03:04.5,1,NA,NA,NA,NA,NA,NA,NA,NA,2021-08-09,27.79205,-175.819217,Night
C:\Users\mmrph\Desktop\author's Interns\PHR_wavfiles\WAVfiles\5643.210809013812.wav,4/22/22 11:31,HMS,Whoop,8/9/2021 3:04:04.1,8/9/2021 3:04:04.7,2,2,NA,NA,NA,NA,NA,NA,NA,2021-08-09,27.79205,-175.819217,Night
C:\Users\mmrph\Desktop\author's Interns\PHR_wavfiles\WAVfiles\5643.210809013812.wav,4/22/22 11:31,HMS,Growl,8/9/2021 3:04:10.2,8/9/2021 3:04:15.6,2,NA,NA,NA,NA,NA,NA,NA,NA,2021-08-09,27.79205,-175.819217,Night
C:\Users\mmrph\Desktop\author's Interns\PHR_wavfiles\WAVfiles\5643.210809013812.wav,4/22/22 11:31,HMS,Croak,8/9/2021 3:04:16.4,8/9/2021 3:04:16.7,2,NA,NA,NA,NA,NA,NA,NA,NA,2021-08-09,27.79205,-175.819217,Night
C:\Users\mmrph\Desktop\author's Interns\PHR_wavfiles\WAVfiles\5643.210809013812.wav,4/22/22 11:32,HMS,Croak,8/9/2021 3:04:18.7,8/9/2021 3:04:19.2,2,NA,NA,NA,NA,NA,NA,NA,NA,2021-08-09,27.79205,-175.819217,Night
C:\Users\mmrph\Desktop\author's Interns\PHR_wavfiles\WAVfiles\5643.210809013812.wav,4/22/22 11:32,HMS,Croak,8/9/2021 3:04:21.2,8/9/2021 3:04:21.6,2,NA,NA,NA,NA,NA,NA,NA,NA,2021-08-09,27.79205,-175.819217,Night
C:\Users\mmrph\Desktop\author's Interns\PHR_wavfiles\WAVfiles\5643.210809013812.wav,4/22/22 11:33,HMS,Growl,8/9/2021 3:04:22.0,8/9/2021 3:04:24.4,2,NA,NA,NA,NA,NA,NA,NA,NA,2021-08-09,27.79205,-175.819217,Night
C:\Users\mmrph\Desktop\author's Interns\PHR_wavfiles\WAVfiles\5643.210809013812.wav,4/22/22 11:34,HMS,Whoop,8/9/2021 3:04:24.5,8/9/2021 3:04:24.7,1,1,NA,NA,NA,NA,NA,NA,NA,2021-08-09,27.79205,-175.819217,Night
C:\Users\mmrph\Desktop\author's Interns\PHR_wavfiles\WAVfiles\5643.210809013812.wav,4/22/22 11:34,HMS,Croak,8/9/2021 3:04:24.8,8/9/2021 3:04:25.1,2,NA,NA,NA,NA,NA,NA,NA,NA,2021-08-09,27.79205,-175.819217,Night
C:\Users\mmrph\Desktop\author's Interns\PHR_wavfiles\WAVfiles\5643.210809013812.wav,4/22/22 11:34,HMS,Growl,8/9/2021 3:04:25.5,8/9/2021 3:04:28.2,2,NA,NA,NA,NA,NA,NA,NA,NA,2021-08-09,27.79205,-175.819217,Night
C:\Users\mmrph\Desktop\author's Interns\PHR_wavfiles\WAVfiles\5643.210809013812.wav,4/22/22 11:35,HMS,Croak,8/9/2021 3:04:33.9,8/9/2021 3:04:34.7,2,NA,NA,NA,NA,NA,NA,NA,NA,2021-08-09,27.79205,-175.819217,Night
C:\Users\mmrph\Desktop\author's Interns\PHR_wavfiles\WAVfiles\5643.210809013812.wav,4/22/22 11:35,HMS,Whoop,8/9/2021 3:04:35.8,8/9/2021 3:04:36.5,2,2,NA,NA,NA,NA,NA,NA,NA,2021-08-09,27.79205,-175.819217,Night
C:\Users\mmrph\Desktop\author's Interns\PHR_wavfiles\WAVfiles\5643.210809013812.wav,4/22/22 11:35,HMS,Croak,8/9/2021 3:04:36.9,8/9/2021 3:04:37.4,2,NA,NA,NA,NA,NA,NA,NA,NA,2021-08-09,27.79205,-175.819217,Night
C:\Users\mmrph\Desktop\author's Interns\PHR_wavfiles\WAVfiles\5643.210809013812.wav,4/22/22 11:35,HMS,Growl,8/9/2021 3:04:37.9,8/9/2021 3:04:40.6,2,NA,NA,NA,NA,NA,NA,NA,NA,2021-08-09,27.79205,-175.819217,Night
C:\Users\mmrph\Desktop\author's Interns\PHR_wavfiles\WAVfiles\5643.210809013812.wav,4/22/22 11:35,HMS,Croak,8/9/2021 3:04:44.2,8/9/2021 3:04:44.6,1,NA,NA,NA,NA,NA,NA,NA,NA,2021-08-09,27.79205,-175.819217,Night
C:\Users\mmrph\Desktop\author's Interns\PHR_wavfiles\WAVfiles\5643.210809013812.wav,4/22/22 13:38,HMS,Growl,8/9/2021 4:00:01.0,8/9/2021 4:00:04.8,2,NA,NA,NA,NA,NA,NA,NA,NA,2021-08-09,27.79205,-175.819217,Night
C:\Users\mmrph\Desktop\author's Interns\PHR_wavfiles\WAVfiles\5643.210809013812.wav,4/22/22 13:38,HMS,Whoop,8/9/2021 4:00:05.1,8/9/2021 4:00:05.3,1,1,NA,NA,NA,NA,NA,NA,NA,2021-08-09,27.79205,-175.819217,Night
C:\Users\mmrph\Desktop\author's Interns\PHR_wavfiles\WAVfiles\5643.210809013812.wav,4/22/22 13:38,HMS,Growl,8/9/2021 4:00:12.0,8/9/2021 4:00:19.7,2,NA,NA,NA,NA,NA,NA,NA,NA,2021-08-09,27.79205,-175.819217,Night
C:\Users\mmrph\Desktop\author's Interns\PHR_wavfiles\WAVfiles\5643.210809013812.wav,4/22/22 13:38,HMS,Growl,8/9/2021 4:00:20.2,8/9/2021 4:00:25.5,2,NA,NA,NA,NA,NA,NA,NA,NA,2021-08-09,27.79205,-175.819217,Night
C:\Users\mmrph\Desktop\author's Interns\PHR_wavfiles\WAVfiles\5643.210809013812.wav,4/22/22 13:39,HMS,Croak,8/9/2021 4:00:27.2,8/9/2021 4:00:27.6,2,NA,NA,NA,NA,NA,NA,NA,NA,2021-08-09,27.79205,-175.819217,Night
C:\Users\mmrph\Desktop\author's Interns\PHR_wavfiles\WAVfiles\5643.210809013812.wav,4/22/22 13:39,HMS,Croak,8/9/2021 4:00:31.1,8/9/2021 4:00:31.5,2,NA,NA,NA,NA,NA,NA,NA,NA,2021-08-09,27.79205,-175.819217,Night
C:\Users\mmrph\Desktop\author's Interns\PHR_wavfiles\WAVfiles\5643.210809013812.wav,4/22/22 13:39,HMS,Growl,8/9/2021 4:00:32.8,8/9/2021 4:00:36.8,2,NA,NA,NA,NA,NA,NA,NA,NA,2021-08-09,27.79205,-175.819217,Night
C:\Users\mmrph\Desktop\author's Interns\PHR_wavfiles\WAVfiles\5643.210809013812.wav,4/22/22 13:39,HMS,Croak,8/9/2021 4:00:38.8,8/9/2021 4:00:39.2,2,NA,NA,NA,NA,NA,NA,NA,NA,2021-08-09,27.79205,-175.819217,Night
C:\Users\mmrph\Desktop\author's Interns\PHR_wavfiles\WAVfiles\5643.210809013812.wav,4/22/22 13:39,HMS,Whoop,8/9/2021 4:00:44.8,8/9/2021 4:00:45.6,1,2,NA,NA,NA,NA,NA,NA,NA,2021-08-09,27.79205,-175.819217,Night
C:\Users\mmrph\Desktop\author's Interns\PHR_wavfiles\WAVfiles\5643.210809013812.wav,4/22/22 13:40,HMS,Croak,8/9/2021 4:00:45.6,8/9/2021 4:00:46.2,2,NA,NA,NA,NA,NA,NA,NA,NA,2021-08-09,27.79205,-175.819217,Night
C:\Users\mmrph\Desktop\author's Interns\PHR_wavfiles\WAVfiles\5643.210809013812.wav,4/22/22 13:40,HMS,Growl,8/9/2021 4:00:47.1,8/9/2021 4:00:51.4,2,NA,NA,NA,NA,NA,NA,NA,NA,2021-08-09,27.79205,-175.819217,Night
C:\Users\mmrph\Desktop\author's Interns\PHR_wavfiles\WAVfiles\5643.210809013812.wav,4/22/22 13:40,HMS,Growl,8/9/2021 4:00:52.4,8/9/2021 4:00:56.5,2,NA,NA,NA,NA,NA,NA,NA,NA,2021-08-09,27.79205,-175.819217,Night
C:\Users\mmrph\Desktop\author's Interns\PHR_wavfiles\WAVfiles\5643.210809013812.wav,4/22/22 13:40,HMS,Whoop,8/9/2021 4:00:56.8,8/9/2021 4:00:57.3,2,2,NA,NA,NA,NA,NA,NA,NA,2021-08-09,27.79205,-175.819217,Night
C:\Users\mmrph\Desktop\author's Interns\PHR_wavfiles\WAVfiles\5643.210809013812.wav,4/22/22 13:41,HMS,Croak,8/9/2021 4:00:59.8,8/9/2021 4:01:00.2,1,NA,NA,NA,NA,NA,NA,NA,NA,2021-08-09,27.79205,-175.819217,Night
C:\Users\mmrph\Desktop\author's Interns\PHR_wavfiles\WAVfiles\5643.210809013812.wav,4/22/22 13:41,HMS,Whoop,8/9/2021 4:01:00.7,8/9/2021 4:01:00.7,1,1,NA,NA,NA,NA,NA,NA,NA,2021-08-09,27.79205,-175.819217,Night
C:\Users\mmrph\Desktop\author's Interns\PHR_wavfiles\WAVfiles\5643.210809013812.wav,4/22/22 13:41,HMS,Croak,8/9/2021 4:01:05.4,8/9/2021 4:01:06.3,2,NA,NA,NA,NA,NA,NA,NA,NA,2021-08-09,27.79205,-175.819217,Night
C:\Users\mmrph\Desktop\author's Interns\PHR_wavfiles\WAVfiles\5643.210809013812.wav,4/22/22 13:41,HMS,Croak,8/9/2021 4:01:07.7,8/9/2021 4:01:08.0,1,NA,NA,NA,NA,NA,NA,NA,NA,2021-08-09,27.79205,-175.819217,Night
C:\Users\mmrph\Desktop\author's Interns\PHR_wavfiles\WAVfiles\5643.210809013812.wav,4/22/22 13:41,HMS,Growl,8/9/2021 4:01:13.2,8/9/2021 4:01:19.6,2,NA,NA,NA,NA,NA,NA,NA,NA,2021-08-09,27.79205,-175.819217,Night
C:\Users\mmrph\Desktop\author's Interns\PHR_wavfiles\WAVfiles\5643.210809013812.wav,4/22/22 13:41,HMS,Growl,8/9/2021 4:01:20.5,8/9/2021 4:01:25.8,2,NA,NA,NA,NA,NA,NA,NA,NA,2021-08-09,27.79205,-175.819217,Night
C:\Users\mmrph\Desktop\author's Interns\PHR_wavfiles\WAVfiles\5643.210809013812.wav,4/22/22 13:41,HMS,Croak,8/9/2021 4:01:27.2,8/9/2021 4:01:27.5,1,NA,NA,NA,NA,NA,NA,NA,NA,2021-08-09,27.79205,-175.819217,Night
C:\Users\mmrph\Desktop\author's Interns\PHR_wavfiles\WAVfiles\5643.210809013812.wav,4/22/22 13:42,HMS,Croak,8/9/2021 4:01:30.7,8/9/2021 4:01:31.1,1,NA,NA,NA,NA,NA,NA,NA,NA,2021-08-09,27.79205,-175.819217,Night
C:\Users\mmrph\Desktop\author's Interns\PHR_wavfiles\WAVfiles\5643.210809013812.wav,4/22/22 13:42,HMS,Growl,8/9/2021 4:01:36.4,8/9/2021 4:01:38.9,1,NA,NA,NA,NA,NA,NA,NA,NA,2021-08-09,27.79205,-175.819217,Night
C:\Users\mmrph\Desktop\author's Interns\PHR_wavfiles\WAVfiles\5643.210809013812.wav,4/22/22 13:42,HMS,Croak,8/9/2021 4:01:40.3,8/9/2021 4:01:40.6,1,NA,NA,NA,NA,NA,NA,NA,NA,2021-08-09,27.79205,-175.819217,Night
C:\Users\mmrph\Desktop\author's Interns\PHR_wavfiles\WAVfiles\5643.210809013812.wav,4/22/22 13:42,HMS,Growl,8/9/2021 4:02:00.3,8/9/2021 4:02:04.7,1,NA,NA,NA,NA,NA,NA,NA,NA,2021-08-09,27.79205,-175.819217,Night
C:\Users\mmrph\Desktop\author's Interns\PHR_wavfiles\WAVfiles\5643.210809013812.wav,4/22/22 13:42,HMS,Growl,8/9/2021 4:02:07.9,8/9/2021 4:02:11.6,1,NA,NA,NA,NA,NA,NA,NA,NA,2021-08-09,27.79205,-175.819217,Night
C:\Users\mmrph\Desktop\author's Interns\PHR_wavfiles\WAVfiles\5643.210809013812.wav,4/22/22 13:42,HMS,Growl,8/9/2021 4:02:18.5,8/9/2021 4:02:21.6,1,NA,NA,NA,NA,NA,NA,NA,NA,2021-08-09,27.79205,-175.819217,Night
C:\Users\mmrph\Desktop\author's Interns\PHR_wavfiles\WAVfiles\5643.210809013812.wav,4/22/22 13:43,HMS,Growl,8/9/2021 4:02:35.3,8/9/2021 4:02:40.2,1,NA,NA,NA,NA,NA,NA,NA,NA,2021-08-09,27.79205,-175.819217,Night
C:\Users\mmrph\Desktop\author's Interns\PHR_wavfiles\WAVfiles\5643.210809013812.wav,4/22/22 13:43,HMS,Growl,8/9/2021 4:03:09.8,8/9/2021 4:03:16.7,2,NA,NA,NA,NA,NA,NA,NA,NA,2021-08-09,27.79205,-175.819217,Night
C:\Users\mmrph\Desktop\author's Interns\PHR_wavfiles\WAVfiles\5643.210809013812.wav,4/22/22 13:43,HMS,Croak,8/9/2021 4:03:17.2,8/9/2021 4:03:17.4,2,NA,NA,NA,NA,NA,NA,NA,NA,2021-08-09,27.79205,-175.819217,Night
C:\Users\mmrph\Desktop\author's Interns\PHR_wavfiles\WAVfiles\5643.210809013812.wav,4/22/22 13:43,HMS,Croak,8/9/2021 4:03:19.9,8/9/2021 4:03:20.1,2,NA,NA,NA,NA,NA,NA,NA,NA,2021-08-09,27.79205,-175.819217,Night
C:\Users\mmrph\Desktop\author's Interns\PHR_wavfiles\WAVfiles\5643.210809013812.wav,4/22/22 13:43,HMS,Whoop,8/9/2021 4:03:24.0,8/9/2021 4:03:24.6,2,2,NA,NA,NA,NA,NA,NA,NA,2021-08-09,27.79205,-175.819217,Night
C:\Users\mmrph\Desktop\author's Interns\PHR_wavfiles\WAVfiles\5643.210809013812.wav,4/22/22 13:44,HMS,Croak,8/9/2021 4:03:24.9,8/9/2021 4:03:25.3,2,NA,NA,NA,NA,NA,NA,NA,NA,2021-08-09,27.79205,-175.819217,Night
C:\Users\mmrph\Desktop\author's Interns\PHR_wavfiles\WAVfiles\5643.210809013812.wav,4/22/22 13:44,HMS,Growl,8/9/2021 4:03:25.8,8/9/2021 4:03:28.8,2,NA,NA,NA,NA,NA,NA,NA,NA,2021-08-09,27.79205,-175.819217,Night
C:\Users\mmrph\Desktop\author's Interns\PHR_wavfiles\WAVfiles\5643.210809013812.wav,4/22/22 13:44,HMS,Whoop,8/9/2021 4:03:29.6,8/9/2021 4:03:30.2,2,2,NA,NA,NA,NA,NA,NA,NA,2021-08-09,27.79205,-175.819217,Night
C:\Users\mmrph\Desktop\author's Interns\PHR_wavfiles\WAVfiles\5643.210809013812.wav,4/22/22 13:44,HMS,Croak,8/9/2021 4:03:30.6,8/9/2021 4:03:31.0,2,NA,NA,NA,NA,NA,NA,NA,NA,2021-08-09,27.79205,-175.819217,Night
C:\Users\mmrph\Desktop\author's Interns\PHR_wavfiles\WAVfiles\5643.210809013812.wav,4/22/22 13:44,HMS,Growl,8/9/2021 4:03:31.6,8/9/2021 4:03:35.4,2,NA,NA,NA,NA,NA,NA,NA,NA,2021-08-09,27.79205,-175.819217,Night
C:\Users\mmrph\Desktop\author's Interns\PHR_wavfiles\WAVfiles\5643.210809013812.wav,4/22/22 13:44,HMS,Growl,8/9/2021 4:03:36.1,8/9/2021 4:03:40.7,2,NA,NA,NA,NA,NA,NA,NA,NA,2021-08-09,27.79205,-175.819217,Night
C:\Users\mmrph\Desktop\author's Interns\PHR_wavfiles\WAVfiles\5643.210809013812.wav,4/22/22 13:44,HMS,Croak,8/9/2021 4:03:42.2,8/9/2021 4:03:42.4,2,NA,NA,NA,NA,NA,NA,NA,NA,2021-08-09,27.79205,-175.819217,Night
C:\Users\mmrph\Desktop\author's Interns\PHR_wavfiles\WAVfiles\5643.210809013812.wav,4/22/22 13:45,HMS,Croak,8/9/2021 4:03:45.8,8/9/2021 4:03:46.2,2,NA,NA,NA,NA,NA,NA,NA,NA,2021-08-09,27.79205,-175.819217,Night
C:\Users\mmrph\Desktop\author's Interns\PHR_wavfiles\WAVfiles\5643.210809013812.wav,4/22/22 13:45,HMS,Whoop,8/9/2021 4:03:46.7,8/9/2021 4:03:46.9,1,1,NA,NA,NA,NA,NA,NA,NA,2021-08-09,27.79205,-175.819217,Night
C:\Users\mmrph\Desktop\author's Interns\PHR_wavfiles\WAVfiles\5643.210809013812.wav,4/22/22 13:45,HMS,Whoop,8/9/2021 4:03:50.9,8/9/2021 4:03:51.6,2,2,NA,NA,NA,NA,NA,NA,NA,2021-08-09,27.79205,-175.819217,Night
C:\Users\mmrph\Desktop\author's Interns\PHR_wavfiles\WAVfiles\5643.210809013812.wav,4/22/22 13:45,HMS,Croak,8/9/2021 4:03:51.7,8/9/2021 4:03:52.2,2,NA,NA,NA,NA,NA,NA,NA,NA,2021-08-09,27.79205,-175.819217,Night
C:\Users\mmrph\Desktop\author's Interns\PHR_wavfiles\WAVfiles\5643.210809013812.wav,4/22/22 13:46,HMS,Growl,8/9/2021 4:03:53.1,8/9/2021 4:03:57.5,2,NA,NA,NA,NA,NA,NA,NA,NA,2021-08-09,27.79205,-175.819217,Night
C:\Users\mmrph\Desktop\author's Interns\PHR_wavfiles\WAVfiles\5643.210809013812.wav,4/22/22 13:46,HMS,Growl,8/9/2021 4:03:58.6,8/9/2021 4:04:03.3,2,NA,NA,NA,NA,NA,NA,NA,NA,2021-08-09,27.79205,-175.819217,Night
C:\Users\mmrph\Desktop\author's Interns\PHR_wavfiles\WAVfiles\5643.210809013812.wav,4/22/22 13:46,HMS,Croak,8/9/2021 4:04:07.9,8/9/2021 4:04:08.3,2,NA,NA,NA,NA,NA,NA,NA,NA,2021-08-09,27.79205,-175.819217,Night
C:\Users\mmrph\Desktop\author's Interns\PHR_wavfiles\WAVfiles\5643.210809013812.wav,4/22/22 13:46,HMS,Growl,8/9/2021 4:04:19.3,8/9/2021 4:04:26.3,1,NA,NA,NA,NA,NA,"Quiet, second individual",NA,NA,2021-08-09,27.79205,-175.819217,Night
C:\Users\mmrph\Desktop\author's Interns\PHR_wavfiles\WAVfiles\5643.210809013812.wav,4/22/22 13:47,HMS,Growl,8/9/2021 4:04:26.7,8/9/2021 4:04:31.2,1,NA,NA,NA,NA,NA,NA,NA,NA,2021-08-09,27.79205,-175.819217,Night
C:\Users\mmrph\Desktop\author's Interns\PHR_wavfiles\WAVfiles\5643.210809013812.wav,4/22/22 13:47,HMS,Growl,8/9/2021 4:04:43.0,8/9/2021 4:04:46.5,1,NA,NA,NA,NA,NA,NA,NA,NA,2021-08-09,27.79205,-175.819217,Night
C:\Users\mmrph\Desktop\author's Interns\PHR_wavfiles\WAVfiles\5643.210809013812.wav,4/22/22 13:47,HMS,Growl,8/9/2021 4:04:50.9,8/9/2021 4:04:55.1,1,NA,NA,NA,NA,NA,NA,NA,NA,2021-08-09,27.79205,-175.819217,Night
C:\Users\mmrph\Desktop\author's Interns\PHR_wavfiles\WAVfiles\5643.210809013812.wav,4/22/22 13:47,HMS,Growl,8/9/2021 4:04:56.1,8/9/2021 4:05:04.6,2,NA,NA,NA,NA,NA,Loud individual,NA,NA,2021-08-09,27.79205,-175.819217,Night
C:\Users\mmrph\Desktop\author's Interns\PHR_wavfiles\WAVfiles\5643.210809043811.wav,5/6/22 10:25,HMS,Growl,8/9/2021 5:00:14.8,8/9/2021 5:00:16.0,2,NA,NA,NA,NA,NA,intern-start 5/6,NA,NA,2021-08-09,27.79205,-175.819217,Night
C:\Users\mmrph\Desktop\author's Interns\PHR_wavfiles\WAVfiles\5643.210809043811.wav,5/6/22 10:25,HMS,Croak,8/9/2021 5:00:17.5,8/9/2021 5:00:17.8,2,NA,NA,NA,NA,NA,NA,NA,NA,2021-08-09,27.79205,-175.819217,Night
C:\Users\mmrph\Desktop\author's Interns\PHR_wavfiles\WAVfiles\5643.210809043811.wav,5/6/22 10:25,HMS,Whoop,8/9/2021 5:00:22.4,8/9/2021 5:00:23.3,2,3,NA,NA,NA,NA,NA,NA,NA,2021-08-09,27.79205,-175.819217,Night
C:\Users\mmrph\Desktop\author's Interns\PHR_wavfiles\WAVfiles\5643.210809043811.wav,5/6/22 10:26,HMS,Croak,8/9/2021 5:00:23.5,8/9/2021 5:00:24.0,2,NA,NA,NA,NA,NA,NA,NA,NA,2021-08-09,27.79205,-175.819217,Night
C:\Users\mmrph\Desktop\author's Interns\PHR_wavfiles\WAVfiles\5643.210809043811.wav,5/6/22 10:26,HMS,Growl,8/9/2021 5:00:24.6,8/9/2021 5:00:28.4,2,NA,NA,NA,NA,NA,NA,NA,NA,2021-08-09,27.79205,-175.819217,Night
C:\Users\mmrph\Desktop\author's Interns\PHR_wavfiles\WAVfiles\5643.210809043811.wav,5/6/22 10:26,HMS,Growl,8/9/2021 5:00:29.3,8/9/2021 5:00:34.2,2,NA,NA,NA,NA,NA,NA,NA,NA,2021-08-09,27.79205,-175.819217,Night
C:\Users\mmrph\Desktop\author's Interns\PHR_wavfiles\WAVfiles\5643.210809043811.wav,5/6/22 10:26,HMS,Whoop,8/9/2021 5:00:37.0,8/9/2021 5:00:37.2,1,1,NA,NA,NA,NA,NA,NA,NA,2021-08-09,27.79205,-175.819217,Night
C:\Users\mmrph\Desktop\author's Interns\PHR_wavfiles\WAVfiles\5643.210809043811.wav,5/6/22 10:26,HMS,Growl,8/9/2021 5:00:41.4,8/9/2021 5:00:43.7,2,NA,NA,NA,NA,NA,NA,NA,NA,2021-08-09,27.79205,-175.819217,Night
C:\Users\mmrph\Desktop\author's Interns\PHR_wavfiles\WAVfiles\5643.210809043811.wav,5/6/22 10:26,HMS,Croak,8/9/2021 5:00:45.1,8/9/2021 5:00:45.5,1,NA,NA,NA,NA,NA,NA,NA,NA,2021-08-09,27.79205,-175.819217,Night
C:\Users\mmrph\Desktop\author's Interns\PHR_wavfiles\WAVfiles\5643.210809043811.wav,5/6/22 10:27,HMS,Growl,8/9/2021 5:01:39.6,8/9/2021 5:01:44.5,1,NA,NA,NA,NA,NA,NA,NA,NA,2021-08-09,27.79205,-175.819217,Night
C:\Users\mmrph\Desktop\author's Interns\PHR_wavfiles\WAVfiles\5643.210809043811.wav,5/6/22 10:27,HMS,Growl,8/9/2021 5:01:45.1,8/9/2021 5:01:49.7,1,NA,NA,NA,NA,NA,NA,NA,NA,2021-08-09,27.79205,-175.819217,Night
C:\Users\mmrph\Desktop\author's Interns\PHR_wavfiles\WAVfiles\5643.210809043811.wav,5/6/22 10:27,HMS,Growl,8/9/2021 5:01:58.9,8/9/2021 5:02:01.5,1,NA,NA,NA,NA,NA,NA,NA,NA,2021-08-09,27.79205,-175.819217,Night
C:\Users\mmrph\Desktop\author's Interns\PHR_wavfiles\WAVfiles\5643.210809043811.wav,5/6/22 10:27,HMS,Growl,8/9/2021 5:02:02.9,8/9/2021 5:02:05.8,1,NA,NA,NA,NA,NA,NA,NA,NA,2021-08-09,27.79205,-175.819217,Night
C:\Users\mmrph\Desktop\author's Interns\PHR_wavfiles\WAVfiles\5643.210809043811.wav,5/6/22 10:27,HMS,Growl,8/9/2021 5:02:20.3,8/9/2021 5:02:21.6,1,NA,NA,NA,NA,NA,NA,NA,NA,2021-08-09,27.79205,-175.819217,Night
C:\Users\mmrph\Desktop\author's Interns\PHR_wavfiles\WAVfiles\5643.210809043811.wav,5/6/22 10:28,HMS,Growl,8/9/2021 5:02:28.8,8/9/2021 5:02:35.6,2,NA,NA,NA,NA,NA,NA,Hawaiian Monk Seal-NWHI2021PHR-20210809T050228.jpg,Hawaiian Monk Seal-NWHI2021PHR-20210809T050228.x.wav,2021-08-09,27.79205,-175.819217,Night
C:\Users\mmrph\Desktop\author's Interns\PHR_wavfiles\WAVfiles\5643.210809043811.wav,5/6/22 10:28,HMS,Croak,8/9/2021 5:02:36.4,8/9/2021 5:02:36.7,2,NA,NA,NA,NA,NA,NA,NA,NA,2021-08-09,27.79205,-175.819217,Night
C:\Users\mmrph\Desktop\author's Interns\PHR_wavfiles\WAVfiles\5643.210809043811.wav,5/6/22 10:28,HMS,Croak,8/9/2021 5:02:36.7,8/9/2021 5:02:39.6,2,NA,NA,NA,NA,NA,NA,NA,NA,2021-08-09,27.79205,-175.819217,Night
C:\Users\mmrph\Desktop\author's Interns\PHR_wavfiles\WAVfiles\5643.210809043811.wav,5/6/22 10:28,HMS,Croak,8/9/2021 5:02:40.2,8/9/2021 5:02:40.5,2,NA,NA,NA,NA,NA,NA,NA,NA,2021-08-09,27.79205,-175.819217,Night
C:\Users\mmrph\Desktop\author's Interns\PHR_wavfiles\WAVfiles\5643.210809043811.wav,5/6/22 10:28,HMS,Growl,8/9/2021 5:02:41.4,8/9/2021 5:02:45.1,2,NA,NA,NA,NA,NA,NA,NA,NA,2021-08-09,27.79205,-175.819217,Night
C:\Users\mmrph\Desktop\author's Interns\PHR_wavfiles\WAVfiles\5643.210809043811.wav,5/6/22 10:29,HMS,Whoop,8/9/2021 5:02:48.1,8/9/2021 5:02:48.4,2,1,NA,NA,NA,NA,NA,NA,NA,2021-08-09,27.79205,-175.819217,Night
C:\Users\mmrph\Desktop\author's Interns\PHR_wavfiles\WAVfiles\5643.210809043811.wav,5/6/22 10:29,HMS,Moan,8/9/2021 5:02:50.1,8/9/2021 5:02:51.6,3,NA,NA,NA,NA,NA,NA,NA,NA,2021-08-09,27.79205,-175.819217,Night
C:\Users\mmrph\Desktop\author's Interns\PHR_wavfiles\WAVfiles\5643.210809043811.wav,5/6/22 10:30,HMS,MoanWhoop,8/9/2021 5:02:51.8,8/9/2021 5:02:53.8,3,NA,NA,NA,NA,NA,NA,NA,NA,2021-08-09,27.79205,-175.819217,Night
C:\Users\mmrph\Desktop\author's Interns\PHR_wavfiles\WAVfiles\5643.210809043811.wav,5/6/22 10:31,HMS,Moan,8/9/2021 5:02:54.8,8/9/2021 5:02:55.2,2,NA,NA,NA,NA,NA,NA,NA,NA,2021-08-09,27.79205,-175.819217,Night
C:\Users\mmrph\Desktop\author's Interns\PHR_wavfiles\WAVfiles\5643.210809043811.wav,5/6/22 10:32,HMS,MoanGrowl,8/9/2021 5:02:55.2,8/9/2021 5:02:57.2,2,NA,NA,NA,NA,NA,NA,NA,NA,2021-08-09,27.79205,-175.819217,Night
C:\Users\mmrph\Desktop\author's Interns\PHR_wavfiles\WAVfiles\5643.210809043811.wav,5/6/22 10:32,HMS,Whoop,8/9/2021 5:02:57.9,8/9/2021 5:02:58.2,2,1,NA,NA,NA,NA,NA,NA,NA,2021-08-09,27.79205,-175.819217,Night
C:\Users\mmrph\Desktop\author's Interns\PHR_wavfiles\WAVfiles\5643.210809043811.wav,5/6/22 10:32,HMS,Growl,8/9/2021 5:03:01.5,8/9/2021 5:03:09.9,1,NA,NA,NA,NA,NA,"Two vocalizations, underneath growl",NA,NA,2021-08-09,27.79205,-175.819217,Night
C:\Users\mmrph\Desktop\author's Interns\PHR_wavfiles\WAVfiles\5643.210809043811.wav,5/6/22 10:32,HMS,Croak,8/9/2021 5:03:02.3,8/9/2021 5:03:02.7,1,NA,NA,NA,NA,NA,NA,NA,NA,2021-08-09,27.79205,-175.819217,Night
C:\Users\mmrph\Desktop\author's Interns\PHR_wavfiles\WAVfiles\5643.210809043811.wav,5/6/22 10:33,HMS,Growl,8/9/2021 5:03:03.9,8/9/2021 5:03:08.9,1,NA,NA,NA,NA,NA,NA,NA,NA,2021-08-09,27.79205,-175.819217,Night
C:\Users\mmrph\Desktop\author's Interns\PHR_wavfiles\WAVfiles\5643.210809043811.wav,5/6/22 10:33,HMS,Croak,8/9/2021 5:03:10.5,8/9/2021 5:03:10.8,1,NA,NA,NA,NA,NA,NA,NA,NA,2021-08-09,27.79205,-175.819217,Night
C:\Users\mmrph\Desktop\author's Interns\PHR_wavfiles\WAVfiles\5643.210809043811.wav,5/6/22 10:33,HMS,Croak,8/9/2021 5:03:15.0,8/9/2021 5:03:15.6,1,NA,NA,NA,NA,NA,NA,NA,NA,2021-08-09,27.79205,-175.819217,Night
C:\Users\mmrph\Desktop\author's Interns\PHR_wavfiles\WAVfiles\5643.210809043811.wav,5/6/22 10:33,HMS,Croak,8/9/2021 5:03:22.4,8/9/2021 5:03:22.7,1,NA,NA,NA,NA,NA,NA,NA,NA,2021-08-09,27.79205,-175.819217,Night
C:\Users\mmrph\Desktop\author's Interns\PHR_wavfiles\WAVfiles\5643.210809043811.wav,5/6/22 10:33,HMS,Growl,8/9/2021 5:03:23.2,8/9/2021 5:03:25.9,1,NA,NA,NA,NA,NA,NA,NA,NA,2021-08-09,27.79205,-175.819217,Night
C:\Users\mmrph\Desktop\author's Interns\PHR_wavfiles\WAVfiles\5643.210809043811.wav,5/6/22 10:33,HMS,Growl,8/9/2021 5:03:28.2,8/9/2021 5:03:31.1,1,NA,NA,NA,NA,NA,NA,NA,NA,2021-08-09,27.79205,-175.819217,Night
C:\Users\mmrph\Desktop\author's Interns\PHR_wavfiles\WAVfiles\5643.210809043811.wav,5/6/22 10:33,HMS,Croak,8/9/2021 5:03:31.5,8/9/2021 5:03:31.9,1,NA,NA,NA,NA,NA,NA,NA,NA,2021-08-09,27.79205,-175.819217,Night
C:\Users\mmrph\Desktop\author's Interns\PHR_wavfiles\WAVfiles\5643.210809043811.wav,5/6/22 10:34,HMS,Croak,8/9/2021 5:03:39.1,8/9/2021 5:03:39.4,1,NA,NA,NA,NA,NA,NA,NA,NA,2021-08-09,27.79205,-175.819217,Night
C:\Users\mmrph\Desktop\author's Interns\PHR_wavfiles\WAVfiles\5643.210809043811.wav,5/6/22 10:34,HMS,Croak,8/9/2021 5:03:40.8,8/9/2021 5:03:41.3,1,NA,NA,NA,NA,NA,NA,NA,NA,2021-08-09,27.79205,-175.819217,Night
C:\Users\mmrph\Desktop\author's Interns\PHR_wavfiles\WAVfiles\5643.210809043811.wav,5/6/22 10:34,HMS,Growl,8/9/2021 5:03:41.5,8/9/2021 5:03:44.5,1,NA,NA,NA,NA,NA,NA,NA,NA,2021-08-09,27.79205,-175.819217,Night
C:\Users\mmrph\Desktop\author's Interns\PHR_wavfiles\WAVfiles\5643.210809043811.wav,5/6/22 10:34,HMS,Growl,8/9/2021 5:03:45.1,8/9/2021 5:03:48.6,1,NA,NA,NA,NA,NA,NA,NA,NA,2021-08-09,27.79205,-175.819217,Night
C:\Users\mmrph\Desktop\author's Interns\PHR_wavfiles\WAVfiles\5643.210809043811.wav,5/6/22 10:34,HMS,Growl,8/9/2021 5:04:05.5,8/9/2021 5:04:10.1,2,NA,NA,NA,NA,NA,NA,NA,NA,2021-08-09,27.79205,-175.819217,Night
C:\Users\mmrph\Desktop\author's Interns\PHR_wavfiles\WAVfiles\5643.210809043811.wav,5/6/22 10:34,HMS,Growl,8/9/2021 5:04:12.7,8/9/2021 5:04:13.7,2,NA,NA,NA,NA,NA,NA,NA,NA,2021-08-09,27.79205,-175.819217,Night
C:\Users\mmrph\Desktop\author's Interns\PHR_wavfiles\WAVfiles\5643.210809043811.wav,5/6/22 10:35,HMS,Croak,8/9/2021 5:04:14.7,8/9/2021 5:04:15.0,2,NA,NA,NA,NA,NA,NA,NA,NA,2021-08-09,27.79205,-175.819217,Night
C:\Users\mmrph\Desktop\author's Interns\PHR_wavfiles\WAVfiles\5643.210809043811.wav,5/6/22 10:36,HMS,Growl,8/9/2021 5:04:20.7,8/9/2021 5:04:25.8,2,NA,NA,NA,NA,NA,NA,NA,NA,2021-08-09,27.79205,-175.819217,Night
C:\Users\mmrph\Desktop\author's Interns\PHR_wavfiles\WAVfiles\5643.210809043811.wav,5/6/22 10:36,HMS,Whoop,8/9/2021 5:04:26.1,8/9/2021 5:04:26.3,2,1,NA,NA,NA,NA,NA,NA,NA,2021-08-09,27.79205,-175.819217,Night
C:\Users\mmrph\Desktop\author's Interns\PHR_wavfiles\WAVfiles\5643.210809043811.wav,5/6/22 10:36,HMS,Croak,8/9/2021 5:04:27.0,8/9/2021 5:04:27.6,2,NA,NA,NA,NA,NA,NA,NA,NA,2021-08-09,27.79205,-175.819217,Night
C:\Users\mmrph\Desktop\author's Interns\PHR_wavfiles\WAVfiles\5643.210809043811.wav,5/6/22 10:36,HMS,Growl,8/9/2021 5:04:28.0,8/9/2021 5:04:34.1,2,NA,NA,NA,NA,NA,NA,NA,NA,2021-08-09,27.79205,-175.819217,Night
C:\Users\mmrph\Desktop\author's Interns\PHR_wavfiles\WAVfiles\5643.210809043811.wav,5/6/22 10:36,HMS,Growl,8/9/2021 5:04:34.9,8/9/2021 5:04:41.5,2,NA,NA,NA,NA,NA,NA,NA,NA,2021-08-09,27.79205,-175.819217,Night
C:\Users\mmrph\Desktop\author's Interns\PHR_wavfiles\WAVfiles\5643.210809043811.wav,5/6/22 10:37,HMS,Croak,8/9/2021 5:04:42.9,8/9/2021 5:04:43.3,2,NA,NA,NA,NA,NA,NA,NA,NA,2021-08-09,27.79205,-175.819217,Night
C:\Users\mmrph\Desktop\author's Interns\PHR_wavfiles\WAVfiles\5643.210809043811.wav,5/6/22 10:37,HMS,Croak,8/9/2021 5:04:47.9,8/9/2021 5:04:48.2,2,NA,NA,NA,NA,NA,NA,NA,NA,2021-08-09,27.79205,-175.819217,Night
C:\Users\mmrph\Desktop\author's Interns\PHR_wavfiles\WAVfiles\5643.210809043811.wav,5/6/22 10:37,HMS,Growl,8/9/2021 5:04:55.1,8/9/2021 5:05:00.5,2,NA,NA,NA,NA,NA,NA,NA,NA,2021-08-09,27.79205,-175.819217,Night
C:\Users\mmrph\Desktop\author's Interns\PHR_wavfiles\WAVfiles\5643.210809043811.wav,5/6/22 10:58,HMS,Whoop,8/9/2021 6:00:03.7,8/9/2021 6:00:04.5,2,2,NA,NA,NA,NA,NA,NA,NA,2021-08-09,27.79205,-175.819217,Night
C:\Users\mmrph\Desktop\author's Interns\PHR_wavfiles\WAVfiles\5643.210809043811.wav,5/6/22 12:12,HMS,Croak,8/9/2021 6:00:04.6,8/9/2021 6:00:05.2,2,NA,NA,NA,NA,NA,NA,NA,NA,2021-08-09,27.79205,-175.819217,Night
C:\Users\mmrph\Desktop\author's Interns\PHR_wavfiles\WAVfiles\5643.210809043811.wav,5/6/22 12:12,HMS,Growl,8/9/2021 6:00:06.2,8/9/2021 6:00:12.1,2,NA,NA,NA,NA,NA,NA,NA,NA,2021-08-09,27.79205,-175.819217,Night
C:\Users\mmrph\Desktop\author's Interns\PHR_wavfiles\WAVfiles\5643.210809043811.wav,5/6/22 12:12,HMS,Croak,8/9/2021 6:00:15.9,8/9/2021 6:00:16.3,1,NA,NA,NA,NA,NA,NA,NA,NA,2021-08-09,27.79205,-175.819217,Night
C:\Users\mmrph\Desktop\author's Interns\PHR_wavfiles\WAVfiles\5643.210809043811.wav,5/6/22 12:12,HMS,Growl,8/9/2021 6:00:22.0,8/9/2021 6:00:24.4,1,NA,NA,NA,NA,NA,NA,NA,NA,2021-08-09,27.79205,-175.819217,Night
C:\Users\mmrph\Desktop\author's Interns\PHR_wavfiles\WAVfiles\5643.210809043811.wav,5/6/22 12:12,HMS,Whoop,8/9/2021 6:00:26.3,8/9/2021 6:00:27.4,2,3,NA,NA,NA,NA,NA,NA,NA,2021-08-09,27.79205,-175.819217,Night
C:\Users\mmrph\Desktop\author's Interns\PHR_wavfiles\WAVfiles\5643.210809043811.wav,5/6/22 12:13,HMS,Croak,8/9/2021 6:00:27.5,8/9/2021 6:00:28.1,2,NA,NA,NA,NA,NA,NA,NA,NA,2021-08-09,27.79205,-175.819217,Night
C:\Users\mmrph\Desktop\author's Interns\PHR_wavfiles\WAVfiles\5643.210809043811.wav,5/6/22 12:13,HMS,Growl,8/9/2021 6:00:29.1,8/9/2021 6:00:33.6,2,NA,NA,NA,NA,NA,NA,NA,NA,2021-08-09,27.79205,-175.819217,Night
C:\Users\mmrph\Desktop\author's Interns\PHR_wavfiles\WAVfiles\5643.210809043811.wav,5/6/22 12:13,HMS,Growl,8/9/2021 6:00:34.8,8/9/2021 6:00:39.1,2,NA,NA,NA,NA,NA,NA,NA,NA,2021-08-09,27.79205,-175.819217,Night
C:\Users\mmrph\Desktop\author's Interns\PHR_wavfiles\WAVfiles\5643.210809043811.wav,5/6/22 12:13,HMS,Croak,8/9/2021 6:00:40.7,8/9/2021 6:00:41.3,1,NA,NA,NA,NA,NA,NA,NA,NA,2021-08-09,27.79205,-175.819217,Night
C:\Users\mmrph\Desktop\author's Interns\PHR_wavfiles\WAVfiles\5643.210809043811.wav,5/6/22 12:13,HMS,Growl,8/9/2021 6:00:48.9,8/9/2021 6:00:50.7,1,NA,NA,NA,NA,NA,NA,NA,NA,2021-08-09,27.79205,-175.819217,Night
C:\Users\mmrph\Desktop\author's Interns\PHR_wavfiles\WAVfiles\5643.210809043811.wav,5/6/22 12:13,HMS,Growl,8/9/2021 6:02:25.9,8/9/2021 6:02:30.6,2,NA,NA,NA,NA,NA,NA,NA,NA,2021-08-09,27.79205,-175.819217,Night
C:\Users\mmrph\Desktop\author's Interns\PHR_wavfiles\WAVfiles\5643.210809043811.wav,5/6/22 12:13,HMS,Growl,8/9/2021 6:02:32.5,8/9/2021 6:02:33.9,1,NA,NA,NA,NA,NA,NA,NA,NA,2021-08-09,27.79205,-175.819217,Night
C:\Users\mmrph\Desktop\author's Interns\PHR_wavfiles\WAVfiles\5643.210809043811.wav,5/6/22 12:14,HMS,Croak,8/9/2021 6:02:34.7,8/9/2021 6:02:35.0,1,NA,NA,NA,NA,NA,NA,NA,NA,2021-08-09,27.79205,-175.819217,Night
C:\Users\mmrph\Desktop\author's Interns\PHR_wavfiles\WAVfiles\5643.210809043811.wav,5/6/22 12:14,HMS,Growl,8/9/2021 6:02:40.9,8/9/2021 6:02:47.0,2,NA,NA,NA,NA,NA,NA,NA,NA,2021-08-09,27.79205,-175.819217,Night
C:\Users\mmrph\Desktop\author's Interns\PHR_wavfiles\WAVfiles\5643.210809043811.wav,5/6/22 12:14,HMS,Whoop,8/9/2021 6:02:47.0,8/9/2021 6:02:48.1,2,3,NA,NA,NA,NA,NA,NA,NA,2021-08-09,27.79205,-175.819217,Night
C:\Users\mmrph\Desktop\author's Interns\PHR_wavfiles\WAVfiles\5643.210809043811.wav,5/6/22 12:14,HMS,Croak,8/9/2021 6:02:52.5,8/9/2021 6:02:53.4,2,NA,NA,NA,NA,NA,NA,NA,NA,2021-08-09,27.79205,-175.819217,Night
C:\Users\mmrph\Desktop\author's Interns\PHR_wavfiles\WAVfiles\5643.210809043811.wav,5/6/22 12:14,HMS,Croak,8/9/2021 6:02:53.8,8/9/2021 6:02:54.4,2,NA,NA,NA,NA,NA,NA,NA,NA,2021-08-09,27.79205,-175.819217,Night
C:\Users\mmrph\Desktop\author's Interns\PHR_wavfiles\WAVfiles\5643.210809043811.wav,5/6/22 12:14,HMS,Growl,8/9/2021 6:02:58.2,8/9/2021 6:03:04.1,2,NA,NA,NA,NA,NA,NA,NA,NA,2021-08-09,27.79205,-175.819217,Night
C:\Users\mmrph\Desktop\author's Interns\PHR_wavfiles\WAVfiles\5643.210809043811.wav,5/6/22 12:15,HMS,Whoop,8/9/2021 6:03:04.2,8/9/2021 6:03:05.3,2,3,NA,NA,NA,NA,NA,NA,NA,2021-08-09,27.79205,-175.819217,Night
C:\Users\mmrph\Desktop\author's Interns\PHR_wavfiles\WAVfiles\5643.210809043811.wav,5/6/22 12:15,HMS,Croak,8/9/2021 6:03:05.3,8/9/2021 6:03:05.9,2,NA,NA,NA,NA,NA,NA,NA,NA,2021-08-09,27.79205,-175.819217,Night
C:\Users\mmrph\Desktop\author's Interns\PHR_wavfiles\WAVfiles\5643.210809043811.wav,5/6/22 12:15,HMS,Growl,8/9/2021 6:04:05.0,8/9/2021 6:04:09.0,2,NA,NA,NA,NA,NA,NA,NA,NA,2021-08-09,27.79205,-175.819217,Night
C:\Users\mmrph\Desktop\author's Interns\PHR_wavfiles\WAVfiles\5643.210809043811.wav,5/6/22 12:15,HMS,Croak,8/9/2021 6:04:09.3,8/9/2021 6:04:09.7,2,NA,NA,NA,NA,NA,NA,NA,NA,2021-08-09,27.79205,-175.819217,Night
C:\Users\mmrph\Desktop\author's Interns\PHR_wavfiles\WAVfiles\5643.210809043811.wav,5/6/22 12:15,HMS,Growl,8/9/2021 6:04:10.6,8/9/2021 6:04:13.5,2,NA,NA,NA,NA,NA,NA,NA,NA,2021-08-09,27.79205,-175.819217,Night
C:\Users\mmrph\Desktop\author's Interns\PHR_wavfiles\WAVfiles\5643.210809043811.wav,5/6/22 12:15,HMS,Croak,8/9/2021 6:04:14.3,8/9/2021 6:04:14.6,1,NA,NA,NA,NA,NA,NA,NA,NA,2021-08-09,27.79205,-175.819217,Night
C:\Users\mmrph\Desktop\author's Interns\PHR_wavfiles\WAVfiles\5643.210809043811.wav,5/6/22 12:15,HMS,Whoop,8/9/2021 6:04:15.0,8/9/2021 6:04:15.3,1,1,NA,NA,NA,NA,NA,NA,NA,2021-08-09,27.79205,-175.819217,Night
C:\Users\mmrph\Desktop\author's Interns\PHR_wavfiles\WAVfiles\5643.210809043811.wav,5/6/22 12:15,HMS,Whoop,8/9/2021 6:04:16.4,8/9/2021 6:04:17.2,2,4,NA,NA,NA,NA,NA,NA,NA,2021-08-09,27.79205,-175.819217,Night
C:\Users\mmrph\Desktop\author's Interns\PHR_wavfiles\WAVfiles\5643.210809043811.wav,5/6/22 12:16,HMS,GrowlWhoop,8/9/2021 6:04:21.6,8/9/2021 6:04:23.7,3,NA,NA,NA,NA,NA,could analyze this is Raven if need more,NA,NA,2021-08-09,27.79205,-175.819217,Night
C:\Users\mmrph\Desktop\author's Interns\PHR_wavfiles\WAVfiles\5643.210809043811.wav,5/6/22 12:16,HMS,Moan,8/9/2021 6:04:24.6,8/9/2021 6:04:24.6,1,NA,NA,NA,NA,NA,NA,NA,NA,2021-08-09,27.79205,-175.819217,Night
C:\Users\mmrph\Desktop\author's Interns\PHR_wavfiles\WAVfiles\5643.210809043811.wav,5/6/22 12:16,HMS,GrowlWhoop,8/9/2021 6:04:25.0,8/9/2021 6:04:26.0,1,NA,NA,NA,NA,NA,NA,NA,NA,2021-08-09,27.79205,-175.819217,Night
C:\Users\mmrph\Desktop\author's Interns\PHR_wavfiles\WAVfiles\5643.210809043811.wav,5/6/22 12:16,HMS,Croak,8/9/2021 6:04:33.8,8/9/2021 6:04:34.1,1,NA,NA,NA,NA,NA,NA,NA,NA,2021-08-09,27.79205,-175.819217,Night
C:\Users\mmrph\Desktop\author's Interns\PHR_wavfiles\WAVfiles\5643.210809043811.wav,5/6/22 12:17,HMS,Croak,8/9/2021 6:04:36.7,8/9/2021 6:04:37.1,2,NA,NA,NA,NA,NA,NA,NA,NA,2021-08-09,27.79205,-175.819217,Night
C:\Users\mmrph\Desktop\author's Interns\PHR_wavfiles\WAVfiles\5643.210809043811.wav,5/6/22 12:30,HMS,Growl,8/9/2021 7:00:35.3,8/9/2021 7:00:39.6,1,NA,NA,NA,NA,NA,NA,NA,NA,2021-08-09,27.79205,-175.819217,Night
C:\Users\mmrph\Desktop\author's Interns\PHR_wavfiles\WAVfiles\5643.210809043811.wav,5/6/22 12:30,HMS,Growl,8/9/2021 7:00:41.9,8/9/2021 7:00:45.4,1,NA,NA,NA,NA,NA,NA,NA,NA,2021-08-09,27.79205,-175.819217,Night
C:\Users\mmrph\Desktop\author's Interns\PHR_wavfiles\WAVfiles\5643.210809043811.wav,5/6/22 12:30,HMS,Growl,8/9/2021 7:00:53.3,8/9/2021 7:00:58.5,1,NA,NA,NA,NA,NA,NA,NA,NA,2021-08-09,27.79205,-175.819217,Night
C:\Users\mmrph\Desktop\author's Interns\PHR_wavfiles\WAVfiles\5643.210809043811.wav,5/6/22 12:30,HMS,Growl,8/9/2021 7:01:05.3,8/9/2021 7:01:07.8,1,NA,NA,NA,NA,NA,NA,NA,NA,2021-08-09,27.79205,-175.819217,Night
C:\Users\mmrph\Desktop\author's Interns\PHR_wavfiles\WAVfiles\5643.210809043811.wav,5/6/22 12:31,HMS,Growl,8/9/2021 7:02:47.4,8/9/2021 7:02:51.7,2,NA,NA,NA,NA,NA,NA,NA,NA,2021-08-09,27.79205,-175.819217,Night
C:\Users\mmrph\Desktop\author's Interns\PHR_wavfiles\WAVfiles\5643.210809043811.wav,5/6/22 12:31,HMS,Croak,8/9/2021 7:02:52.3,8/9/2021 7:02:52.7,2,NA,NA,NA,NA,NA,NA,NA,NA,2021-08-09,27.79205,-175.819217,Night
C:\Users\mmrph\Desktop\author's Interns\PHR_wavfiles\WAVfiles\5643.210809043811.wav,5/6/22 12:31,HMS,Growl,8/9/2021 7:02:54.8,8/9/2021 7:02:58.3,2,NA,NA,NA,NA,NA,NA,NA,NA,2021-08-09,27.79205,-175.819217,Night
C:\Users\mmrph\Desktop\author's Interns\PHR_wavfiles\WAVfiles\5643.210809043811.wav,5/6/22 12:31,HMS,Whoop,8/9/2021 7:02:58.4,8/9/2021 7:02:58.7,2,1,NA,NA,NA,NA,NA,NA,NA,2021-08-09,27.79205,-175.819217,Night
C:\Users\mmrph\Desktop\author's Interns\PHR_wavfiles\WAVfiles\5643.210809043811.wav,5/6/22 12:36,HMS,Whoop,8/9/2021 7:03:01.6,8/9/2021 7:03:02.9,2,4,NA,NA,NA,NA,NA,NA,NA,2021-08-09,27.79205,-175.819217,Night
C:\Users\mmrph\Desktop\author's Interns\PHR_wavfiles\WAVfiles\5643.210809043811.wav,5/6/22 12:36,HMS,Croak,8/9/2021 7:03:02.9,8/9/2021 7:03:03.5,2,NA,NA,NA,NA,NA,NA,NA,NA,2021-08-09,27.79205,-175.819217,Night
C:\Users\mmrph\Desktop\author's Interns\PHR_wavfiles\WAVfiles\5643.210809043811.wav,5/6/22 13:53,HMS,Growl,8/9/2021 7:03:04.3,8/9/2021 7:03:07.7,2,NA,NA,NA,NA,NA,NA,NA,NA,2021-08-09,27.79205,-175.819217,Night
C:\Users\mmrph\Desktop\author's Interns\PHR_wavfiles\WAVfiles\5643.210809043811.wav,5/6/22 13:53,HMS,Whoop,8/9/2021 7:03:10.7,8/9/2021 7:03:11.9,2,3,NA,NA,NA,NA,NA,NA,NA,2021-08-09,27.79205,-175.819217,Night
C:\Users\mmrph\Desktop\author's Interns\PHR_wavfiles\WAVfiles\5643.210809043811.wav,5/6/22 13:54,HMS,Moan,8/9/2021 7:03:12.8,8/9/2021 7:03:14.6,2,NA,NA,NA,NA,NA,NA,NA,NA,2021-08-09,27.79205,-175.819217,Night
C:\Users\mmrph\Desktop\author's Interns\PHR_wavfiles\WAVfiles\5643.210809043811.wav,5/6/22 13:54,HMS,Moan,8/9/2021 7:03:14.6,8/9/2021 7:03:15.7,2,NA,NA,NA,NA,NA,NA,NA,NA,2021-08-09,27.79205,-175.819217,Night
C:\Users\mmrph\Desktop\author's Interns\PHR_wavfiles\WAVfiles\5643.210809043811.wav,5/6/22 13:54,HMS,Growl,8/9/2021 7:03:15.7,8/9/2021 7:03:18.0,2,NA,NA,NA,NA,NA,NA,NA,NA,2021-08-09,27.79205,-175.819217,Night
C:\Users\mmrph\Desktop\author's Interns\PHR_wavfiles\WAVfiles\5643.210809043811.wav,5/6/22 13:54,HMS,Whoop,8/9/2021 7:03:18.2,8/9/2021 7:03:19.2,2,4,NA,NA,NA,NA,NA,NA,NA,2021-08-09,27.79205,-175.819217,Night
C:\Users\mmrph\Desktop\author's Interns\PHR_wavfiles\WAVfiles\5643.210809043811.wav,5/6/22 13:54,HMS,Croak,8/9/2021 7:03:23.5,8/9/2021 7:03:24.2,1,NA,NA,NA,NA,NA,NA,NA,NA,2021-08-09,27.79205,-175.819217,Night
C:\Users\mmrph\Desktop\author's Interns\PHR_wavfiles\WAVfiles\5643.210809043811.wav,5/6/22 13:54,HMS,Croak,8/9/2021 7:03:24.6,8/9/2021 7:03:25.1,1,NA,NA,NA,NA,NA,NA,NA,NA,2021-08-09,27.79205,-175.819217,Night
C:\Users\mmrph\Desktop\author's Interns\PHR_wavfiles\WAVfiles\5643.210809043811.wav,5/6/22 13:54,HMS,Growl,8/9/2021 7:03:27.6,8/9/2021 7:03:32.7,2,NA,NA,NA,NA,NA,NA,NA,NA,2021-08-09,27.79205,-175.819217,Night
C:\Users\mmrph\Desktop\author's Interns\PHR_wavfiles\WAVfiles\5643.210809043811.wav,5/6/22 13:55,HMS,Croak,8/9/2021 7:03:36.8,8/9/2021 7:03:37.1,1,NA,NA,NA,NA,NA,NA,NA,NA,2021-08-09,27.79205,-175.819217,Night
C:\Users\mmrph\Desktop\author's Interns\PHR_wavfiles\WAVfiles\5643.210809043811.wav,5/6/22 13:55,HMS,Growl,8/9/2021 7:03:42.7,8/9/2021 7:03:45.1,1,NA,NA,NA,NA,NA,NA,NA,NA,2021-08-09,27.79205,-175.819217,Night
C:\Users\mmrph\Desktop\author's Interns\PHR_wavfiles\WAVfiles\5643.210809043811.wav,5/6/22 13:55,HMS,Croak,8/9/2021 7:03:46.3,8/9/2021 7:03:46.6,1,NA,NA,NA,NA,NA,NA,NA,NA,2021-08-09,27.79205,-175.819217,Night
C:\Users\mmrph\Desktop\author's Interns\PHR_wavfiles\WAVfiles\5643.210809043811.wav,5/6/22 13:55,HMS,Growl,8/9/2021 7:03:47.0,8/9/2021 7:03:50.5,1,NA,NA,NA,NA,NA,NA,NA,NA,2021-08-09,27.79205,-175.819217,Night
C:\Users\mmrph\Desktop\author's Interns\PHR_wavfiles\WAVfiles\5643.210809043811.wav,5/6/22 13:55,HMS,Growl,8/9/2021 7:03:54.5,8/9/2021 7:03:57.6,1,NA,NA,NA,NA,NA,NA,NA,NA,2021-08-09,27.79205,-175.819217,Night
C:\Users\mmrph\Desktop\author's Interns\PHR_wavfiles\WAVfiles\5643.210809043811.wav,5/6/22 13:55,HMS,Growl,8/9/2021 7:04:03.6,8/9/2021 7:04:07.4,1,NA,NA,NA,NA,NA,NA,NA,NA,2021-08-09,27.79205,-175.819217,Night
C:\Users\mmrph\Desktop\author's Interns\PHR_wavfiles\WAVfiles\5643.210809043811.wav,5/6/22 13:55,HMS,Growl,8/9/2021 7:04:16.2,8/9/2021 7:04:21.0,1,NA,NA,NA,NA,NA,NA,NA,NA,2021-08-09,27.79205,-175.819217,Night
C:\Users\mmrph\Desktop\author's Interns\PHR_wavfiles\WAVfiles\5643.210809043811.wav,5/6/22 13:55,HMS,Growl,8/9/2021 7:04:24.3,8/9/2021 7:04:25.7,1,NA,NA,NA,NA,NA,NA,NA,NA,2021-08-09,27.79205,-175.819217,Night
C:\Users\mmrph\Desktop\author's Interns\PHR_wavfiles\WAVfiles\5643.210809043811.wav,5/6/22 13:55,HMS,Growl,8/9/2021 7:04:37.9,8/9/2021 7:04:45.7,2,NA,NA,NA,NA,NA,NA,NA,NA,2021-08-09,27.79205,-175.819217,Night
C:\Users\mmrph\Desktop\author's Interns\PHR_wavfiles\WAVfiles\5643.210809043811.wav,5/6/22 13:56,HMS,Croak,8/9/2021 7:04:47.2,8/9/2021 7:04:47.6,2,NA,NA,NA,NA,NA,NA,NA,NA,2021-08-09,27.79205,-175.819217,Night
C:\Users\mmrph\Desktop\author's Interns\PHR_wavfiles\WAVfiles\5643.210809043811.wav,5/6/22 13:56,HMS,Croak,8/9/2021 7:04:50.3,8/9/2021 7:04:50.5,2,NA,NA,NA,NA,NA,NA,NA,NA,2021-08-09,27.79205,-175.819217,Night
C:\Users\mmrph\Desktop\author's Interns\PHR_wavfiles\WAVfiles\5643.210809043811.wav,5/6/22 13:56,HMS,Growl,8/9/2021 7:04:52.0,8/9/2021 7:04:55.4,2,NA,NA,NA,NA,NA,NA,NA,NA,2021-08-09,27.79205,-175.819217,Night
C:\Users\mmrph\Desktop\author's Interns\PHR_wavfiles\WAVfiles\5643.210809043811.wav,5/6/22 13:56,HMS,Whoop,8/9/2021 7:04:55.7,8/9/2021 7:04:56.6,2,3,NA,NA,NA,NA,NA,NA,NA,2021-08-09,27.79205,-175.819217,Night
C:\Users\mmrph\Desktop\author's Interns\PHR_wavfiles\WAVfiles\5643.210809043811.wav,5/6/22 13:56,HMS,Croak,8/9/2021 7:04:56.8,8/9/2021 7:04:57.5,2,NA,NA,NA,NA,NA,NA,NA,NA,2021-08-09,27.79205,-175.819217,Night
C:\Users\mmrph\Desktop\author's Interns\PHR_wavfiles\WAVfiles\5643.210809043811.wav,5/6/22 13:56,HMS,Growl,8/9/2021 7:04:57.8,8/9/2021 7:05:01.7,2,NA,NA,NA,NA,NA,NA,NA,NA,2021-08-09,27.79205,-175.819217,Night
C:\Users\mmrph\Desktop\author's Interns\PHR_wavfiles\WAVfiles\5643.210809073810.wav,6/22/22 10:10,HMS,Growl,8/9/2021 8:00:47.0,8/9/2021 8:00:49.9,1,NA,NA,NA,NA,NA,NA,NA,NA,2021-08-09,27.79205,-175.819217,Day
C:\Users\mmrph\Desktop\author's Interns\PHR_wavfiles\WAVfiles\5643.210809073810.wav,6/22/22 10:10,HMS,Growl,8/9/2021 8:00:55.8,8/9/2021 8:01:00.2,1,NA,NA,NA,NA,NA,NA,NA,NA,2021-08-09,27.79205,-175.819217,Day
C:\Users\mmrph\Desktop\author's Interns\PHR_wavfiles\WAVfiles\5643.210809073810.wav,6/22/22 10:10,HMS,Croak,8/9/2021 8:01:04.1,8/9/2021 8:01:04.5,1,NA,NA,NA,NA,NA,NA,NA,NA,2021-08-09,27.79205,-175.819217,Day
C:\Users\mmrph\Desktop\author's Interns\PHR_wavfiles\WAVfiles\5643.210809073810.wav,6/22/22 10:10,HMS,Croak,8/9/2021 8:01:05.0,8/9/2021 8:01:05.5,1,NA,NA,NA,NA,NA,NA,NA,NA,2021-08-09,27.79205,-175.819217,Day
C:\Users\mmrph\Desktop\author's Interns\PHR_wavfiles\WAVfiles\5643.210809073810.wav,6/22/22 10:10,HMS,Growl,8/9/2021 8:01:06.6,8/9/2021 8:01:07.5,1,NA,NA,NA,NA,NA,NA,NA,NA,2021-08-09,27.79205,-175.819217,Day
C:\Users\mmrph\Desktop\author's Interns\PHR_wavfiles\WAVfiles\5643.210809073810.wav,6/22/22 10:10,HMS,Growl,8/9/2021 8:01:07.5,8/9/2021 8:01:13.8,1,NA,NA,NA,NA,NA,NA,NA,NA,2021-08-09,27.79205,-175.819217,Day
C:\Users\mmrph\Desktop\author's Interns\PHR_wavfiles\WAVfiles\5643.210809073810.wav,6/22/22 10:11,HMS,Growl,8/9/2021 8:02:30.2,8/9/2021 8:02:35.0,1,NA,NA,NA,NA,NA,NA,NA,NA,2021-08-09,27.79205,-175.819217,Day
C:\Users\mmrph\Desktop\author's Interns\PHR_wavfiles\WAVfiles\5643.210809073810.wav,6/22/22 10:11,HMS,Growl,8/9/2021 8:02:38.8,8/9/2021 8:02:42.4,1,NA,NA,NA,NA,NA,NA,NA,NA,2021-08-09,27.79205,-175.819217,Day
C:\Users\mmrph\Desktop\author's Interns\PHR_wavfiles\WAVfiles\5643.210809073810.wav,6/22/22 10:11,HMS,Growl,8/9/2021 8:02:54.4,8/9/2021 8:02:55.3,1,NA,NA,NA,NA,NA,NA,NA,NA,2021-08-09,27.79205,-175.819217,Day
C:\Users\mmrph\Desktop\author's Interns\PHR_wavfiles\WAVfiles\5643.210809073810.wav,6/22/22 10:11,HMS,Growl,8/9/2021 8:02:55.3,8/9/2021 8:02:58.8,1,NA,NA,NA,NA,NA,NA,NA,NA,2021-08-09,27.79205,-175.819217,Day
C:\Users\mmrph\Desktop\author's Interns\PHR_wavfiles\WAVfiles\5643.210809073810.wav,6/22/22 10:11,HMS,Growl,8/9/2021 8:02:59.4,8/9/2021 8:03:03.0,1,NA,NA,NA,NA,NA,NA,NA,NA,2021-08-09,27.79205,-175.819217,Day
C:\Users\mmrph\Desktop\author's Interns\PHR_wavfiles\WAVfiles\5643.210809073810.wav,6/22/22 10:12,HMS,Croak,8/9/2021 8:03:13.3,8/9/2021 8:03:14.0,1,NA,NA,NA,NA,NA,NA,NA,NA,2021-08-09,27.79205,-175.819217,Day
C:\Users\mmrph\Desktop\author's Interns\PHR_wavfiles\WAVfiles\5643.210809073810.wav,6/22/22 10:12,HMS,Growl,8/9/2021 8:03:18.1,8/9/2021 8:03:24.9,1,NA,NA,NA,NA,NA,NA,NA,NA,2021-08-09,27.79205,-175.819217,Day
C:\Users\mmrph\Desktop\author's Interns\PHR_wavfiles\WAVfiles\5643.210809073810.wav,6/22/22 10:30,HMS,Growl,8/9/2021 9:00:15.0,8/9/2021 9:00:20.1,1,NA,NA,NA,NA,NA,NA,NA,NA,2021-08-09,27.79205,-175.819217,Day
C:\Users\mmrph\Desktop\author's Interns\PHR_wavfiles\WAVfiles\5643.210809073810.wav,6/22/22 10:30,HMS,Growl,8/9/2021 9:00:23.9,8/9/2021 9:00:27.5,1,NA,NA,NA,NA,NA,NA,NA,NA,2021-08-09,27.79205,-175.819217,Day
C:\Users\mmrph\Desktop\author's Interns\PHR_wavfiles\WAVfiles\5643.210809073810.wav,6/22/22 10:31,HMS,Growl,8/9/2021 9:00:27.7,8/9/2021 9:00:30.2,1,NA,NA,NA,NA,NA,NA,NA,NA,2021-08-09,27.79205,-175.819217,Day
C:\Users\mmrph\Desktop\author's Interns\PHR_wavfiles\WAVfiles\5643.210809073810.wav,6/22/22 10:31,HMS,Moan,8/9/2021 9:00:34.5,8/9/2021 9:00:35.6,1,NA,NA,NA,NA,NA,NA,NA,NA,2021-08-09,27.79205,-175.819217,Day
C:\Users\mmrph\Desktop\author's Interns\PHR_wavfiles\WAVfiles\5643.210809073810.wav,6/22/22 10:31,HMS,MoanGrowl,8/9/2021 9:00:35.6,8/9/2021 9:00:40.3,1,NA,NA,NA,NA,NA,NA,NA,NA,2021-08-09,27.79205,-175.819217,Day
C:\Users\mmrph\Desktop\author's Interns\PHR_wavfiles\WAVfiles\5643.210809073810.wav,6/22/22 10:31,HMS,Growl,8/9/2021 9:00:36.9,8/9/2021 9:00:40.4,1,NA,NA,NA,NA,NA,NA,NA,NA,2021-08-09,27.79205,-175.819217,Day
C:\Users\mmrph\Desktop\author's Interns\PHR_wavfiles\WAVfiles\5643.210809073810.wav,6/22/22 10:31,HMS,Moan,8/9/2021 9:00:47.7,8/9/2021 9:00:48.9,1,NA,NA,NA,NA,NA,NA,NA,NA,2021-08-09,27.79205,-175.819217,Day
C:\Users\mmrph\Desktop\author's Interns\PHR_wavfiles\WAVfiles\5643.210809073810.wav,6/22/22 10:32,HMS,MoanGrowl,8/9/2021 9:00:49.0,8/9/2021 9:00:54.2,1,NA,NA,NA,NA,NA,NA,NA,NA,2021-08-09,27.79205,-175.819217,Day
C:\Users\mmrph\Desktop\author's Interns\PHR_wavfiles\WAVfiles\5643.210809073810.wav,6/22/22 10:32,HMS,Croak,8/9/2021 9:01:02.1,8/9/2021 9:01:02.4,1,NA,NA,NA,NA,NA,NA,NA,NA,2021-08-09,27.79205,-175.819217,Day
C:\Users\mmrph\Desktop\author's Interns\PHR_wavfiles\WAVfiles\5643.210809073810.wav,6/22/22 10:32,HMS,Growl,8/9/2021 9:01:02.9,8/9/2021 9:01:06.3,1,NA,NA,NA,NA,NA,NA,NA,NA,2021-08-09,27.79205,-175.819217,Day
C:\Users\mmrph\Desktop\author's Interns\PHR_wavfiles\WAVfiles\5643.210809073810.wav,6/22/22 10:32,HMS,Growl,8/9/2021 9:01:13.3,8/9/2021 9:01:16.1,1,NA,NA,NA,NA,NA,NA,NA,NA,2021-08-09,27.79205,-175.819217,Day
C:\Users\mmrph\Desktop\author's Interns\PHR_wavfiles\WAVfiles\5643.210809073810.wav,6/22/22 10:33,HMS,Growl,8/9/2021 9:03:06.9,8/9/2021 9:03:09.7,1,NA,NA,NA,NA,NA,NA,NA,NA,2021-08-09,27.79205,-175.819217,Day
C:\Users\mmrph\Desktop\author's Interns\PHR_wavfiles\WAVfiles\5643.210809073810.wav,6/22/22 10:33,HMS,Croak,8/9/2021 9:03:10.0,8/9/2021 9:03:10.3,1,NA,NA,NA,NA,NA,NA,NA,NA,2021-08-09,27.79205,-175.819217,Day
C:\Users\mmrph\Desktop\author's Interns\PHR_wavfiles\WAVfiles\5643.210809073810.wav,6/22/22 10:33,HMS,Growl,8/9/2021 9:03:12.5,8/9/2021 9:03:16.0,1,NA,NA,NA,NA,NA,NA,NA,NA,2021-08-09,27.79205,-175.819217,Day
C:\Users\mmrph\Desktop\author's Interns\PHR_wavfiles\WAVfiles\5643.210809073810.wav,6/22/22 10:33,HMS,Growl,8/9/2021 9:03:21.0,8/9/2021 9:03:24.9,1,NA,NA,NA,NA,NA,NA,NA,NA,2021-08-09,27.79205,-175.819217,Day
C:\Users\mmrph\Desktop\author's Interns\PHR_wavfiles\WAVfiles\5643.210809073810.wav,6/22/22 10:33,HMS,Growl,8/9/2021 9:03:25.6,8/9/2021 9:03:29.0,1,NA,NA,NA,NA,NA,NA,NA,NA,2021-08-09,27.79205,-175.819217,Day
C:\Users\mmrph\Desktop\author's Interns\PHR_wavfiles\WAVfiles\5643.210809073810.wav,6/22/22 10:33,HMS,Growl,8/9/2021 9:03:33.9,8/9/2021 9:03:38.7,1,NA,NA,NA,NA,NA,NA,NA,NA,2021-08-09,27.79205,-175.819217,Day
C:\Users\mmrph\Desktop\author's Interns\PHR_wavfiles\WAVfiles\5643.210809073810.wav,6/22/22 10:33,HMS,Croak,8/9/2021 9:03:40.4,8/9/2021 9:03:41.4,1,NA,NA,NA,NA,NA,NA,NA,NA,2021-08-09,27.79205,-175.819217,Day
C:\Users\mmrph\Desktop\author's Interns\PHR_wavfiles\WAVfiles\5643.210809073810.wav,6/22/22 10:33,HMS,Croak,8/9/2021 9:03:42.9,8/9/2021 9:03:43.5,1,NA,NA,NA,NA,NA,NA,NA,NA,2021-08-09,27.79205,-175.819217,Day
C:\Users\mmrph\Desktop\author's Interns\PHR_wavfiles\WAVfiles\5643.210809073810.wav,6/22/22 10:34,HMS,Growl,8/9/2021 9:03:44.0,8/9/2021 9:03:47.3,1,NA,NA,NA,NA,NA,NA,NA,NA,2021-08-09,27.79205,-175.819217,Day
C:\Users\mmrph\Desktop\author's Interns\PHR_wavfiles\WAVfiles\5643.210809073810.wav,6/22/22 10:34,HMS,Growl,8/9/2021 9:03:51.8,8/9/2021 9:03:54.5,1,NA,NA,NA,NA,NA,NA,NA,NA,2021-08-09,27.79205,-175.819217,Day
C:\Users\mmrph\Desktop\author's Interns\PHR_wavfiles\WAVfiles\5643.210809073810.wav,6/22/22 10:36,HMS,Growl,8/9/2021 9:04:20.1,8/9/2021 9:04:23.7,3,NA,NA,NA,NA,NA,NA,Hawaiian Monk Seal-NWHI2021PHR-20210809T090420.jpg,Hawaiian Monk Seal-NWHI2021PHR-20210809T090420.x.wav,2021-08-09,27.79205,-175.819217,Day
C:\Users\mmrph\Desktop\author's Interns\PHR_wavfiles\WAVfiles\5643.210809073810.wav,6/22/22 10:36,HMS,Croak,8/9/2021 9:04:24.4,8/9/2021 9:04:24.9,3,NA,NA,NA,NA,NA,NA,NA,NA,2021-08-09,27.79205,-175.819217,Day
C:\Users\mmrph\Desktop\author's Interns\PHR_wavfiles\WAVfiles\5643.210809073810.wav,6/22/22 10:36,HMS,Growl,8/9/2021 9:04:27.8,8/9/2021 9:04:32.0,3,NA,NA,NA,NA,NA,NA,NA,NA,2021-08-09,27.79205,-175.819217,Day
C:\Users\mmrph\Desktop\author's Interns\PHR_wavfiles\WAVfiles\5643.210809073810.wav,6/22/22 10:37,HMS,Whoop,8/9/2021 9:04:32.0,8/9/2021 9:04:33.3,2,4,NA,NA,NA,NA,NA,NA,NA,2021-08-09,27.79205,-175.819217,Day
C:\Users\mmrph\Desktop\author's Interns\PHR_wavfiles\WAVfiles\5643.210809073810.wav,6/22/22 10:37,HMS,Croak,8/9/2021 9:04:33.4,8/9/2021 9:04:33.9,3,NA,NA,NA,NA,NA,NA,NA,NA,2021-08-09,27.79205,-175.819217,Day
C:\Users\mmrph\Desktop\author's Interns\PHR_wavfiles\WAVfiles\5643.210809073810.wav,6/22/22 10:37,HMS,Growl,8/9/2021 9:04:34.2,8/9/2021 9:04:38.6,3,NA,NA,NA,NA,NA,NA,NA,NA,2021-08-09,27.79205,-175.819217,Day
C:\Users\mmrph\Desktop\author's Interns\PHR_wavfiles\WAVfiles\5643.210809073810.wav,6/22/22 10:37,HMS,Croak,8/9/2021 9:04:41.7,8/9/2021 9:04:42.1,2,NA,NA,NA,NA,NA,NA,NA,NA,2021-08-09,27.79205,-175.819217,Day
C:\Users\mmrph\Desktop\author's Interns\PHR_wavfiles\WAVfiles\5643.210809073810.wav,6/22/22 10:37,HMS,Whoop,8/9/2021 9:04:42.1,8/9/2021 9:04:42.8,2,2,NA,NA,NA,NA,NA,NA,NA,2021-08-09,27.79205,-175.819217,Day
C:\Users\mmrph\Desktop\author's Interns\PHR_wavfiles\WAVfiles\5643.210809073810.wav,6/22/22 10:38,HMS,Growl,8/9/2021 9:04:46.5,8/9/2021 9:04:48.2,2,NA,NA,NA,NA,NA,NA,NA,NA,2021-08-09,27.79205,-175.819217,Day
C:\Users\mmrph\Desktop\author's Interns\PHR_wavfiles\WAVfiles\5643.210809073810.wav,6/22/22 10:38,HMS,Whoop,8/9/2021 9:04:49.4,8/9/2021 9:04:49.8,2,1,NA,NA,NA,NA,NA,NA,NA,2021-08-09,27.79205,-175.819217,Day
C:\Users\mmrph\Desktop\author's Interns\PHR_wavfiles\WAVfiles\5643.210809073810.wav,6/22/22 10:39,HMS,Whoop,8/9/2021 9:04:49.8,8/9/2021 9:04:50.2,2,1,NA,NA,NA,NA,NA,NA,NA,2021-08-09,27.79205,-175.819217,Day
C:\Users\mmrph\Desktop\author's Interns\PHR_wavfiles\WAVfiles\5643.210809073810.wav,6/22/22 10:39,HMS,Moan,8/9/2021 9:04:51.3,8/9/2021 9:04:53.3,1,NA,NA,NA,NA,NA,NA,NA,NA,2021-08-09,27.79205,-175.819217,Day
C:\Users\mmrph\Desktop\author's Interns\PHR_wavfiles\WAVfiles\5643.210809073810.wav,6/22/22 10:39,HMS,MoanGrowl,8/9/2021 9:04:53.4,8/9/2021 9:04:58.6,3,NA,NA,NA,NA,NA,NA,NA,NA,2021-08-09,27.79205,-175.819217,Day
C:\Users\mmrph\Desktop\author's Interns\PHR_wavfiles\WAVfiles\5643.210809073810.wav,6/22/22 10:40,HMS,Whoop,8/9/2021 9:04:58.8,8/9/2021 9:04:59.8,2,3,NA,NA,NA,NA,NA,NA,NA,2021-08-09,27.79205,-175.819217,Day
F:\PHR\5643\20210809_073810.wav,8/29/23 11:25,HMS,Growl,8/9/2021 10:00:26.3,8/9/2021 10:00:29.5,1,NA,NA,NA,NA,NA,author start - redo of detections,NA,NA,2021-08-09,27.79205,-175.819217,Day
F:\PHR\5643\20210809_073810.wav,8/29/23 11:25,HMS,Croak,8/9/2021 10:00:31.1,8/9/2021 10:00:31.8,1,NA,NA,NA,NA,NA,NA,NA,NA,2021-08-09,27.79205,-175.819217,Day
F:\PHR\5643\20210809_073810.wav,8/29/23 11:26,HMS,Growl,8/9/2021 10:00:36.7,8/9/2021 10:00:39.7,1,NA,NA,NA,NA,NA,NA,NA,NA,2021-08-09,27.79205,-175.819217,Day
F:\PHR\5643\20210809_073810.wav,8/29/23 11:26,HMS,Croak,8/9/2021 10:00:42.8,8/9/2021 10:00:43.2,1,NA,NA,NA,NA,NA,NA,NA,NA,2021-08-09,27.79205,-175.819217,Day
F:\PHR\5643\20210809_073810.wav,8/29/23 11:26,HMS,Growl,8/9/2021 10:00:43.8,8/9/2021 10:00:48.5,1,NA,NA,NA,NA,NA,NA,NA,NA,2021-08-09,27.79205,-175.819217,Day
F:\PHR\5643\20210809_073810.wav,8/29/23 11:26,HMS,Croak,8/9/2021 10:00:51.3,8/9/2021 10:00:51.5,1,NA,NA,NA,NA,NA,NA,NA,NA,2021-08-09,27.79205,-175.819217,Day
F:\PHR\5643\20210809_073810.wav,8/29/23 11:27,HMS,Growl,8/9/2021 10:00:56.7,8/9/2021 10:00:57.9,1,NA,NA,NA,NA,NA,NA,NA,NA,2021-08-09,27.79205,-175.819217,Day
F:\PHR\5643\20210809_073810.wav,8/29/23 11:27,HMS,Growl,8/9/2021 10:00:58.2,8/9/2021 10:01:02.8,1,NA,NA,NA,NA,NA,NA,NA,NA,2021-08-09,27.79205,-175.819217,Day
F:\PHR\5643\20210809_073810.wav,8/29/23 11:27,HMS,Growl,8/9/2021 10:01:04.4,8/9/2021 10:01:06.0,1,NA,NA,NA,NA,NA,NA,NA,NA,2021-08-09,27.79205,-175.819217,Day
F:\PHR\5643\20210809_073810.wav,8/29/23 11:28,HMS,MoanGrowl,8/9/2021 10:01:18.6,8/9/2021 10:01:23.8,1,NA,NA,NA,NA,NA,NA,NA,NA,2021-08-09,27.79205,-175.819217,Day
F:\PHR\5643\20210809_073810.wav,8/29/23 11:29,HMS,Growl,8/9/2021 10:03:48.9,8/9/2021 10:03:55.5,2,NA,NA,NA,NA,NA,NA,NA,NA,2021-08-09,27.79205,-175.819217,Day
F:\PHR\5643\20210809_073810.wav,8/29/23 11:30,HMS,Whoop,8/9/2021 10:03:56.1,8/9/2021 10:03:56.6,1,2,NA,NA,NA,NA,NA,NA,NA,2021-08-09,27.79205,-175.819217,Day
F:\PHR\5643\20210809_073810.wav,8/29/23 11:30,HMS,Whoop,8/9/2021 10:03:58.8,8/9/2021 10:03:59.0,1,1,NA,NA,NA,NA,NA,NA,NA,2021-08-09,27.79205,-175.819217,Day
F:\PHR\5643\20210809_073810.wav,8/29/23 11:30,HMS,Growl,8/9/2021 10:04:00.5,8/9/2021 10:04:03.2,2,NA,NA,NA,NA,NA,NA,NA,NA,2021-08-09,27.79205,-175.819217,Day
F:\PHR\5643\20210809_073810.wav,8/29/23 11:30,HMS,Whoop,8/9/2021 10:04:04.2,8/9/2021 10:04:04.3,1,1,NA,NA,NA,NA,NA,NA,NA,2021-08-09,27.79205,-175.819217,Day
F:\PHR\5643\20210809_073810.wav,8/29/23 11:30,HMS,Growl,8/9/2021 10:04:07.2,8/9/2021 10:04:09.7,2,NA,NA,NA,NA,NA,NA,NA,NA,2021-08-09,27.79205,-175.819217,Day
F:\PHR\5643\20210809_073810.wav,8/29/23 11:30,HMS,Growl,8/9/2021 10:04:16.5,8/9/2021 10:04:20.9,1,NA,NA,NA,NA,NA,NA,NA,NA,2021-08-09,27.79205,-175.819217,Day
F:\PHR\5643\20210809_103809.wav,8/29/23 11:40,HMS,Growl,8/9/2021 11:01:03.2,8/9/2021 11:01:06.1,1,NA,NA,NA,NA,NA,NA,NA,NA,2021-08-09,27.79205,-175.819217,Day
F:\PHR\5643\20210809_103809.wav,8/29/23 11:41,HMS,Growl,8/9/2021 11:01:12.2,8/9/2021 11:01:15.3,1,NA,NA,NA,NA,NA,NA,NA,NA,2021-08-09,27.79205,-175.819217,Day
F:\PHR\5643\20210809_103809.wav,8/29/23 11:41,HMS,Croak,8/9/2021 11:01:21.8,8/9/2021 11:01:22.3,1,NA,NA,NA,NA,NA,NA,NA,NA,2021-08-09,27.79205,-175.819217,Day
F:\PHR\5643\20210809_103809.wav,8/29/23 11:41,HMS,Croak,8/9/2021 11:01:22.9,8/9/2021 11:01:23.3,1,NA,NA,NA,NA,NA,NA,NA,NA,2021-08-09,27.79205,-175.819217,Day
F:\PHR\5643\20210809_103809.wav,8/29/23 11:42,HMS,Growl,8/9/2021 11:01:27.5,8/9/2021 11:01:31.2,1,NA,NA,NA,NA,NA,NA,NA,NA,2021-08-09,27.79205,-175.819217,Day
F:\PHR\5643\20210809_103809.wav,8/29/23 11:42,HMS,Moan,8/9/2021 11:01:46.9,8/9/2021 11:01:47.9,1,NA,NA,NA,NA,NA,NA,NA,NA,2021-08-09,27.79205,-175.819217,Day
F:\PHR\5643\20210809_103809.wav,8/29/23 11:43,HMS,Croak,8/9/2021 11:03:07.8,8/9/2021 11:03:08.1,1,NA,NA,NA,NA,NA,NA,NA,NA,2021-08-09,27.79205,-175.819217,Day
F:\PHR\5643\20210809_103809.wav,8/29/23 11:43,HMS,Growl,8/9/2021 11:03:08.9,8/9/2021 11:03:12.1,1,NA,NA,NA,NA,NA,NA,NA,NA,2021-08-09,27.79205,-175.819217,Day
F:\PHR\5643\20210809_103809.wav,8/29/23 11:43,HMS,Growl,8/9/2021 11:03:12.8,8/9/2021 11:03:17.4,1,NA,NA,NA,NA,NA,NA,NA,NA,2021-08-09,27.79205,-175.819217,Day
F:\PHR\5643\20210809_103809.wav,8/29/23 11:43,HMS,Growl,8/9/2021 11:03:25.7,8/9/2021 11:03:27.3,1,NA,NA,NA,NA,NA,NA,NA,NA,2021-08-09,27.79205,-175.819217,Day
F:\PHR\5643\20210809_103809.wav,8/29/23 11:44,HMS,Croak,8/9/2021 11:04:00.6,8/9/2021 11:04:00.8,1,NA,NA,NA,NA,NA,NA,NA,NA,2021-08-09,27.79205,-175.819217,Day
F:\PHR\5643\20210809_103809.wav,8/29/23 11:44,HMS,Croak,8/9/2021 11:04:01.4,8/9/2021 11:04:01.6,1,NA,NA,NA,NA,NA,NA,NA,NA,2021-08-09,27.79205,-175.819217,Day
F:\PHR\5643\20210809_103809.wav,8/29/23 11:45,HMS,Croak,8/9/2021 11:04:17.4,8/9/2021 11:04:17.8,1,NA,NA,NA,NA,NA,NA,NA,NA,2021-08-09,27.79205,-175.819217,Day
F:\PHR\5643\20210809_103809.wav,8/29/23 11:45,HMS,Croak,8/9/2021 11:04:18.1,8/9/2021 11:04:18.4,1,NA,NA,NA,NA,NA,NA,NA,NA,2021-08-09,27.79205,-175.819217,Day
F:\PHR\5643\20210809_103809.wav,8/29/23 11:45,HMS,Growl,8/9/2021 11:04:19.5,8/9/2021 11:04:21.3,1,NA,NA,NA,NA,NA,NA,NA,NA,2021-08-09,27.79205,-175.819217,Day
F:\PHR\5643\20210809_103809.wav,8/29/23 11:46,HMS,Croak,8/9/2021 11:04:21.3,8/9/2021 11:04:31.5,1,NA,NA,NA,NA,NA,NA,NA,NA,2021-08-09,27.79205,-175.819217,Day
F:\PHR\5643\20210809_103809.wav,8/29/23 11:46,HMS,Growl,8/9/2021 11:04:37.6,8/9/2021 11:04:39.4,1,NA,NA,NA,NA,NA,NA,NA,NA,2021-08-09,27.79205,-175.819217,Day
F:\PHR\5643\20210809_103809.wav,8/29/23 11:48,HMS,Moan,8/9/2021 12:02:58.2,8/9/2021 12:02:58.5,1,NA,NA,NA,NA,NA,NA,NA,NA,2021-08-09,27.79205,-175.819217,Day
F:\PHR\5643\20210809_103809.wav,8/29/23 11:49,HMS,Growl,8/9/2021 12:03:23.9,8/9/2021 12:03:24.6,1,NA,NA,NA,NA,NA,NA,NA,NA,2021-08-09,27.79205,-175.819217,Day
F:\PHR\5643\20210809_103809.wav,8/29/23 11:50,HMS,Croak,8/9/2021 12:04:52.7,8/9/2021 12:04:53.2,3,NA,NA,NA,NA,NA,NA,NA,NA,2021-08-09,27.79205,-175.819217,Day
F:\PHR\5643\20210809_103809.wav,8/29/23 11:51,HMS,Whoop,8/9/2021 12:04:53.2,8/9/2021 13:00:45.4,2,15,NA,NA,NA,NA,NA,NA,NA,2021-08-09,27.79205,-175.819217,Day
F:\PHR\5643\20210809_103809.wav,8/29/23 11:51,HMS,Whoop,8/9/2021 13:00:46.4,8/9/2021 13:00:47.3,1,3,NA,NA,NA,NA,NA,NA,NA,2021-08-09,27.79205,-175.819217,Day
F:\PHR\5643\20210809_103809.wav,8/29/23 11:54,HMS,Croak,8/9/2021 13:00:47.3,8/9/2021 14:00:08.6,1,NA,NA,NA,NA,NA,NA,NA,NA,2021-08-09,27.79205,-175.819217,Day
F:\PHR\5643\20210809_133808.wav,8/29/23 11:54,HMS,Growl,8/9/2021 14:00:08.6,8/9/2021 14:01:45.5,1,NA,NA,NA,NA,NA,NA,NA,NA,2021-08-09,27.79205,-175.819217,Day
F:\PHR\5643\20210809_133808.wav,8/29/23 12:06,HMS,Growl,8/9/2021 15:00:24.2,8/9/2021 15:00:27.5,1,NA,NA,NA,NA,NA,NA,NA,NA,2021-08-09,27.79205,-175.819217,Day
F:\PHR\5643\20210809_133808.wav,8/29/23 12:07,HMS,Croak,8/9/2021 15:00:28.4,8/9/2021 15:00:28.9,1,NA,NA,NA,NA,NA,NA,NA,NA,2021-08-09,27.79205,-175.819217,Day
F:\PHR\5643\20210809_133808.wav,8/29/23 12:07,HMS,Whoop,8/9/2021 15:00:33.0,8/9/2021 15:00:33.1,1,1,NA,NA,NA,NA,NA,NA,NA,2021-08-09,27.79205,-175.819217,Day
F:\PHR\5643\20210809_133808.wav,8/29/23 12:07,HMS,Growl,8/9/2021 15:00:33.4,8/9/2021 15:00:36.8,1,NA,NA,NA,NA,NA,NA,NA,NA,2021-08-09,27.79205,-175.819217,Day
F:\PHR\5643\20210809_133808.wav,8/29/23 12:08,HMS,MoanBridgeGrowl,8/9/2021 15:00:43.1,8/9/2021 15:00:45.6,1,NA,NA,NA,NA,NA,NA,NA,NA,2021-08-09,27.79205,-175.819217,Day
F:\PHR\5643\20210809_133808.wav,8/29/23 12:08,HMS,Whoop,8/9/2021 15:00:46.8,8/9/2021 15:00:46.9,1,1,NA,NA,NA,NA,NA,NA,NA,2021-08-09,27.79205,-175.819217,Day
F:\PHR\5643\20210809_133808.wav,8/29/23 12:08,HMS,Growl,8/9/2021 15:00:47.7,8/9/2021 15:00:48.8,1,NA,NA,NA,NA,NA,NA,NA,NA,2021-08-09,27.79205,-175.819217,Day
F:\PHR\5643\20210809_133808.wav,8/29/23 12:08,HMS,Growl,8/9/2021 15:01:48.7,8/9/2021 15:01:52.9,1,NA,NA,NA,NA,NA,NA,NA,NA,2021-08-09,27.79205,-175.819217,Day
F:\PHR\5643\20210809_133808.wav,8/29/23 12:09,HMS,Whoop,8/9/2021 15:01:53.4,8/9/2021 15:01:53.7,1,1,NA,NA,NA,NA,NA,NA,NA,2021-08-09,27.79205,-175.819217,Day
F:\PHR\5643\20210809_133808.wav,8/29/23 12:09,HMS,Whoop,8/9/2021 15:01:55.7,8/9/2021 15:01:56.4,1,2,NA,NA,NA,NA,NA,NA,NA,2021-08-09,27.79205,-175.819217,Day
F:\PHR\5643\20210809_133808.wav,8/29/23 12:09,HMS,Growl,8/9/2021 15:01:57.6,8/9/2021 15:02:00.6,1,NA,NA,NA,NA,NA,NA,NA,NA,2021-08-09,27.79205,-175.819217,Day
F:\PHR\5643\20210809_133808.wav,8/29/23 12:09,HMS,Growl,8/9/2021 15:02:07.2,8/9/2021 15:02:07.7,1,NA,NA,NA,NA,NA,NA,NA,NA,2021-08-09,27.79205,-175.819217,Day
F:\PHR\5643\20210809_133808.wav,8/29/23 12:09,HMS,Croak,8/9/2021 15:02:08.4,8/9/2021 15:02:08.6,1,NA,NA,NA,NA,NA,NA,NA,NA,2021-08-09,27.79205,-175.819217,Day
F:\PHR\5643\20210809_133808.wav,8/29/23 12:10,HMS,MoanGrowl,8/9/2021 15:02:10.9,8/9/2021 15:02:14.5,1,NA,NA,NA,NA,NA,NA,NA,NA,2021-08-09,27.79205,-175.819217,Day
F:\PHR\5643\20210809_133808.wav,8/29/23 12:10,HMS,Growl,8/9/2021 15:03:27.9,8/9/2021 15:03:32.1,1,NA,NA,NA,NA,NA,NA,NA,NA,2021-08-09,27.79205,-175.819217,Day
F:\PHR\5643\20210809_133808.wav,8/29/23 12:10,HMS,Growl,8/9/2021 15:03:32.5,8/9/2021 15:03:37.5,1,NA,NA,NA,NA,NA,NA,NA,NA,2021-08-09,27.79205,-175.819217,Day
F:\PHR\5643\20210809_133808.wav,8/29/23 12:10,HMS,Growl,8/9/2021 15:03:47.3,8/9/2021 15:03:47.9,1,NA,NA,NA,NA,NA,NA,NA,NA,2021-08-09,27.79205,-175.819217,Day
F:\PHR\5643\20210809_133808.wav,8/29/23 12:10,HMS,Croak,8/9/2021 15:03:49.7,8/9/2021 15:03:50.0,1,NA,NA,NA,NA,NA,NA,NA,NA,2021-08-09,27.79205,-175.819217,Day
F:\PHR\5643\20210809_133808.wav,8/29/23 12:11,HMS,Growl,8/9/2021 15:03:50.7,8/9/2021 15:03:54.1,1,NA,NA,NA,NA,NA,NA,NA,NA,2021-08-09,27.79205,-175.819217,Day
F:\PHR\5643\20210809_133808.wav,8/29/23 12:11,HMS,Croak,8/9/2021 15:03:55.1,8/9/2021 15:03:55.3,1,NA,NA,NA,NA,NA,NA,NA,NA,2021-08-09,27.79205,-175.819217,Day
F:\PHR\5643\20210809_133808.wav,8/29/23 12:11,HMS,Growl,8/9/2021 15:04:02.7,8/9/2021 15:04:03.4,1,NA,NA,NA,NA,NA,NA,NA,NA,2021-08-09,27.79205,-175.819217,Day
F:\PHR\5643\20210809_133808.wav,8/29/23 12:11,HMS,Croak,8/9/2021 15:04:05.4,8/9/2021 15:04:05.7,1,NA,NA,NA,NA,NA,NA,NA,NA,2021-08-09,27.79205,-175.819217,Day
F:\PHR\5643\20210809_133808.wav,8/29/23 12:11,HMS,Growl,8/9/2021 15:04:06.4,8/9/2021 15:04:10.3,1,NA,NA,NA,NA,NA,NA,NA,NA,2021-08-09,27.79205,-175.819217,Day
F:\PHR\5643\20210809_133808.wav,8/29/23 12:11,HMS,Growl,8/9/2021 15:04:11.2,8/9/2021 15:04:13.5,1,NA,NA,NA,NA,NA,NA,NA,NA,2021-08-09,27.79205,-175.819217,Day
F:\PHR\5643\20210809_133808.wav,8/29/23 12:11,HMS,Growl,8/9/2021 15:04:18.9,8/9/2021 15:04:19.5,1,NA,NA,NA,NA,NA,NA,NA,NA,2021-08-09,27.79205,-175.819217,Day
F:\PHR\5643\20210809_133808.wav,8/29/23 12:11,HMS,Croak,8/9/2021 15:04:20.1,8/9/2021 15:04:20.5,1,NA,NA,NA,NA,NA,NA,NA,NA,2021-08-09,27.79205,-175.819217,Day
F:\PHR\5643\20210809_133808.wav,8/29/23 12:12,HMS,Whoop,8/9/2021 15:04:45.7,8/9/2021 15:04:45.8,1,1,NA,NA,NA,NA,NA,NA,NA,2021-08-09,27.79205,-175.819217,Day
F:\PHR\5643\20210809_133808.wav,8/29/23 12:12,HMS,Moan,8/9/2021 15:04:47.4,8/9/2021 15:04:47.7,1,NA,NA,NA,NA,NA,NA,NA,NA,2021-08-09,27.79205,-175.819217,Day
C:\Users\mmrph\Desktop\author's Interns\PHR_wavfiles\WAVfiles\210809\5643.210809133808.wav,10/24/22 9:38,HMS,Growl,8/9/2021 16:00:11.0,8/9/2021 16:00:14.4,1,NA,NA,NA,NA,NA,author start,NA,NA,2021-08-09,27.79205,-175.819217,Day
C:\Users\mmrph\Desktop\author's Interns\PHR_wavfiles\WAVfiles\210809\5643.210809133808.wav,10/24/22 9:39,HMS,Growl,8/9/2021 16:00:15.3,8/9/2021 16:00:19.2,1,NA,NA,NA,NA,NA,NA,NA,NA,2021-08-09,27.79205,-175.819217,Day
C:\Users\mmrph\Desktop\author's Interns\PHR_wavfiles\WAVfiles\210809\5643.210809133808.wav,10/24/22 9:39,HMS,Growl,8/9/2021 16:00:42.7,8/9/2021 16:00:44.9,1,NA,NA,NA,NA,NA,NA,NA,NA,2021-08-09,27.79205,-175.819217,Day
C:\Users\mmrph\Desktop\author's Interns\PHR_wavfiles\WAVfiles\210809\5643.210809133808.wav,10/24/22 9:40,HMS,Growl,8/9/2021 16:01:07.7,8/9/2021 16:01:09.6,2,NA,NA,NA,NA,NA,NA,NA,NA,2021-08-09,27.79205,-175.819217,Day
C:\Users\mmrph\Desktop\author's Interns\PHR_wavfiles\WAVfiles\210809\5643.210809133808.wav,10/24/22 9:41,HMS,Growl,8/9/2021 16:01:10.2,8/9/2021 16:01:10.8,2,NA,NA,NA,NA,NA,NA,NA,NA,2021-08-09,27.79205,-175.819217,Day
C:\Users\mmrph\Desktop\author's Interns\PHR_wavfiles\WAVfiles\210809\5643.210809133808.wav,10/24/22 9:41,HMS,Growl,8/9/2021 16:01:12.0,8/9/2021 16:01:13.8,1,NA,NA,NA,NA,NA,NA,NA,NA,2021-08-09,27.79205,-175.819217,Day
C:\Users\mmrph\Desktop\author's Interns\PHR_wavfiles\WAVfiles\210809\5643.210809133808.wav,10/24/22 9:41,HMS,Growl,8/9/2021 16:01:14.4,8/9/2021 16:01:15.2,2,NA,NA,NA,NA,NA,NA,NA,NA,2021-08-09,27.79205,-175.819217,Day
C:\Users\mmrph\Desktop\author's Interns\PHR_wavfiles\WAVfiles\210809\5643.210809133808.wav,10/24/22 9:41,HMS,Growl,8/9/2021 16:01:17.7,8/9/2021 16:01:20.1,2,NA,NA,NA,NA,NA,NA,NA,NA,2021-08-09,27.79205,-175.819217,Day
C:\Users\mmrph\Desktop\author's Interns\PHR_wavfiles\WAVfiles\210809\5643.210809133808.wav,10/24/22 9:42,HMS,MoanGrowl,8/9/2021 16:01:21.1,8/9/2021 16:01:22.5,2,NA,NA,NA,NA,NA,NA,NA,NA,2021-08-09,27.79205,-175.819217,Day
C:\Users\mmrph\Desktop\author's Interns\PHR_wavfiles\WAVfiles\210809\5643.210809133808.wav,10/24/22 9:42,HMS,Whoop,8/9/2021 16:01:22.8,8/9/2021 16:01:23.4,2,3,NA,NA,NA,NA,NA,NA,NA,2021-08-09,27.79205,-175.819217,Day
C:\Users\mmrph\Desktop\author's Interns\PHR_wavfiles\WAVfiles\210809\5643.210809133808.wav,10/24/22 9:42,HMS,Whoop,8/9/2021 16:01:25.9,8/9/2021 16:01:26.6,1,2,NA,NA,NA,NA,NA,NA,NA,2021-08-09,27.79205,-175.819217,Day
C:\Users\mmrph\Desktop\author's Interns\PHR_wavfiles\WAVfiles\210809\5643.210809133808.wav,10/24/22 9:43,HMS,Growl,8/9/2021 16:01:30.4,8/9/2021 16:01:33.1,1,NA,NA,NA,NA,NA,NA,NA,NA,2021-08-09,27.79205,-175.819217,Day
C:\Users\mmrph\Desktop\author's Interns\PHR_wavfiles\WAVfiles\210809\5643.210809133808.wav,10/24/22 9:44,HMS,Whoop,8/9/2021 16:01:33.3,8/9/2021 16:01:34.2,1,4,NA,NA,NA,NA,NA,NA,NA,2021-08-09,27.79205,-175.819217,Day
C:\Users\mmrph\Desktop\author's Interns\PHR_wavfiles\WAVfiles\210809\5643.210809133808.wav,10/24/22 9:44,HMS,Whoop,8/9/2021 16:01:35.8,8/9/2021 16:01:36.4,1,3,NA,NA,NA,NA,NA,NA,NA,2021-08-09,27.79205,-175.819217,Day
C:\Users\mmrph\Desktop\author's Interns\PHR_wavfiles\WAVfiles\210809\5643.210809133808.wav,10/24/22 9:44,HMS,Growl,8/9/2021 16:01:50.2,8/9/2021 16:01:53.6,1,NA,NA,NA,NA,NA,NA,NA,NA,2021-08-09,27.79205,-175.819217,Day
C:\Users\mmrph\Desktop\author's Interns\PHR_wavfiles\WAVfiles\210809\5643.210809133808.wav,10/24/22 9:45,HMS,Growl,8/9/2021 16:02:01.0,8/9/2021 16:02:02.1,1,NA,NA,NA,NA,NA,NA,NA,NA,2021-08-09,27.79205,-175.819217,Day
C:\Users\mmrph\Desktop\author's Interns\PHR_wavfiles\WAVfiles\210809\5643.210809133808.wav,10/24/22 9:51,Anthro,Ship/Small Boat,8/9/2021 16:02:00.3,8/9/2021 16:04:55.7,NA,NA,NA,NA,NA,NA,continuous boat noise throughout,NA,NA,2021-08-09,27.79205,-175.819217,Day
C:\Users\mmrph\Desktop\author's Interns\PHR_wavfiles\WAVfiles\210809\5643.210809133808.wav,10/24/22 9:58,HMS,Whoop,8/9/2021 16:04:04.5,8/9/2021 16:04:05.1,2,2,NA,NA,NA,NA,overlapping with boat noise,NA,NA,2021-08-09,27.79205,-175.819217,Day
C:\Users\mmrph\Desktop\author's Interns\PHR_wavfiles\WAVfiles\210809\5643.210809133808.wav,10/24/22 9:58,HMS,Croak,8/9/2021 16:04:08.1,8/9/2021 16:04:08.5,2,NA,NA,NA,NA,NA,overlapping with boat noise,NA,NA,2021-08-09,27.79205,-175.819217,Day
C:\Users\mmrph\Desktop\author's Interns\PHR_wavfiles\WAVfiles\210809\5643.210809133808.wav,10/24/22 9:58,HMS,Whoop,8/9/2021 16:04:10.0,8/9/2021 16:04:10.2,2,1,NA,NA,NA,NA,overlapping with boat noise,NA,NA,2021-08-09,27.79205,-175.819217,Day
C:\Users\mmrph\Desktop\author's Interns\PHR_wavfiles\WAVfiles\210809\5643.210809133808.wav,10/24/22 9:59,HMS,Croak,8/9/2021 16:04:11.0,8/9/2021 16:04:11.5,2,NA,NA,NA,NA,NA,overlapping with boat noise,NA,NA,2021-08-09,27.79205,-175.819217,Day
C:\Users\mmrph\Desktop\author's Interns\PHR_wavfiles\WAVfiles\210809\5643.210809133808.wav,10/24/22 9:59,HMS,Growl,8/9/2021 16:04:12.1,8/9/2021 16:04:15.6,3,NA,NA,NA,NA,NA,overlapping with boat noise,NA,NA,2021-08-09,27.79205,-175.819217,Day
C:\Users\mmrph\Desktop\author's Interns\PHR_wavfiles\WAVfiles\210809\5643.210809133808.wav,10/24/22 10:00,HMS,Whoop,8/9/2021 16:04:15.9,8/9/2021 16:04:16.1,1,1,NA,NA,NA,NA,overlapping with boat noise,NA,NA,2021-08-09,27.79205,-175.819217,Day
C:\Users\mmrph\Desktop\author's Interns\PHR_wavfiles\WAVfiles\210809\5643.210809133808.wav,10/24/22 10:00,HMS,Croak,8/9/2021 16:04:16.7,8/9/2021 16:04:17.0,2,NA,NA,NA,NA,NA,overlapping with boat noise,NA,NA,2021-08-09,27.79205,-175.819217,Day
C:\Users\mmrph\Desktop\author's Interns\PHR_wavfiles\WAVfiles\210809\5643.210809133808.wav,10/24/22 10:00,HMS,Growl,8/9/2021 16:04:17.7,8/9/2021 16:04:21.5,3,NA,NA,NA,NA,NA,overlapping with boat noise,NA,NA,2021-08-09,27.79205,-175.819217,Day
C:\Users\mmrph\Desktop\author's Interns\PHR_wavfiles\WAVfiles\210809\5643.210809133808.wav,10/24/22 10:01,HMS,Whoop,8/9/2021 16:04:22.1,8/9/2021 16:04:22.1,1,1,NA,NA,NA,NA,overlapping with boat noise,NA,NA,2021-08-09,27.79205,-175.819217,Day
C:\Users\mmrph\Desktop\author's Interns\PHR_wavfiles\WAVfiles\210809\5643.210809133808.wav,10/24/22 10:01,HMS,Croak,8/9/2021 16:04:22.9,8/9/2021 16:04:23.3,2,NA,NA,NA,NA,NA,overlapping with boat noise,NA,NA,2021-08-09,27.79205,-175.819217,Day
C:\Users\mmrph\Desktop\author's Interns\PHR_wavfiles\WAVfiles\210809\5643.210809133808.wav,10/24/22 10:01,HMS,Growl,8/9/2021 16:04:23.9,8/9/2021 16:04:28.3,3,NA,NA,NA,NA,NA,overlapping with boat noise,NA,NA,2021-08-09,27.79205,-175.819217,Day
C:\Users\mmrph\Desktop\author's Interns\PHR_wavfiles\WAVfiles\210809\5643.210809133808.wav,10/24/22 10:02,HMS,Whoop,8/9/2021 16:04:31.1,8/9/2021 16:04:31.3,2,1,NA,NA,NA,NA,overlapping with boat noise,NA,NA,2021-08-09,27.79205,-175.819217,Day
C:\Users\mmrph\Desktop\author's Interns\PHR_wavfiles\WAVfiles\210809\5643.210809133808.wav,10/24/22 10:04,HMS,Growl,8/9/2021 16:04:48.4,8/9/2021 16:04:55.7,2,NA,NA,NA,NA,NA,overlapping with boat noise,NA,NA,2021-08-09,27.79205,-175.819217,Day
C:\Users\mmrph\Desktop\author's Interns\PHR_wavfiles\WAVfiles\210809\5643.210809163807.wav,10/24/22 11:16,HMS,Growl,8/9/2021 17:00:06.3,8/9/2021 17:00:07.4,1,NA,NA,NA,NA,NA,"author start, 5 minutes per hour",NA,NA,2021-08-09,27.79205,-175.819217,Day
C:\Users\mmrph\Desktop\author's Interns\PHR_wavfiles\WAVfiles\210809\5643.210809163807.wav,10/24/22 11:19,HMS,Whoop,8/9/2021 17:00:36.0,8/9/2021 17:00:36.1,1,1,NA,NA,NA,NA,NA,NA,NA,2021-08-09,27.79205,-175.819217,Day
C:\Users\mmrph\Desktop\author's Interns\PHR_wavfiles\WAVfiles\210809\5643.210809163807.wav,10/24/22 11:20,HMS,MoanGrowl,8/9/2021 17:01:04.8,8/9/2021 17:01:06.3,2,NA,NA,NA,NA,NA,NA,NA,NA,2021-08-09,27.79205,-175.819217,Day
C:\Users\mmrph\Desktop\author's Interns\PHR_wavfiles\WAVfiles\210809\5643.210809163807.wav,10/24/22 11:21,HMS,Whoop,8/9/2021 17:01:06.7,8/9/2021 17:01:07.4,3,4,NA,NA,NA,NA,NA,NA,NA,2021-08-09,27.79205,-175.819217,Day
C:\Users\mmrph\Desktop\author's Interns\PHR_wavfiles\WAVfiles\210809\5643.210809163807.wav,10/24/22 11:21,HMS,Whoop,8/9/2021 17:01:08.4,8/9/2021 17:01:08.8,3,3,NA,NA,NA,NA,NA,NA,NA,2021-08-09,27.79205,-175.819217,Day
C:\Users\mmrph\Desktop\author's Interns\PHR_wavfiles\WAVfiles\210809\5643.210809163807.wav,10/24/22 11:21,HMS,Croak,8/9/2021 17:01:10.1,8/9/2021 17:01:10.4,2,NA,NA,NA,NA,NA,NA,NA,NA,2021-08-09,27.79205,-175.819217,Day
C:\Users\mmrph\Desktop\author's Interns\PHR_wavfiles\WAVfiles\210809\5643.210809163807.wav,10/24/22 11:21,HMS,Croak,8/9/2021 17:01:10.8,8/9/2021 17:01:11.0,1,NA,NA,NA,NA,NA,NA,NA,NA,2021-08-09,27.79205,-175.819217,Day
C:\Users\mmrph\Desktop\author's Interns\PHR_wavfiles\WAVfiles\210809\5643.210809163807.wav,10/24/22 11:21,HMS,Growl,8/9/2021 17:01:11.8,8/9/2021 17:01:13.0,1,NA,NA,NA,NA,NA,NA,NA,NA,2021-08-09,27.79205,-175.819217,Day
C:\Users\mmrph\Desktop\author's Interns\PHR_wavfiles\WAVfiles\210809\5643.210809163807.wav,10/24/22 11:22,HMS,Whoop,8/9/2021 17:01:13.0,8/9/2021 17:01:13.7,2,4,NA,NA,NA,NA,NA,NA,NA,2021-08-09,27.79205,-175.819217,Day
C:\Users\mmrph\Desktop\author's Interns\PHR_wavfiles\WAVfiles\210809\5643.210809163807.wav,10/24/22 11:22,HMS,Whoop,8/9/2021 17:01:14.9,8/9/2021 17:01:15.2,1,2,NA,NA,NA,NA,NA,NA,NA,2021-08-09,27.79205,-175.819217,Day
C:\Users\mmrph\Desktop\author's Interns\PHR_wavfiles\WAVfiles\210809\5643.210809163807.wav,10/24/22 11:23,HMS,Croak,8/9/2021 17:01:18.3,8/9/2021 17:01:18.7,1,NA,NA,NA,NA,NA,NA,NA,NA,2021-08-09,27.79205,-175.819217,Day
C:\Users\mmrph\Desktop\author's Interns\PHR_wavfiles\WAVfiles\210809\5643.210809163807.wav,10/24/22 11:23,HMS,Whoop,8/9/2021 17:01:18.9,8/9/2021 17:01:19.5,2,3,NA,NA,NA,NA,NA,NA,NA,2021-08-09,27.79205,-175.819217,Day
C:\Users\mmrph\Desktop\author's Interns\PHR_wavfiles\WAVfiles\210809\5643.210809163807.wav,10/24/22 11:24,HMS,MoanGrowl,8/9/2021 17:01:20.8,8/9/2021 17:01:22.4,2,NA,NA,NA,NA,NA,NA,NA,NA,2021-08-09,27.79205,-175.819217,Day
C:\Users\mmrph\Desktop\author's Interns\PHR_wavfiles\WAVfiles\210809\5643.210809163807.wav,10/24/22 11:25,HMS,MoanGrowl,8/9/2021 17:01:23.4,8/9/2021 17:01:24.6,2,NA,NA,NA,NA,NA,NA,NA,NA,2021-08-09,27.79205,-175.819217,Day
C:\Users\mmrph\Desktop\author's Interns\PHR_wavfiles\WAVfiles\210809\5643.210809163807.wav,10/24/22 11:25,HMS,Whoop,8/9/2021 17:01:24.5,8/9/2021 17:01:25.0,1,3,NA,NA,NA,NA,NA,NA,NA,2021-08-09,27.79205,-175.819217,Day
C:\Users\mmrph\Desktop\author's Interns\PHR_wavfiles\WAVfiles\210809\5643.210809163807.wav,10/24/22 11:26,HMS,Whoop,8/9/2021 17:01:26.5,8/9/2021 17:01:26.6,1,1,NA,NA,NA,NA,NA,NA,NA,2021-08-09,27.79205,-175.819217,Day
C:\Users\mmrph\Desktop\author's Interns\PHR_wavfiles\WAVfiles\210809\5643.210809163807.wav,10/24/22 11:26,HMS,Moan,8/9/2021 17:01:27.5,8/9/2021 17:01:28.4,2,NA,NA,NA,NA,NA,NA,NA,NA,2021-08-09,27.79205,-175.819217,Day
C:\Users\mmrph\Desktop\author's Interns\PHR_wavfiles\WAVfiles\210809\5643.210809163807.wav,10/24/22 11:26,HMS,Growl,8/9/2021 17:01:28.5,8/9/2021 17:01:29.4,1,NA,NA,NA,NA,NA,NA,NA,NA,2021-08-09,27.79205,-175.819217,Day
C:\Users\mmrph\Desktop\author's Interns\PHR_wavfiles\WAVfiles\210809\5643.210809163807.wav,10/24/22 11:33,HMS,Whoop,8/9/2021 17:01:32.6,8/9/2021 17:01:32.9,2,2,NA,NA,NA,NA,NA,NA,NA,2021-08-09,27.79205,-175.819217,Day
C:\Users\mmrph\Desktop\author's Interns\PHR_wavfiles\WAVfiles\210809\5643.210809163807.wav,10/24/22 11:33,HMS,Whoop,8/9/2021 17:01:34.2,8/9/2021 17:01:34.7,3,3,NA,NA,NA,NA,NA,NA,NA,2021-08-09,27.79205,-175.819217,Day
C:\Users\mmrph\Desktop\author's Interns\PHR_wavfiles\WAVfiles\210809\5643.210809163807.wav,10/24/22 11:33,HMS,Whoop,8/9/2021 17:01:38.1,8/9/2021 17:01:38.2,1,1,NA,NA,NA,NA,NA,NA,NA,2021-08-09,27.79205,-175.819217,Day
C:\Users\mmrph\Desktop\author's Interns\PHR_wavfiles\WAVfiles\210809\5643.210809163807.wav,10/24/22 11:34,HMS,Whoop,8/9/2021 17:01:38.9,8/9/2021 17:01:39.2,1,2,NA,NA,NA,NA,NA,NA,NA,2021-08-09,27.79205,-175.819217,Day
C:\Users\mmrph\Desktop\author's Interns\PHR_wavfiles\WAVfiles\210809\5643.210809163807.wav,10/24/22 11:34,HMS,Whoop,8/9/2021 17:01:39.5,8/9/2021 17:01:40.2,2,4,NA,NA,NA,NA,NA,NA,NA,2021-08-09,27.79205,-175.819217,Day
C:\Users\mmrph\Desktop\author's Interns\PHR_wavfiles\WAVfiles\210809\5643.210809163807.wav,10/24/22 11:34,HMS,Whoop,8/9/2021 17:01:41.8,8/9/2021 17:01:41.9,1,1,NA,NA,NA,NA,NA,NA,NA,2021-08-09,27.79205,-175.819217,Day
C:\Users\mmrph\Desktop\author's Interns\PHR_wavfiles\WAVfiles\210809\5643.210809163807.wav,10/24/22 11:34,HMS,Moan,8/9/2021 17:01:43.5,8/9/2021 17:01:44.2,1,NA,NA,NA,NA,NA,NA,NA,NA,2021-08-09,27.79205,-175.819217,Day
C:\Users\mmrph\Desktop\author's Interns\PHR_wavfiles\WAVfiles\210809\5643.210809163807.wav,10/24/22 11:34,HMS,Whoop,8/9/2021 17:01:46.0,8/9/2021 17:01:46.7,3,5,NA,NA,NA,NA,NA,NA,NA,2021-08-09,27.79205,-175.819217,Day
C:\Users\mmrph\Desktop\author's Interns\PHR_wavfiles\WAVfiles\210809\5643.210809163807.wav,10/24/22 11:35,HMS,Growl,8/9/2021 17:01:50.8,8/9/2021 17:01:53.7,1,NA,NA,NA,NA,NA,NA,NA,NA,2021-08-09,27.79205,-175.819217,Day
C:\Users\mmrph\Desktop\author's Interns\PHR_wavfiles\WAVfiles\210809\5643.210809163807.wav,10/24/22 11:35,HMS,Growl,8/9/2021 17:01:54.6,8/9/2021 17:01:57.9,1,NA,NA,NA,NA,NA,NA,NA,NA,2021-08-09,27.79205,-175.819217,Day
C:\Users\mmrph\Desktop\author's Interns\PHR_wavfiles\WAVfiles\210809\5643.210809163807.wav,10/24/22 11:36,HMS,MoanGrowl,8/9/2021 17:02:01.1,8/9/2021 17:02:02.9,1,NA,NA,NA,NA,NA,NA,NA,NA,2021-08-09,27.79205,-175.819217,Day
C:\Users\mmrph\Desktop\author's Interns\PHR_wavfiles\WAVfiles\210809\5643.210809163807.wav,10/24/22 11:36,HMS,Whoop,8/9/2021 17:02:07.0,8/9/2021 17:02:07.2,1,1,NA,NA,NA,NA,NA,NA,NA,2021-08-09,27.79205,-175.819217,Day
C:\Users\mmrph\Desktop\author's Interns\PHR_wavfiles\WAVfiles\210809\5643.210809163807.wav,10/24/22 11:36,HMS,Croak,8/9/2021 17:02:24.7,8/9/2021 17:02:25.0,2,NA,NA,NA,NA,NA,NA,NA,NA,2021-08-09,27.79205,-175.819217,Day
C:\Users\mmrph\Desktop\author's Interns\PHR_wavfiles\WAVfiles\210809\5643.210809163807.wav,10/24/22 11:37,HMS,Growl,8/9/2021 17:02:25.0,8/9/2021 17:03:21.7,3,NA,NA,NA,NA,NA,NA,NA,NA,2021-08-09,27.79205,-175.819217,Day
C:\Users\mmrph\Desktop\author's Interns\PHR_wavfiles\WAVfiles\210809\5643.210809163807.wav,10/24/22 11:37,HMS,Croak,8/9/2021 17:03:22.7,8/9/2021 17:03:23.2,3,NA,NA,NA,NA,NA,NA,NA,NA,2021-08-09,27.79205,-175.819217,Day
C:\Users\mmrph\Desktop\author's Interns\PHR_wavfiles\WAVfiles\210809\5643.210809163807.wav,10/24/22 11:37,HMS,Whoop,8/9/2021 17:03:24.2,8/9/2021 17:03:24.3,2,1,NA,NA,NA,NA,NA,NA,NA,2021-08-09,27.79205,-175.819217,Day
C:\Users\mmrph\Desktop\author's Interns\PHR_wavfiles\WAVfiles\210809\5643.210809163807.wav,10/24/22 11:37,HMS,Growl,8/9/2021 17:03:27.5,8/9/2021 17:03:31.0,3,NA,NA,NA,NA,NA,NA,NA,NA,2021-08-09,27.79205,-175.819217,Day
C:\Users\mmrph\Desktop\author's Interns\PHR_wavfiles\WAVfiles\210809\5643.210809163807.wav,10/24/22 11:38,HMS,Croak,8/9/2021 17:03:32.4,8/9/2021 17:03:32.8,3,NA,NA,NA,NA,NA,NA,NA,NA,2021-08-09,27.79205,-175.819217,Day
C:\Users\mmrph\Desktop\author's Interns\PHR_wavfiles\WAVfiles\210809\5643.210809163807.wav,10/24/22 11:38,HMS,Growl,8/9/2021 17:03:33.3,8/9/2021 17:03:37.2,3,NA,NA,NA,NA,NA,NA,NA,NA,2021-08-09,27.79205,-175.819217,Day
C:\Users\mmrph\Desktop\author's Interns\PHR_wavfiles\WAVfiles\210809\5643.210809163807.wav,10/24/22 11:40,HMS,Croak,8/9/2021 17:03:40.4,8/9/2021 17:03:40.6,3,NA,NA,NA,NA,NA,NA,NA,NA,2021-08-09,27.79205,-175.819217,Day
C:\Users\mmrph\Desktop\author's Interns\PHR_wavfiles\WAVfiles\210809\5643.210809163807.wav,10/24/22 11:41,HMS,Whoop,8/9/2021 17:03:45.2,8/9/2021 17:03:45.6,2,2,NA,NA,NA,NA,NA,NA,NA,2021-08-09,27.79205,-175.819217,Day
C:\Users\mmrph\Desktop\author's Interns\PHR_wavfiles\WAVfiles\210809\5643.210809163807.wav,10/24/22 11:41,HMS,Moan,8/9/2021 17:03:47.4,8/9/2021 17:03:48.5,3,NA,NA,NA,NA,NA,NA,NA,NA,2021-08-09,27.79205,-175.819217,Day
C:\Users\mmrph\Desktop\author's Interns\PHR_wavfiles\WAVfiles\210809\5643.210809163807.wav,10/24/22 11:41,HMS,MoanGrowl,8/9/2021 17:03:48.8,8/9/2021 17:03:54.7,3,NA,NA,NA,NA,NA,NA,NA,NA,2021-08-09,27.79205,-175.819217,Day
C:\Users\mmrph\Desktop\author's Interns\PHR_wavfiles\WAVfiles\210809\5643.210809163807.wav,10/24/22 11:41,HMS,Croak,8/9/2021 17:03:56.4,8/9/2021 17:03:56.8,3,NA,NA,NA,NA,NA,NA,NA,NA,2021-08-09,27.79205,-175.819217,Day
C:\Users\mmrph\Desktop\author's Interns\PHR_wavfiles\WAVfiles\210809\5643.210809163807.wav,10/24/22 11:42,HMS,Croak,8/9/2021 17:03:57.8,8/9/2021 17:03:58.0,3,NA,NA,NA,NA,NA,NA,NA,NA,2021-08-09,27.79205,-175.819217,Day
C:\Users\mmrph\Desktop\author's Interns\PHR_wavfiles\WAVfiles\210809\5643.210809163807.wav,10/24/22 11:42,HMS,Growl,8/9/2021 17:04:03.3,8/9/2021 17:04:08.0,3,NA,NA,NA,NA,NA,NA,NA,NA,2021-08-09,27.79205,-175.819217,Day
C:\Users\mmrph\Desktop\author's Interns\PHR_wavfiles\WAVfiles\210809\5643.210809163807.wav,10/24/22 11:42,HMS,Whoop,8/9/2021 17:04:08.8,8/9/2021 17:04:08.9,2,1,NA,NA,NA,NA,NA,NA,NA,2021-08-09,27.79205,-175.819217,Day
C:\Users\mmrph\Desktop\author's Interns\PHR_wavfiles\WAVfiles\210809\5643.210809163807.wav,10/24/22 11:42,HMS,Croak,8/9/2021 17:04:09.8,8/9/2021 17:04:10.2,3,NA,NA,NA,NA,NA,NA,NA,NA,2021-08-09,27.79205,-175.819217,Day
C:\Users\mmrph\Desktop\author's Interns\PHR_wavfiles\WAVfiles\210809\5643.210809163807.wav,10/24/22 11:43,HMS,Growl,8/9/2021 17:04:10.9,8/9/2021 17:04:16.3,3,NA,NA,NA,NA,NA,NA,NA,NA,2021-08-09,27.79205,-175.819217,Day
C:\Users\mmrph\Desktop\author's Interns\PHR_wavfiles\WAVfiles\210809\5643.210809163807.wav,10/24/22 11:43,HMS,Croak,8/9/2021 17:04:19.2,8/9/2021 17:04:19.3,2,NA,NA,NA,NA,NA,NA,NA,NA,2021-08-09,27.79205,-175.819217,Day
C:\Users\mmrph\Desktop\author's Interns\PHR_wavfiles\WAVfiles\210809\5643.210809163807.wav,10/24/22 11:43,HMS,Moan,8/9/2021 17:04:20.7,8/9/2021 17:04:21.4,3,NA,NA,NA,NA,NA,NA,NA,NA,2021-08-09,27.79205,-175.819217,Day
C:\Users\mmrph\Desktop\author's Interns\PHR_wavfiles\WAVfiles\210809\5643.210809163807.wav,10/24/22 11:43,HMS,MoanGrowl,8/9/2021 17:04:21.6,8/9/2021 17:04:25.2,3,NA,NA,NA,NA,NA,NA,NA,NA,2021-08-09,27.79205,-175.819217,Day
C:\Users\mmrph\Desktop\author's Interns\PHR_wavfiles\WAVfiles\210809\5643.210809163807.wav,10/24/22 11:44,HMS,Growl,8/9/2021 17:04:58.5,8/9/2021 17:05:02.6,1,NA,NA,NA,NA,NA,NA,NA,NA,2021-08-09,27.79205,-175.819217,Day
C:\Users\mmrph\Desktop\author's Interns\PHR_wavfiles\WAVfiles\210809\5643.210809163807.wav,10/24/22 11:45,HMS,Croak,8/9/2021 18:00:00.9,8/9/2021 18:00:01.2,3,NA,NA,NA,NA,NA,NA,NA,NA,2021-08-09,27.79205,-175.819217,Day
C:\Users\mmrph\Desktop\author's Interns\PHR_wavfiles\WAVfiles\210809\5643.210809163807.wav,10/24/22 11:45,HMS,Growl,8/9/2021 18:00:01.8,8/9/2021 18:00:05.1,3,NA,NA,NA,NA,NA,NA,NA,NA,2021-08-09,27.79205,-175.819217,Day
C:\Users\mmrph\Desktop\author's Interns\PHR_wavfiles\WAVfiles\210809\5643.210809163807.wav,10/24/22 11:45,HMS,Croak,8/9/2021 18:00:06.4,8/9/2021 18:00:06.7,3,NA,NA,NA,NA,NA,NA,NA,NA,2021-08-09,27.79205,-175.819217,Day
C:\Users\mmrph\Desktop\author's Interns\PHR_wavfiles\WAVfiles\210809\5643.210809163807.wav,10/24/22 11:46,HMS,Growl,8/9/2021 18:00:07.4,8/9/2021 18:00:11.5,3,NA,NA,NA,NA,NA,NA,NA,NA,2021-08-09,27.79205,-175.819217,Day
C:\Users\mmrph\Desktop\author's Interns\PHR_wavfiles\WAVfiles\210809\5643.210809163807.wav,10/24/22 11:46,HMS,Growl,8/9/2021 18:00:12.5,8/9/2021 18:00:17.2,3,NA,NA,NA,NA,NA,NA,NA,NA,2021-08-09,27.79205,-175.819217,Day
C:\Users\mmrph\Desktop\author's Interns\PHR_wavfiles\WAVfiles\210809\5643.210809163807.wav,10/24/22 11:46,HMS,Croak,8/9/2021 18:00:18.7,8/9/2021 18:00:19.1,2,NA,NA,NA,NA,NA,NA,NA,NA,2021-08-09,27.79205,-175.819217,Day
C:\Users\mmrph\Desktop\author's Interns\PHR_wavfiles\WAVfiles\210809\5643.210809163807.wav,10/24/22 11:47,HMS,Croak,8/9/2021 18:00:27.1,8/9/2021 18:00:27.7,2,NA,NA,NA,NA,NA,NA,NA,NA,2021-08-09,27.79205,-175.819217,Day
C:\Users\mmrph\Desktop\author's Interns\PHR_wavfiles\WAVfiles\210809\5643.210809163807.wav,10/24/22 11:47,HMS,Croak,8/9/2021 18:00:28.8,8/9/2021 18:00:29.1,2,NA,NA,NA,NA,NA,NA,NA,NA,2021-08-09,27.79205,-175.819217,Day
C:\Users\mmrph\Desktop\author's Interns\PHR_wavfiles\WAVfiles\210809\5643.210809163807.wav,10/24/22 11:47,HMS,Growl,8/9/2021 18:00:33.3,8/9/2021 18:00:37.9,3,NA,NA,NA,NA,NA,NA,NA,NA,2021-08-09,27.79205,-175.819217,Day
C:\Users\mmrph\Desktop\author's Interns\PHR_wavfiles\WAVfiles\210809\5643.210809163807.wav,10/24/22 11:47,HMS,Whoop,8/9/2021 18:00:38.3,8/9/2021 18:00:38.5,3,1,NA,NA,NA,NA,NA,NA,NA,2021-08-09,27.79205,-175.819217,Day
C:\Users\mmrph\Desktop\author's Interns\PHR_wavfiles\WAVfiles\210809\5643.210809163807.wav,10/24/22 11:48,HMS,Growl,8/9/2021 18:01:39.6,8/9/2021 18:01:44.4,1,NA,NA,NA,NA,NA,NA,NA,NA,2021-08-09,27.79205,-175.819217,Day
C:\Users\mmrph\Desktop\author's Interns\PHR_wavfiles\WAVfiles\210809\5643.210809163807.wav,10/24/22 11:48,HMS,Growl,8/9/2021 18:01:45.4,8/9/2021 18:01:50.3,1,NA,NA,NA,NA,NA,NA,NA,NA,2021-08-09,27.79205,-175.819217,Day
C:\Users\mmrph\Desktop\author's Interns\PHR_wavfiles\WAVfiles\210809\5643.210809163807.wav,10/24/22 11:49,HMS,Growl,8/9/2021 18:01:50.3,8/9/2021 18:02:01.4,1,NA,NA,NA,NA,NA,NA,NA,NA,2021-08-09,27.79205,-175.819217,Day
C:\Users\mmrph\Desktop\author's Interns\PHR_wavfiles\WAVfiles\210809\5643.210809163807.wav,10/24/22 11:49,HMS,Growl,8/9/2021 18:02:02.7,8/9/2021 18:02:04.6,1,NA,NA,NA,NA,NA,NA,NA,NA,2021-08-09,27.79205,-175.819217,Day
C:\Users\mmrph\Desktop\author's Interns\PHR_wavfiles\WAVfiles\210809\5643.210809163807.wav,10/24/22 11:49,HMS,Croak,8/9/2021 18:02:05.2,8/9/2021 18:02:05.3,1,NA,NA,NA,NA,NA,NA,NA,NA,2021-08-09,27.79205,-175.819217,Day
C:\Users\mmrph\Desktop\author's Interns\PHR_wavfiles\WAVfiles\210809\5643.210809163807.wav,10/24/22 11:49,HMS,Growl,8/9/2021 18:02:06.9,8/9/2021 18:02:10.8,1,NA,NA,NA,NA,NA,NA,NA,NA,2021-08-09,27.79205,-175.819217,Day
C:\Users\mmrph\Desktop\author's Interns\PHR_wavfiles\WAVfiles\210809\5643.210809163807.wav,10/24/22 11:49,HMS,Moan,8/9/2021 18:02:18.1,8/9/2021 18:02:18.5,1,NA,NA,NA,NA,NA,NA,NA,NA,2021-08-09,27.79205,-175.819217,Day
C:\Users\mmrph\Desktop\author's Interns\PHR_wavfiles\WAVfiles\210809\5643.210809163807.wav,10/24/22 11:49,HMS,Growl,8/9/2021 18:02:18.7,8/9/2021 18:02:20.8,1,NA,NA,NA,NA,NA,NA,NA,NA,2021-08-09,27.79205,-175.819217,Day
C:\Users\mmrph\Desktop\author's Interns\PHR_wavfiles\WAVfiles\210809\5643.210809163807.wav,10/24/22 11:50,HMS,Croak,8/9/2021 18:02:31.4,8/9/2021 18:02:31.8,2,NA,NA,NA,NA,NA,NA,NA,NA,2021-08-09,27.79205,-175.819217,Day
C:\Users\mmrph\Desktop\author's Interns\PHR_wavfiles\WAVfiles\210809\5643.210809163807.wav,10/24/22 11:50,HMS,Growl,8/9/2021 18:02:30.4,8/9/2021 18:02:33.6,1,NA,NA,NA,NA,NA,2 seals? overlapping growl and croak,NA,NA,2021-08-09,27.79205,-175.819217,Day
C:\Users\mmrph\Desktop\author's Interns\PHR_wavfiles\WAVfiles\210809\5643.210809163807.wav,10/24/22 11:50,HMS,Growl,8/9/2021 18:02:36.6,8/9/2021 18:02:40.1,1,NA,NA,NA,NA,NA,NA,NA,NA,2021-08-09,27.79205,-175.819217,Day
C:\Users\mmrph\Desktop\author's Interns\PHR_wavfiles\WAVfiles\210809\5643.210809163807.wav,10/24/22 11:51,HMS,Growl,8/9/2021 18:02:40.1,8/9/2021 18:03:10.8,3,NA,NA,NA,NA,NA,NA,NA,NA,2021-08-09,27.79205,-175.819217,Day
C:\Users\mmrph\Desktop\author's Interns\PHR_wavfiles\WAVfiles\210809\5643.210809163807.wav,10/24/22 11:51,HMS,Croak,8/9/2021 18:03:11.4,8/9/2021 18:03:11.9,3,NA,NA,NA,NA,NA,NA,NA,NA,2021-08-09,27.79205,-175.819217,Day
C:\Users\mmrph\Desktop\author's Interns\PHR_wavfiles\WAVfiles\210809\5643.210809163807.wav,10/24/22 11:51,HMS,Growl,8/9/2021 18:03:13.4,8/9/2021 18:03:16.5,3,NA,NA,NA,NA,NA,NA,NA,NA,2021-08-09,27.79205,-175.819217,Day
C:\Users\mmrph\Desktop\author's Interns\PHR_wavfiles\WAVfiles\210809\5643.210809163807.wav,10/24/22 11:51,HMS,Growl,8/9/2021 18:03:17.1,8/9/2021 18:03:21.5,2,NA,NA,NA,NA,NA,NA,NA,NA,2021-08-09,27.79205,-175.819217,Day
C:\Users\mmrph\Desktop\author's Interns\PHR_wavfiles\WAVfiles\210809\5643.210809163807.wav,10/24/22 11:51,HMS,Whoop,8/9/2021 18:03:22.3,8/9/2021 18:03:23.0,2,2,NA,NA,NA,NA,NA,NA,NA,2021-08-09,27.79205,-175.819217,Day
C:\Users\mmrph\Desktop\author's Interns\PHR_wavfiles\WAVfiles\210809\5643.210809163807.wav,10/24/22 11:51,HMS,Growl,8/9/2021 18:03:23.1,8/9/2021 18:03:27.3,1,NA,NA,NA,NA,NA,NA,NA,NA,2021-08-09,27.79205,-175.819217,Day
C:\Users\mmrph\Desktop\author's Interns\PHR_wavfiles\WAVfiles\210809\5643.210809163807.wav,10/24/22 11:51,HMS,Croak,8/9/2021 18:03:28.1,8/9/2021 18:03:28.2,1,NA,NA,NA,NA,NA,NA,NA,NA,2021-08-09,27.79205,-175.819217,Day
C:\Users\mmrph\Desktop\author's Interns\PHR_wavfiles\WAVfiles\210809\5643.210809163807.wav,10/24/22 11:52,HMS,Croak,8/9/2021 18:03:30.9,8/9/2021 18:03:31.1,1,NA,NA,NA,NA,NA,NA,NA,NA,2021-08-09,27.79205,-175.819217,Day
C:\Users\mmrph\Desktop\author's Interns\PHR_wavfiles\WAVfiles\210809\5643.210809163807.wav,10/24/22 11:52,HMS,Growl,8/9/2021 18:03:31.7,8/9/2021 18:03:33.9,1,NA,NA,NA,NA,NA,NA,NA,NA,2021-08-09,27.79205,-175.819217,Day
C:\Users\mmrph\Desktop\author's Interns\PHR_wavfiles\WAVfiles\210809\5643.210809163807.wav,10/24/22 11:52,HMS,Croak,8/9/2021 18:03:34.3,8/9/2021 18:03:34.5,1,NA,NA,NA,NA,NA,NA,NA,NA,2021-08-09,27.79205,-175.819217,Day
C:\Users\mmrph\Desktop\author's Interns\PHR_wavfiles\WAVfiles\210809\5643.210809163807.wav,10/24/22 11:52,HMS,Croak,8/9/2021 18:03:34.8,8/9/2021 18:03:35.2,1,NA,NA,NA,NA,NA,NA,NA,NA,2021-08-09,27.79205,-175.819217,Day
C:\Users\mmrph\Desktop\author's Interns\PHR_wavfiles\WAVfiles\210809\5643.210809163807.wav,10/24/22 11:52,HMS,MoanBridgeGrowl,8/9/2021 18:03:42.1,8/9/2021 18:03:45.6,1,NA,NA,NA,NA,NA,NA,NA,NA,2021-08-09,27.79205,-175.819217,Day
C:\Users\mmrph\Desktop\author's Interns\PHR_wavfiles\WAVfiles\210809\5643.210809163807.wav,10/24/22 11:52,HMS,Whoop,8/9/2021 18:03:46.8,8/9/2021 18:03:47.5,1,2,NA,NA,NA,NA,NA,NA,NA,2021-08-09,27.79205,-175.819217,Day
C:\Users\mmrph\Desktop\author's Interns\PHR_wavfiles\WAVfiles\210809\5643.210809163807.wav,10/24/22 11:53,HMS,Growl,8/9/2021 18:03:48.7,8/9/2021 18:03:53.3,1,NA,NA,NA,NA,NA,NA,NA,NA,2021-08-09,27.79205,-175.819217,Day
C:\Users\mmrph\Desktop\author's Interns\PHR_wavfiles\WAVfiles\210809\5643.210809163807.wav,10/24/22 11:53,HMS,Growl,8/9/2021 18:03:58.9,8/9/2021 18:04:01.1,1,NA,NA,NA,NA,NA,NA,NA,NA,2021-08-09,27.79205,-175.819217,Day
C:\Users\mmrph\Desktop\author's Interns\PHR_wavfiles\WAVfiles\210809\5643.210809163807.wav,10/24/22 11:53,HMS,MoanBridgeGrowl,8/9/2021 18:04:07.4,8/9/2021 18:04:10.5,1,NA,NA,NA,NA,NA,NA,NA,NA,2021-08-09,27.79205,-175.819217,Day
C:\Users\mmrph\Desktop\author's Interns\PHR_wavfiles\WAVfiles\210809\5643.210809163807.wav,10/24/22 11:53,HMS,MoanBridgeGrowl,8/9/2021 18:04:16.2,8/9/2021 18:04:20.1,1,NA,NA,NA,NA,NA,NA,NA,NA,2021-08-09,27.79205,-175.819217,Day
C:\Users\mmrph\Desktop\author's Interns\PHR_wavfiles\WAVfiles\210809\5643.210809163807.wav,10/24/22 11:55,HMS,Growl,8/9/2021 18:04:37.0,8/9/2021 18:04:44.6,3,NA,NA,NA,NA,NA,NA,NA,NA,2021-08-09,27.79205,-175.819217,Day
C:\Users\mmrph\Desktop\author's Interns\PHR_wavfiles\WAVfiles\210809\5643.210809163807.wav,10/24/22 11:55,HMS,Growl,8/9/2021 18:04:45.9,8/9/2021 18:04:49.8,3,NA,NA,NA,NA,NA,NA,NA,NA,2021-08-09,27.79205,-175.819217,Day
C:\Users\mmrph\Desktop\author's Interns\PHR_wavfiles\WAVfiles\210809\5643.210809163807.wav,10/24/22 11:55,HMS,Croak,8/9/2021 18:04:51.0,8/9/2021 18:04:51.1,3,NA,NA,NA,NA,NA,NA,NA,NA,2021-08-09,27.79205,-175.819217,Day
C:\Users\mmrph\Desktop\author's Interns\PHR_wavfiles\WAVfiles\210809\5643.210809163807.wav,10/24/22 11:55,HMS,Croak,8/9/2021 18:04:54.8,8/9/2021 18:04:55.1,3,NA,NA,NA,NA,NA,NA,NA,NA,2021-08-09,27.79205,-175.819217,Day
C:\Users\mmrph\Desktop\author's Interns\PHR_wavfiles\WAVfiles\210809\5643.210809163807.wav,10/24/22 11:55,HMS,Whoop,8/9/2021 18:04:55.9,8/9/2021 18:04:56.1,2,1,NA,NA,NA,NA,NA,NA,NA,2021-08-09,27.79205,-175.819217,Day
C:\Users\mmrph\Desktop\author's Interns\PHR_wavfiles\WAVfiles\210809\5643.210809163807.wav,10/24/22 11:56,HMS,Growl,8/9/2021 18:05:01.1,8/9/2021 18:05:02.1,3,NA,NA,NA,NA,NA,author end,NA,NA,2021-08-09,27.79205,-175.819217,Day
C:\Users\mmrph\Desktop\author's Interns\PHR_wavfiles\WAVfiles\210809\5643.210809163807.wav,10/27/22 9:09,HMS,Croak,8/9/2021 19:00:00.5,8/9/2021 19:00:00.9,2,NA,NA,NA,NA,NA,author starting analysis,NA,NA,2021-08-09,27.79205,-175.819217,Day
C:\Users\mmrph\Desktop\author's Interns\PHR_wavfiles\WAVfiles\210809\5643.210809163807.wav,10/27/22 9:09,HMS,Growl,8/9/2021 19:00:24.5,8/9/2021 19:00:32.3,3,NA,NA,NA,NA,NA,NA,NA,NA,2021-08-09,27.79205,-175.819217,Day
C:\Users\mmrph\Desktop\author's Interns\PHR_wavfiles\WAVfiles\210809\5643.210809163807.wav,10/27/22 9:09,HMS,Growl,8/9/2021 19:00:33.3,8/9/2021 19:00:38.3,3,NA,NA,NA,NA,NA,NA,NA,NA,2021-08-09,27.79205,-175.819217,Day
C:\Users\mmrph\Desktop\author's Interns\PHR_wavfiles\WAVfiles\210809\5643.210809163807.wav,10/27/22 9:10,HMS,Croak,8/9/2021 19:00:39.3,8/9/2021 19:00:39.6,3,NA,NA,NA,NA,NA,NA,NA,NA,2021-08-09,27.79205,-175.819217,Day
C:\Users\mmrph\Desktop\author's Interns\PHR_wavfiles\WAVfiles\210809\5643.210809163807.wav,10/27/22 9:10,HMS,Croak,8/9/2021 19:00:42.8,8/9/2021 19:00:43.1,3,NA,NA,NA,NA,NA,NA,NA,NA,2021-08-09,27.79205,-175.819217,Day
C:\Users\mmrph\Desktop\author's Interns\PHR_wavfiles\WAVfiles\210809\5643.210809163807.wav,10/27/22 9:10,HMS,Growl,8/9/2021 19:00:48.8,8/9/2021 19:00:49.7,2,NA,NA,NA,NA,NA,NA,NA,NA,2021-08-09,27.79205,-175.819217,Day
C:\Users\mmrph\Desktop\author's Interns\PHR_wavfiles\WAVfiles\210809\5643.210809163807.wav,10/27/22 9:11,HMS,Whoop,8/9/2021 19:00:50.3,8/9/2021 19:00:50.9,2,3,NA,NA,NA,NA,NA,NA,NA,2021-08-09,27.79205,-175.819217,Day
C:\Users\mmrph\Desktop\author's Interns\PHR_wavfiles\WAVfiles\210809\5643.210809163807.wav,10/27/22 9:11,HMS,Croak,8/9/2021 19:00:51.3,8/9/2021 19:00:51.7,3,NA,NA,NA,NA,NA,NA,NA,NA,2021-08-09,27.79205,-175.819217,Day
C:\Users\mmrph\Desktop\author's Interns\PHR_wavfiles\WAVfiles\210809\5643.210809163807.wav,10/27/22 9:11,HMS,Growl,8/9/2021 19:00:52.5,8/9/2021 19:00:56.3,3,NA,NA,NA,NA,NA,NA,NA,NA,2021-08-09,27.79205,-175.819217,Day
C:\Users\mmrph\Desktop\author's Interns\PHR_wavfiles\WAVfiles\210809\5643.210809163807.wav,10/27/22 9:11,HMS,Growl,8/9/2021 19:00:56.7,8/9/2021 19:00:56.9,2,NA,NA,NA,NA,NA,NA,NA,NA,2021-08-09,27.79205,-175.819217,Day
C:\Users\mmrph\Desktop\author's Interns\PHR_wavfiles\WAVfiles\210809\5643.210809163807.wav,10/27/22 9:12,HMS,Whoop,8/9/2021 19:01:12.6,8/9/2021 19:01:13.1,1,3,NA,NA,NA,NA,NA,NA,NA,2021-08-09,27.79205,-175.819217,Day
C:\Users\mmrph\Desktop\author's Interns\PHR_wavfiles\WAVfiles\210809\5643.210809163807.wav,10/27/22 9:13,HMS,Whoop,8/9/2021 19:01:14.5,8/9/2021 19:01:15.2,1,4,NA,NA,NA,NA,NA,NA,NA,2021-08-09,27.79205,-175.819217,Day
C:\Users\mmrph\Desktop\author's Interns\PHR_wavfiles\WAVfiles\210809\5643.210809163807.wav,10/27/22 9:13,HMS,Whoop,8/9/2021 19:01:17.0,8/9/2021 19:01:17.6,1,3,NA,NA,NA,NA,NA,NA,NA,2021-08-09,27.79205,-175.819217,Day
C:\Users\mmrph\Desktop\author's Interns\PHR_wavfiles\WAVfiles\210809\5643.210809163807.wav,10/27/22 9:13,HMS,Growl,8/9/2021 19:01:23.0,8/9/2021 19:01:24.6,1,NA,NA,NA,NA,NA,NA,NA,NA,2021-08-09,27.79205,-175.819217,Day
C:\Users\mmrph\Desktop\author's Interns\PHR_wavfiles\WAVfiles\210809\5643.210809163807.wav,10/27/22 9:14,HMS,Growl,8/9/2021 19:02:01.5,8/9/2021 19:02:03.7,3,NA,NA,NA,NA,NA,NA,NA,NA,2021-08-09,27.79205,-175.819217,Day
C:\Users\mmrph\Desktop\author's Interns\PHR_wavfiles\WAVfiles\210809\5643.210809163807.wav,10/27/22 9:14,HMS,Croak,8/9/2021 19:02:04.4,8/9/2021 19:02:04.8,2,NA,NA,NA,NA,NA,NA,NA,NA,2021-08-09,27.79205,-175.819217,Day
C:\Users\mmrph\Desktop\author's Interns\PHR_wavfiles\WAVfiles\210809\5643.210809163807.wav,10/27/22 9:14,HMS,Growl,8/9/2021 19:02:06.6,8/9/2021 19:02:10.6,3,NA,NA,NA,NA,NA,NA,NA,NA,2021-08-09,27.79205,-175.819217,Day
C:\Users\mmrph\Desktop\author's Interns\PHR_wavfiles\WAVfiles\210809\5643.210809163807.wav,10/27/22 9:14,HMS,Whoop,8/9/2021 19:02:10.9,8/9/2021 19:02:11.2,2,2,NA,NA,NA,NA,NA,NA,NA,2021-08-09,27.79205,-175.819217,Day
C:\Users\mmrph\Desktop\author's Interns\PHR_wavfiles\WAVfiles\210809\5643.210809163807.wav,10/27/22 9:14,HMS,Whoop,8/9/2021 19:02:12.7,8/9/2021 19:02:13.6,3,4,NA,NA,NA,NA,NA,NA,NA,2021-08-09,27.79205,-175.819217,Day
C:\Users\mmrph\Desktop\author's Interns\PHR_wavfiles\WAVfiles\210809\5643.210809163807.wav,10/27/22 9:15,HMS,Whoop,8/9/2021 19:02:16.1,8/9/2021 19:02:16.3,2,1,NA,NA,NA,NA,NA,NA,NA,2021-08-09,27.79205,-175.819217,Day
C:\Users\mmrph\Desktop\author's Interns\PHR_wavfiles\WAVfiles\210809\5643.210809163807.wav,10/27/22 9:15,HMS,MoanGrowl,8/9/2021 19:02:17.3,8/9/2021 19:02:22.0,2,NA,NA,NA,NA,NA,NA,NA,NA,2021-08-09,27.79205,-175.819217,Day
C:\Users\mmrph\Desktop\author's Interns\PHR_wavfiles\WAVfiles\210809\5643.210809163807.wav,10/27/22 9:16,HMS,Whoop,8/9/2021 19:02:22.8,8/9/2021 19:02:23.0,2,1,NA,NA,NA,NA,NA,NA,NA,2021-08-09,27.79205,-175.819217,Day
C:\Users\mmrph\Desktop\author's Interns\PHR_wavfiles\WAVfiles\210809\5643.210809163807.wav,10/27/22 9:17,HMS,Growl,8/9/2021 19:02:31.2,8/9/2021 19:02:32.4,1,NA,NA,NA,NA,NA,NA,NA,NA,2021-08-09,27.79205,-175.819217,Day
C:\Users\mmrph\Desktop\author's Interns\PHR_wavfiles\WAVfiles\210809\5643.210809163807.wav,10/27/22 9:18,HMS,Whoop,8/9/2021 19:02:32.4,8/9/2021 19:02:33.0,1,3,NA,NA,NA,NA,NA,NA,NA,2021-08-09,27.79205,-175.819217,Day
C:\Users\mmrph\Desktop\author's Interns\PHR_wavfiles\WAVfiles\210809\5643.210809163807.wav,10/27/22 9:18,HMS,Croak,8/9/2021 19:02:38.3,8/9/2021 19:02:38.8,1,NA,NA,NA,NA,NA,NA,NA,NA,2021-08-09,27.79205,-175.819217,Day
C:\Users\mmrph\Desktop\author's Interns\PHR_wavfiles\WAVfiles\210809\5643.210809163807.wav,10/27/22 9:18,HMS,Croak,8/9/2021 19:02:39.1,8/9/2021 19:02:39.5,1,NA,NA,NA,NA,NA,NA,NA,NA,2021-08-09,27.79205,-175.819217,Day
C:\Users\mmrph\Desktop\author's Interns\PHR_wavfiles\WAVfiles\210809\5643.210809163807.wav,10/27/22 9:18,HMS,Growl,8/9/2021 19:02:40.7,8/9/2021 19:02:44.4,1,NA,NA,NA,NA,NA,NA,NA,NA,2021-08-09,27.79205,-175.819217,Day
C:\Users\mmrph\Desktop\author's Interns\PHR_wavfiles\WAVfiles\210809\5643.210809163807.wav,10/27/22 9:19,HMS,Whoop,8/9/2021 19:02:46.1,8/9/2021 19:02:46.8,1,3,NA,NA,NA,NA,NA,NA,NA,2021-08-09,27.79205,-175.819217,Day
C:\Users\mmrph\Desktop\author's Interns\PHR_wavfiles\WAVfiles\210809\5643.210809163807.wav,10/27/22 9:19,HMS,Moan,8/9/2021 19:02:50.7,8/9/2021 19:02:51.3,1,NA,NA,NA,NA,NA,NA,NA,NA,2021-08-09,27.79205,-175.819217,Day
C:\Users\mmrph\Desktop\author's Interns\PHR_wavfiles\WAVfiles\210809\5643.210809163807.wav,10/27/22 9:19,HMS,Growl,8/9/2021 19:02:51.4,8/9/2021 19:02:53.2,1,NA,NA,NA,NA,NA,NA,NA,NA,2021-08-09,27.79205,-175.819217,Day
C:\Users\mmrph\Desktop\author's Interns\PHR_wavfiles\WAVfiles\210809\5643.210809163807.wav,10/27/22 9:19,HMS,Croak,8/9/2021 19:02:54.6,8/9/2021 19:02:55.3,1,NA,NA,NA,NA,NA,NA,NA,NA,2021-08-09,27.79205,-175.819217,Day
C:\Users\mmrph\Desktop\author's Interns\PHR_wavfiles\WAVfiles\210809\5643.210809163807.wav,10/27/22 9:20,HMS,Growl,8/9/2021 19:03:31.8,8/9/2021 19:03:35.0,3,NA,NA,NA,NA,NA,NA,NA,NA,2021-08-09,27.79205,-175.819217,Day
C:\Users\mmrph\Desktop\author's Interns\PHR_wavfiles\WAVfiles\210809\5643.210809163807.wav,10/27/22 9:21,HMS,Growl,8/9/2021 19:03:36.2,8/9/2021 19:03:36.9,2,NA,NA,NA,NA,NA,NA,NA,NA,2021-08-09,27.79205,-175.819217,Day
C:\Users\mmrph\Desktop\author's Interns\PHR_wavfiles\WAVfiles\210809\5643.210809163807.wav,10/27/22 9:21,HMS,Croak,8/9/2021 19:03:37.7,8/9/2021 19:03:38.0,2,NA,NA,NA,NA,NA,NA,NA,NA,2021-08-09,27.79205,-175.819217,Day
C:\Users\mmrph\Desktop\author's Interns\PHR_wavfiles\WAVfiles\210809\5643.210809163807.wav,10/27/22 9:21,HMS,Growl,8/9/2021 19:03:41.3,8/9/2021 19:03:44.8,3,NA,NA,NA,NA,NA,NA,NA,NA,2021-08-09,27.79205,-175.819217,Day
C:\Users\mmrph\Desktop\author's Interns\PHR_wavfiles\WAVfiles\210809\5643.210809163807.wav,10/27/22 9:21,HMS,Whoop,8/9/2021 19:03:45.1,8/9/2021 19:03:46.0,2,4,NA,NA,NA,NA,NA,NA,NA,2021-08-09,27.79205,-175.819217,Day
C:\Users\mmrph\Desktop\author's Interns\PHR_wavfiles\WAVfiles\210809\5643.210809163807.wav,10/27/22 9:22,HMS,Croak,8/9/2021 19:03:47.9,8/9/2021 19:03:48.0,2,NA,NA,NA,NA,NA,NA,NA,NA,2021-08-09,27.79205,-175.819217,Day
C:\Users\mmrph\Desktop\author's Interns\PHR_wavfiles\WAVfiles\210809\5643.210809163807.wav,10/27/22 9:22,HMS,Moan,8/9/2021 19:03:49.0,8/9/2021 19:03:49.7,1,NA,NA,NA,NA,NA,NA,NA,NA,2021-08-09,27.79205,-175.819217,Day
C:\Users\mmrph\Desktop\author's Interns\PHR_wavfiles\WAVfiles\210809\5643.210809163807.wav,10/27/22 9:22,HMS,Growl,8/9/2021 19:03:49.9,8/9/2021 19:03:53.0,2,NA,NA,NA,NA,NA,NA,NA,NA,2021-08-09,27.79205,-175.819217,Day
C:\Users\mmrph\Desktop\author's Interns\PHR_wavfiles\WAVfiles\210809\5643.210809163807.wav,10/27/22 9:24,HMS,Growl,8/9/2021 19:04:23.0,8/9/2021 19:04:24.3,1,NA,NA,NA,NA,NA,"maybe two monk seals communicating, one far away one closer",NA,NA,2021-08-09,27.79205,-175.819217,Day
C:\Users\mmrph\Desktop\author's Interns\PHR_wavfiles\WAVfiles\210809\5643.210809163807.wav,10/27/22 9:24,HMS,Growl,8/9/2021 19:04:26.1,8/9/2021 19:04:26.8,1,NA,NA,NA,NA,NA,NA,NA,NA,2021-08-09,27.79205,-175.819217,Day
C:\Users\mmrph\Desktop\author's Interns\PHR_wavfiles\WAVfiles\210809\5643.210809163807.wav,10/27/22 9:24,HMS,Whoop,8/9/2021 19:04:27.7,8/9/2021 19:04:27.9,1,1,NA,NA,NA,NA,NA,NA,NA,2021-08-09,27.79205,-175.819217,Day
C:\Users\mmrph\Desktop\author's Interns\PHR_wavfiles\WAVfiles\210809\5643.210809163807.wav,10/27/22 9:25,HMS,Growl,8/9/2021 19:04:31.1,8/9/2021 19:04:35.8,1,NA,NA,NA,NA,NA,NA,NA,NA,2021-08-09,27.79205,-175.819217,Day
C:\Users\mmrph\Desktop\author's Interns\PHR_wavfiles\WAVfiles\210809\5643.210809163807.wav,10/27/22 9:25,HMS,Growl,8/9/2021 19:04:37.9,8/9/2021 19:04:41.6,1,NA,NA,NA,NA,NA,NA,NA,NA,2021-08-09,27.79205,-175.819217,Day
C:\Users\mmrph\Desktop\author's Interns\PHR_wavfiles\WAVfiles\210809\5643.210809163807.wav,10/27/22 9:25,HMS,Whoop,8/9/2021 19:04:43.8,8/9/2021 19:04:44.5,1,3,NA,NA,NA,NA,NA,NA,NA,2021-08-09,27.79205,-175.819217,Day
C:\Users\mmrph\Desktop\author's Interns\PHR_wavfiles\WAVfiles\210809\5643.210809163807.wav,10/27/22 9:26,HMS,Croak,8/9/2021 19:04:45.0,8/9/2021 19:04:45.4,1,NA,NA,NA,NA,NA,NA,NA,NA,2021-08-09,27.79205,-175.819217,Day
C:\Users\mmrph\Desktop\author's Interns\PHR_wavfiles\WAVfiles\210809\5643.210809163807.wav,10/27/22 9:26,HMS,Croak,8/9/2021 19:04:45.7,8/9/2021 19:04:45.9,1,NA,NA,NA,NA,NA,NA,NA,NA,2021-08-09,27.79205,-175.819217,Day
C:\Users\mmrph\Desktop\author's Interns\PHR_wavfiles\WAVfiles\210809\5643.210809163807.wav,10/27/22 9:26,HMS,Croak,8/9/2021 19:04:46.3,8/9/2021 19:04:46.5,1,NA,NA,NA,NA,NA,NA,NA,NA,2021-08-09,27.79205,-175.819217,Day
C:\Users\mmrph\Desktop\author's Interns\PHR_wavfiles\WAVfiles\210809\5643.210809163807.wav,10/27/22 9:26,HMS,Growl,8/9/2021 19:04:47.1,8/9/2021 19:04:50.6,1,NA,NA,NA,NA,NA,NA,NA,NA,2021-08-09,27.79205,-175.819217,Day
C:\Users\mmrph\Desktop\author's Interns\PHR_wavfiles\WAVfiles\210809\5643.210809163807.wav,10/27/22 9:26,HMS,Moan,8/9/2021 19:04:56.7,8/9/2021 19:04:57.2,1,NA,NA,NA,NA,NA,NA,NA,NA,2021-08-09,27.79205,-175.819217,Day
C:\Users\mmrph\Desktop\author's Interns\PHR_wavfiles\WAVfiles\210809\5643.210809163807.wav,10/27/22 9:27,HMS,Growl,8/9/2021 19:04:57.3,8/9/2021 19:04:59.6,1,NA,NA,NA,NA,NA,NA,NA,NA,2021-08-09,27.79205,-175.819217,Day
C:\Users\mmrph\Desktop\author's Interns\PHR_wavfiles\WAVfiles\210809\5643.210809193807.wav,10/27/22 9:29,HMS,Growl,8/9/2021 20:00:31.5,8/9/2021 20:00:36.0,1,NA,NA,NA,NA,NA,NA,NA,NA,2021-08-09,27.79205,-175.819217,Day
C:\Users\mmrph\Desktop\author's Interns\PHR_wavfiles\WAVfiles\210809\5643.210809193807.wav,10/27/22 9:29,HMS,Croak,8/9/2021 20:00:36.9,8/9/2021 20:00:37.1,1,NA,NA,NA,NA,NA,NA,NA,NA,2021-08-09,27.79205,-175.819217,Day
C:\Users\mmrph\Desktop\author's Interns\PHR_wavfiles\WAVfiles\210809\5643.210809193807.wav,10/27/22 9:29,HMS,Croak,8/9/2021 20:00:41.4,8/9/2021 20:00:41.7,1,NA,NA,NA,NA,NA,NA,NA,NA,2021-08-09,27.79205,-175.819217,Day
C:\Users\mmrph\Desktop\author's Interns\PHR_wavfiles\WAVfiles\210809\5643.210809193807.wav,10/27/22 9:29,HMS,Croak,8/9/2021 20:00:49.7,8/9/2021 20:00:50.0,1,NA,NA,NA,NA,NA,NA,NA,NA,2021-08-09,27.79205,-175.819217,Day
C:\Users\mmrph\Desktop\author's Interns\PHR_wavfiles\WAVfiles\210809\5643.210809193807.wav,10/27/22 9:30,HMS,Growl,8/9/2021 20:00:50.8,8/9/2021 20:00:54.0,1,NA,NA,NA,NA,NA,NA,NA,NA,2021-08-09,27.79205,-175.819217,Day
C:\Users\mmrph\Desktop\author's Interns\PHR_wavfiles\WAVfiles\210809\5643.210809193807.wav,10/27/22 9:30,HMS,Croak,8/9/2021 20:00:55.2,8/9/2021 20:00:55.6,1,NA,NA,NA,NA,NA,NA,NA,NA,2021-08-09,27.79205,-175.819217,Day
C:\Users\mmrph\Desktop\author's Interns\PHR_wavfiles\WAVfiles\210809\5643.210809193807.wav,10/27/22 9:30,HMS,Growl,8/9/2021 20:00:56.2,8/9/2021 20:01:00.3,1,NA,NA,NA,NA,NA,NA,NA,NA,2021-08-09,27.79205,-175.819217,Day
C:\Users\mmrph\Desktop\author's Interns\PHR_wavfiles\WAVfiles\210809\5643.210809193807.wav,10/27/22 9:30,HMS,Growl,8/9/2021 20:01:11.0,8/9/2021 20:01:14.0,1,NA,NA,NA,NA,NA,NA,NA,NA,2021-08-09,27.79205,-175.819217,Day
C:\Users\mmrph\Desktop\author's Interns\PHR_wavfiles\WAVfiles\210809\5643.210809193807.wav,10/27/22 9:30,HMS,Croak,8/9/2021 20:01:15.3,8/9/2021 20:01:15.7,1,NA,NA,NA,NA,NA,NA,NA,NA,2021-08-09,27.79205,-175.819217,Day
C:\Users\mmrph\Desktop\author's Interns\PHR_wavfiles\WAVfiles\210809\5643.210809193807.wav,10/27/22 9:32,HMS,Growl,8/9/2021 20:02:24.5,8/9/2021 20:02:26.8,1,NA,NA,NA,NA,NA,NA,NA,NA,2021-08-09,27.79205,-175.819217,Day
C:\Users\mmrph\Desktop\author's Interns\PHR_wavfiles\WAVfiles\210809\5643.210809193807.wav,10/27/22 9:32,HMS,Croak,8/9/2021 20:02:27.8,8/9/2021 20:02:28.1,1,NA,NA,NA,NA,NA,NA,NA,NA,2021-08-09,27.79205,-175.819217,Day
C:\Users\mmrph\Desktop\author's Interns\PHR_wavfiles\WAVfiles\210809\5643.210809193807.wav,10/27/22 9:32,HMS,Croak,8/9/2021 20:02:28.8,8/9/2021 20:02:29.0,1,NA,NA,NA,NA,NA,NA,NA,NA,2021-08-09,27.79205,-175.819217,Day
C:\Users\mmrph\Desktop\author's Interns\PHR_wavfiles\WAVfiles\210809\5643.210809193807.wav,10/27/22 9:33,HMS,Growl,8/9/2021 20:02:32.6,8/9/2021 20:02:36.3,1,NA,NA,NA,NA,NA,NA,NA,NA,2021-08-09,27.79205,-175.819217,Day
C:\Users\mmrph\Desktop\author's Interns\PHR_wavfiles\WAVfiles\210809\5643.210809193807.wav,10/27/22 9:33,HMS,Croak,8/9/2021 20:02:37.5,8/9/2021 20:02:37.8,1,NA,NA,NA,NA,NA,NA,NA,NA,2021-08-09,27.79205,-175.819217,Day
C:\Users\mmrph\Desktop\author's Interns\PHR_wavfiles\WAVfiles\210809\5643.210809193807.wav,10/27/22 9:34,HMS,Growl,8/9/2021 20:02:38.5,8/9/2021 20:02:42.7,1,NA,NA,NA,NA,NA,NA,NA,NA,2021-08-09,27.79205,-175.819217,Day
C:\Users\mmrph\Desktop\author's Interns\PHR_wavfiles\WAVfiles\210809\5643.210809193807.wav,10/27/22 9:34,HMS,Growl,8/9/2021 20:02:43.5,8/9/2021 20:02:47.8,1,NA,NA,NA,NA,NA,NA,NA,NA,2021-08-09,27.79205,-175.819217,Day
C:\Users\mmrph\Desktop\author's Interns\PHR_wavfiles\WAVfiles\210809\5643.210809193807.wav,10/27/22 9:35,HMS,Growl,8/9/2021 20:02:49.3,8/9/2021 20:02:52.2,1,NA,NA,NA,NA,NA,"whoops are happening on top of a growl here, 2 monk seals maybe",NA,NA,2021-08-09,27.79205,-175.819217,Day
C:\Users\mmrph\Desktop\author's Interns\PHR_wavfiles\WAVfiles\210809\5643.210809193807.wav,10/27/22 9:35,HMS,Whoop,8/9/2021 20:02:49.9,8/9/2021 20:02:50.5,1,2,NA,NA,NA,NA,NA,NA,NA,2021-08-09,27.79205,-175.819217,Day
C:\Users\mmrph\Desktop\author's Interns\PHR_wavfiles\WAVfiles\210809\5643.210809193807.wav,10/27/22 9:35,HMS,Croak,8/9/2021 20:02:52.6,8/9/2021 20:02:52.8,1,NA,NA,NA,NA,NA,NA,NA,NA,2021-08-09,27.79205,-175.819217,Day
C:\Users\mmrph\Desktop\author's Interns\PHR_wavfiles\WAVfiles\210809\5643.210809193807.wav,10/27/22 9:35,HMS,Moan,8/9/2021 20:02:53.5,8/9/2021 20:02:54.4,1,NA,NA,NA,NA,NA,NA,NA,NA,2021-08-09,27.79205,-175.819217,Day
C:\Users\mmrph\Desktop\author's Interns\PHR_wavfiles\WAVfiles\210809\5643.210809193807.wav,10/27/22 9:35,HMS,Growl,8/9/2021 20:02:54.3,8/9/2021 20:02:58.2,1,NA,NA,NA,NA,NA,2 growls happening on top of each other,NA,NA,2021-08-09,27.79205,-175.819217,Day
C:\Users\mmrph\Desktop\author's Interns\PHR_wavfiles\WAVfiles\210809\5643.210809193807.wav,10/27/22 9:37,HMS,Croak,8/9/2021 20:03:00.9,8/9/2021 20:03:01.2,1,NA,NA,NA,NA,NA,NA,NA,NA,2021-08-09,27.79205,-175.819217,Day
C:\Users\mmrph\Desktop\author's Interns\PHR_wavfiles\WAVfiles\210809\5643.210809193807.wav,10/27/22 9:37,HMS,Growl,8/9/2021 20:03:04.0,8/9/2021 20:03:04.8,1,NA,NA,NA,NA,NA,NA,NA,NA,2021-08-09,27.79205,-175.819217,Day
C:\Users\mmrph\Desktop\author's Interns\PHR_wavfiles\WAVfiles\210809\5643.210809193807.wav,10/27/22 9:37,HMS,Croak,8/9/2021 20:03:07.3,8/9/2021 20:03:07.8,1,NA,NA,NA,NA,NA,NA,NA,NA,2021-08-09,27.79205,-175.819217,Day
C:\Users\mmrph\Desktop\author's Interns\PHR_wavfiles\WAVfiles\210809\5643.210809193807.wav,10/27/22 9:37,HMS,Croak,8/9/2021 20:03:08.4,8/9/2021 20:03:08.7,1,NA,NA,NA,NA,NA,NA,NA,NA,2021-08-09,27.79205,-175.819217,Day
C:\Users\mmrph\Desktop\author's Interns\PHR_wavfiles\WAVfiles\210809\5643.210809193807.wav,10/27/22 9:37,HMS,Growl,8/9/2021 20:03:09.3,8/9/2021 20:03:12.8,1,NA,NA,NA,NA,NA,NA,NA,NA,2021-08-09,27.79205,-175.819217,Day
C:\Users\mmrph\Desktop\author's Interns\PHR_wavfiles\WAVfiles\210809\5643.210809193807.wav,10/27/22 9:38,HMS,Growl,8/9/2021 20:03:15.6,8/9/2021 20:03:18.9,1,NA,NA,NA,NA,NA,NA,NA,NA,2021-08-09,27.79205,-175.819217,Day
C:\Users\mmrph\Desktop\author's Interns\PHR_wavfiles\WAVfiles\210809\5643.210809193807.wav,10/27/22 9:38,HMS,Croak,8/9/2021 20:03:27.2,8/9/2021 20:03:27.6,1,NA,NA,NA,NA,NA,NA,NA,NA,2021-08-09,27.79205,-175.819217,Day
C:\Users\mmrph\Desktop\author's Interns\PHR_wavfiles\WAVfiles\210809\5643.210809193807.wav,10/27/22 9:38,HMS,Growl,8/9/2021 20:03:28.0,8/9/2021 20:03:31.9,1,NA,NA,NA,NA,NA,NA,NA,NA,2021-08-09,27.79205,-175.819217,Day
C:\Users\mmrph\Desktop\author's Interns\PHR_wavfiles\WAVfiles\210809\5643.210809193807.wav,10/27/22 9:38,HMS,Growl,8/9/2021 20:03:32.6,8/9/2021 20:03:36.2,1,NA,NA,NA,NA,NA,NA,NA,NA,2021-08-09,27.79205,-175.819217,Day
C:\Users\mmrph\Desktop\author's Interns\PHR_wavfiles\WAVfiles\210809\5643.210809193807.wav,10/27/22 9:38,HMS,Growl,8/9/2021 20:03:58.9,8/9/2021 20:04:06.1,2,NA,NA,NA,NA,NA,NA,NA,NA,2021-08-09,27.79205,-175.819217,Day
C:\Users\mmrph\Desktop\author's Interns\PHR_wavfiles\WAVfiles\210809\5643.210809193807.wav,10/27/22 9:39,HMS,Croak,8/9/2021 20:04:06.6,8/9/2021 20:04:06.8,2,NA,NA,NA,NA,NA,NA,NA,NA,2021-08-09,27.79205,-175.819217,Day
C:\Users\mmrph\Desktop\author's Interns\PHR_wavfiles\WAVfiles\210809\5643.210809193807.wav,10/27/22 9:39,HMS,Croak,8/9/2021 20:04:09.2,8/9/2021 20:04:09.4,2,NA,NA,NA,NA,NA,NA,NA,NA,2021-08-09,27.79205,-175.819217,Day
C:\Users\mmrph\Desktop\author's Interns\PHR_wavfiles\WAVfiles\210809\5643.210809193807.wav,10/27/22 9:39,HMS,Whoop,8/9/2021 20:04:10.1,8/9/2021 20:04:10.3,1,1,NA,NA,NA,NA,NA,NA,NA,2021-08-09,27.79205,-175.819217,Day
C:\Users\mmrph\Desktop\author's Interns\PHR_wavfiles\WAVfiles\210809\5643.210809193807.wav,10/27/22 9:40,HMS,Whoop,8/9/2021 20:04:14.8,8/9/2021 20:04:15.0,1,1,NA,NA,NA,NA,NA,NA,NA,2021-08-09,27.79205,-175.819217,Day
C:\Users\mmrph\Desktop\author's Interns\PHR_wavfiles\WAVfiles\210809\5643.210809193807.wav,10/27/22 9:40,HMS,Croak,8/9/2021 20:04:15.8,8/9/2021 20:04:16.0,2,NA,NA,NA,NA,NA,NA,NA,NA,2021-08-09,27.79205,-175.819217,Day
C:\Users\mmrph\Desktop\author's Interns\PHR_wavfiles\WAVfiles\210809\5643.210809193807.wav,10/27/22 9:40,HMS,Growl,8/9/2021 20:04:16.8,8/9/2021 20:04:20.4,2,NA,NA,NA,NA,NA,NA,NA,NA,2021-08-09,27.79205,-175.819217,Day
C:\Users\mmrph\Desktop\author's Interns\PHR_wavfiles\WAVfiles\210809\5643.210809193807.wav,10/27/22 9:40,HMS,Whoop,8/9/2021 20:04:20.8,8/9/2021 20:04:21.3,1,2,NA,NA,NA,NA,NA,NA,NA,2021-08-09,27.79205,-175.819217,Day
C:\Users\mmrph\Desktop\author's Interns\PHR_wavfiles\WAVfiles\210809\5643.210809193807.wav,10/27/22 9:40,HMS,Croak,8/9/2021 20:04:21.9,8/9/2021 20:04:22.4,2,NA,NA,NA,NA,NA,NA,NA,NA,2021-08-09,27.79205,-175.819217,Day
C:\Users\mmrph\Desktop\author's Interns\PHR_wavfiles\WAVfiles\210809\5643.210809193807.wav,10/27/22 9:40,HMS,Growl,8/9/2021 20:04:22.9,8/9/2021 20:04:27.4,2,NA,NA,NA,NA,NA,NA,NA,NA,2021-08-09,27.79205,-175.819217,Day
C:\Users\mmrph\Desktop\author's Interns\PHR_wavfiles\WAVfiles\210809\5643.210809193807.wav,10/27/22 9:41,HMS,Whoop,8/9/2021 20:04:28.5,8/9/2021 20:04:29.0,1,2,NA,NA,NA,NA,NA,NA,NA,2021-08-09,27.79205,-175.819217,Day
C:\Users\mmrph\Desktop\author's Interns\PHR_wavfiles\WAVfiles\210809\5643.210809193807.wav,10/27/22 9:41,HMS,Growl,8/9/2021 20:04:39.5,8/9/2021 20:04:40.6,1,NA,NA,NA,NA,NA,NA,NA,NA,2021-08-09,27.79205,-175.819217,Day
C:\Users\mmrph\Desktop\author's Interns\PHR_wavfiles\WAVfiles\210809\5643.210809193807.wav,10/27/22 9:42,HMS,Croak,8/9/2021 20:04:41.7,8/9/2021 20:04:42.2,1,NA,NA,NA,NA,NA,NA,NA,NA,2021-08-09,27.79205,-175.819217,Day
C:\Users\mmrph\Desktop\author's Interns\PHR_wavfiles\WAVfiles\210809\5643.210809193807.wav,10/27/22 9:42,HMS,Growl,8/9/2021 20:04:43.9,8/9/2021 20:04:47.1,1,NA,NA,NA,NA,NA,NA,NA,NA,2021-08-09,27.79205,-175.819217,Day
C:\Users\mmrph\Desktop\author's Interns\PHR_wavfiles\WAVfiles\210809\5643.210809193807.wav,10/27/22 9:42,HMS,Croak,8/9/2021 20:04:47.6,8/9/2021 20:04:47.7,1,NA,NA,NA,NA,NA,NA,NA,NA,2021-08-09,27.79205,-175.819217,Day
C:\Users\mmrph\Desktop\author's Interns\PHR_wavfiles\WAVfiles\210809\5643.210809193807.wav,10/27/22 9:43,HMS,Croak,8/9/2021 20:05:00.3,8/9/2021 20:05:00.6,1,NA,NA,NA,NA,NA,NA,NA,NA,2021-08-09,27.79205,-175.819217,Day
C:\Users\mmrph\Desktop\author's Interns\PHR_wavfiles\WAVfiles\210809\5643.210809193807.wav,10/27/22 9:44,HMS,Growl,8/9/2021 20:59:59.1,8/9/2021 21:00:04.0,3,NA,NA,NA,NA,NA,NA,NA,NA,2021-08-09,27.79205,-175.819217,Night
C:\Users\mmrph\Desktop\author's Interns\PHR_wavfiles\WAVfiles\210809\5643.210809193807.wav,10/27/22 9:45,HMS,Croak,8/9/2021 21:00:05.1,8/9/2021 21:00:05.3,1,NA,NA,NA,NA,NA,NA,NA,NA,2021-08-09,27.79205,-175.819217,Night
C:\Users\mmrph\Desktop\author's Interns\PHR_wavfiles\WAVfiles\210809\5643.210809193807.wav,10/27/22 9:45,HMS,Croak,8/9/2021 21:00:08.0,8/9/2021 21:00:08.3,2,NA,NA,NA,NA,NA,NA,NA,NA,2021-08-09,27.79205,-175.819217,Night
C:\Users\mmrph\Desktop\author's Interns\PHR_wavfiles\WAVfiles\210809\5643.210809193807.wav,10/27/22 9:46,HMS,Growl,8/9/2021 21:00:08.4,8/9/2021 21:00:10.6,1,NA,NA,NA,NA,NA,two monk seals calling,NA,NA,2021-08-09,27.79205,-175.819217,Night
C:\Users\mmrph\Desktop\author's Interns\PHR_wavfiles\WAVfiles\210809\5643.210809193807.wav,10/27/22 9:46,HMS,Croak,8/9/2021 21:00:11.1,8/9/2021 21:00:11.4,1,NA,NA,NA,NA,NA,NA,NA,NA,2021-08-09,27.79205,-175.819217,Night
C:\Users\mmrph\Desktop\author's Interns\PHR_wavfiles\WAVfiles\210809\5643.210809193807.wav,10/27/22 9:46,HMS,Croak,8/9/2021 21:00:12.8,8/9/2021 21:00:13.1,1,NA,NA,NA,NA,NA,NA,NA,NA,2021-08-09,27.79205,-175.819217,Night
C:\Users\mmrph\Desktop\author's Interns\PHR_wavfiles\WAVfiles\210809\5643.210809193807.wav,10/27/22 9:47,HMS,Growl,8/9/2021 21:00:13.7,8/9/2021 21:00:16.5,1,NA,NA,NA,NA,NA,NA,NA,NA,2021-08-09,27.79205,-175.819217,Night
C:\Users\mmrph\Desktop\author's Interns\PHR_wavfiles\WAVfiles\210809\5643.210809193807.wav,10/27/22 9:47,HMS,Moan,8/9/2021 21:00:20.8,8/9/2021 21:00:21.4,1,NA,NA,NA,NA,NA,NA,NA,NA,2021-08-09,27.79205,-175.819217,Night
C:\Users\mmrph\Desktop\author's Interns\PHR_wavfiles\WAVfiles\210809\5643.210809193807.wav,10/27/22 9:47,HMS,Growl,8/9/2021 21:00:21.9,8/9/2021 21:00:24.9,1,NA,NA,NA,NA,NA,NA,NA,NA,2021-08-09,27.79205,-175.819217,Night
C:\Users\mmrph\Desktop\author's Interns\PHR_wavfiles\WAVfiles\210809\5643.210809193807.wav,10/27/22 9:48,HMS,Growl,8/9/2021 21:00:37.8,8/9/2021 21:00:38.5,1,NA,NA,NA,NA,NA,NA,NA,NA,2021-08-09,27.79205,-175.819217,Night
C:\Users\mmrph\Desktop\author's Interns\PHR_wavfiles\WAVfiles\210809\5643.210809193807.wav,10/27/22 9:48,HMS,Croak,8/9/2021 21:00:39.2,8/9/2021 21:00:39.7,1,NA,NA,NA,NA,NA,NA,NA,NA,2021-08-09,27.79205,-175.819217,Night
C:\Users\mmrph\Desktop\author's Interns\PHR_wavfiles\WAVfiles\210809\5643.210809193807.wav,10/27/22 9:48,HMS,Growl,8/9/2021 21:00:41.8,8/9/2021 21:00:45.2,1,NA,NA,NA,NA,NA,NA,NA,NA,2021-08-09,27.79205,-175.819217,Night
C:\Users\mmrph\Desktop\author's Interns\PHR_wavfiles\WAVfiles\210809\5643.210809193807.wav,10/27/22 9:49,HMS,Growl,8/9/2021 21:02:19.7,8/9/2021 21:02:24.5,1,NA,NA,NA,NA,NA,NA,NA,NA,2021-08-09,27.79205,-175.819217,Night
C:\Users\mmrph\Desktop\author's Interns\PHR_wavfiles\WAVfiles\210809\5643.210809193807.wav,10/27/22 9:49,HMS,Growl,8/9/2021 21:02:25.0,8/9/2021 21:02:28.4,1,NA,NA,NA,NA,NA,NA,NA,NA,2021-08-09,27.79205,-175.819217,Night
C:\Users\mmrph\Desktop\author's Interns\PHR_wavfiles\WAVfiles\210809\5643.210809193807.wav,10/27/22 9:49,HMS,Croak,8/9/2021 21:02:29.2,8/9/2021 21:02:29.5,1,NA,NA,NA,NA,NA,NA,NA,NA,2021-08-09,27.79205,-175.819217,Night
C:\Users\mmrph\Desktop\author's Interns\PHR_wavfiles\WAVfiles\210809\5643.210809193807.wav,10/27/22 9:50,HMS,Croak,8/9/2021 21:02:33.2,8/9/2021 21:02:33.6,1,NA,NA,NA,NA,NA,NA,NA,NA,2021-08-09,27.79205,-175.819217,Night
C:\Users\mmrph\Desktop\author's Interns\PHR_wavfiles\WAVfiles\210809\5643.210809193807.wav,10/27/22 9:50,HMS,Croak,8/9/2021 21:02:43.9,8/9/2021 21:02:44.3,1,NA,NA,NA,NA,NA,NA,NA,NA,2021-08-09,27.79205,-175.819217,Night
C:\Users\mmrph\Desktop\author's Interns\PHR_wavfiles\WAVfiles\210809\5643.210809193807.wav,10/27/22 9:50,HMS,Croak,8/9/2021 21:02:44.6,8/9/2021 21:02:44.9,2,NA,NA,NA,NA,NA,NA,NA,NA,2021-08-09,27.79205,-175.819217,Night
C:\Users\mmrph\Desktop\author's Interns\PHR_wavfiles\WAVfiles\210809\5643.210809193807.wav,10/27/22 9:50,HMS,Growl,8/9/2021 21:02:46.4,8/9/2021 21:02:48.9,2,NA,NA,NA,NA,NA,NA,NA,NA,2021-08-09,27.79205,-175.819217,Night
C:\Users\mmrph\Desktop\author's Interns\PHR_wavfiles\WAVfiles\210809\5643.210809193807.wav,10/27/22 9:51,HMS,Growl,8/9/2021 21:02:51.8,8/9/2021 21:02:52.8,2,NA,NA,NA,NA,NA,NA,NA,NA,2021-08-09,27.79205,-175.819217,Night
C:\Users\mmrph\Desktop\author's Interns\PHR_wavfiles\WAVfiles\210809\5643.210809193807.wav,10/27/22 9:51,HMS,Croak,8/9/2021 21:02:53.1,8/9/2021 21:02:53.5,2,NA,NA,NA,NA,NA,NA,NA,NA,2021-08-09,27.79205,-175.819217,Night
C:\Users\mmrph\Desktop\author's Interns\PHR_wavfiles\WAVfiles\210809\5643.210809193807.wav,10/27/22 9:51,HMS,Growl,8/9/2021 21:02:54.3,8/9/2021 21:02:57.4,3,NA,NA,NA,NA,NA,NA,NA,NA,2021-08-09,27.79205,-175.819217,Night
C:\Users\mmrph\Desktop\author's Interns\PHR_wavfiles\WAVfiles\210809\5643.210809193807.wav,10/27/22 9:52,HMS,Croak,8/9/2021 21:02:58.3,8/9/2021 21:02:58.5,1,NA,NA,NA,NA,NA,NA,NA,NA,2021-08-09,27.79205,-175.819217,Night
C:\Users\mmrph\Desktop\author's Interns\PHR_wavfiles\WAVfiles\210809\5643.210809193807.wav,10/27/22 9:52,HMS,Whoop,8/9/2021 21:02:58.8,8/9/2021 21:02:59.1,2,2,NA,NA,NA,NA,NA,NA,NA,2021-08-09,27.79205,-175.819217,Night
C:\Users\mmrph\Desktop\author's Interns\PHR_wavfiles\WAVfiles\210809\5643.210809193807.wav,10/27/22 9:53,HMS,Whoop,8/9/2021 21:03:02.4,8/9/2021 21:03:03.7,2,5,NA,NA,NA,NA,NA,NA,NA,2021-08-09,27.79205,-175.819217,Night
C:\Users\mmrph\Desktop\author's Interns\PHR_wavfiles\WAVfiles\210809\5643.210809193807.wav,10/27/22 9:53,HMS,Whoop,8/9/2021 21:03:07.2,8/9/2021 21:03:07.3,2,1,NA,NA,NA,NA,NA,NA,NA,2021-08-09,27.79205,-175.819217,Night
C:\Users\mmrph\Desktop\author's Interns\PHR_wavfiles\WAVfiles\210809\5643.210809193807.wav,10/27/22 9:55,HMS,Moan,8/9/2021 21:03:08.7,8/9/2021 21:03:09.4,2,NA,NA,NA,NA,NA,NA,NA,NA,2021-08-09,27.79205,-175.819217,Night
C:\Users\mmrph\Desktop\author's Interns\PHR_wavfiles\WAVfiles\210809\5643.210809193807.wav,10/27/22 9:56,HMS,BridgeGrowlRumble,8/9/2021 21:03:09.4,8/9/2021 21:03:13.0,3,NA,NA,NA,NA,NA,NA,NA,NA,2021-08-09,27.79205,-175.819217,Night
C:\Users\mmrph\Desktop\author's Interns\PHR_wavfiles\WAVfiles\210809\5643.210809193807.wav,10/27/22 9:57,HMS,Growl,8/9/2021 21:04:03.7,8/9/2021 21:04:04.4,1,NA,NA,NA,NA,NA,NA,NA,NA,2021-08-09,27.79205,-175.819217,Night
C:\Users\mmrph\Desktop\author's Interns\PHR_wavfiles\WAVfiles\210809\5643.210809193807.wav,10/27/22 9:57,HMS,Growl,8/9/2021 21:04:07.2,8/9/2021 21:04:10.4,1,NA,NA,NA,NA,NA,NA,NA,NA,2021-08-09,27.79205,-175.819217,Night
C:\Users\mmrph\Desktop\author's Interns\PHR_wavfiles\WAVfiles\210809\5643.210809193807.wav,10/27/22 9:57,HMS,Croak,8/9/2021 21:04:12.8,8/9/2021 21:04:13.2,2,NA,NA,NA,NA,NA,NA,NA,NA,2021-08-09,27.79205,-175.819217,Night
C:\Users\mmrph\Desktop\author's Interns\PHR_wavfiles\WAVfiles\210809\5643.210809193807.wav,10/27/22 9:58,HMS,Croak,8/9/2021 21:04:13.9,8/9/2021 21:04:14.2,1,NA,NA,NA,NA,NA,NA,NA,NA,2021-08-09,27.79205,-175.819217,Night
C:\Users\mmrph\Desktop\author's Interns\PHR_wavfiles\WAVfiles\210809\5643.210809193807.wav,10/27/22 9:58,HMS,Growl,8/9/2021 21:04:19.9,8/9/2021 21:04:24.1,1,NA,NA,NA,NA,NA,NA,NA,NA,2021-08-09,27.79205,-175.819217,Night
C:\Users\mmrph\Desktop\author's Interns\PHR_wavfiles\WAVfiles\210809\5643.210809193807.wav,10/27/22 9:58,HMS,Croak,8/9/2021 21:04:24.6,8/9/2021 21:04:24.7,1,NA,NA,NA,NA,NA,NA,NA,NA,2021-08-09,27.79205,-175.819217,Night
C:\Users\mmrph\Desktop\author's Interns\PHR_wavfiles\WAVfiles\210809\5643.210809193807.wav,10/27/22 9:59,HMS,Growl,8/9/2021 21:04:25.9,8/9/2021 21:04:28.3,1,NA,NA,NA,NA,NA,NA,NA,NA,2021-08-09,27.79205,-175.819217,Night
C:\Users\mmrph\Desktop\author's Interns\PHR_wavfiles\WAVfiles\210809\5643.210809193807.wav,10/27/22 11:21,HMS,Whoop,8/9/2021 21:04:31.9,8/9/2021 21:04:32.1,1,1,NA,NA,NA,NA,NA,NA,NA,2021-08-09,27.79205,-175.819217,Night
C:\Users\mmrph\Desktop\author's Interns\PHR_wavfiles\WAVfiles\210809\5643.210809193807.wav,10/27/22 11:21,HMS,Moan,8/9/2021 21:04:33.3,8/9/2021 21:04:33.9,1,NA,NA,NA,NA,NA,NA,NA,NA,2021-08-09,27.79205,-175.819217,Night
C:\Users\mmrph\Desktop\author's Interns\PHR_wavfiles\WAVfiles\210809\5643.210809193807.wav,10/27/22 11:21,HMS,Growl,8/9/2021 21:04:34.0,8/9/2021 21:04:35.8,1,NA,NA,NA,NA,NA,NA,NA,NA,2021-08-09,27.79205,-175.819217,Night
C:\Users\mmrph\Desktop\author's Interns\PHR_wavfiles\WAVfiles\210809\5643.210809193807.wav,10/27/22 11:30,HMS,Growl,8/9/2021 22:00:17.6,8/9/2021 22:00:24.0,2,NA,NA,NA,NA,NA,NA,NA,NA,2021-08-09,27.79205,-175.819217,Night
C:\Users\mmrph\Desktop\author's Interns\PHR_wavfiles\WAVfiles\210809\5643.210809193807.wav,10/27/22 11:30,HMS,Whoop,8/9/2021 22:00:24.4,8/9/2021 22:00:24.6,2,1,NA,NA,NA,NA,NA,NA,NA,2021-08-09,27.79205,-175.819217,Night
C:\Users\mmrph\Desktop\author's Interns\PHR_wavfiles\WAVfiles\210809\5643.210809193807.wav,10/27/22 11:30,HMS,Croak,8/9/2021 22:00:26.3,8/9/2021 22:00:26.5,2,NA,NA,NA,NA,NA,NA,NA,NA,2021-08-09,27.79205,-175.819217,Night
C:\Users\mmrph\Desktop\author's Interns\PHR_wavfiles\WAVfiles\210809\5643.210809193807.wav,10/27/22 11:31,HMS,Growl,8/9/2021 22:00:28.3,8/9/2021 22:00:31.9,2,NA,NA,NA,NA,NA,NA,NA,NA,2021-08-09,27.79205,-175.819217,Night
C:\Users\mmrph\Desktop\author's Interns\PHR_wavfiles\WAVfiles\210809\5643.210809193807.wav,10/27/22 11:31,HMS,Whoop,8/9/2021 22:00:33.2,8/9/2021 22:00:33.4,1,1,NA,NA,NA,NA,NA,NA,NA,2021-08-09,27.79205,-175.819217,Night
C:\Users\mmrph\Desktop\author's Interns\PHR_wavfiles\WAVfiles\210809\5643.210809193807.wav,10/27/22 11:32,HMS,Croak,8/9/2021 22:00:37.8,8/9/2021 22:00:38.0,1,NA,NA,NA,NA,NA,NA,NA,NA,2021-08-09,27.79205,-175.819217,Night
C:\Users\mmrph\Desktop\author's Interns\PHR_wavfiles\WAVfiles\210809\5643.210809193807.wav,10/27/22 11:32,HMS,Whoop,8/9/2021 22:00:38.9,8/9/2021 22:00:39.0,1,1,NA,NA,NA,NA,NA,NA,NA,2021-08-09,27.79205,-175.819217,Night
C:\Users\mmrph\Desktop\author's Interns\PHR_wavfiles\WAVfiles\210809\5643.210809193807.wav,10/27/22 11:32,HMS,Growl,8/9/2021 22:00:43.5,8/9/2021 22:00:47.9,2,NA,NA,NA,NA,NA,NA,NA,NA,2021-08-09,27.79205,-175.819217,Night
C:\Users\mmrph\Desktop\author's Interns\PHR_wavfiles\WAVfiles\210809\5643.210809193807.wav,10/27/22 11:32,HMS,Growl,8/9/2021 22:00:48.7,8/9/2021 22:00:53.4,2,NA,NA,NA,NA,NA,NA,NA,NA,2021-08-09,27.79205,-175.819217,Night
C:\Users\mmrph\Desktop\author's Interns\PHR_wavfiles\WAVfiles\210809\5643.210809193807.wav,10/27/22 11:33,HMS,Croak,8/9/2021 22:00:54.5,8/9/2021 22:00:54.6,2,NA,NA,NA,NA,NA,NA,NA,NA,2021-08-09,27.79205,-175.819217,Night
C:\Users\mmrph\Desktop\author's Interns\PHR_wavfiles\WAVfiles\210809\5643.210809193807.wav,10/27/22 11:33,HMS,Croak,8/9/2021 22:00:59.6,8/9/2021 22:00:59.8,2,NA,NA,NA,NA,NA,NA,NA,NA,2021-08-09,27.79205,-175.819217,Night
C:\Users\mmrph\Desktop\author's Interns\PHR_wavfiles\WAVfiles\210809\5643.210809193807.wav,10/27/22 11:34,HMS,Growl,8/9/2021 22:01:09.7,8/9/2021 22:01:11.1,2,NA,NA,NA,NA,NA,NA,NA,NA,2021-08-09,27.79205,-175.819217,Night
C:\Users\mmrph\Desktop\author's Interns\PHR_wavfiles\WAVfiles\210809\5643.210809193807.wav,10/27/22 11:34,HMS,Croak,8/9/2021 22:01:12.0,8/9/2021 22:01:12.2,1,NA,NA,NA,NA,NA,NA,NA,NA,2021-08-09,27.79205,-175.819217,Night
C:\Users\mmrph\Desktop\author's Interns\PHR_wavfiles\WAVfiles\210809\5643.210809193807.wav,10/27/22 11:35,HMS,Growl,8/9/2021 22:01:14.3,8/9/2021 22:01:18.6,2,NA,NA,NA,NA,NA,NA,NA,NA,2021-08-09,27.79205,-175.819217,Night
C:\Users\mmrph\Desktop\author's Interns\PHR_wavfiles\WAVfiles\210809\5643.210809193807.wav,10/27/22 11:35,HMS,Croak,8/9/2021 22:01:23.8,8/9/2021 22:01:24.0,2,NA,NA,NA,NA,NA,NA,NA,NA,2021-08-09,27.79205,-175.819217,Night
C:\Users\mmrph\Desktop\author's Interns\PHR_wavfiles\WAVfiles\210809\5643.210809193807.wav,10/27/22 11:36,HMS,Growl,8/9/2021 22:03:29.1,8/9/2021 22:03:32.3,2,NA,NA,NA,NA,NA,NA,NA,NA,2021-08-09,27.79205,-175.819217,Night
C:\Users\mmrph\Desktop\author's Interns\PHR_wavfiles\WAVfiles\210809\5643.210809193807.wav,10/27/22 11:36,HMS,Croak,8/9/2021 22:03:33.3,8/9/2021 22:03:33.8,2,NA,NA,NA,NA,NA,NA,NA,NA,2021-08-09,27.79205,-175.819217,Night
C:\Users\mmrph\Desktop\author's Interns\PHR_wavfiles\WAVfiles\210809\5643.210809193807.wav,10/27/22 11:37,HMS,Croak,8/9/2021 22:03:34.5,8/9/2021 22:03:34.7,2,NA,NA,NA,NA,NA,NA,NA,NA,2021-08-09,27.79205,-175.819217,Night
C:\Users\mmrph\Desktop\author's Interns\PHR_wavfiles\WAVfiles\210809\5643.210809193807.wav,10/27/22 11:37,HMS,Growl,8/9/2021 22:03:38.2,8/9/2021 22:03:41.7,2,NA,NA,NA,NA,NA,NA,NA,NA,2021-08-09,27.79205,-175.819217,Night
C:\Users\mmrph\Desktop\author's Interns\PHR_wavfiles\WAVfiles\210809\5643.210809193807.wav,10/27/22 11:37,HMS,Whoop,8/9/2021 22:03:41.9,8/9/2021 22:03:42.6,2,3,NA,NA,NA,NA,NA,NA,NA,2021-08-09,27.79205,-175.819217,Night
C:\Users\mmrph\Desktop\author's Interns\PHR_wavfiles\WAVfiles\210809\5643.210809193807.wav,10/27/22 11:37,HMS,Growl,8/9/2021 22:03:46.7,8/9/2021 22:03:47.3,2,NA,NA,NA,NA,NA,NA,NA,NA,2021-08-09,27.79205,-175.819217,Night
C:\Users\mmrph\Desktop\author's Interns\PHR_wavfiles\WAVfiles\210809\5643.210809193807.wav,10/27/22 11:38,HMS,Croak,8/9/2021 22:03:47.9,8/9/2021 22:03:48.3,2,NA,NA,NA,NA,NA,NA,NA,NA,2021-08-09,27.79205,-175.819217,Night
C:\Users\mmrph\Desktop\author's Interns\PHR_wavfiles\WAVfiles\210809\5643.210809193807.wav,10/27/22 11:38,HMS,Growl,8/9/2021 22:03:51.1,8/9/2021 22:03:55.5,2,NA,NA,NA,NA,NA,NA,NA,NA,2021-08-09,27.79205,-175.819217,Night
C:\Users\mmrph\Desktop\author's Interns\PHR_wavfiles\WAVfiles\210809\5643.210809193807.wav,10/27/22 11:39,HMS,Croak,8/9/2021 22:04:00.2,8/9/2021 22:04:00.4,2,NA,NA,NA,NA,NA,NA,NA,NA,2021-08-09,27.79205,-175.819217,Night
C:\Users\mmrph\Desktop\author's Interns\PHR_wavfiles\WAVfiles\210809\5643.210809193807.wav,10/27/22 11:39,HMS,Croak,8/9/2021 22:04:32.3,8/9/2021 22:04:32.8,1,NA,NA,NA,NA,NA,NA,NA,NA,2021-08-09,27.79205,-175.819217,Night
C:\Users\mmrph\Desktop\author's Interns\PHR_wavfiles\WAVfiles\210809\5643.210809193807.wav,10/27/22 11:39,HMS,Croak,8/9/2021 22:04:35.0,8/9/2021 22:04:35.3,1,NA,NA,NA,NA,NA,NA,NA,NA,2021-08-09,27.79205,-175.819217,Night
C:\Users\mmrph\Desktop\author's Interns\PHR_wavfiles\WAVfiles\210809\20210809_223806.wav,10/27/22 11:45,HMS,Growl,8/9/2021 23:02:43.6,8/9/2021 23:02:49.7,2,NA,NA,NA,NA,NA,NA,NA,NA,2021-08-09,27.79205,-175.819217,Night
C:\Users\mmrph\Desktop\author's Interns\PHR_wavfiles\WAVfiles\210809\20210809_223806.wav,10/27/22 11:45,HMS,Croak,8/9/2021 23:02:50.1,8/9/2021 23:02:50.4,2,NA,NA,NA,NA,NA,NA,NA,NA,2021-08-09,27.79205,-175.819217,Night
C:\Users\mmrph\Desktop\author's Interns\PHR_wavfiles\WAVfiles\210809\20210809_223806.wav,10/27/22 11:45,HMS,Croak,8/9/2021 23:02:52.6,8/9/2021 23:02:52.8,2,NA,NA,NA,NA,NA,NA,NA,NA,2021-08-09,27.79205,-175.819217,Night
C:\Users\mmrph\Desktop\author's Interns\PHR_wavfiles\WAVfiles\210809\20210809_223806.wav,10/27/22 11:45,HMS,Growl,8/9/2021 23:02:54.6,8/9/2021 23:02:58.3,2,NA,NA,NA,NA,NA,NA,NA,NA,2021-08-09,27.79205,-175.819217,Night
C:\Users\mmrph\Desktop\author's Interns\PHR_wavfiles\WAVfiles\210809\20210809_223806.wav,10/27/22 11:47,HMS,Whoop,8/9/2021 23:03:00.5,8/9/2021 23:03:00.7,1,1,NA,NA,NA,NA,NA,NA,NA,2021-08-09,27.79205,-175.819217,Night
C:\Users\mmrph\Desktop\author's Interns\PHR_wavfiles\WAVfiles\210809\20210809_223806.wav,10/27/22 11:47,HMS,Croak,8/9/2021 23:03:06.5,8/9/2021 23:03:06.7,1,NA,NA,NA,NA,NA,NA,NA,NA,2021-08-09,27.79205,-175.819217,Night
C:\Users\mmrph\Desktop\author's Interns\PHR_wavfiles\WAVfiles\210809\20210809_223806.wav,10/27/22 11:47,HMS,Whoop,8/9/2021 23:03:07.4,8/9/2021 23:03:08.2,1,3,NA,NA,NA,NA,NA,NA,NA,2021-08-09,27.79205,-175.819217,Night
C:\Users\mmrph\Desktop\author's Interns\PHR_wavfiles\WAVfiles\210809\20210809_223806.wav,10/27/22 11:47,HMS,Growl,8/9/2021 23:03:08.6,8/9/2021 23:03:09.6,2,NA,NA,NA,NA,NA,NA,NA,NA,2021-08-09,27.79205,-175.819217,Night
C:\Users\mmrph\Desktop\author's Interns\PHR_wavfiles\WAVfiles\210809\20210809_223806.wav,10/27/22 11:47,HMS,Growl,8/9/2021 23:03:09.8,8/9/2021 23:03:13.6,2,NA,NA,NA,NA,NA,NA,NA,NA,2021-08-09,27.79205,-175.819217,Night
C:\Users\mmrph\Desktop\author's Interns\PHR_wavfiles\WAVfiles\210809\20210809_223806.wav,10/27/22 11:48,HMS,Growl,8/9/2021 23:03:14.7,8/9/2021 23:03:19.5,2,NA,NA,NA,NA,NA,two growls on top of each other i think,NA,NA,2021-08-09,27.79205,-175.819217,Night
C:\Users\mmrph\Desktop\author's Interns\PHR_wavfiles\WAVfiles\210809\20210809_223806.wav,10/27/22 11:48,HMS,Croak,8/9/2021 23:03:20.1,8/9/2021 23:03:20.3,2,NA,NA,NA,NA,NA,NA,NA,NA,2021-08-09,27.79205,-175.819217,Night
C:\Users\mmrph\Desktop\author's Interns\PHR_wavfiles\WAVfiles\210809\20210809_223806.wav,10/27/22 11:48,HMS,Croak,8/9/2021 23:03:23.8,8/9/2021 23:03:24.0,2,NA,NA,NA,NA,NA,NA,NA,NA,2021-08-09,27.79205,-175.819217,Night
C:\Users\mmrph\Desktop\author's Interns\PHR_wavfiles\WAVfiles\210809\20210809_223806.wav,10/27/22 11:48,HMS,Growl,8/9/2021 23:03:29.6,8/9/2021 23:03:34.6,1,NA,NA,NA,NA,NA,NA,NA,NA,2021-08-09,27.79205,-175.819217,Night
C:\Users\mmrph\Desktop\author's Interns\PHR_wavfiles\WAVfiles\210809\20210809_223806.wav,10/27/22 11:49,HMS,Croak,8/9/2021 23:03:37.6,8/9/2021 23:03:38.0,1,NA,NA,NA,NA,NA,NA,NA,NA,2021-08-09,27.79205,-175.819217,Night
C:\Users\mmrph\Desktop\author's Interns\PHR_wavfiles\WAVfiles\210809\20210809_223806.wav,10/27/22 11:49,HMS,Croak,8/9/2021 23:03:44.4,8/9/2021 23:03:44.9,1,NA,NA,NA,NA,NA,NA,NA,NA,2021-08-09,27.79205,-175.819217,Night
C:\Users\mmrph\Desktop\author's Interns\PHR_wavfiles\WAVfiles\210809\20210809_223806.wav,10/27/22 11:49,HMS,Growl,8/9/2021 23:03:45.6,8/9/2021 23:03:49.4,1,NA,NA,NA,NA,NA,NA,NA,NA,2021-08-09,27.79205,-175.819217,Night
C:\Users\mmrph\Desktop\author's Interns\PHR_wavfiles\WAVfiles\210809\20210809_223806.wav,10/27/22 11:49,HMS,Growl,8/9/2021 23:03:50.4,8/9/2021 23:03:53.2,1,NA,NA,NA,NA,NA,NA,NA,NA,2021-08-09,27.79205,-175.819217,Night
C:\Users\mmrph\Desktop\author's Interns\PHR_wavfiles\WAVfiles\210809\20210809_223806.wav,10/27/22 11:50,HMS,Whoop,8/9/2021 23:03:56.6,8/9/2021 23:03:56.8,1,1,NA,NA,NA,NA,NA,NA,NA,2021-08-09,27.79205,-175.819217,Night
C:\Users\mmrph\Desktop\author's Interns\PHR_wavfiles\WAVfiles\210809\20210809_223806.wav,10/27/22 11:51,HMS,Whoop,8/9/2021 23:04:31.8,8/9/2021 23:04:32.3,1,2,NA,NA,NA,NA,NA,NA,NA,2021-08-09,27.79205,-175.819217,Night
C:\Users\mmrph\Desktop\author's Interns\PHR_wavfiles\WAVfiles\210809\20210809_223806.wav,10/27/22 11:51,HMS,Growl,8/9/2021 23:04:44.2,8/9/2021 23:04:50.4,2,NA,NA,NA,NA,NA,NA,NA,NA,2021-08-09,27.79205,-175.819217,Night
C:\Users\mmrph\Desktop\author's Interns\PHR_wavfiles\WAVfiles\210809\20210809_223806.wav,10/27/22 11:51,HMS,Croak,8/9/2021 23:04:53.3,8/9/2021 23:04:53.6,2,NA,NA,NA,NA,NA,NA,NA,NA,2021-08-09,27.79205,-175.819217,Night
C:\Users\mmrph\Desktop\author's Interns\PHR_wavfiles\WAVfiles\210809\20210809_223806.wav,10/27/22 11:51,HMS,Croak,8/9/2021 23:04:54.4,8/9/2021 23:04:54.6,2,NA,NA,NA,NA,NA,NA,NA,NA,2021-08-09,27.79205,-175.819217,Night
C:\Users\mmrph\Desktop\author's Interns\PHR_wavfiles\WAVfiles\210812\20210811_223750.wav,10/27/22 14:49,HMS,Croak,8/12/2021 1:00:02.4,8/12/2021 1:00:02.6,1,NA,NA,NA,NA,NA,intern starting analysis - 5 min/hour - new day!,NA,NA,2021-08-12,27.79205,-175.819217,Night
C:\Users\mmrph\Desktop\author's Interns\PHR_wavfiles\WAVfiles\210812\20210811_223750.wav,10/27/22 14:49,HMS,Growl,8/12/2021 1:00:03.4,8/12/2021 1:00:06.3,1,NA,NA,NA,NA,NA,NA,NA,NA,2021-08-12,27.79205,-175.819217,Night
C:\Users\mmrph\Desktop\author's Interns\PHR_wavfiles\WAVfiles\210812\20210811_223750.wav,10/27/22 14:50,HMS,Growl,8/12/2021 1:00:14.3,8/12/2021 1:00:18.6,1,NA,NA,NA,NA,NA,NA,NA,NA,2021-08-12,27.79205,-175.819217,Night
C:\Users\mmrph\Desktop\author's Interns\PHR_wavfiles\WAVfiles\210812\20210811_223750.wav,10/27/22 14:51,HMS,Growl,8/12/2021 1:00:31.6,8/12/2021 1:00:35.3,1,NA,NA,NA,NA,NA,NA,NA,NA,2021-08-12,27.79205,-175.819217,Night
C:\Users\mmrph\Desktop\author's Interns\PHR_wavfiles\WAVfiles\210812\20210811_223750.wav,10/27/22 14:53,HMS,Growl,8/12/2021 1:01:42.1,8/12/2021 1:01:47.2,2,NA,NA,NA,NA,NA,NA,NA,NA,2021-08-12,27.79205,-175.819217,Night
C:\Users\mmrph\Desktop\author's Interns\PHR_wavfiles\WAVfiles\210812\20210811_223750.wav,10/27/22 14:53,HMS,Croak,8/12/2021 1:01:50.9,8/12/2021 1:01:51.2,1,NA,NA,NA,NA,NA,NA,NA,NA,2021-08-12,27.79205,-175.819217,Night
C:\Users\mmrph\Desktop\author's Interns\PHR_wavfiles\WAVfiles\210812\20210811_223750.wav,10/27/22 14:54,HMS,Growl,8/12/2021 1:01:52.2,8/12/2021 1:01:55.0,2,NA,NA,NA,NA,NA,NA,NA,NA,2021-08-12,27.79205,-175.819217,Night
C:\Users\mmrph\Desktop\author's Interns\PHR_wavfiles\WAVfiles\210812\20210811_223750.wav,10/27/22 14:54,HMS,Growl,8/12/2021 1:01:57.3,8/12/2021 1:02:01.1,1,NA,NA,NA,NA,NA,NA,NA,NA,2021-08-12,27.79205,-175.819217,Night
C:\Users\mmrph\Desktop\author's Interns\PHR_wavfiles\WAVfiles\210812\20210811_223750.wav,10/27/22 14:57,HMS,Growl,8/12/2021 1:02:02.7,8/12/2021 1:02:07.4,3,NA,NA,NA,NA,NA,with bubbles,NA,NA,2021-08-12,27.79205,-175.819217,Night
C:\Users\mmrph\Desktop\author's Interns\PHR_wavfiles\WAVfiles\210812\20210811_223750.wav,10/27/22 14:57,HMS,Growl,8/12/2021 1:02:16.2,8/12/2021 1:02:20.1,1,NA,NA,NA,NA,NA,NA,NA,NA,2021-08-12,27.79205,-175.819217,Night
C:\Users\mmrph\Desktop\author's Interns\PHR_wavfiles\WAVfiles\210812\20210811_223750.wav,10/27/22 15:02,HMS,Whoop,8/12/2021 1:03:04.2,8/12/2021 1:03:06.3,1,3,NA,NA,NA,NA,NA,NA,NA,2021-08-12,27.79205,-175.819217,Night
C:\Users\mmrph\Desktop\author's Interns\PHR_wavfiles\WAVfiles\210812\20210811_223750.wav,10/27/22 15:02,HMS,Croak,8/12/2021 1:03:24.8,8/12/2021 1:03:26.7,3,NA,NA,NA,NA,NA,with bubbles,NA,NA,2021-08-12,27.79205,-175.819217,Night
C:\Users\mmrph\Desktop\author's Interns\PHR_wavfiles\WAVfiles\210812\20210811_223750.wav,10/27/22 15:23,HMS,Growl,8/12/2021 1:03:38.8,8/12/2021 1:03:41.9,1,NA,NA,NA,NA,NA,NA,NA,NA,2021-08-12,27.79205,-175.819217,Night
C:\Users\mmrph\Desktop\author's Interns\PHR_wavfiles\WAVfiles\210812\20210811_223750.wav,10/27/22 15:25,HMS,Moan,8/12/2021 1:03:49.1,8/12/2021 1:03:49.8,2,NA,NA,NA,NA,NA,NA,NA,NA,2021-08-12,27.79205,-175.819217,Night
C:\Users\mmrph\Desktop\author's Interns\PHR_wavfiles\WAVfiles\210812\20210811_223750.wav,10/27/22 15:25,HMS,MoanBridgeGrowl,8/12/2021 1:03:49.9,8/12/2021 1:03:53.1,2,NA,NA,NA,NA,NA,NA,NA,NA,2021-08-12,27.79205,-175.819217,Night
C:\Users\mmrph\Desktop\author's Interns\PHR_wavfiles\WAVfiles\210812\20210811_223750.wav,10/27/22 15:26,HMS,Whoop,8/12/2021 1:04:11.0,8/12/2021 1:04:16.4,1,13,NA,NA,NA,NA,NA,NA,NA,2021-08-12,27.79205,-175.819217,Night
C:\Users\mmrph\Desktop\author's Interns\PHR_wavfiles\WAVfiles\210812\20210811_223750.wav,10/27/22 15:26,NA,Growl,8/12/2021 1:04:06.6,8/12/2021 1:04:11.1,1,NA,NA,NA,NA,NA,NA,NA,NA,2021-08-12,27.79205,-175.819217,Night
C:\Users\mmrph\Desktop\author's Interns\PHR_wavfiles\WAVfiles\210812\20210812_013749.wav,10/27/22 15:40,HMS,Croak,8/12/2021 2:00:48.7,8/12/2021 2:00:49.0,1,NA,NA,NA,NA,NA,NA,NA,NA,2021-08-12,27.79205,-175.819217,Night
C:\Users\mmrph\Desktop\author's Interns\PHR_wavfiles\WAVfiles\210812\20210812_013749.wav,10/27/22 15:42,HMS,Growl,8/12/2021 2:00:59.0,8/12/2021 2:01:03.7,1,NA,NA,NA,NA,NA,NA,NA,NA,2021-08-12,27.79205,-175.819217,Night
C:\Users\mmrph\Desktop\author's Interns\PHR_wavfiles\WAVfiles\210812\20210812_013749.wav,10/27/22 15:43,HMS,Growl,8/12/2021 2:01:07.1,8/12/2021 2:01:10.9,1,NA,NA,NA,NA,NA,NA,NA,NA,2021-08-12,27.79205,-175.819217,Night
C:\Users\mmrph\Desktop\author's Interns\PHR_wavfiles\WAVfiles\210812\20210812_013749.wav,10/27/22 15:44,HMS,Croak,8/12/2021 2:01:11.2,8/12/2021 2:01:11.5,1,NA,NA,NA,NA,NA,NA,NA,NA,2021-08-12,27.79205,-175.819217,Night
C:\Users\mmrph\Desktop\author's Interns\PHR_wavfiles\WAVfiles\210812\20210812_013749.wav,10/27/22 15:44,HMS,Croak,8/12/2021 2:01:14.0,8/12/2021 2:01:14.6,1,NA,NA,NA,NA,NA,NA,NA,NA,2021-08-12,27.79205,-175.819217,Night
C:\Users\mmrph\Desktop\author's Interns\PHR_wavfiles\WAVfiles\210812\20210812_013749.wav,10/27/22 15:45,HMS,Whoop,8/12/2021 2:01:20.7,8/12/2021 2:01:21.1,1,1,NA,NA,NA,NA,NA,NA,NA,2021-08-12,27.79205,-175.819217,Night
C:\Users\mmrph\Desktop\author's Interns\PHR_wavfiles\WAVfiles\210812\20210812_013749.wav,10/27/22 15:45,HMS,Whoop,8/12/2021 2:01:12.9,8/12/2021 2:01:14.3,1,4,NA,NA,NA,NA,NA,NA,NA,2021-08-12,27.79205,-175.819217,Night
C:\Users\mmrph\Desktop\author's Interns\PHR_wavfiles\WAVfiles\210812\20210812_013749.wav,10/27/22 15:46,HMS,Croak,8/12/2021 2:01:50.0,8/12/2021 2:01:50.4,1,NA,NA,NA,NA,NA,NA,NA,NA,2021-08-12,27.79205,-175.819217,Night
C:\Users\mmrph\Desktop\author's Interns\PHR_wavfiles\WAVfiles\210812\20210812_013749.wav,10/27/22 15:47,HMS,Croak,8/12/2021 2:01:50.5,8/12/2021 2:01:50.9,1,NA,NA,NA,NA,NA,NA,NA,NA,2021-08-12,27.79205,-175.819217,Night
C:\Users\mmrph\Desktop\author's Interns\PHR_wavfiles\WAVfiles\210812\20210812_013749.wav,10/27/22 15:50,HMS,Whoop,8/12/2021 2:03:48.5,8/12/2021 2:03:48.8,1,1,NA,NA,NA,NA,NA,NA,NA,2021-08-12,27.79205,-175.819217,Night
C:\Users\mmrph\Desktop\author's Interns\PHR_wavfiles\WAVfiles\210812\20210812_013749.wav,10/27/22 15:50,HMS,Growl,8/12/2021 2:03:41.6,8/12/2021 2:03:47.7,2,NA,NA,NA,NA,NA,NA,NA,NA,2021-08-12,27.79205,-175.819217,Night
C:\Users\mmrph\Desktop\author's Interns\PHR_wavfiles\WAVfiles\210812\20210812_013749.wav,10/27/22 15:50,HMS,Croak,8/12/2021 2:03:52.3,8/12/2021 2:03:52.8,2,NA,NA,NA,NA,NA,NA,NA,NA,2021-08-12,27.79205,-175.819217,Night
C:\Users\mmrph\Desktop\author's Interns\PHR_wavfiles\WAVfiles\210812\20210812_013749.wav,10/27/22 15:51,HMS,Growl,8/12/2021 2:03:53.3,8/12/2021 2:03:55.6,2,NA,NA,NA,NA,NA,NA,NA,NA,2021-08-12,27.79205,-175.819217,Night
C:\Users\mmrph\Desktop\author's Interns\PHR_wavfiles\WAVfiles\210812\20210812_013749.wav,10/27/22 15:51,HMS,Growl,8/12/2021 2:03:57.4,8/12/2021 2:03:59.5,2,NA,NA,NA,NA,NA,NA,NA,NA,2021-08-12,27.79205,-175.819217,Night
C:\Users\mmrph\Desktop\author's Interns\PHR_wavfiles\WAVfiles\210812\20210812_013749.wav,10/27/22 15:52,HMS,Croak,8/12/2021 2:04:02.0,8/12/2021 2:04:02.7,1,NA,NA,NA,NA,NA,NA,NA,NA,2021-08-12,27.79205,-175.819217,Night
C:\Users\mmrph\Desktop\author's Interns\PHR_wavfiles\WAVfiles\210812\20210812_013749.wav,10/27/22 15:52,HMS,Croak,8/12/2021 2:04:04.3,8/12/2021 2:04:04.3,1,NA,NA,NA,NA,NA,NA,NA,NA,2021-08-12,27.79205,-175.819217,Night
C:\Users\mmrph\Desktop\author's Interns\PHR_wavfiles\WAVfiles\210812\20210812_013749.wav,10/27/22 15:52,HMS,Growl,8/12/2021 2:04:05.4,8/12/2021 2:04:07.6,2,NA,NA,NA,NA,NA,NA,NA,NA,2021-08-12,27.79205,-175.819217,Night
C:\Users\mmrph\Desktop\author's Interns\PHR_wavfiles\WAVfiles\210812\20210812_013749.wav,10/27/22 15:52,HMS,Croak,8/12/2021 2:04:08.0,8/12/2021 2:04:08.3,1,NA,NA,NA,NA,NA,NA,NA,NA,2021-08-12,27.79205,-175.819217,Night
C:\Users\mmrph\Desktop\author's Interns\PHR_wavfiles\WAVfiles\210812\20210812_013749.wav,10/27/22 15:54,HMS,Growl,8/12/2021 2:04:08.6,8/12/2021 2:04:11.1,2,NA,NA,NA,NA,NA,NA,NA,NA,2021-08-12,27.79205,-175.819217,Night
C:\Users\mmrph\Desktop\author's Interns\PHR_wavfiles\WAVfiles\210812\20210812_013749.wav,10/27/22 16:28,HMS,Growl,8/12/2021 2:04:19.9,8/12/2021 2:04:23.0,2,NA,NA,NA,NA,NA,NA,NA,NA,2021-08-12,27.79205,-175.819217,Night
C:\Users\mmrph\Desktop\author's Interns\PHR_wavfiles\WAVfiles\210812\20210812_013749.wav,10/27/22 16:41,HMS,Growl,8/12/2021 3:01:10.1,8/12/2021 3:01:15.6,1,NA,NA,NA,NA,NA,NA,NA,NA,2021-08-12,27.79205,-175.819217,Night
C:\Users\mmrph\Desktop\author's Interns\PHR_wavfiles\WAVfiles\210812\20210812_013749.wav,10/27/22 16:41,HMS,Croak,8/12/2021 3:01:19.3,8/12/2021 3:01:19.8,1,NA,NA,NA,NA,NA,NA,NA,NA,2021-08-12,27.79205,-175.819217,Night
C:\Users\mmrph\Desktop\author's Interns\PHR_wavfiles\WAVfiles\210812\20210812_013749.wav,10/27/22 16:41,HMS,Growl,8/12/2021 3:01:20.5,8/12/2021 3:01:23.1,1,NA,NA,NA,NA,NA,NA,NA,NA,2021-08-12,27.79205,-175.819217,Night
C:\Users\mmrph\Desktop\author's Interns\PHR_wavfiles\WAVfiles\210812\20210812_013749.wav,10/27/22 16:41,HMS,Growl,8/12/2021 3:01:26.8,8/12/2021 3:01:27.6,1,NA,NA,NA,NA,NA,NA,NA,NA,2021-08-12,27.79205,-175.819217,Night
C:\Users\mmrph\Desktop\author's Interns\PHR_wavfiles\WAVfiles\210812\20210812_013749.wav,10/27/22 16:42,HMS,Growl,8/12/2021 3:01:32.8,8/12/2021 3:01:36.9,1,NA,NA,NA,NA,NA,NA,NA,NA,2021-08-12,27.79205,-175.819217,Night
C:\Users\mmrph\Desktop\author's Interns\PHR_wavfiles\WAVfiles\210812\20210812_013749.wav,10/27/22 16:43,HMS,Growl,8/12/2021 3:02:49.9,8/12/2021 3:02:53.6,1,NA,NA,NA,NA,NA,NA,NA,NA,2021-08-12,27.79205,-175.819217,Night
C:\Users\mmrph\Desktop\author's Interns\PHR_wavfiles\WAVfiles\210812\20210812_013749.wav,10/27/22 16:43,HMS,Croak,8/12/2021 3:02:54.6,8/12/2021 3:02:55.2,1,NA,NA,NA,NA,NA,NA,NA,NA,2021-08-12,27.79205,-175.819217,Night
C:\Users\mmrph\Desktop\author's Interns\PHR_wavfiles\WAVfiles\210812\20210812_013749.wav,10/27/22 16:43,HMS,Growl,8/12/2021 3:02:57.3,8/12/2021 3:03:02.0,1,NA,NA,NA,NA,NA,NA,NA,NA,2021-08-12,27.79205,-175.819217,Night
C:\Users\mmrph\Desktop\author's Interns\PHR_wavfiles\WAVfiles\210812\20210812_013749.wav,10/27/22 16:44,HMS,Growl,8/12/2021 3:03:11.4,8/12/2021 3:03:15.3,1,NA,NA,NA,NA,NA,NA,NA,NA,2021-08-12,27.79205,-175.819217,Night
C:\Users\mmrph\Desktop\author's Interns\PHR_wavfiles\WAVfiles\210812\20210812_013749.wav,10/27/22 16:44,HMS,Growl,8/12/2021 3:03:16.3,8/12/2021 3:03:19.5,1,NA,NA,NA,NA,NA,NA,NA,NA,2021-08-12,27.79205,-175.819217,Night
F:\PHR\5643\20210812_013749.wav,8/31/23 11:36,HMS,Growl,8/12/2021 4:01:03.8,8/12/2021 4:01:09.9,1,NA,NA,NA,NA,NA,NA,NA,NA,2021-08-12,27.79205,-175.819217,Night
F:\PHR\5643\20210812_013749.wav,8/31/23 11:36,HMS,Croak,8/12/2021 4:01:10.5,8/12/2021 4:01:10.6,1,NA,NA,NA,NA,NA,NA,NA,NA,2021-08-12,27.79205,-175.819217,Night
F:\PHR\5643\20210812_013749.wav,8/31/23 11:36,HMS,Croak,8/12/2021 4:01:14.7,8/12/2021 4:01:15.1,1,NA,NA,NA,NA,NA,NA,NA,NA,2021-08-12,27.79205,-175.819217,Night
F:\PHR\5643\20210812_013749.wav,8/31/23 11:36,HMS,Growl,8/12/2021 4:01:15.7,8/12/2021 4:01:17.6,2,NA,NA,NA,NA,NA,NA,NA,NA,2021-08-12,27.79205,-175.819217,Night
F:\PHR\5643\20210812_013749.wav,8/31/23 11:36,HMS,Croak,8/12/2021 4:01:18.2,8/12/2021 4:01:18.5,2,NA,NA,NA,NA,NA,NA,NA,NA,2021-08-12,27.79205,-175.819217,Night
F:\PHR\5643\20210812_013749.wav,8/31/23 11:36,HMS,Growl,8/12/2021 4:01:18.9,8/12/2021 4:01:21.2,2,NA,NA,NA,NA,NA,NA,NA,NA,2021-08-12,27.79205,-175.819217,Night
F:\PHR\5643\20210812_013749.wav,8/31/23 11:36,HMS,Whoop,8/12/2021 4:01:24.6,8/12/2021 4:01:25.2,1,2,NA,NA,NA,NA,NA,NA,NA,2021-08-12,27.79205,-175.819217,Night
F:\PHR\5643\20210812_013749.wav,8/31/23 11:37,HMS,Croak,8/12/2021 4:01:25.6,8/12/2021 4:01:25.9,1,NA,NA,NA,NA,NA,NA,NA,NA,2021-08-12,27.79205,-175.819217,Night
F:\PHR\5643\20210812_013749.wav,8/31/23 11:37,HMS,Croak,8/12/2021 4:01:53.4,8/12/2021 4:01:53.7,1,NA,NA,NA,NA,NA,NA,NA,NA,2021-08-12,27.79205,-175.819217,Night
F:\PHR\5643\20210812_013749.wav,8/31/23 11:37,HMS,Growl,8/12/2021 4:02:59.0,8/12/2021 4:03:04.1,1,NA,NA,NA,NA,NA,NA,NA,NA,2021-08-12,27.79205,-175.819217,Night
F:\PHR\5643\20210812_013749.wav,8/31/23 11:37,HMS,Croak,8/12/2021 4:03:04.8,8/12/2021 4:03:04.9,1,NA,NA,NA,NA,NA,NA,NA,NA,2021-08-12,27.79205,-175.819217,Night
F:\PHR\5643\20210812_013749.wav,8/31/23 11:38,HMS,Growl,8/12/2021 4:03:05.6,8/12/2021 4:03:08.3,1,NA,NA,NA,NA,NA,NA,NA,NA,2021-08-12,27.79205,-175.819217,Night
F:\PHR\5643\20210812_013749.wav,8/31/23 11:38,HMS,Croak,8/12/2021 4:03:08.3,8/12/2021 4:03:08.6,1,NA,NA,NA,NA,NA,NA,NA,NA,2021-08-12,27.79205,-175.819217,Night
F:\PHR\5643\20210812_013749.wav,8/31/23 11:38,HMS,Growl,8/12/2021 4:03:09.0,8/12/2021 4:03:11.3,1,NA,NA,NA,NA,NA,NA,NA,NA,2021-08-12,27.79205,-175.819217,Night
F:\PHR\5643\20210812_013749.wav,8/31/23 11:38,HMS,Croak,8/12/2021 4:03:11.6,8/12/2021 4:03:11.9,1,NA,NA,NA,NA,NA,NA,NA,NA,2021-08-12,27.79205,-175.819217,Night
F:\PHR\5643\20210812_013749.wav,8/31/23 11:38,HMS,Growl,8/12/2021 4:03:12.2,8/12/2021 4:03:13.6,1,NA,NA,NA,NA,NA,NA,NA,NA,2021-08-12,27.79205,-175.819217,Night
F:\PHR\5643\20210812_013749.wav,8/31/23 11:38,HMS,Croak,8/12/2021 4:03:14.1,8/12/2021 4:03:14.4,1,NA,NA,NA,NA,NA,NA,NA,NA,2021-08-12,27.79205,-175.819217,Night
F:\PHR\5643\20210812_013749.wav,8/31/23 11:38,HMS,Croak,8/12/2021 4:03:16.3,8/12/2021 4:03:16.6,1,NA,NA,NA,NA,NA,NA,NA,NA,2021-08-12,27.79205,-175.819217,Night
F:\PHR\5643\20210812_013749.wav,8/31/23 11:39,HMS,Growl,8/12/2021 4:03:17.0,8/12/2021 4:03:19.5,1,NA,NA,NA,NA,NA,NA,NA,NA,2021-08-12,27.79205,-175.819217,Night
F:\PHR\5643\20210812_013749.wav,8/31/23 11:39,HMS,Growl,8/12/2021 4:03:20.5,8/12/2021 4:03:23.2,1,NA,NA,NA,NA,NA,NA,NA,NA,2021-08-12,27.79205,-175.819217,Night
F:\PHR\5643\20210812_013749.wav,8/31/23 11:41,HMS,Moan,8/12/2021 4:03:42.1,8/12/2021 4:03:49.8,3,NA,NA,NA,NA,NA,potentially humming?,NA,NA,2021-08-12,27.79205,-175.819217,Night
F:\PHR\5643\20210812_043748.wav,8/31/23 11:43,HMS,Growl,8/12/2021 5:02:04.3,8/12/2021 5:02:08.0,1,NA,NA,NA,NA,NA,NA,NA,NA,2021-08-12,27.79205,-175.819217,Night
F:\PHR\5643\20210812_043748.wav,8/31/23 11:43,HMS,Growl,8/12/2021 5:02:10.6,8/12/2021 5:02:12.6,1,NA,NA,NA,NA,NA,NA,NA,NA,2021-08-12,27.79205,-175.819217,Night
F:\PHR\5643\20210812_043748.wav,8/31/23 11:43,HMS,Croak,8/12/2021 5:02:12.8,8/12/2021 5:02:13.1,1,NA,NA,NA,NA,NA,NA,NA,NA,2021-08-12,27.79205,-175.819217,Night
F:\PHR\5643\20210812_043748.wav,8/31/23 11:43,HMS,Growl,8/12/2021 5:02:13.3,8/12/2021 5:02:14.4,1,NA,NA,NA,NA,NA,NA,NA,NA,2021-08-12,27.79205,-175.819217,Night
F:\PHR\5643\20210812_043748.wav,8/31/23 11:44,HMS,Croak,8/12/2021 5:02:23.0,8/12/2021 5:02:23.5,1,NA,NA,NA,NA,NA,NA,NA,NA,2021-08-12,27.79205,-175.819217,Night
F:\PHR\5643\20210812_043748.wav,8/31/23 11:44,HMS,Growl,8/12/2021 5:02:24.1,8/12/2021 5:02:27.4,1,NA,NA,NA,NA,NA,NA,NA,NA,2021-08-12,27.79205,-175.819217,Night
F:\PHR\5643\20210812_043748.wav,8/31/23 11:44,HMS,Growl,8/12/2021 5:02:28.0,8/12/2021 5:02:30.8,1,NA,NA,NA,NA,NA,NA,NA,NA,2021-08-12,27.79205,-175.819217,Night
F:\PHR\5643\20210812_043748.wav,8/31/23 11:44,HMS,Growl,8/12/2021 5:02:49.3,8/12/2021 5:02:49.8,1,NA,NA,NA,NA,NA,NA,NA,NA,2021-08-12,27.79205,-175.819217,Night
F:\PHR\5643\20210812_043748.wav,8/31/23 11:44,HMS,Growl,8/12/2021 5:04:00.2,8/12/2021 5:04:05.4,2,NA,NA,NA,NA,NA,NA,NA,NA,2021-08-12,27.79205,-175.819217,Night
F:\PHR\5643\20210812_043748.wav,8/31/23 11:44,HMS,Growl,8/12/2021 5:04:08.1,8/12/2021 5:04:08.8,2,NA,NA,NA,NA,NA,NA,NA,NA,2021-08-12,27.79205,-175.819217,Night
F:\PHR\5643\20210812_043748.wav,8/31/23 11:45,HMS,Croak,8/12/2021 5:04:09.8,8/12/2021 5:04:09.9,1,NA,NA,NA,NA,NA,NA,NA,NA,2021-08-12,27.79205,-175.819217,Night
F:\PHR\5643\20210812_043748.wav,8/31/23 11:45,HMS,Croak,8/12/2021 5:04:12.0,8/12/2021 5:04:12.3,2,NA,NA,NA,NA,NA,NA,NA,NA,2021-08-12,27.79205,-175.819217,Night
F:\PHR\5643\20210812_043748.wav,8/31/23 11:45,HMS,Croak,8/12/2021 5:04:14.0,8/12/2021 5:04:14.3,1,NA,NA,NA,NA,NA,NA,NA,NA,2021-08-12,27.79205,-175.819217,Night
F:\PHR\5643\20210812_043748.wav,8/31/23 11:45,HMS,Croak,8/12/2021 5:04:14.8,8/12/2021 5:04:15.0,1,NA,NA,NA,NA,NA,NA,NA,NA,2021-08-12,27.79205,-175.819217,Night
F:\PHR\5643\20210812_043748.wav,8/31/23 11:45,HMS,Growl,8/12/2021 5:04:16.2,8/12/2021 5:04:18.7,2,NA,NA,NA,NA,NA,NA,NA,NA,2021-08-12,27.79205,-175.819217,Night
F:\PHR\5643\20210812_043748.wav,8/31/23 11:45,HMS,Croak,8/12/2021 5:04:20.9,8/12/2021 5:04:21.0,1,NA,NA,NA,NA,NA,NA,NA,NA,2021-08-12,27.79205,-175.819217,Night
F:\PHR\5643\20210812_043748.wav,8/31/23 11:46,HMS,Croak,8/12/2021 5:04:26.4,8/12/2021 5:04:26.7,2,NA,NA,NA,NA,NA,NA,NA,NA,2021-08-12,27.79205,-175.819217,Night
F:\PHR\5643\20210812_043748.wav,8/31/23 11:46,HMS,Growl,8/12/2021 5:04:27.2,8/12/2021 5:04:29.7,2,NA,NA,NA,NA,NA,NA,NA,NA,2021-08-12,27.79205,-175.819217,Night
F:\PHR\5643\20210812_043748.wav,8/31/23 11:47,HMS,Growl,8/12/2021 6:01:39.8,8/12/2021 6:01:46.6,3,NA,NA,NA,NA,NA,NA,NA,NA,2021-08-12,27.79205,-175.819217,Night
F:\PHR\5643\20210812_043748.wav,8/31/23 11:47,HMS,Croak,8/12/2021 6:01:47.5,8/12/2021 6:01:47.7,3,NA,NA,NA,NA,NA,NA,NA,NA,2021-08-12,27.79205,-175.819217,Night
F:\PHR\5643\20210812_043748.wav,8/31/23 11:47,HMS,Growl,8/12/2021 6:01:51.0,8/12/2021 6:01:51.9,3,NA,NA,NA,NA,NA,NA,NA,NA,2021-08-12,27.79205,-175.819217,Night
F:\PHR\5643\20210812_043748.wav,8/31/23 11:48,HMS,Croak,8/12/2021 6:01:53.2,8/12/2021 6:01:53.3,2,NA,NA,NA,NA,NA,NA,NA,NA,2021-08-12,27.79205,-175.819217,Night
F:\PHR\5643\20210812_043748.wav,8/31/23 11:48,HMS,Growl,8/12/2021 6:02:01.4,8/12/2021 6:02:02.4,3,NA,NA,NA,NA,NA,NA,NA,NA,2021-08-12,27.79205,-175.819217,Night
F:\PHR\5643\20210812_043748.wav,8/31/23 11:48,HMS,Croak,8/12/2021 6:02:02.8,8/12/2021 6:02:03.0,2,NA,NA,NA,NA,NA,NA,NA,NA,2021-08-12,27.79205,-175.819217,Night
F:\PHR\5643\20210812_043748.wav,8/31/23 11:48,HMS,Growl,8/12/2021 6:02:04.4,8/12/2021 6:02:07.6,3,NA,NA,NA,NA,NA,NA,NA,NA,2021-08-12,27.79205,-175.819217,Night
F:\PHR\5643\20210812_043748.wav,8/31/23 11:48,HMS,Growl,8/12/2021 6:04:10.9,8/12/2021 6:04:17.7,3,NA,NA,NA,NA,NA,NA,NA,NA,2021-08-12,27.79205,-175.819217,Night
F:\PHR\5643\20210812_043748.wav,8/31/23 11:49,HMS,Croak,8/12/2021 6:04:18.3,8/12/2021 6:04:18.7,3,NA,NA,NA,NA,NA,NA,NA,NA,2021-08-12,27.79205,-175.819217,Night
F:\PHR\5643\20210812_043748.wav,8/31/23 11:49,HMS,Croak,8/12/2021 6:04:19.0,8/12/2021 6:04:19.3,3,NA,NA,NA,NA,NA,NA,NA,NA,2021-08-12,27.79205,-175.819217,Night
F:\PHR\5643\20210812_043748.wav,8/31/23 11:49,HMS,Croak,8/12/2021 6:04:21.9,8/12/2021 6:04:22.5,3,NA,NA,NA,NA,NA,NA,NA,NA,2021-08-12,27.79205,-175.819217,Night
F:\PHR\5643\20210812_043748.wav,8/31/23 11:49,HMS,Whoop,8/12/2021 6:04:23.3,8/12/2021 6:04:23.9,1,3,NA,NA,NA,NA,NA,NA,NA,2021-08-12,27.79205,-175.819217,Night
F:\PHR\5643\20210812_043748.wav,8/31/23 11:50,HMS,Croak,8/12/2021 6:04:24.0,8/12/2021 6:04:24.5,3,NA,NA,NA,NA,NA,NA,NA,NA,2021-08-12,27.79205,-175.819217,Night
F:\PHR\5643\20210812_043748.wav,8/31/23 11:50,HMS,Growl,8/12/2021 6:04:25.0,8/12/2021 6:04:27.3,3,NA,NA,NA,NA,NA,NA,NA,NA,2021-08-12,27.79205,-175.819217,Night
F:\PHR\5643\20210812_043748.wav,8/31/23 11:50,HMS,Whoop,8/12/2021 6:04:27.6,8/12/2021 6:04:28.0,1,2,NA,NA,NA,NA,NA,NA,NA,2021-08-12,27.79205,-175.819217,Night
F:\PHR\5643\20210812_043748.wav,8/31/23 11:50,HMS,Whoop,8/12/2021 6:04:31.4,8/12/2021 6:04:31.6,2,1,NA,NA,NA,NA,NA,NA,NA,2021-08-12,27.79205,-175.819217,Night
F:\PHR\5643\20210812_043748.wav,8/31/23 11:50,HMS,Growl,8/12/2021 6:04:33.6,8/12/2021 6:04:36.8,3,NA,NA,NA,NA,NA,NA,NA,NA,2021-08-12,27.79205,-175.819217,Night
F:\PHR\5643\20210812_043748.wav,8/31/23 11:50,HMS,Growl,8/12/2021 6:04:37.5,8/12/2021 6:04:39.1,3,NA,NA,NA,NA,NA,NA,NA,NA,2021-08-12,27.79205,-175.819217,Night
F:\PHR\5643\20210812_043748.wav,8/31/23 11:51,HMS,Whoop,8/12/2021 6:04:43.9,8/12/2021 6:04:44.9,3,3,NA,NA,NA,NA,whoops interruauthored by croak,NA,NA,2021-08-12,27.79205,-175.819217,Night
F:\PHR\5643\20210812_043748.wav,8/31/23 11:52,HMS,Croak,8/12/2021 6:04:44.9,8/12/2021 6:04:45.4,3,NA,NA,NA,NA,NA,NA,NA,NA,2021-08-12,27.79205,-175.819217,Night
F:\PHR\5643\20210812_043748.wav,8/31/23 11:52,HMS,Whoop,8/12/2021 6:04:45.9,8/12/2021 6:04:46.3,1,2,NA,NA,NA,NA,NA,NA,NA,2021-08-12,27.79205,-175.819217,Night
F:\PHR\5643\20210812_043748.wav,8/31/23 11:52,HMS,Growl,8/12/2021 7:01:22.5,8/12/2021 7:01:29.0,3,NA,NA,NA,NA,NA,NA,NA,NA,2021-08-12,27.79205,-175.819217,Night
F:\PHR\5643\20210812_043748.wav,8/31/23 11:53,HMS,Croak,8/12/2021 7:01:29.8,8/12/2021 7:01:30.1,2,NA,NA,NA,NA,NA,NA,NA,NA,2021-08-12,27.79205,-175.819217,Night
F:\PHR\5643\20210812_043748.wav,8/31/23 11:53,HMS,Croak,8/12/2021 7:01:32.7,8/12/2021 7:01:33.1,2,NA,NA,NA,NA,NA,NA,NA,NA,2021-08-12,27.79205,-175.819217,Night
F:\PHR\5643\20210812_043748.wav,8/31/23 11:53,HMS,Growl,8/12/2021 7:01:34.2,8/12/2021 7:01:37.1,3,NA,NA,NA,NA,NA,NA,NA,NA,2021-08-12,27.79205,-175.819217,Night
F:\PHR\5643\20210812_043748.wav,8/31/23 11:53,HMS,Croak,8/12/2021 7:01:39.3,8/12/2021 7:01:39.6,1,NA,NA,NA,NA,NA,NA,NA,NA,2021-08-12,27.79205,-175.819217,Night
F:\PHR\5643\20210812_043748.wav,8/31/23 11:53,HMS,Growl,8/12/2021 7:01:49.4,8/12/2021 7:01:50.3,3,NA,NA,NA,NA,NA,NA,NA,NA,2021-08-12,27.79205,-175.819217,Night
F:\PHR\5643\20210812_043748.wav,8/31/23 11:53,HMS,Croak,8/12/2021 7:01:50.6,8/12/2021 7:01:50.8,3,NA,NA,NA,NA,NA,NA,NA,NA,2021-08-12,27.79205,-175.819217,Night
F:\PHR\5643\20210812_043748.wav,8/31/23 11:54,HMS,Growl,8/12/2021 7:01:52.4,8/12/2021 7:01:55.1,3,NA,NA,NA,NA,NA,NA,NA,NA,2021-08-12,27.79205,-175.819217,Night
F:\PHR\5643\20210812_043748.wav,8/31/23 11:54,HMS,Croak,8/12/2021 7:01:57.4,8/12/2021 7:01:57.7,1,NA,NA,NA,NA,NA,NA,NA,NA,2021-08-12,27.79205,-175.819217,Night
F:\PHR\5643\20210812_043748.wav,8/31/23 11:54,HMS,Croak,8/12/2021 7:02:44.9,8/12/2021 7:02:45.0,1,NA,NA,NA,NA,NA,NA,NA,NA,2021-08-12,27.79205,-175.819217,Night
F:\PHR\5643\20210812_043748.wav,8/31/23 11:55,HMS,Growl,8/12/2021 7:03:21.0,8/12/2021 7:03:28.0,3,NA,NA,NA,NA,NA,NA,NA,NA,2021-08-12,27.79205,-175.819217,Night
F:\PHR\5643\20210812_043748.wav,8/31/23 11:55,HMS,Croak,8/12/2021 7:03:28.8,8/12/2021 7:03:29.1,3,NA,NA,NA,NA,NA,NA,NA,NA,2021-08-12,27.79205,-175.819217,Night
F:\PHR\5643\20210812_043748.wav,8/31/23 11:55,HMS,Croak,8/12/2021 7:03:32.6,8/12/2021 7:03:32.9,2,NA,NA,NA,NA,NA,NA,NA,NA,2021-08-12,27.79205,-175.819217,Night
F:\PHR\5643\20210812_043748.wav,8/31/23 11:55,HMS,Croak,8/12/2021 7:03:41.3,8/12/2021 7:03:41.7,3,NA,NA,NA,NA,NA,NA,NA,NA,2021-08-12,27.79205,-175.819217,Night
F:\PHR\5643\20210812_043748.wav,8/31/23 11:55,HMS,Growl,8/12/2021 7:03:42.3,8/12/2021 7:03:45.2,3,NA,NA,NA,NA,NA,NA,NA,NA,2021-08-12,27.79205,-175.819217,Night
F:\PHR\5643\20210812_043748.wav,8/31/23 11:55,HMS,Growl,8/12/2021 7:03:46.3,8/12/2021 7:03:49.2,3,NA,NA,NA,NA,NA,NA,NA,NA,2021-08-12,27.79205,-175.819217,Night
F:\PHR\5643\20210812_043748.wav,8/31/23 11:55,HMS,Growl,8/12/2021 7:03:54.9,8/12/2021 7:03:57.7,3,NA,NA,NA,NA,NA,weird growl,NA,NA,2021-08-12,27.79205,-175.819217,Night
F:\PHR\5643\20210812_073747.wav,8/31/23 11:56,HMS,Growl,8/12/2021 8:00:00.9,8/12/2021 8:00:08.3,3,NA,NA,NA,NA,NA,NA,NA,NA,2021-08-12,27.79205,-175.819217,Day
F:\PHR\5643\20210812_073747.wav,8/31/23 11:56,HMS,Croak,8/12/2021 8:00:08.9,8/12/2021 8:00:09.2,3,NA,NA,NA,NA,NA,NA,NA,NA,2021-08-12,27.79205,-175.819217,Day
F:\PHR\5643\20210812_073747.wav,8/31/23 11:57,HMS,Growl,8/12/2021 8:00:11.5,8/12/2021 8:00:14.2,3,NA,NA,NA,NA,NA,NA,NA,NA,2021-08-12,27.79205,-175.819217,Day
F:\PHR\5643\20210812_073747.wav,8/31/23 11:57,HMS,Whoop,8/12/2021 8:00:15.2,8/12/2021 8:00:16.0,2,4,NA,NA,NA,NA,NA,NA,NA,2021-08-12,27.79205,-175.819217,Day
F:\PHR\5643\20210812_073747.wav,8/31/23 11:57,HMS,MoanBridgeGrowl,8/12/2021 8:00:21.1,8/12/2021 8:00:24.4,3,NA,NA,NA,NA,NA,NA,NA,NA,2021-08-12,27.79205,-175.819217,Day
F:\PHR\5643\20210812_073747.wav,8/31/23 11:57,HMS,Whoop,8/12/2021 8:00:27.3,8/12/2021 8:00:27.5,1,1,NA,NA,NA,NA,NA,NA,NA,2021-08-12,27.79205,-175.819217,Day
F:\PHR\5643\20210812_073747.wav,8/31/23 11:58,HMS,Croak,8/12/2021 8:00:28.2,8/12/2021 8:00:28.6,2,NA,NA,NA,NA,NA,NA,NA,NA,2021-08-12,27.79205,-175.819217,Day
F:\PHR\5643\20210812_073747.wav,8/31/23 11:58,HMS,Growl,8/12/2021 8:00:37.4,8/12/2021 8:00:38.4,3,NA,NA,NA,NA,NA,NA,NA,NA,2021-08-12,27.79205,-175.819217,Day
F:\PHR\5643\20210812_073747.wav,8/31/23 11:58,HMS,Croak,8/12/2021 8:00:39.0,8/12/2021 8:00:39.2,3,NA,NA,NA,NA,NA,NA,NA,NA,2021-08-12,27.79205,-175.819217,Day
F:\PHR\5643\20210812_073747.wav,8/31/23 11:59,HMS,Growl,8/12/2021 8:02:29.3,8/12/2021 8:02:36.4,3,NA,NA,NA,NA,NA,NA,NA,NA,2021-08-12,27.79205,-175.819217,Day
F:\PHR\5643\20210812_073747.wav,8/31/23 11:59,HMS,Croak,8/12/2021 8:02:36.8,8/12/2021 8:02:37.0,3,NA,NA,NA,NA,NA,NA,NA,NA,2021-08-12,27.79205,-175.819217,Day
F:\PHR\5643\20210812_073747.wav,8/31/23 11:59,HMS,Croak,8/12/2021 8:02:40.1,8/12/2021 8:02:40.3,2,NA,NA,NA,NA,NA,NA,NA,NA,2021-08-12,27.79205,-175.819217,Day
F:\PHR\5643\20210812_073747.wav,8/31/23 11:59,HMS,Croak,8/12/2021 8:02:42.5,8/12/2021 8:02:42.9,2,NA,NA,NA,NA,NA,NA,NA,NA,2021-08-12,27.79205,-175.819217,Day
F:\PHR\5643\20210812_073747.wav,8/31/23 11:59,HMS,Growl,8/12/2021 8:02:43.7,8/12/2021 8:02:46.3,3,NA,NA,NA,NA,NA,NA,NA,NA,2021-08-12,27.79205,-175.819217,Day
F:\PHR\5643\20210812_073747.wav,8/31/23 11:59,HMS,Whoop,8/12/2021 8:02:49.0,8/12/2021 8:02:49.8,1,3,NA,NA,NA,NA,NA,NA,NA,2021-08-12,27.79205,-175.819217,Day
F:\PHR\5643\20210812_073747.wav,8/31/23 11:59,HMS,Croak,8/12/2021 8:02:49.9,8/12/2021 8:02:50.3,3,NA,NA,NA,NA,NA,NA,NA,NA,2021-08-12,27.79205,-175.819217,Day
F:\PHR\5643\20210812_073747.wav,8/31/23 12:00,HMS,Whoop,8/12/2021 8:02:51.0,8/12/2021 8:02:51.8,1,3,NA,NA,NA,NA,NA,NA,NA,2021-08-12,27.79205,-175.819217,Day
F:\PHR\5643\20210812_073747.wav,8/31/23 12:00,HMS,Croak,8/12/2021 8:02:52.0,8/12/2021 8:02:52.4,3,NA,NA,NA,NA,NA,NA,NA,NA,2021-08-12,27.79205,-175.819217,Day
F:\PHR\5643\20210812_073747.wav,8/31/23 12:00,HMS,Croak,8/12/2021 8:02:54.2,8/12/2021 8:02:54.7,2,NA,NA,NA,NA,NA,NA,NA,NA,2021-08-12,27.79205,-175.819217,Day
F:\PHR\5643\20210812_073747.wav,8/31/23 12:00,HMS,Growl,8/12/2021 8:02:55.4,8/12/2021 8:02:58.3,3,NA,NA,NA,NA,NA,NA,NA,NA,2021-08-12,27.79205,-175.819217,Day
F:\PHR\5643\20210812_073747.wav,8/31/23 12:00,HMS,Croak,8/12/2021 8:03:01.1,8/12/2021 8:03:01.4,1,NA,NA,NA,NA,NA,NA,NA,NA,2021-08-12,27.79205,-175.819217,Day
F:\PHR\5643\20210812_073747.wav,8/31/23 12:01,HMS,Growl,8/12/2021 8:04:50.5,8/12/2021 8:04:56.8,2,NA,NA,NA,NA,NA,NA,NA,NA,2021-08-12,27.79205,-175.819217,Day
F:\PHR\5643\20210812_073747.wav,8/31/23 12:10,HMS,Growl,8/12/2021 9:00:28.9,8/12/2021 9:00:32.2,1,NA,NA,NA,NA,NA,NA,NA,NA,2021-08-12,27.79205,-175.819217,Day
F:\PHR\5643\20210812_073747.wav,8/31/23 12:10,HMS,Growl,8/12/2021 9:00:42.4,8/12/2021 9:00:43.1,1,NA,NA,NA,NA,NA,NA,NA,NA,2021-08-12,27.79205,-175.819217,Day
F:\PHR\5643\20210812_073747.wav,8/31/23 12:10,HMS,Growl,8/12/2021 9:00:44.6,8/12/2021 9:00:47.4,1,NA,NA,NA,NA,NA,NA,NA,NA,2021-08-12,27.79205,-175.819217,Day
F:\PHR\5643\20210812_073747.wav,8/31/23 12:10,HMS,Croak,8/12/2021 9:00:48.7,8/12/2021 9:00:49.1,1,NA,NA,NA,NA,NA,NA,NA,NA,2021-08-12,27.79205,-175.819217,Day
F:\PHR\5643\20210812_073747.wav,8/31/23 12:10,HMS,Growl,8/12/2021 9:00:49.7,8/12/2021 9:00:52.9,1,NA,NA,NA,NA,NA,NA,NA,NA,2021-08-12,27.79205,-175.819217,Day
F:\PHR\5643\20210812_073747.wav,8/31/23 12:10,HMS,Growl,8/12/2021 9:01:04.3,8/12/2021 9:01:05.3,1,NA,NA,NA,NA,NA,NA,NA,NA,2021-08-12,27.79205,-175.819217,Day
F:\PHR\5643\20210812_073747.wav,8/31/23 12:11,HMS,Croak,8/12/2021 9:01:08.3,8/12/2021 9:01:08.6,1,NA,NA,NA,NA,NA,NA,NA,NA,2021-08-12,27.79205,-175.819217,Day
F:\PHR\5643\20210812_073747.wav,8/31/23 12:11,HMS,Growl,8/12/2021 9:01:09.4,8/12/2021 9:01:12.7,1,NA,NA,NA,NA,NA,NA,NA,NA,2021-08-12,27.79205,-175.819217,Day
F:\PHR\5643\20210812_073747.wav,8/31/23 12:11,HMS,Growl,8/12/2021 9:02:00.6,8/12/2021 9:02:04.7,1,NA,NA,NA,NA,NA,NA,NA,NA,2021-08-12,27.79205,-175.819217,Day
F:\PHR\5643\20210812_073747.wav,8/31/23 12:11,HMS,Growl,8/12/2021 9:02:05.9,8/12/2021 9:02:06.5,1,NA,NA,NA,NA,NA,NA,NA,NA,2021-08-12,27.79205,-175.819217,Day
F:\PHR\5643\20210812_073747.wav,8/31/23 12:11,HMS,Growl,8/12/2021 9:02:08.8,8/12/2021 9:02:12.1,1,NA,NA,NA,NA,NA,NA,NA,NA,2021-08-12,27.79205,-175.819217,Day
F:\PHR\5643\20210812_073747.wav,8/31/23 12:11,HMS,Growl,8/12/2021 9:02:13.2,8/12/2021 9:02:16.8,1,NA,NA,NA,NA,NA,NA,NA,NA,2021-08-12,27.79205,-175.819217,Day
F:\PHR\5643\20210812_073747.wav,8/31/23 12:12,HMS,Growl,8/12/2021 9:03:11.8,8/12/2021 9:03:17.8,2,NA,NA,NA,NA,NA,NA,NA,NA,2021-08-12,27.79205,-175.819217,Day
F:\PHR\5643\20210812_073747.wav,8/31/23 12:12,HMS,Croak,8/12/2021 9:03:19.8,8/12/2021 9:03:20.1,2,NA,NA,NA,NA,NA,NA,NA,NA,2021-08-12,27.79205,-175.819217,Day
F:\PHR\5643\20210812_073747.wav,8/31/23 12:12,HMS,Croak,8/12/2021 9:03:22.7,8/12/2021 9:03:23.1,2,NA,NA,NA,NA,NA,NA,NA,NA,2021-08-12,27.79205,-175.819217,Day
F:\PHR\5643\20210812_073747.wav,8/31/23 12:12,HMS,Growl,8/12/2021 9:03:24.4,8/12/2021 9:03:27.3,2,NA,NA,NA,NA,NA,NA,NA,NA,2021-08-12,27.79205,-175.819217,Day
F:\PHR\5643\20210812_073747.wav,8/31/23 12:13,HMS,Growl,8/12/2021 9:03:33.7,8/12/2021 9:03:37.0,2,NA,NA,NA,NA,NA,NA,NA,NA,2021-08-12,27.79205,-175.819217,Day
F:\PHR\5643\20210812_073747.wav,8/31/23 12:13,HMS,Croak,8/12/2021 9:03:37.1,8/12/2021 9:03:37.5,2,NA,NA,NA,NA,NA,NA,NA,NA,2021-08-12,27.79205,-175.819217,Day
F:\PHR\5643\20210812_073747.wav,8/31/23 12:13,HMS,Growl,8/12/2021 9:03:38.0,8/12/2021 9:03:42.2,2,NA,NA,NA,NA,NA,NA,NA,NA,2021-08-12,27.79205,-175.819217,Day
F:\PHR\5643\20210812_073747.wav,8/31/23 12:13,HMS,Growl,8/12/2021 9:03:43.1,8/12/2021 9:03:48.4,2,NA,NA,NA,NA,NA,NA,NA,NA,2021-08-12,27.79205,-175.819217,Day
F:\PHR\5643\20210812_073747.wav,8/31/23 12:13,HMS,Croak,8/12/2021 9:03:52.2,8/12/2021 9:03:52.4,2,NA,NA,NA,NA,NA,NA,NA,NA,2021-08-12,27.79205,-175.819217,Day
F:\PHR\5643\20210812_073747.wav,8/31/23 12:13,HMS,Growl,8/12/2021 9:03:58.6,8/12/2021 9:04:00.3,2,NA,NA,NA,NA,NA,NA,NA,NA,2021-08-12,27.79205,-175.819217,Day
F:\PHR\5643\20210812_073747.wav,8/31/23 12:13,HMS,Growl,8/12/2021 9:04:21.2,8/12/2021 9:04:22.1,1,NA,NA,NA,NA,NA,NA,NA,NA,2021-08-12,27.79205,-175.819217,Day
F:\PHR\5643\20210812_073747.wav,8/31/23 12:14,HMS,Croak,8/12/2021 9:04:22.5,8/12/2021 9:04:22.9,1,NA,NA,NA,NA,NA,NA,NA,NA,2021-08-12,27.79205,-175.819217,Day
F:\PHR\5643\20210812_073747.wav,8/31/23 12:14,HMS,Growl,8/12/2021 9:04:24.4,8/12/2021 9:04:26.6,1,NA,NA,NA,NA,NA,NA,NA,NA,2021-08-12,27.79205,-175.819217,Day
F:\PHR\5643\20210812_073747.wav,8/31/23 12:14,HMS,Growl,8/12/2021 9:04:32.8,8/12/2021 9:04:34.8,1,NA,NA,NA,NA,NA,NA,NA,NA,2021-08-12,27.79205,-175.819217,Day
F:\PHR\5643\20210812_073747.wav,8/31/23 12:14,HMS,MoanBridgeGrowl,8/12/2021 10:00:06.6,8/12/2021 10:00:10.5,1,NA,NA,NA,NA,NA,NA,NA,NA,2021-08-12,27.79205,-175.819217,Day
F:\PHR\5643\20210812_073747.wav,8/31/23 12:15,HMS,Growl,8/12/2021 10:00:36.8,8/12/2021 10:00:37.7,2,NA,NA,NA,NA,NA,NA,NA,NA,2021-08-12,27.79205,-175.819217,Day
F:\PHR\5643\20210812_073747.wav,8/31/23 12:15,HMS,Croak,8/12/2021 10:00:38.0,8/12/2021 10:00:38.2,2,NA,NA,NA,NA,NA,NA,NA,NA,2021-08-12,27.79205,-175.819217,Day
F:\PHR\5643\20210812_073747.wav,8/31/23 12:15,HMS,Growl,8/12/2021 10:00:39.3,8/12/2021 10:00:42.1,3,NA,NA,NA,NA,NA,NA,NA,NA,2021-08-12,27.79205,-175.819217,Day
F:\PHR\5643\20210812_073747.wav,8/31/23 12:15,HMS,Whoop,8/12/2021 10:00:44.0,8/12/2021 10:00:45.2,2,3,NA,NA,NA,NA,NA,NA,NA,2021-08-12,27.79205,-175.819217,Day
F:\PHR\5643\20210812_073747.wav,8/31/23 12:15,HMS,Croak,8/12/2021 10:00:45.5,8/12/2021 10:00:45.8,2,NA,NA,NA,NA,NA,NA,NA,NA,2021-08-12,27.79205,-175.819217,Day
F:\PHR\5643\20210812_073747.wav,8/31/23 12:15,HMS,Growl,8/12/2021 10:00:46.5,8/12/2021 10:00:50.3,2,NA,NA,NA,NA,NA,NA,NA,NA,2021-08-12,27.79205,-175.819217,Day
F:\PHR\5643\20210812_073747.wav,8/31/23 12:15,HMS,Growl,8/12/2021 10:00:51.5,8/12/2021 10:00:54.4,2,NA,NA,NA,NA,NA,NA,NA,NA,2021-08-12,27.79205,-175.819217,Day
F:\PHR\5643\20210812_073747.wav,8/31/23 12:15,HMS,Croak,8/12/2021 10:00:57.6,8/12/2021 10:00:57.8,2,NA,NA,NA,NA,NA,NA,NA,NA,2021-08-12,27.79205,-175.819217,Day
F:\PHR\5643\20210812_073747.wav,8/31/23 12:16,HMS,Whoop,8/12/2021 10:00:58.5,8/12/2021 10:00:58.9,1,2,NA,NA,NA,NA,NA,NA,NA,2021-08-12,27.79205,-175.819217,Day
F:\PHR\5643\20210812_073747.wav,8/31/23 12:16,HMS,Croak,8/12/2021 10:01:02.8,8/12/2021 10:01:03.2,2,NA,NA,NA,NA,NA,NA,NA,NA,2021-08-12,27.79205,-175.819217,Day
F:\PHR\5643\20210812_073747.wav,8/31/23 12:16,HMS,Growl,8/12/2021 10:01:43.5,8/12/2021 10:01:47.1,1,NA,NA,NA,NA,NA,NA,NA,NA,2021-08-12,27.79205,-175.819217,Day
F:\PHR\5643\20210812_073747.wav,8/31/23 12:16,HMS,Growl,8/12/2021 10:01:47.1,8/12/2021 10:01:51.1,1,NA,NA,NA,NA,NA,NA,NA,NA,2021-08-12,27.79205,-175.819217,Day
F:\PHR\5643\20210812_073747.wav,8/31/23 12:16,HMS,Croak,8/12/2021 10:01:56.6,8/12/2021 10:01:56.9,1,NA,NA,NA,NA,NA,NA,NA,NA,2021-08-12,27.79205,-175.819217,Day
F:\PHR\5643\20210812_073747.wav,8/31/23 12:16,HMS,Growl,8/12/2021 10:01:57.5,8/12/2021 10:01:59.3,1,NA,NA,NA,NA,NA,NA,NA,NA,2021-08-12,27.79205,-175.819217,Day
F:\PHR\5643\20210812_073747.wav,8/31/23 12:16,HMS,Croak,8/12/2021 10:02:06.6,8/12/2021 10:02:06.9,1,NA,NA,NA,NA,NA,NA,NA,NA,2021-08-12,27.79205,-175.819217,Day
F:\PHR\5643\20210812_073747.wav,8/31/23 12:17,HMS,Growl,8/12/2021 10:02:07.6,8/12/2021 10:02:11.7,2,NA,NA,NA,NA,NA,NA,NA,NA,2021-08-12,27.79205,-175.819217,Day
F:\PHR\5643\20210812_073747.wav,8/31/23 12:17,HMS,Growl,8/12/2021 10:02:13.9,8/12/2021 10:02:14.8,2,NA,NA,NA,NA,NA,NA,NA,NA,2021-08-12,27.79205,-175.819217,Day
F:\PHR\5643\20210812_073747.wav,8/31/23 12:17,HMS,Croak,8/12/2021 10:02:15.5,8/12/2021 10:02:15.7,2,NA,NA,NA,NA,NA,NA,NA,NA,2021-08-12,27.79205,-175.819217,Day
F:\PHR\5643\20210812_073747.wav,8/31/23 12:17,HMS,Growl,8/12/2021 10:02:21.0,8/12/2021 10:02:25.4,3,NA,NA,NA,NA,NA,NA,NA,NA,2021-08-12,27.79205,-175.819217,Day
F:\PHR\5643\20210812_073747.wav,8/31/23 12:17,HMS,Whoop,8/12/2021 10:02:25.6,8/12/2021 10:02:26.4,2,3,NA,NA,NA,NA,NA,NA,NA,2021-08-12,27.79205,-175.819217,Day
F:\PHR\5643\20210812_073747.wav,8/31/23 12:17,HMS,Croak,8/12/2021 10:02:26.6,8/12/2021 10:02:27.1,2,NA,NA,NA,NA,NA,NA,NA,NA,2021-08-12,27.79205,-175.819217,Day
F:\PHR\5643\20210812_073747.wav,8/31/23 12:17,HMS,Growl,8/12/2021 10:02:27.6,8/12/2021 10:02:32.6,3,NA,NA,NA,NA,NA,NA,NA,NA,2021-08-12,27.79205,-175.819217,Day
F:\PHR\5643\20210812_073747.wav,8/31/23 12:17,HMS,Whoop,8/12/2021 10:02:36.3,8/12/2021 10:02:37.1,2,2,NA,NA,NA,NA,NA,NA,NA,2021-08-12,27.79205,-175.819217,Day
F:\PHR\5643\20210812_073747.wav,8/31/23 12:18,HMS,Moan,8/12/2021 10:02:38.2,8/12/2021 10:02:39.7,3,NA,NA,NA,NA,NA,NA,NA,NA,2021-08-12,27.79205,-175.819217,Day
F:\PHR\5643\20210812_073747.wav,8/31/23 12:18,HMS,MoanGrowl,8/12/2021 10:02:39.9,8/12/2021 10:02:45.0,3,NA,NA,NA,NA,NA,NA,NA,NA,2021-08-12,27.79205,-175.819217,Day
F:\PHR\5643\20210812_073747.wav,8/31/23 12:18,HMS,Croak,8/12/2021 10:02:47.6,8/12/2021 10:02:47.7,2,NA,NA,NA,NA,NA,NA,NA,NA,2021-08-12,27.79205,-175.819217,Day
F:\PHR\5643\20210812_073747.wav,8/31/23 12:18,HMS,Growl,8/12/2021 10:02:52.0,8/12/2021 10:02:53.2,2,NA,NA,NA,NA,NA,NA,NA,NA,2021-08-12,27.79205,-175.819217,Day
F:\PHR\5643\20210812_073747.wav,8/31/23 12:18,HMS,Croak,8/12/2021 10:02:54.3,8/12/2021 10:02:54.5,1,NA,NA,NA,NA,NA,NA,NA,NA,2021-08-12,27.79205,-175.819217,Day
F:\PHR\5643\20210812_073747.wav,8/31/23 12:19,HMS,Growl,8/12/2021 10:02:57.6,8/12/2021 10:03:02.4,1,NA,NA,NA,NA,NA,NA,NA,NA,2021-08-12,27.79205,-175.819217,Day
F:\PHR\5643\20210812_073747.wav,8/31/23 12:19,HMS,Croak,8/12/2021 10:03:05.1,8/12/2021 10:03:05.3,1,NA,NA,NA,NA,NA,NA,NA,NA,2021-08-12,27.79205,-175.819217,Day
F:\PHR\5643\20210812_073747.wav,8/31/23 12:19,HMS,Growl,8/12/2021 10:03:09.9,8/12/2021 10:03:12.1,1,NA,NA,NA,NA,NA,NA,NA,NA,2021-08-12,27.79205,-175.819217,Day
F:\PHR\5643\20210812_073747.wav,8/31/23 12:19,HMS,Growl,8/12/2021 10:03:38.8,8/12/2021 10:03:42.3,1,NA,NA,NA,NA,NA,NA,NA,NA,2021-08-12,27.79205,-175.819217,Day
F:\PHR\5643\20210812_073747.wav,8/31/23 12:19,HMS,Croak,8/12/2021 10:03:42.9,8/12/2021 10:03:43.4,1,NA,NA,NA,NA,NA,NA,NA,NA,2021-08-12,27.79205,-175.819217,Day
F:\PHR\5643\20210812_073747.wav,8/31/23 12:19,HMS,Growl,8/12/2021 10:03:45.5,8/12/2021 10:03:49.1,1,NA,NA,NA,NA,NA,NA,NA,NA,2021-08-12,27.79205,-175.819217,Day
F:\PHR\5643\20210812_073747.wav,8/31/23 12:19,HMS,Growl,8/12/2021 10:03:55.0,8/12/2021 10:03:57.7,1,NA,NA,NA,NA,NA,NA,NA,NA,2021-08-12,27.79205,-175.819217,Day
F:\PHR\5643\20210812_073747.wav,8/31/23 12:20,HMS,Growl,8/12/2021 10:04:04.5,8/12/2021 10:04:12.0,2,NA,NA,NA,NA,NA,NA,NA,NA,2021-08-12,27.79205,-175.819217,Day
F:\PHR\5643\20210812_073747.wav,8/31/23 12:20,HMS,Growl,8/12/2021 10:04:14.3,8/12/2021 10:04:15.2,2,NA,NA,NA,NA,NA,NA,NA,NA,2021-08-12,27.79205,-175.819217,Day
F:\PHR\5643\20210812_073747.wav,8/31/23 12:20,HMS,Croak,8/12/2021 10:04:16.2,8/12/2021 10:04:16.4,1,NA,NA,NA,NA,NA,NA,NA,NA,2021-08-12,27.79205,-175.819217,Day
F:\PHR\5643\20210812_073747.wav,8/31/23 12:20,HMS,Croak,8/12/2021 10:04:21.6,8/12/2021 10:04:22.1,2,NA,NA,NA,NA,NA,NA,NA,NA,2021-08-12,27.79205,-175.819217,Day
F:\PHR\5643\20210812_073747.wav,8/31/23 12:20,HMS,Growl,8/12/2021 10:04:22.7,8/12/2021 10:04:26.2,2,NA,NA,NA,NA,NA,NA,NA,NA,2021-08-12,27.79205,-175.819217,Day
F:\PHR\5643\20210812_073747.wav,8/31/23 12:20,HMS,Growl,8/12/2021 10:04:27.3,8/12/2021 10:04:31.6,2,NA,NA,NA,NA,NA,NA,NA,NA,2021-08-12,27.79205,-175.819217,Day
F:\PHR\5643\20210812_073747.wav,8/31/23 12:21,HMS,Croak,8/12/2021 10:04:35.2,8/12/2021 10:04:35.5,2,NA,NA,NA,NA,NA,NA,NA,NA,2021-08-12,27.79205,-175.819217,Day
F:\PHR\5643\20210812_073747.wav,8/31/23 12:21,HMS,Growl,8/12/2021 10:04:40.1,8/12/2021 10:04:44.7,2,NA,NA,NA,NA,NA,NA,NA,NA,2021-08-12,27.79205,-175.819217,Day
F:\PHR\5643\20210812_073747.wav,8/31/23 12:21,HMS,Croak,8/12/2021 10:04:47.7,8/12/2021 10:04:47.9,2,NA,NA,NA,NA,NA,NA,NA,NA,2021-08-12,27.79205,-175.819217,Day
F:\PHR\5643\20210812_073747.wav,8/31/23 12:21,HMS,Growl,8/12/2021 10:04:53.6,8/12/2021 10:04:58.7,2,NA,NA,NA,NA,NA,NA,NA,NA,2021-08-12,27.79205,-175.819217,Day
C:\Users\mmrph\Desktop\author's Interns\PHR_wavfiles\WAVfiles\210812\20210812_103746.wav,11/3/22 11:40,HMS,Croak,8/12/2021 11:00:02.4,8/12/2021 11:00:02.7,2,NA,NA,NA,NA,NA,NA,NA,NA,2021-08-12,27.79205,-175.819217,Day
C:\Users\mmrph\Desktop\author's Interns\PHR_wavfiles\WAVfiles\210812\20210812_103746.wav,11/3/22 11:40,HMS,Growl,8/12/2021 11:00:06.8,8/12/2021 11:00:11.1,2,NA,NA,NA,NA,NA,NA,NA,NA,2021-08-12,27.79205,-175.819217,Day
C:\Users\mmrph\Desktop\author's Interns\PHR_wavfiles\WAVfiles\210812\20210812_103746.wav,11/3/22 11:41,HMS,Whoop,8/12/2021 11:00:14.1,8/12/2021 11:00:15.2,2,3,NA,NA,NA,NA,NA,NA,NA,2021-08-12,27.79205,-175.819217,Day
C:\Users\mmrph\Desktop\author's Interns\PHR_wavfiles\WAVfiles\210812\20210812_103746.wav,11/3/22 11:41,HMS,Growl,8/12/2021 11:00:20.0,8/12/2021 11:00:21.3,2,NA,NA,NA,NA,NA,NA,NA,NA,2021-08-12,27.79205,-175.819217,Day
C:\Users\mmrph\Desktop\author's Interns\PHR_wavfiles\WAVfiles\210812\20210812_103746.wav,11/3/22 11:41,HMS,Whoop,8/12/2021 11:00:22.7,8/12/2021 11:00:23.3,2,2,NA,NA,NA,NA,NA,NA,NA,2021-08-12,27.79205,-175.819217,Day
C:\Users\mmrph\Desktop\author's Interns\PHR_wavfiles\WAVfiles\210812\20210812_103746.wav,11/3/22 11:41,HMS,Growl,8/12/2021 11:00:29.0,8/12/2021 11:00:32.4,2,NA,NA,NA,NA,NA,NA,NA,NA,2021-08-12,27.79205,-175.819217,Day
C:\Users\mmrph\Desktop\author's Interns\PHR_wavfiles\WAVfiles\210812\20210812_103746.wav,11/3/22 11:42,HMS,Growl,8/12/2021 11:00:39.6,8/12/2021 11:00:43.9,1,NA,NA,NA,NA,NA,NA,NA,NA,2021-08-12,27.79205,-175.819217,Day
C:\Users\mmrph\Desktop\author's Interns\PHR_wavfiles\WAVfiles\210812\20210812_103746.wav,11/3/22 11:42,HMS,Croak,8/12/2021 11:00:45.5,8/12/2021 11:00:46.3,1,NA,NA,NA,NA,NA,NA,NA,NA,2021-08-12,27.79205,-175.819217,Day
C:\Users\mmrph\Desktop\author's Interns\PHR_wavfiles\WAVfiles\210812\20210812_103746.wav,11/3/22 11:42,HMS,Growl,8/12/2021 11:00:53.4,8/12/2021 11:00:57.4,1,NA,NA,NA,NA,NA,NA,NA,NA,2021-08-12,27.79205,-175.819217,Day
C:\Users\mmrph\Desktop\author's Interns\PHR_wavfiles\WAVfiles\210812\20210812_103746.wav,11/3/22 11:44,HMS,Croak,8/12/2021 11:01:03.7,8/12/2021 11:01:04.0,1,NA,NA,NA,NA,NA,NA,NA,NA,2021-08-12,27.79205,-175.819217,Day
C:\Users\mmrph\Desktop\author's Interns\PHR_wavfiles\WAVfiles\210812\20210812_103746.wav,11/3/22 11:44,HMS,Croak,8/12/2021 11:01:04.7,8/12/2021 11:01:05.2,1,NA,NA,NA,NA,NA,NA,NA,NA,2021-08-12,27.79205,-175.819217,Day
C:\Users\mmrph\Desktop\author's Interns\PHR_wavfiles\WAVfiles\210812\20210812_103746.wav,11/3/22 11:44,HMS,Growl,8/12/2021 11:01:08.4,8/12/2021 11:01:12.1,1,NA,NA,NA,NA,NA,NA,NA,NA,2021-08-12,27.79205,-175.819217,Day
C:\Users\mmrph\Desktop\author's Interns\PHR_wavfiles\WAVfiles\210812\20210812_103746.wav,11/3/22 11:44,HMS,Croak,8/12/2021 11:01:19.3,8/12/2021 11:01:19.7,1,NA,NA,NA,NA,NA,NA,NA,NA,2021-08-12,27.79205,-175.819217,Day
C:\Users\mmrph\Desktop\author's Interns\PHR_wavfiles\WAVfiles\210812\20210812_103746.wav,11/3/22 11:44,HMS,Croak,8/12/2021 11:01:20.3,8/12/2021 11:01:20.6,1,NA,NA,NA,NA,NA,NA,NA,NA,2021-08-12,27.79205,-175.819217,Day
C:\Users\mmrph\Desktop\author's Interns\PHR_wavfiles\WAVfiles\210812\20210812_103746.wav,11/3/22 12:30,HMS,Growl,8/12/2021 11:02:26.0,8/12/2021 11:02:30.4,2,NA,NA,NA,NA,NA,NA,NA,NA,2021-08-12,27.79205,-175.819217,Day
C:\Users\mmrph\Desktop\author's Interns\PHR_wavfiles\WAVfiles\210812\20210812_103746.wav,11/3/22 12:31,HMS,Croak,8/12/2021 11:02:30.9,8/12/2021 11:02:31.1,2,NA,NA,NA,NA,NA,NA,NA,NA,2021-08-12,27.79205,-175.819217,Day
C:\Users\mmrph\Desktop\author's Interns\PHR_wavfiles\WAVfiles\210812\20210812_103746.wav,11/3/22 12:31,HMS,Whoop,8/12/2021 11:02:32.8,8/12/2021 11:02:33.1,1,1,NA,NA,NA,NA,NA,NA,NA,2021-08-12,27.79205,-175.819217,Day
C:\Users\mmrph\Desktop\author's Interns\PHR_wavfiles\WAVfiles\210812\20210812_103746.wav,11/3/22 12:31,HMS,Croak,8/12/2021 11:02:33.7,8/12/2021 11:02:34.1,2,NA,NA,NA,NA,NA,NA,NA,NA,2021-08-12,27.79205,-175.819217,Day
C:\Users\mmrph\Desktop\author's Interns\PHR_wavfiles\WAVfiles\210812\20210812_103746.wav,11/3/22 12:32,HMS,Growl,8/12/2021 11:02:34.8,8/12/2021 11:02:36.9,3,NA,NA,NA,NA,NA,NA,NA,NA,2021-08-12,27.79205,-175.819217,Day
C:\Users\mmrph\Desktop\author's Interns\PHR_wavfiles\WAVfiles\210812\20210812_103746.wav,11/3/22 12:32,HMS,Whoop,8/12/2021 11:02:37.5,8/12/2021 11:02:37.9,1,2,NA,NA,NA,NA,NA,NA,NA,2021-08-12,27.79205,-175.819217,Day
C:\Users\mmrph\Desktop\author's Interns\PHR_wavfiles\WAVfiles\210812\20210812_103746.wav,11/3/22 12:32,HMS,Croak,8/12/2021 11:02:38.5,8/12/2021 11:02:38.9,2,NA,NA,NA,NA,NA,NA,NA,NA,2021-08-12,27.79205,-175.819217,Day
C:\Users\mmrph\Desktop\author's Interns\PHR_wavfiles\WAVfiles\210812\20210812_103746.wav,11/3/22 12:32,HMS,Growl,8/12/2021 11:02:39.3,8/12/2021 11:02:42.4,3,NA,NA,NA,NA,NA,NA,NA,NA,2021-08-12,27.79205,-175.819217,Day
C:\Users\mmrph\Desktop\author's Interns\PHR_wavfiles\WAVfiles\210812\20210812_103746.wav,11/3/22 12:32,HMS,Croak,8/12/2021 11:02:46.5,8/12/2021 11:02:46.8,2,NA,NA,NA,NA,NA,NA,NA,NA,2021-08-12,27.79205,-175.819217,Day
C:\Users\mmrph\Desktop\author's Interns\PHR_wavfiles\WAVfiles\210812\20210812_103746.wav,11/3/22 12:32,HMS,Croak,8/12/2021 11:02:51.6,8/12/2021 11:02:52.0,2,NA,NA,NA,NA,NA,NA,NA,NA,2021-08-12,27.79205,-175.819217,Day
C:\Users\mmrph\Desktop\author's Interns\PHR_wavfiles\WAVfiles\210812\20210812_103746.wav,11/3/22 12:32,HMS,Growl,8/12/2021 11:02:52.6,8/12/2021 11:02:56.8,3,NA,NA,NA,NA,NA,NA,NA,NA,2021-08-12,27.79205,-175.819217,Day
C:\Users\mmrph\Desktop\author's Interns\PHR_wavfiles\WAVfiles\210812\20210812_103746.wav,11/3/22 12:33,HMS,Growl,8/12/2021 11:02:57.8,8/12/2021 11:03:01.7,3,NA,NA,NA,NA,NA,NA,NA,NA,2021-08-12,27.79205,-175.819217,Day
C:\Users\mmrph\Desktop\author's Interns\PHR_wavfiles\WAVfiles\210812\20210812_103746.wav,11/3/22 12:33,HMS,Whoop,8/12/2021 11:03:02.1,8/12/2021 11:03:02.6,2,2,NA,NA,NA,NA,NA,NA,NA,2021-08-12,27.79205,-175.819217,Day
C:\Users\mmrph\Desktop\author's Interns\PHR_wavfiles\WAVfiles\210812\20210812_103746.wav,11/3/22 12:34,HMS,Growl,8/12/2021 11:03:02.8,8/12/2021 11:03:05.5,1,NA,NA,NA,NA,NA,maybe 2 monk seals communicating,NA,NA,2021-08-12,27.79205,-175.819217,Day
C:\Users\mmrph\Desktop\author's Interns\PHR_wavfiles\WAVfiles\210812\20210812_103746.wav,11/3/22 12:34,HMS,Croak,8/12/2021 11:03:06.8,8/12/2021 11:03:07.1,2,NA,NA,NA,NA,NA,NA,NA,NA,2021-08-12,27.79205,-175.819217,Day
C:\Users\mmrph\Desktop\author's Interns\PHR_wavfiles\WAVfiles\210812\20210812_103746.wav,11/3/22 12:34,HMS,Growl,8/12/2021 11:03:06.2,8/12/2021 11:03:10.2,1,NA,NA,NA,NA,NA,NA,NA,NA,2021-08-12,27.79205,-175.819217,Day
C:\Users\mmrph\Desktop\author's Interns\PHR_wavfiles\WAVfiles\210812\20210812_103746.wav,11/3/22 12:34,HMS,Growl,8/12/2021 11:03:19.6,8/12/2021 11:03:22.4,1,NA,NA,NA,NA,NA,NA,NA,NA,2021-08-12,27.79205,-175.819217,Day
C:\Users\mmrph\Desktop\author's Interns\PHR_wavfiles\WAVfiles\210812\20210812_103746.wav,11/3/22 12:37,HMS,Growl,8/12/2021 11:04:01.7,8/12/2021 11:04:08.4,3,NA,NA,NA,NA,NA,NA,NA,NA,2021-08-12,27.79205,-175.819217,Day
C:\Users\mmrph\Desktop\author's Interns\PHR_wavfiles\WAVfiles\210812\20210812_103746.wav,11/3/22 12:37,HMS,Croak,8/12/2021 11:04:10.8,8/12/2021 11:04:11.1,2,NA,NA,NA,NA,NA,NA,NA,NA,2021-08-12,27.79205,-175.819217,Day
C:\Users\mmrph\Desktop\author's Interns\PHR_wavfiles\WAVfiles\210812\20210812_103746.wav,11/3/22 12:37,HMS,Whoop,8/12/2021 11:04:11.3,8/12/2021 11:04:12.1,2,4,NA,NA,NA,NA,NA,NA,NA,2021-08-12,27.79205,-175.819217,Day
C:\Users\mmrph\Desktop\author's Interns\PHR_wavfiles\WAVfiles\210812\20210812_103746.wav,11/3/22 12:38,HMS,Croak,8/12/2021 11:04:13.7,8/12/2021 11:04:14.0,2,NA,NA,NA,NA,NA,NA,NA,NA,2021-08-12,27.79205,-175.819217,Day
C:\Users\mmrph\Desktop\author's Interns\PHR_wavfiles\WAVfiles\210812\20210812_103746.wav,11/3/22 12:38,HMS,Growl,8/12/2021 11:04:16.5,8/12/2021 11:04:19.1,1,NA,NA,NA,NA,NA,NA,NA,NA,2021-08-12,27.79205,-175.819217,Day
C:\Users\mmrph\Desktop\author's Interns\PHR_wavfiles\WAVfiles\210812\20210812_103746.wav,11/3/22 12:41,HMS,Growl,8/12/2021 11:04:19.5,8/12/2021 11:04:22.7,3,NA,NA,NA,NA,NA,NA,NA,NA,2021-08-12,27.79205,-175.819217,Day
C:\Users\mmrph\Desktop\author's Interns\PHR_wavfiles\WAVfiles\210812\20210812_103746.wav,11/3/22 12:41,HMS,Whoop,8/12/2021 11:04:24.3,8/12/2021 11:04:25.3,3,3,NA,NA,NA,NA,NA,NA,NA,2021-08-12,27.79205,-175.819217,Day
C:\Users\mmrph\Desktop\author's Interns\PHR_wavfiles\WAVfiles\210812\20210812_103746.wav,11/3/22 12:42,HMS,Croak,8/12/2021 11:04:25.5,8/12/2021 11:04:26.0,3,NA,NA,NA,NA,NA,NA,NA,NA,2021-08-12,27.79205,-175.819217,Day
C:\Users\mmrph\Desktop\author's Interns\PHR_wavfiles\WAVfiles\210812\20210812_103746.wav,11/3/22 12:42,HMS,Growl,8/12/2021 11:04:26.8,8/12/2021 11:04:30.1,3,NA,NA,NA,NA,NA,NA,NA,NA,2021-08-12,27.79205,-175.819217,Day
C:\Users\mmrph\Desktop\author's Interns\PHR_wavfiles\WAVfiles\210812\20210812_103746.wav,11/3/22 12:42,HMS,Growl,8/12/2021 11:04:31.0,8/12/2021 11:04:35.1,3,NA,NA,NA,NA,NA,NA,NA,NA,2021-08-12,27.79205,-175.819217,Day
C:\Users\mmrph\Desktop\author's Interns\PHR_wavfiles\WAVfiles\210812\20210812_103746.wav,11/3/22 12:43,HMS,Whoop,8/12/2021 11:04:35.4,8/12/2021 11:04:35.7,2,1,NA,NA,NA,NA,NA,NA,NA,2021-08-12,27.79205,-175.819217,Day
C:\Users\mmrph\Desktop\author's Interns\PHR_wavfiles\WAVfiles\210812\20210812_103746.wav,11/3/22 12:43,HMS,Croak,8/12/2021 11:04:38.7,8/12/2021 11:04:38.9,3,NA,NA,NA,NA,NA,NA,NA,NA,2021-08-12,27.79205,-175.819217,Day
C:\Users\mmrph\Desktop\author's Interns\PHR_wavfiles\WAVfiles\210812\20210812_103746.wav,11/3/22 12:43,HMS,Whoop,8/12/2021 11:04:39.5,8/12/2021 11:04:39.9,2,2,NA,NA,NA,NA,NA,NA,NA,2021-08-12,27.79205,-175.819217,Day
C:\Users\mmrph\Desktop\author's Interns\PHR_wavfiles\WAVfiles\210812\20210812_103746.wav,11/3/22 12:43,HMS,Growl,8/12/2021 11:04:45.8,8/12/2021 11:04:48.0,2,NA,NA,NA,NA,NA,NA,NA,NA,2021-08-12,27.79205,-175.819217,Day
C:\Users\mmrph\Desktop\author's Interns\PHR_wavfiles\WAVfiles\210812\20210812_103746.wav,11/3/22 12:43,HMS,Croak,8/12/2021 11:04:49.4,8/12/2021 11:04:49.6,2,NA,NA,NA,NA,NA,NA,NA,NA,2021-08-12,27.79205,-175.819217,Day
C:\Users\mmrph\Desktop\author's Interns\PHR_wavfiles\WAVfiles\210812\20210812_103746.wav,11/3/22 12:44,HMS,Growl,8/12/2021 12:00:31.5,8/12/2021 12:00:35.5,1,NA,NA,NA,NA,NA,NA,NA,NA,2021-08-12,27.79205,-175.819217,Day
C:\Users\mmrph\Desktop\author's Interns\PHR_wavfiles\WAVfiles\210812\20210812_103746.wav,11/3/22 12:44,HMS,Croak,8/12/2021 12:00:36.2,8/12/2021 12:00:36.6,1,NA,NA,NA,NA,NA,NA,NA,NA,2021-08-12,27.79205,-175.819217,Day
C:\Users\mmrph\Desktop\author's Interns\PHR_wavfiles\WAVfiles\210812\20210812_103746.wav,11/3/22 12:44,HMS,Growl,8/12/2021 12:00:39.0,8/12/2021 12:00:43.2,1,NA,NA,NA,NA,NA,NA,NA,NA,2021-08-12,27.79205,-175.819217,Day
C:\Users\mmrph\Desktop\author's Interns\PHR_wavfiles\WAVfiles\210812\20210812_103746.wav,11/3/22 12:44,HMS,Growl,8/12/2021 12:00:48.8,8/12/2021 12:00:53.1,1,NA,NA,NA,NA,NA,NA,NA,NA,2021-08-12,27.79205,-175.819217,Day
C:\Users\mmrph\Desktop\author's Interns\PHR_wavfiles\WAVfiles\210812\20210812_103746.wav,11/3/22 12:44,HMS,Croak,8/12/2021 12:00:53.3,8/12/2021 12:00:53.7,1,NA,NA,NA,NA,NA,NA,NA,NA,2021-08-12,27.79205,-175.819217,Day
C:\Users\mmrph\Desktop\author's Interns\PHR_wavfiles\WAVfiles\210812\20210812_103746.wav,11/3/22 12:45,HMS,Growl,8/12/2021 12:00:54.2,8/12/2021 12:00:58.2,1,NA,NA,NA,NA,NA,NA,NA,NA,2021-08-12,27.79205,-175.819217,Day
C:\Users\mmrph\Desktop\author's Interns\PHR_wavfiles\WAVfiles\210812\20210812_103746.wav,11/3/22 12:45,HMS,Growl,8/12/2021 12:01:53.4,8/12/2021 12:01:59.2,3,NA,NA,NA,NA,NA,NA,NA,NA,2021-08-12,27.79205,-175.819217,Day
C:\Users\mmrph\Desktop\author's Interns\PHR_wavfiles\WAVfiles\210812\20210812_103746.wav,11/3/22 12:46,HMS,Croak,8/12/2021 12:02:00.5,8/12/2021 12:02:01.2,3,NA,NA,NA,NA,NA,NA,NA,NA,2021-08-12,27.79205,-175.819217,Day
C:\Users\mmrph\Desktop\author's Interns\PHR_wavfiles\WAVfiles\210812\20210812_103746.wav,11/3/22 12:46,HMS,Croak,8/12/2021 12:02:01.7,8/12/2021 12:02:02.0,3,NA,NA,NA,NA,NA,NA,NA,NA,2021-08-12,27.79205,-175.819217,Day
C:\Users\mmrph\Desktop\author's Interns\PHR_wavfiles\WAVfiles\210812\20210812_103746.wav,11/3/22 12:47,HMS,Croak,8/12/2021 12:02:03.7,8/12/2021 12:02:04.2,1,NA,NA,NA,NA,NA,"low quality calls overlapping wiht high quality, two monk seals?",NA,NA,2021-08-12,27.79205,-175.819217,Day
C:\Users\mmrph\Desktop\author's Interns\PHR_wavfiles\WAVfiles\210812\20210812_103746.wav,11/3/22 12:47,HMS,Growl,8/12/2021 12:02:05.4,8/12/2021 12:02:08.5,2,NA,NA,NA,NA,NA,NA,NA,NA,2021-08-12,27.79205,-175.819217,Day
C:\Users\mmrph\Desktop\author's Interns\PHR_wavfiles\WAVfiles\210812\20210812_103746.wav,11/3/22 12:47,HMS,Whoop,8/12/2021 12:02:08.9,8/12/2021 12:02:09.7,2,3,NA,NA,NA,NA,NA,NA,NA,2021-08-12,27.79205,-175.819217,Day
C:\Users\mmrph\Desktop\author's Interns\PHR_wavfiles\WAVfiles\210812\20210812_103746.wav,11/3/22 12:47,HMS,Growl,8/12/2021 12:02:08.1,8/12/2021 12:02:12.3,1,NA,NA,NA,NA,NA,NA,NA,NA,2021-08-12,27.79205,-175.819217,Day
C:\Users\mmrph\Desktop\author's Interns\PHR_wavfiles\WAVfiles\210812\20210812_103746.wav,11/3/22 12:48,HMS,Croak,8/12/2021 12:02:13.3,8/12/2021 12:02:13.6,1,NA,NA,NA,NA,NA,NA,NA,NA,2021-08-12,27.79205,-175.819217,Day
C:\Users\mmrph\Desktop\author's Interns\PHR_wavfiles\WAVfiles\210812\20210812_103746.wav,11/3/22 12:48,HMS,Croak,8/12/2021 12:02:15.2,8/12/2021 12:02:15.8,2,NA,NA,NA,NA,NA,NA,NA,NA,2021-08-12,27.79205,-175.819217,Day
C:\Users\mmrph\Desktop\author's Interns\PHR_wavfiles\WAVfiles\210812\20210812_103746.wav,11/3/22 12:48,HMS,Croak,8/12/2021 12:02:16.2,8/12/2021 12:02:16.7,2,NA,NA,NA,NA,NA,NA,NA,NA,2021-08-12,27.79205,-175.819217,Day
C:\Users\mmrph\Desktop\author's Interns\PHR_wavfiles\WAVfiles\210812\20210812_103746.wav,11/3/22 12:48,HMS,Growl,8/12/2021 12:02:18.7,8/12/2021 12:02:21.7,2,NA,NA,NA,NA,NA,NA,NA,NA,2021-08-12,27.79205,-175.819217,Day
C:\Users\mmrph\Desktop\author's Interns\PHR_wavfiles\WAVfiles\210812\20210812_103746.wav,11/3/22 12:50,HMS,Whoop,8/12/2021 12:02:21.7,8/12/2021 12:02:22.4,1,2,NA,NA,NA,NA,NA,NA,NA,2021-08-12,27.79205,-175.819217,Day
C:\Users\mmrph\Desktop\author's Interns\PHR_wavfiles\WAVfiles\210812\20210812_103746.wav,11/3/22 12:50,HMS,Croak,8/12/2021 12:02:23.6,8/12/2021 12:02:24.0,2,NA,NA,NA,NA,NA,NA,NA,NA,2021-08-12,27.79205,-175.819217,Day
C:\Users\mmrph\Desktop\author's Interns\PHR_wavfiles\WAVfiles\210812\20210812_103746.wav,11/3/22 12:50,HMS,Growl,8/12/2021 12:03:23.2,8/12/2021 12:03:26.4,2,NA,NA,NA,NA,NA,NA,NA,NA,2021-08-12,27.79205,-175.819217,Day
C:\Users\mmrph\Desktop\author's Interns\PHR_wavfiles\WAVfiles\210812\20210812_103746.wav,11/3/22 12:51,HMS,Croak,8/12/2021 12:03:27.1,8/12/2021 12:03:27.6,2,NA,NA,NA,NA,NA,NA,NA,NA,2021-08-12,27.79205,-175.819217,Day
C:\Users\mmrph\Desktop\author's Interns\PHR_wavfiles\WAVfiles\210812\20210812_103746.wav,11/3/22 12:52,HMS,Growl,8/12/2021 12:03:28.6,8/12/2021 12:03:28.6,3,NA,NA,NA,NA,NA,NA,NA,NA,2021-08-12,27.79205,-175.819217,Day
C:\Users\mmrph\Desktop\author's Interns\PHR_wavfiles\WAVfiles\210812\20210812_103746.wav,11/3/22 12:52,HMS,Croak,8/12/2021 12:03:35.7,8/12/2021 12:03:36.3,3,NA,NA,NA,NA,NA,NA,NA,NA,2021-08-12,27.79205,-175.819217,Day
C:\Users\mmrph\Desktop\author's Interns\PHR_wavfiles\WAVfiles\210812\20210812_103746.wav,11/3/22 12:53,HMS,Croak,8/12/2021 12:03:37.2,8/12/2021 12:03:37.5,2,NA,NA,NA,NA,NA,NA,NA,NA,2021-08-12,27.79205,-175.819217,Day
C:\Users\mmrph\Desktop\author's Interns\PHR_wavfiles\WAVfiles\210812\20210812_103746.wav,11/3/22 12:53,HMS,Whoop,8/12/2021 12:03:38.8,8/12/2021 12:03:39.3,3,2,NA,NA,NA,NA,NA,NA,NA,2021-08-12,27.79205,-175.819217,Day
C:\Users\mmrph\Desktop\author's Interns\PHR_wavfiles\WAVfiles\210812\20210812_103746.wav,11/3/22 12:53,HMS,Croak,8/12/2021 12:03:39.6,8/12/2021 12:03:40.0,3,NA,NA,NA,NA,NA,NA,NA,NA,2021-08-12,27.79205,-175.819217,Day
C:\Users\mmrph\Desktop\author's Interns\PHR_wavfiles\WAVfiles\210812\20210812_103746.wav,11/3/22 12:53,HMS,GrowlRumbleWhoop,8/12/2021 12:03:40.6,8/12/2021 12:03:42.3,3,NA,NA,NA,NA,NA,NA,NA,NA,2021-08-12,27.79205,-175.819217,Day
C:\Users\mmrph\Desktop\author's Interns\PHR_wavfiles\WAVfiles\210812\20210812_103746.wav,11/3/22 12:54,HMS,MoanGrowl,8/12/2021 12:03:43.7,8/12/2021 12:03:44.8,2,NA,NA,NA,NA,NA,NA,NA,NA,2021-08-12,27.79205,-175.819217,Day
C:\Users\mmrph\Desktop\author's Interns\PHR_wavfiles\WAVfiles\210812\20210812_103746.wav,11/3/22 12:55,HMS,Whoop,8/12/2021 12:03:44.9,8/12/2021 12:03:45.8,3,5,NA,NA,NA,NA,NA,NA,NA,2021-08-12,27.79205,-175.819217,Day
C:\Users\mmrph\Desktop\author's Interns\PHR_wavfiles\WAVfiles\210812\20210812_103746.wav,11/3/22 12:55,HMS,Whoop,8/12/2021 12:03:50.3,8/12/2021 12:03:50.5,3,1,NA,NA,NA,NA,NA,NA,NA,2021-08-12,27.79205,-175.819217,Day
C:\Users\mmrph\Desktop\author's Interns\PHR_wavfiles\WAVfiles\210812\20210812_103746.wav,11/3/22 12:56,HMS,Growl,8/12/2021 12:04:00.4,8/12/2021 12:04:04.4,1,NA,NA,NA,NA,NA,NA,NA,NA,2021-08-12,27.79205,-175.819217,Day
C:\Users\mmrph\Desktop\author's Interns\PHR_wavfiles\WAVfiles\210812\20210812_103746.wav,11/3/22 12:56,HMS,Growl,8/12/2021 12:04:05.1,8/12/2021 12:04:09.3,1,NA,NA,NA,NA,NA,NA,NA,NA,2021-08-12,27.79205,-175.819217,Day
C:\Users\mmrph\Desktop\author's Interns\PHR_wavfiles\WAVfiles\210812\20210812_103746.wav,11/3/22 12:56,HMS,Whoop,8/12/2021 12:04:11.4,8/12/2021 12:04:11.6,1,1,NA,NA,NA,NA,NA,NA,NA,2021-08-12,27.79205,-175.819217,Day
C:\Users\mmrph\Desktop\author's Interns\PHR_wavfiles\WAVfiles\210812\20210812_103746.wav,11/3/22 12:57,HMS,Growl,8/12/2021 12:04:26.2,8/12/2021 12:04:29.8,1,NA,NA,NA,NA,NA,NA,NA,NA,2021-08-12,27.79205,-175.819217,Day
C:\Users\mmrph\Desktop\author's Interns\PHR_wavfiles\WAVfiles\210812\20210812_103746.wav,11/3/22 13:00,HMS,Growl,8/12/2021 12:04:33.6,8/12/2021 12:04:39.2,1,NA,NA,NA,NA,NA,NA,NA,NA,2021-08-12,27.79205,-175.819217,Day
C:\Users\mmrph\Desktop\author's Interns\PHR_wavfiles\WAVfiles\210812\20210812_103746.wav,11/3/22 13:00,HMS,Growl,8/12/2021 12:04:40.3,8/12/2021 12:04:45.0,1,NA,NA,NA,NA,NA,NA,NA,NA,2021-08-12,27.79205,-175.819217,Day
C:\Users\mmrph\Desktop\author's Interns\PHR_wavfiles\WAVfiles\210812\20210812_103746.wav,11/3/22 13:01,HMS,Growl,8/12/2021 12:04:54.0,8/12/2021 12:04:59.4,2,NA,NA,NA,NA,NA,NA,NA,NA,2021-08-12,27.79205,-175.819217,Day
C:\Users\mmrph\Desktop\author's Interns\PHR_wavfiles\WAVfiles\210812\20210812_103746.wav,11/3/22 13:09,HMS,Growl,8/12/2021 13:00:00.2,8/12/2021 13:00:01.9,1,NA,NA,NA,NA,NA,NA,NA,NA,2021-08-12,27.79205,-175.819217,Day
C:\Users\mmrph\Desktop\author's Interns\PHR_wavfiles\WAVfiles\210812\20210812_103746.wav,11/3/22 13:10,HMS,Croak,8/12/2021 13:00:05.1,8/12/2021 13:00:05.4,1,NA,NA,NA,NA,NA,NA,NA,NA,2021-08-12,27.79205,-175.819217,Day
C:\Users\mmrph\Desktop\author's Interns\PHR_wavfiles\WAVfiles\210812\20210812_103746.wav,11/3/22 13:10,HMS,Growl,8/12/2021 13:00:12.3,8/12/2021 13:00:16.4,1,NA,NA,NA,NA,NA,NA,NA,NA,2021-08-12,27.79205,-175.819217,Day
C:\Users\mmrph\Desktop\author's Interns\PHR_wavfiles\WAVfiles\210812\20210812_103746.wav,11/3/22 13:10,HMS,Growl,8/12/2021 13:00:18.1,8/12/2021 13:00:21.8,1,NA,NA,NA,NA,NA,NA,NA,NA,2021-08-12,27.79205,-175.819217,Day
C:\Users\mmrph\Desktop\author's Interns\PHR_wavfiles\WAVfiles\210812\20210812_103746.wav,11/3/22 13:10,HMS,Growl,8/12/2021 13:01:25.9,8/12/2021 13:01:30.7,2,NA,NA,NA,NA,NA,NA,NA,NA,2021-08-12,27.79205,-175.819217,Day
C:\Users\mmrph\Desktop\author's Interns\PHR_wavfiles\WAVfiles\210812\20210812_103746.wav,11/3/22 13:11,HMS,Croak,8/12/2021 13:01:30.6,8/12/2021 13:01:31.3,2,NA,NA,NA,NA,NA,NA,NA,NA,2021-08-12,27.79205,-175.819217,Day
C:\Users\mmrph\Desktop\author's Interns\PHR_wavfiles\WAVfiles\210812\20210812_103746.wav,11/3/22 13:11,HMS,Croak,8/12/2021 13:01:34.6,8/12/2021 13:01:34.9,2,NA,NA,NA,NA,NA,NA,NA,NA,2021-08-12,27.79205,-175.819217,Day
C:\Users\mmrph\Desktop\author's Interns\PHR_wavfiles\WAVfiles\210812\20210812_103746.wav,11/3/22 13:11,HMS,Croak,8/12/2021 13:01:41.6,8/12/2021 13:01:42.2,2,NA,NA,NA,NA,NA,NA,NA,NA,2021-08-12,27.79205,-175.819217,Day
C:\Users\mmrph\Desktop\author's Interns\PHR_wavfiles\WAVfiles\210812\20210812_103746.wav,11/3/22 13:11,HMS,Croak,8/12/2021 13:01:42.5,8/12/2021 13:01:42.8,2,NA,NA,NA,NA,NA,NA,NA,NA,2021-08-12,27.79205,-175.819217,Day
C:\Users\mmrph\Desktop\author's Interns\PHR_wavfiles\WAVfiles\210812\20210812_103746.wav,11/3/22 13:11,HMS,Growl,8/12/2021 13:01:44.5,8/12/2021 13:01:47.8,2,NA,NA,NA,NA,NA,NA,NA,NA,2021-08-12,27.79205,-175.819217,Day
C:\Users\mmrph\Desktop\author's Interns\PHR_wavfiles\WAVfiles\210812\20210812_103746.wav,11/3/22 13:11,HMS,Croak,8/12/2021 13:01:52.0,8/12/2021 13:01:52.4,2,NA,NA,NA,NA,NA,NA,NA,NA,2021-08-12,27.79205,-175.819217,Day
C:\Users\mmrph\Desktop\author's Interns\PHR_wavfiles\WAVfiles\210812\20210812_103746.wav,11/3/22 13:12,HMS,Growl,8/12/2021 13:02:07.0,8/12/2021 13:02:13.3,1,NA,NA,NA,NA,NA,NA,NA,NA,2021-08-12,27.79205,-175.819217,Day
C:\Users\mmrph\Desktop\author's Interns\PHR_wavfiles\WAVfiles\210812\20210812_103746.wav,11/3/22 13:12,HMS,Growl,8/12/2021 13:02:14.2,8/12/2021 13:02:17.7,1,NA,NA,NA,NA,NA,NA,NA,NA,2021-08-12,27.79205,-175.819217,Day
C:\Users\mmrph\Desktop\author's Interns\PHR_wavfiles\WAVfiles\210812\20210812_103746.wav,11/3/22 13:12,HMS,Croak,8/12/2021 13:02:20.8,8/12/2021 13:02:21.4,1,NA,NA,NA,NA,NA,NA,NA,NA,2021-08-12,27.79205,-175.819217,Day
C:\Users\mmrph\Desktop\author's Interns\PHR_wavfiles\WAVfiles\210812\20210812_103746.wav,11/3/22 13:12,HMS,Growl,8/12/2021 13:02:30.8,8/12/2021 13:02:35.5,1,NA,NA,NA,NA,NA,NA,NA,NA,2021-08-12,27.79205,-175.819217,Day
C:\Users\mmrph\Desktop\author's Interns\PHR_wavfiles\WAVfiles\210812\20210812_103746.wav,11/3/22 13:12,HMS,Growl,8/12/2021 13:02:36.6,8/12/2021 13:02:42.3,1,NA,NA,NA,NA,NA,NA,NA,NA,2021-08-12,27.79205,-175.819217,Day
C:\Users\mmrph\Desktop\author's Interns\PHR_wavfiles\WAVfiles\210812\20210812_103746.wav,11/3/22 13:12,HMS,Growl,8/12/2021 13:03:16.0,8/12/2021 13:03:21.0,2,NA,NA,NA,NA,NA,NA,NA,NA,2021-08-12,27.79205,-175.819217,Day
C:\Users\mmrph\Desktop\author's Interns\PHR_wavfiles\WAVfiles\210812\20210812_103746.wav,11/3/22 13:13,HMS,Growl,8/12/2021 13:03:23.6,8/12/2021 13:03:24.5,2,NA,NA,NA,NA,NA,NA,NA,NA,2021-08-12,27.79205,-175.819217,Day
C:\Users\mmrph\Desktop\author's Interns\PHR_wavfiles\WAVfiles\210812\20210812_103746.wav,11/3/22 13:14,HMS,Croak,8/12/2021 13:03:25.5,8/12/2021 13:03:25.9,2,NA,NA,NA,NA,NA,NA,NA,NA,2021-08-12,27.79205,-175.819217,Day
C:\Users\mmrph\Desktop\author's Interns\PHR_wavfiles\WAVfiles\210812\20210812_103746.wav,11/3/22 13:14,HMS,Growl,8/12/2021 13:03:27.3,8/12/2021 13:03:29.6,1,NA,NA,NA,NA,NA,NA,NA,NA,2021-08-12,27.79205,-175.819217,Day
C:\Users\mmrph\Desktop\author's Interns\PHR_wavfiles\WAVfiles\210812\20210812_103746.wav,11/3/22 13:15,HMS,Growl,8/12/2021 13:03:32.5,8/12/2021 13:03:36.6,2,NA,NA,NA,NA,NA,NA,NA,NA,2021-08-12,27.79205,-175.819217,Day
C:\Users\mmrph\Desktop\author's Interns\PHR_wavfiles\WAVfiles\210812\20210812_103746.wav,11/3/22 13:15,HMS,Moan,8/12/2021 13:03:36.7,8/12/2021 13:03:38.2,1,NA,NA,NA,NA,NA,NA,NA,NA,2021-08-12,27.79205,-175.819217,Day
C:\Users\mmrph\Desktop\author's Interns\PHR_wavfiles\WAVfiles\210812\20210812_103746.wav,11/3/22 13:15,HMS,Whoop,8/12/2021 13:03:37.0,8/12/2021 13:03:37.2,1,1,NA,NA,NA,NA,NA,NA,NA,2021-08-12,27.79205,-175.819217,Day
C:\Users\mmrph\Desktop\author's Interns\PHR_wavfiles\WAVfiles\210812\20210812_103746.wav,11/3/22 13:15,HMS,Croak,8/12/2021 13:03:39.2,8/12/2021 13:03:39.7,2,NA,NA,NA,NA,NA,NA,NA,NA,2021-08-12,27.79205,-175.819217,Day
C:\Users\mmrph\Desktop\author's Interns\PHR_wavfiles\WAVfiles\210812\20210812_103746.wav,11/3/22 13:15,HMS,Croak,8/12/2021 13:03:40.1,8/12/2021 13:03:40.4,2,NA,NA,NA,NA,NA,NA,NA,NA,2021-08-12,27.79205,-175.819217,Day
C:\Users\mmrph\Desktop\author's Interns\PHR_wavfiles\WAVfiles\210812\20210812_103746.wav,11/3/22 13:15,HMS,Whoop,8/12/2021 13:03:49.6,8/12/2021 13:03:49.7,1,1,NA,NA,NA,NA,NA,NA,NA,2021-08-12,27.79205,-175.819217,Day
C:\Users\mmrph\Desktop\author's Interns\PHR_wavfiles\WAVfiles\210812\20210812_103746.wav,11/3/22 13:16,HMS,Growl,8/12/2021 13:03:50.2,8/12/2021 13:03:50.9,2,NA,NA,NA,NA,NA,NA,NA,NA,2021-08-12,27.79205,-175.819217,Day
C:\Users\mmrph\Desktop\author's Interns\PHR_wavfiles\WAVfiles\210812\20210812_103746.wav,11/3/22 13:16,HMS,Growl,8/12/2021 13:03:51.5,8/12/2021 13:03:54.6,2,NA,NA,NA,NA,NA,NA,NA,NA,2021-08-12,27.79205,-175.819217,Day
C:\Users\mmrph\Desktop\author's Interns\PHR_wavfiles\WAVfiles\210812\20210812_103746.wav,11/3/22 13:16,HMS,Croak,8/12/2021 13:03:57.0,8/12/2021 13:03:57.3,1,NA,NA,NA,NA,NA,NA,NA,NA,2021-08-12,27.79205,-175.819217,Day
C:\Users\mmrph\Desktop\author's Interns\PHR_wavfiles\WAVfiles\210812\20210812_103746.wav,11/3/22 13:16,HMS,Growl,8/12/2021 13:04:00.4,8/12/2021 13:04:01.7,1,NA,NA,NA,NA,NA,NA,NA,NA,2021-08-12,27.79205,-175.819217,Day
C:\Users\mmrph\Desktop\author's Interns\PHR_wavfiles\WAVfiles\210812\20210812_103746.wav,11/3/22 13:16,HMS,Croak,8/12/2021 13:04:02.2,8/12/2021 13:04:02.7,1,NA,NA,NA,NA,NA,NA,NA,NA,2021-08-12,27.79205,-175.819217,Day
C:\Users\mmrph\Desktop\author's Interns\PHR_wavfiles\WAVfiles\210812\20210812_103746.wav,11/3/22 13:16,HMS,Growl,8/12/2021 13:04:05.1,8/12/2021 13:04:09.5,1,NA,NA,NA,NA,NA,NA,NA,NA,2021-08-12,27.79205,-175.819217,Day
C:\Users\mmrph\Desktop\author's Interns\PHR_wavfiles\WAVfiles\210812\20210812_103746.wav,11/3/22 13:17,HMS,Growl,8/12/2021 13:04:14.5,8/12/2021 13:04:18.3,1,NA,NA,NA,NA,NA,NA,NA,NA,2021-08-12,27.79205,-175.819217,Day
C:\Users\mmrph\Desktop\author's Interns\PHR_wavfiles\WAVfiles\210812\20210812_133745.wav,11/3/22 13:29,HMS,Growl,8/12/2021 14:00:13.7,8/12/2021 14:00:15.1,1,NA,NA,NA,NA,NA,NA,NA,NA,2021-08-12,27.79205,-175.819217,Day
C:\Users\mmrph\Desktop\author's Interns\PHR_wavfiles\WAVfiles\210812\20210812_133745.wav,11/3/22 13:29,HMS,Croak,8/12/2021 14:00:15.8,8/12/2021 14:00:16.0,1,NA,NA,NA,NA,NA,NA,NA,NA,2021-08-12,27.79205,-175.819217,Day
C:\Users\mmrph\Desktop\author's Interns\PHR_wavfiles\WAVfiles\210812\20210812_133745.wav,11/3/22 13:29,HMS,Growl,8/12/2021 14:00:18.3,8/12/2021 14:00:23.0,1,NA,NA,NA,NA,NA,NA,NA,NA,2021-08-12,27.79205,-175.819217,Day
C:\Users\mmrph\Desktop\author's Interns\PHR_wavfiles\WAVfiles\210812\20210812_133745.wav,11/3/22 13:29,HMS,Moan,8/12/2021 14:00:30.5,8/12/2021 14:00:31.1,1,NA,NA,NA,NA,NA,NA,NA,NA,2021-08-12,27.79205,-175.819217,Day
C:\Users\mmrph\Desktop\author's Interns\PHR_wavfiles\WAVfiles\210812\20210812_133745.wav,11/3/22 13:29,HMS,Growl,8/12/2021 14:00:31.3,8/12/2021 14:00:34.2,1,NA,NA,NA,NA,NA,NA,NA,NA,2021-08-12,27.79205,-175.819217,Day
C:\Users\mmrph\Desktop\author's Interns\PHR_wavfiles\WAVfiles\210812\20210812_133745.wav,11/3/22 13:31,HMS,Growl,8/12/2021 14:01:43.7,8/12/2021 14:01:44.7,1,NA,NA,NA,NA,NA,NA,NA,NA,2021-08-12,27.79205,-175.819217,Day
C:\Users\mmrph\Desktop\author's Interns\PHR_wavfiles\WAVfiles\210812\20210812_133745.wav,11/3/22 13:31,HMS,Croak,8/12/2021 14:01:45.0,8/12/2021 14:01:45.5,1,NA,NA,NA,NA,NA,NA,NA,NA,2021-08-12,27.79205,-175.819217,Day
C:\Users\mmrph\Desktop\author's Interns\PHR_wavfiles\WAVfiles\210812\20210812_133745.wav,11/3/22 13:31,HMS,Growl,8/12/2021 14:01:56.4,8/12/2021 14:02:01.3,1,NA,NA,NA,NA,NA,NA,NA,NA,2021-08-12,27.79205,-175.819217,Day
C:\Users\mmrph\Desktop\author's Interns\PHR_wavfiles\WAVfiles\210812\20210812_133745.wav,11/3/22 13:31,HMS,Growl,8/12/2021 14:02:02.1,8/12/2021 14:02:05.4,1,NA,NA,NA,NA,NA,NA,NA,NA,2021-08-12,27.79205,-175.819217,Day
C:\Users\mmrph\Desktop\author's Interns\PHR_wavfiles\WAVfiles\210812\20210812_133745.wav,11/3/22 13:32,HMS,Growl,8/12/2021 14:03:28.6,8/12/2021 14:03:31.0,1,NA,NA,NA,NA,NA,NA,NA,NA,2021-08-12,27.79205,-175.819217,Day
C:\Users\mmrph\Desktop\author's Interns\PHR_wavfiles\WAVfiles\210812\20210812_133745.wav,11/3/22 13:32,HMS,Growl,8/12/2021 14:03:35.9,8/12/2021 14:03:38.6,1,NA,NA,NA,NA,NA,NA,NA,NA,2021-08-12,27.79205,-175.819217,Day
C:\Users\mmrph\Desktop\author's Interns\PHR_wavfiles\WAVfiles\210812\20210812_133745.wav,11/3/22 13:32,HMS,Croak,8/12/2021 14:03:46.9,8/12/2021 14:03:47.4,1,NA,NA,NA,NA,NA,NA,NA,NA,2021-08-12,27.79205,-175.819217,Day
C:\Users\mmrph\Desktop\author's Interns\PHR_wavfiles\WAVfiles\210812\20210812_133745.wav,11/3/22 13:33,HMS,Growl,8/12/2021 14:03:50.9,8/12/2021 14:03:55.4,1,NA,NA,NA,NA,NA,NA,NA,NA,2021-08-12,27.79205,-175.819217,Day
C:\Users\mmrph\Desktop\author's Interns\PHR_wavfiles\WAVfiles\210812\20210812_133745.wav,11/3/22 13:38,HMS,Growl,8/12/2021 16:00:35.6,8/12/2021 16:00:40.9,2,NA,NA,NA,NA,NA,NA,NA,NA,2021-08-12,27.79205,-175.819217,Day
C:\Users\mmrph\Desktop\author's Interns\PHR_wavfiles\WAVfiles\210812\20210812_133745.wav,11/3/22 13:38,HMS,Croak,8/12/2021 16:00:41.5,8/12/2021 16:00:41.9,2,NA,NA,NA,NA,NA,NA,NA,NA,2021-08-12,27.79205,-175.819217,Day
C:\Users\mmrph\Desktop\author's Interns\PHR_wavfiles\WAVfiles\210812\20210812_133745.wav,11/3/22 13:38,HMS,Growl,8/12/2021 16:00:43.0,8/12/2021 16:00:45.4,2,NA,NA,NA,NA,NA,NA,NA,NA,2021-08-12,27.79205,-175.819217,Day
C:\Users\mmrph\Desktop\author's Interns\PHR_wavfiles\WAVfiles\210812\20210812_133745.wav,11/3/22 13:38,HMS,Whoop,8/12/2021 16:00:46.7,8/12/2021 16:00:47.5,2,3,NA,NA,NA,NA,NA,NA,NA,2021-08-12,27.79205,-175.819217,Day
C:\Users\mmrph\Desktop\author's Interns\PHR_wavfiles\WAVfiles\210812\20210812_133745.wav,11/3/22 13:38,HMS,Growl,8/12/2021 16:00:52.4,8/12/2021 16:00:53.5,2,NA,NA,NA,NA,NA,NA,NA,NA,2021-08-12,27.79205,-175.819217,Day
C:\Users\mmrph\Desktop\author's Interns\PHR_wavfiles\WAVfiles\210812\20210812_133745.wav,11/3/22 13:39,HMS,Whoop,8/12/2021 16:00:55.4,8/12/2021 16:00:56.1,2,2,NA,NA,NA,NA,NA,NA,NA,2021-08-12,27.79205,-175.819217,Day
C:\Users\mmrph\Desktop\author's Interns\PHR_wavfiles\WAVfiles\210812\20210812_133745.wav,11/3/22 13:39,HMS,Moan,8/12/2021 16:00:57.3,8/12/2021 16:00:58.8,2,NA,NA,NA,NA,NA,NA,NA,NA,2021-08-12,27.79205,-175.819217,Day
C:\Users\mmrph\Desktop\author's Interns\PHR_wavfiles\WAVfiles\210812\20210812_133745.wav,11/3/22 13:39,HMS,MoanGrowl,8/12/2021 16:00:59.3,8/12/2021 16:01:04.6,2,NA,NA,NA,NA,NA,NA,NA,NA,2021-08-12,27.79205,-175.819217,Day
C:\Users\mmrph\Desktop\author's Interns\PHR_wavfiles\WAVfiles\210812\20210812_133745.wav,11/3/22 13:39,HMS,Growl,8/12/2021 16:01:05.5,8/12/2021 16:01:11.5,2,NA,NA,NA,NA,NA,NA,NA,NA,2021-08-12,27.79205,-175.819217,Day
C:\Users\mmrph\Desktop\author's Interns\PHR_wavfiles\WAVfiles\210812\20210812_133745.wav,11/3/22 13:40,HMS,Croak,8/12/2021 16:01:13.3,8/12/2021 16:01:13.6,2,NA,NA,NA,NA,NA,NA,NA,NA,2021-08-12,27.79205,-175.819217,Day
C:\Users\mmrph\Desktop\author's Interns\PHR_wavfiles\WAVfiles\210812\20210812_133745.wav,11/3/22 13:40,HMS,Croak,8/12/2021 16:01:17.5,8/12/2021 16:01:18.1,2,NA,NA,NA,NA,NA,NA,NA,NA,2021-08-12,27.79205,-175.819217,Day
C:\Users\mmrph\Desktop\author's Interns\PHR_wavfiles\WAVfiles\210812\20210812_133745.wav,11/3/22 13:40,HMS,Croak,8/12/2021 16:01:22.1,8/12/2021 16:01:22.5,1,NA,NA,NA,NA,NA,NA,NA,NA,2021-08-12,27.79205,-175.819217,Day
C:\Users\mmrph\Desktop\author's Interns\PHR_wavfiles\WAVfiles\210812\20210812_133745.wav,11/3/22 13:42,HMS,Growl,8/12/2021 16:01:27.4,8/12/2021 16:01:31.1,2,NA,NA,NA,NA,NA,NA,NA,NA,2021-08-12,27.79205,-175.819217,Day
C:\Users\mmrph\Desktop\author's Interns\PHR_wavfiles\WAVfiles\210812\20210812_133745.wav,11/3/22 13:46,HMS,Croak,8/12/2021 16:01:33.0,8/12/2021 16:01:33.3,2,NA,NA,NA,NA,NA,NA,NA,NA,2021-08-12,27.79205,-175.819217,Day
C:\Users\mmrph\Desktop\author's Interns\PHR_wavfiles\WAVfiles\210812\20210812_133745.wav,11/3/22 13:46,HMS,Growl,8/12/2021 16:01:34.8,8/12/2021 16:01:37.1,1,NA,NA,NA,NA,NA,NA,NA,NA,2021-08-12,27.79205,-175.819217,Day
C:\Users\mmrph\Desktop\author's Interns\PHR_wavfiles\WAVfiles\210812\20210812_133745.wav,11/3/22 13:48,HMS,Whoop,8/12/2021 16:01:37.9,8/12/2021 16:01:38.9,2,3,NA,NA,NA,NA,NA,NA,NA,2021-08-12,27.79205,-175.819217,Day
C:\Users\mmrph\Desktop\author's Interns\PHR_wavfiles\WAVfiles\210812\20210812_133745.wav,11/3/22 13:48,HMS,Croak,8/12/2021 16:01:39.1,8/12/2021 16:01:39.6,2,NA,NA,NA,NA,NA,NA,NA,NA,2021-08-12,27.79205,-175.819217,Day
C:\Users\mmrph\Desktop\author's Interns\PHR_wavfiles\WAVfiles\210812\20210812_133745.wav,11/3/22 13:48,HMS,Growl,8/12/2021 16:01:40.3,8/12/2021 16:01:44.0,2,NA,NA,NA,NA,NA,NA,NA,NA,2021-08-12,27.79205,-175.819217,Day
C:\Users\mmrph\Desktop\author's Interns\PHR_wavfiles\WAVfiles\210812\20210812_133745.wav,11/3/22 13:48,HMS,Growl,8/12/2021 16:01:45.1,8/12/2021 16:01:49.8,2,NA,NA,NA,NA,NA,NA,NA,NA,2021-08-12,27.79205,-175.819217,Day
C:\Users\mmrph\Desktop\author's Interns\PHR_wavfiles\WAVfiles\210812\20210812_133745.wav,11/3/22 13:48,HMS,Whoop,8/12/2021 16:01:50.2,8/12/2021 16:01:50.7,1,2,NA,NA,NA,NA,NA,NA,NA,2021-08-12,27.79205,-175.819217,Day
C:\Users\mmrph\Desktop\author's Interns\PHR_wavfiles\WAVfiles\210812\20210812_133745.wav,11/3/22 13:49,HMS,Croak,8/12/2021 16:01:53.5,8/12/2021 16:01:53.8,2,NA,NA,NA,NA,NA,NA,NA,NA,2021-08-12,27.79205,-175.819217,Day
C:\Users\mmrph\Desktop\author's Interns\PHR_wavfiles\WAVfiles\210812\20210812_133745.wav,11/3/22 13:49,HMS,Moan,8/12/2021 16:01:57.3,8/12/2021 16:01:58.3,1,NA,NA,NA,NA,NA,NA,NA,NA,2021-08-12,27.79205,-175.819217,Day
C:\Users\mmrph\Desktop\author's Interns\PHR_wavfiles\WAVfiles\210812\20210812_133745.wav,11/3/22 13:49,HMS,Moan,8/12/2021 16:01:58.5,8/12/2021 16:02:00.1,1,NA,NA,NA,NA,NA,NA,NA,NA,2021-08-12,27.79205,-175.819217,Day
C:\Users\mmrph\Desktop\author's Interns\PHR_wavfiles\WAVfiles\210812\20210812_133745.wav,11/3/22 13:49,HMS,Growl,8/12/2021 16:02:00.4,8/12/2021 16:02:01.7,2,NA,NA,NA,NA,NA,NA,NA,NA,2021-08-12,27.79205,-175.819217,Day
C:\Users\mmrph\Desktop\author's Interns\PHR_wavfiles\WAVfiles\210812\20210812_133745.wav,11/3/22 13:50,HMS,Croak,8/12/2021 16:02:03.6,8/12/2021 16:02:03.8,2,NA,NA,NA,NA,NA,NA,NA,NA,2021-08-12,27.79205,-175.819217,Day
C:\Users\mmrph\Desktop\author's Interns\PHR_wavfiles\WAVfiles\210812\20210812_133745.wav,11/3/22 13:52,HMS,Growl,8/12/2021 16:03:04.0,8/12/2021 16:03:10.6,2,NA,NA,NA,NA,NA,NA,NA,NA,2021-08-12,27.79205,-175.819217,Day
C:\Users\mmrph\Desktop\author's Interns\PHR_wavfiles\WAVfiles\210812\20210812_133745.wav,11/3/22 13:52,HMS,Croak,8/12/2021 16:03:11.3,8/12/2021 16:03:11.5,2,NA,NA,NA,NA,NA,NA,NA,NA,2021-08-12,27.79205,-175.819217,Day
C:\Users\mmrph\Desktop\author's Interns\PHR_wavfiles\WAVfiles\210812\20210812_133745.wav,11/3/22 13:52,HMS,Croak,8/12/2021 16:03:15.6,8/12/2021 16:03:15.8,2,NA,NA,NA,NA,NA,NA,NA,NA,2021-08-12,27.79205,-175.819217,Day
C:\Users\mmrph\Desktop\author's Interns\PHR_wavfiles\WAVfiles\210812\20210812_133745.wav,11/3/22 13:52,HMS,Growl,8/12/2021 16:03:19.5,8/12/2021 16:03:21.2,2,NA,NA,NA,NA,NA,NA,NA,NA,2021-08-12,27.79205,-175.819217,Day
C:\Users\mmrph\Desktop\author's Interns\PHR_wavfiles\WAVfiles\210812\20210812_133745.wav,11/3/22 13:52,HMS,Whoop,8/12/2021 16:03:22.3,8/12/2021 16:03:22.5,1,1,NA,NA,NA,NA,NA,NA,NA,2021-08-12,27.79205,-175.819217,Day
C:\Users\mmrph\Desktop\author's Interns\PHR_wavfiles\WAVfiles\210812\20210812_133745.wav,11/3/22 13:53,HMS,Growl,8/12/2021 16:03:22.9,8/12/2021 16:03:30.4,2,NA,NA,NA,NA,NA,NA,NA,NA,2021-08-12,27.79205,-175.819217,Day
C:\Users\mmrph\Desktop\author's Interns\PHR_wavfiles\WAVfiles\210812\20210812_133745.wav,11/3/22 13:58,HMS,Whoop,8/12/2021 16:03:31.3,8/12/2021 16:03:32.2,1,4,NA,NA,NA,NA,NA,NA,NA,2021-08-12,27.79205,-175.819217,Day
C:\Users\mmrph\Desktop\author's Interns\PHR_wavfiles\WAVfiles\210812\20210812_133745.wav,11/3/22 13:58,HMS,Growl,8/12/2021 16:03:42.5,8/12/2021 16:03:45.8,1,NA,NA,NA,NA,NA,NA,NA,NA,2021-08-12,27.79205,-175.819217,Day
C:\Users\mmrph\Desktop\author's Interns\PHR_wavfiles\WAVfiles\210812\20210812_133745.wav,11/3/22 13:58,HMS,Croak,8/12/2021 16:03:47.0,8/12/2021 16:03:47.4,1,NA,NA,NA,NA,NA,NA,NA,NA,2021-08-12,27.79205,-175.819217,Day
C:\Users\mmrph\Desktop\author's Interns\PHR_wavfiles\WAVfiles\210812\20210812_133745.wav,11/3/22 13:59,HMS,Growl,8/12/2021 16:03:49.2,8/12/2021 16:03:53.2,1,NA,NA,NA,NA,NA,NA,NA,NA,2021-08-12,27.79205,-175.819217,Day
C:\Users\mmrph\Desktop\author's Interns\PHR_wavfiles\WAVfiles\210812\20210812_133745.wav,11/3/22 13:59,HMS,Croak,8/12/2021 16:03:57.1,8/12/2021 16:03:57.6,1,NA,NA,NA,NA,NA,NA,NA,NA,2021-08-12,27.79205,-175.819217,Day
C:\Users\mmrph\Desktop\author's Interns\PHR_wavfiles\WAVfiles\210812\20210812_133745.wav,11/3/22 14:00,Anthro,Ship/Small Boat,8/12/2021 16:04:06.8,8/12/2021 16:05:55.0,NA,NA,NA,NA,NA,NA,NA,NA,NA,2021-08-12,27.79205,-175.819217,Day
C:\Users\mmrph\Desktop\author's Interns\PHR_wavfiles\WAVfiles\210812\20210812_163745.wav,11/3/22 14:02,HMS,Whoop,8/12/2021 17:00:24.2,8/12/2021 17:00:24.8,2,2,NA,NA,NA,NA,NA,NA,NA,2021-08-12,27.79205,-175.819217,Day
C:\Users\mmrph\Desktop\author's Interns\PHR_wavfiles\WAVfiles\210812\20210812_163745.wav,11/3/22 14:02,HMS,Whoop,8/12/2021 17:00:26.0,8/12/2021 17:00:26.4,1,3,NA,NA,NA,NA,NA,NA,NA,2021-08-12,27.79205,-175.819217,Day
C:\Users\mmrph\Desktop\author's Interns\PHR_wavfiles\WAVfiles\210812\20210812_163745.wav,11/3/22 14:02,HMS,Growl,8/12/2021 17:00:27.6,8/12/2021 17:00:30.4,1,NA,NA,NA,NA,NA,NA,NA,NA,2021-08-12,27.79205,-175.819217,Day
C:\Users\mmrph\Desktop\author's Interns\PHR_wavfiles\WAVfiles\210812\20210812_163745.wav,11/3/22 14:03,HMS,MoanGrowlRumbleWhoop,8/12/2021 17:00:30.5,8/12/2021 17:00:31.3,1,NA,NA,NA,NA,NA,NA,NA,NA,2021-08-12,27.79205,-175.819217,Day
C:\Users\mmrph\Desktop\author's Interns\PHR_wavfiles\WAVfiles\210812\20210812_163745.wav,11/3/22 14:04,HMS,Croak,8/12/2021 17:00:33.0,8/12/2021 17:00:33.3,1,NA,NA,NA,NA,NA,NA,NA,NA,2021-08-12,27.79205,-175.819217,Day
C:\Users\mmrph\Desktop\author's Interns\PHR_wavfiles\WAVfiles\210812\20210812_163745.wav,11/3/22 14:04,HMS,Croak,8/12/2021 17:00:33.7,8/12/2021 17:00:33.9,1,NA,NA,NA,NA,NA,NA,NA,NA,2021-08-12,27.79205,-175.819217,Day
C:\Users\mmrph\Desktop\author's Interns\PHR_wavfiles\WAVfiles\210812\20210812_163745.wav,11/3/22 14:04,HMS,MoanGrowl,8/12/2021 17:00:35.5,8/12/2021 17:00:39.3,1,NA,NA,NA,NA,NA,NA,NA,NA,2021-08-12,27.79205,-175.819217,Day
C:\Users\mmrph\Desktop\author's Interns\PHR_wavfiles\WAVfiles\210812\20210812_163745.wav,11/3/22 14:05,HMS,Growl,8/12/2021 17:01:12.3,8/12/2021 17:01:19.2,2,NA,NA,NA,NA,NA,NA,NA,NA,2021-08-12,27.79205,-175.819217,Day
C:\Users\mmrph\Desktop\author's Interns\PHR_wavfiles\WAVfiles\210812\20210812_163745.wav,11/3/22 14:05,HMS,Croak,8/12/2021 17:01:19.6,8/12/2021 17:01:19.9,2,NA,NA,NA,NA,NA,NA,NA,NA,2021-08-12,27.79205,-175.819217,Day
C:\Users\mmrph\Desktop\author's Interns\PHR_wavfiles\WAVfiles\210812\20210812_163745.wav,11/3/22 14:05,HMS,Croak,8/12/2021 17:01:21.7,8/12/2021 17:01:22.0,1,NA,NA,NA,NA,NA,NA,NA,NA,2021-08-12,27.79205,-175.819217,Day
C:\Users\mmrph\Desktop\author's Interns\PHR_wavfiles\WAVfiles\210812\20210812_163745.wav,11/3/22 14:06,HMS,Growl,8/12/2021 17:01:26.8,8/12/2021 17:01:30.9,2,NA,NA,NA,NA,NA,NA,NA,NA,2021-08-12,27.79205,-175.819217,Day
C:\Users\mmrph\Desktop\author's Interns\PHR_wavfiles\WAVfiles\210812\20210812_163745.wav,11/3/22 14:06,HMS,Whoop,8/12/2021 17:01:31.6,8/12/2021 17:01:31.8,1,1,NA,NA,NA,NA,NA,NA,NA,2021-08-12,27.79205,-175.819217,Day
C:\Users\mmrph\Desktop\author's Interns\PHR_wavfiles\WAVfiles\210812\20210812_163745.wav,11/3/22 14:07,HMS,Croak,8/12/2021 17:01:32.4,8/12/2021 17:01:32.7,2,NA,NA,NA,NA,NA,NA,NA,NA,2021-08-12,27.79205,-175.819217,Day
C:\Users\mmrph\Desktop\author's Interns\PHR_wavfiles\WAVfiles\210812\20210812_163745.wav,11/3/22 14:07,HMS,Growl,8/12/2021 17:01:33.3,8/12/2021 17:01:36.3,2,NA,NA,NA,NA,NA,NA,NA,NA,2021-08-12,27.79205,-175.819217,Day
C:\Users\mmrph\Desktop\author's Interns\PHR_wavfiles\WAVfiles\210812\20210812_163745.wav,11/3/22 14:07,HMS,Growl,8/12/2021 17:01:37.1,8/12/2021 17:01:42.1,2,NA,NA,NA,NA,NA,NA,NA,NA,2021-08-12,27.79205,-175.819217,Day
C:\Users\mmrph\Desktop\author's Interns\PHR_wavfiles\WAVfiles\210812\20210812_163745.wav,11/3/22 14:07,HMS,Croak,8/12/2021 17:01:45.8,8/12/2021 17:01:46.0,1,NA,NA,NA,NA,NA,NA,NA,NA,2021-08-12,27.79205,-175.819217,Day
C:\Users\mmrph\Desktop\author's Interns\PHR_wavfiles\WAVfiles\210812\20210812_163745.wav,11/3/22 14:08,HMS,Growl,8/12/2021 17:02:15.9,8/12/2021 17:02:19.4,1,NA,NA,NA,NA,NA,NA,NA,NA,2021-08-12,27.79205,-175.819217,Day
C:\Users\mmrph\Desktop\author's Interns\PHR_wavfiles\WAVfiles\210812\20210812_163745.wav,11/3/22 14:08,HMS,Croak,8/12/2021 17:02:22.3,8/12/2021 17:02:22.6,1,NA,NA,NA,NA,NA,NA,NA,NA,2021-08-12,27.79205,-175.819217,Day
C:\Users\mmrph\Desktop\author's Interns\PHR_wavfiles\WAVfiles\210812\20210812_163745.wav,11/3/22 14:09,HMS,Growl,8/12/2021 17:02:42.1,8/12/2021 17:02:42.1,2,NA,NA,NA,NA,NA,NA,NA,NA,2021-08-12,27.79205,-175.819217,Day
C:\Users\mmrph\Desktop\author's Interns\PHR_wavfiles\WAVfiles\210812\20210812_163745.wav,11/3/22 14:09,HMS,Croak,8/12/2021 17:02:52.4,8/12/2021 17:02:52.7,1,NA,NA,NA,NA,NA,NA,NA,NA,2021-08-12,27.79205,-175.819217,Day
C:\Users\mmrph\Desktop\author's Interns\PHR_wavfiles\WAVfiles\210812\20210812_163745.wav,11/3/22 14:09,HMS,Growl,8/12/2021 17:02:54.7,8/12/2021 17:02:58.1,2,NA,NA,NA,NA,NA,NA,NA,NA,2021-08-12,27.79205,-175.819217,Day
C:\Users\mmrph\Desktop\author's Interns\PHR_wavfiles\WAVfiles\210812\20210812_163745.wav,11/3/22 14:10,HMS,Whoop,8/12/2021 17:03:00.6,8/12/2021 17:03:01.2,2,2,NA,NA,NA,NA,NA,NA,NA,2021-08-12,27.79205,-175.819217,Day
C:\Users\mmrph\Desktop\author's Interns\PHR_wavfiles\WAVfiles\210812\20210812_163745.wav,11/3/22 14:11,HMS,Moan,8/12/2021 17:03:02.6,8/12/2021 17:03:03.9,2,NA,NA,NA,NA,NA,NA,NA,NA,2021-08-12,27.79205,-175.819217,Day
C:\Users\mmrph\Desktop\author's Interns\PHR_wavfiles\WAVfiles\210812\20210812_163745.wav,11/3/22 14:11,HMS,MoanGrowl,8/12/2021 17:03:04.3,8/12/2021 17:03:08.9,2,NA,NA,NA,NA,NA,NA,NA,NA,2021-08-12,27.79205,-175.819217,Day
C:\Users\mmrph\Desktop\author's Interns\PHR_wavfiles\WAVfiles\210812\20210812_163745.wav,11/3/22 14:11,HMS,Growl,8/12/2021 17:03:09.7,8/12/2021 17:03:14.7,1,NA,NA,NA,NA,NA,NA,NA,NA,2021-08-12,27.79205,-175.819217,Day
C:\Users\mmrph\Desktop\author's Interns\PHR_wavfiles\WAVfiles\210812\20210812_163745.wav,11/3/22 14:12,HMS,Croak,8/12/2021 17:03:19.1,8/12/2021 17:03:19.5,1,NA,NA,NA,NA,NA,NA,NA,NA,2021-08-12,27.79205,-175.819217,Day
C:\Users\mmrph\Desktop\author's Interns\PHR_wavfiles\WAVfiles\210812\20210812_163745.wav,11/3/22 14:12,HMS,Growl,8/12/2021 17:04:20.5,8/12/2021 17:04:25.3,2,NA,NA,NA,NA,NA,NA,NA,NA,2021-08-12,27.79205,-175.819217,Day
C:\Users\mmrph\Desktop\author's Interns\PHR_wavfiles\WAVfiles\210812\20210812_163745.wav,11/3/22 14:12,HMS,Croak,8/12/2021 17:04:26.9,8/12/2021 17:04:27.1,2,NA,NA,NA,NA,NA,NA,NA,NA,2021-08-12,27.79205,-175.819217,Day
C:\Users\mmrph\Desktop\author's Interns\PHR_wavfiles\WAVfiles\210812\20210812_163745.wav,11/3/22 14:13,HMS,Growl,8/12/2021 17:04:31.2,8/12/2021 17:04:32.9,2,NA,NA,NA,NA,NA,NA,NA,NA,2021-08-12,27.79205,-175.819217,Day
C:\Users\mmrph\Desktop\author's Interns\PHR_wavfiles\WAVfiles\210812\20210812_163745.wav,11/3/22 14:13,HMS,Croak,8/12/2021 17:04:33.8,8/12/2021 17:04:34.0,2,NA,NA,NA,NA,NA,NA,NA,NA,2021-08-12,27.79205,-175.819217,Day
C:\Users\mmrph\Desktop\author's Interns\PHR_wavfiles\WAVfiles\210812\20210812_163745.wav,11/3/22 14:14,HMS,Growl,8/12/2021 17:04:35.6,8/12/2021 17:04:39.6,2,NA,NA,NA,NA,NA,NA,NA,NA,2021-08-12,27.79205,-175.819217,Day
C:\Users\mmrph\Desktop\author's Interns\PHR_wavfiles\WAVfiles\210812\20210812_163745.wav,11/3/22 14:14,HMS,Whoop,8/12/2021 17:04:40.0,8/12/2021 17:04:40.5,1,2,NA,NA,NA,NA,NA,NA,NA,2021-08-12,27.79205,-175.819217,Day
C:\Users\mmrph\Desktop\author's Interns\PHR_wavfiles\WAVfiles\210812\20210812_163745.wav,11/3/22 14:14,HMS,Croak,8/12/2021 17:04:41.8,8/12/2021 17:04:42.1,1,NA,NA,NA,NA,NA,NA,NA,NA,2021-08-12,27.79205,-175.819217,Day
C:\Users\mmrph\Desktop\author's Interns\PHR_wavfiles\WAVfiles\210812\20210812_163745.wav,11/3/22 14:14,HMS,Growl,8/12/2021 17:04:50.0,8/12/2021 17:04:53.9,1,NA,NA,NA,NA,NA,NA,NA,NA,2021-08-12,27.79205,-175.819217,Day
C:\Users\mmrph\Desktop\author's Interns\PHR_wavfiles\WAVfiles\210812\20210812_163745.wav,11/3/22 14:14,HMS,Croak,8/12/2021 17:04:55.0,8/12/2021 17:04:55.6,1,NA,NA,NA,NA,NA,NA,NA,NA,2021-08-12,27.79205,-175.819217,Day
C:\Users\mmrph\Desktop\author's Interns\PHR_wavfiles\WAVfiles\210812\20210812_163745.wav,11/3/22 14:15,HMS,Growl,8/12/2021 17:04:59.0,8/12/2021 17:05:04.6,1,NA,NA,NA,NA,NA,NA,NA,NA,2021-08-12,27.79205,-175.819217,Day
C:\Users\mmrph\Desktop\author's Interns\PHR_wavfiles\WAVfiles\210812\20210812_163745.wav,11/3/22 14:19,HMS,Croak,8/12/2021 18:00:09.6,8/12/2021 18:00:10.1,1,NA,NA,NA,NA,NA,NA,NA,NA,2021-08-12,27.79205,-175.819217,Day
C:\Users\mmrph\Desktop\author's Interns\PHR_wavfiles\WAVfiles\210812\20210812_163745.wav,11/3/22 14:19,HMS,Growl,8/12/2021 18:00:10.8,8/12/2021 18:00:14.1,1,NA,NA,NA,NA,NA,NA,NA,NA,2021-08-12,27.79205,-175.819217,Day
C:\Users\mmrph\Desktop\author's Interns\PHR_wavfiles\WAVfiles\210812\20210812_163745.wav,11/3/22 14:19,HMS,Growl,8/12/2021 18:00:14.9,8/12/2021 18:00:18.7,1,NA,NA,NA,NA,NA,NA,NA,NA,2021-08-12,27.79205,-175.819217,Day
C:\Users\mmrph\Desktop\author's Interns\PHR_wavfiles\WAVfiles\210812\20210812_163745.wav,11/3/22 14:20,HMS,Growl,8/12/2021 18:00:57.9,8/12/2021 18:01:00.5,1,NA,NA,NA,NA,NA,NA,NA,NA,2021-08-12,27.79205,-175.819217,Day
C:\Users\mmrph\Desktop\author's Interns\PHR_wavfiles\WAVfiles\210812\20210812_163745.wav,11/3/22 14:20,HMS,Croak,8/12/2021 18:01:01.0,8/12/2021 18:01:01.3,1,NA,NA,NA,NA,NA,NA,NA,NA,2021-08-12,27.79205,-175.819217,Day
C:\Users\mmrph\Desktop\author's Interns\PHR_wavfiles\WAVfiles\210812\20210812_163745.wav,11/3/22 14:20,HMS,Croak,8/12/2021 18:01:04.5,8/12/2021 18:01:04.8,1,NA,NA,NA,NA,NA,NA,NA,NA,2021-08-12,27.79205,-175.819217,Day
C:\Users\mmrph\Desktop\author's Interns\PHR_wavfiles\WAVfiles\210812\20210812_163745.wav,11/3/22 14:21,HMS,Growl,8/12/2021 18:01:05.4,8/12/2021 18:01:08.6,1,NA,NA,NA,NA,NA,NA,NA,NA,2021-08-12,27.79205,-175.819217,Day
C:\Users\mmrph\Desktop\author's Interns\PHR_wavfiles\WAVfiles\210812\20210812_163745.wav,11/3/22 14:21,HMS,Croak,8/12/2021 18:01:09.2,8/12/2021 18:01:10.0,1,NA,NA,NA,NA,NA,NA,NA,NA,2021-08-12,27.79205,-175.819217,Day
C:\Users\mmrph\Desktop\author's Interns\PHR_wavfiles\WAVfiles\210812\20210812_163745.wav,11/3/22 14:21,HMS,Growl,8/12/2021 18:01:12.4,8/12/2021 18:01:16.2,1,NA,NA,NA,NA,NA,NA,NA,NA,2021-08-12,27.79205,-175.819217,Day
C:\Users\mmrph\Desktop\author's Interns\PHR_wavfiles\WAVfiles\210812\20210812_163745.wav,11/3/22 14:21,HMS,Croak,8/12/2021 18:01:20.9,8/12/2021 18:01:21.4,1,NA,NA,NA,NA,NA,NA,NA,NA,2021-08-12,27.79205,-175.819217,Day
C:\Users\mmrph\Desktop\author's Interns\PHR_wavfiles\WAVfiles\210812\20210812_163745.wav,11/3/22 14:21,HMS,Croak,8/12/2021 18:01:21.9,8/12/2021 18:01:22.4,1,NA,NA,NA,NA,NA,NA,NA,NA,2021-08-12,27.79205,-175.819217,Day
C:\Users\mmrph\Desktop\author's Interns\PHR_wavfiles\WAVfiles\210812\20210812_163745.wav,11/3/22 14:21,HMS,Growl,8/12/2021 18:01:26.1,8/12/2021 18:01:30.6,1,NA,NA,NA,NA,NA,NA,NA,NA,2021-08-12,27.79205,-175.819217,Day
C:\Users\mmrph\Desktop\author's Interns\PHR_wavfiles\WAVfiles\210812\20210812_163745.wav,11/3/22 14:22,HMS,Growl,8/12/2021 18:01:36.5,8/12/2021 18:01:37.2,1,NA,NA,NA,NA,NA,NA,NA,NA,2021-08-12,27.79205,-175.819217,Day
C:\Users\mmrph\Desktop\author's Interns\PHR_wavfiles\WAVfiles\210812\20210812_163745.wav,11/3/22 14:22,HMS,Croak,8/12/2021 18:01:38.0,8/12/2021 18:01:38.6,1,NA,NA,NA,NA,NA,NA,NA,NA,2021-08-12,27.79205,-175.819217,Day
C:\Users\mmrph\Desktop\author's Interns\PHR_wavfiles\WAVfiles\210812\20210812_163745.wav,11/3/22 14:23,HMS,Growl,8/12/2021 18:01:51.8,8/12/2021 18:01:52.8,1,NA,NA,NA,NA,NA,NA,NA,NA,2021-08-12,27.79205,-175.819217,Day
C:\Users\mmrph\Desktop\author's Interns\PHR_wavfiles\WAVfiles\210812\20210812_163745.wav,11/3/22 14:23,HMS,Growl,8/12/2021 18:02:30.2,8/12/2021 18:02:33.4,1,NA,NA,NA,NA,NA,NA,NA,NA,2021-08-12,27.79205,-175.819217,Day
C:\Users\mmrph\Desktop\author's Interns\PHR_wavfiles\WAVfiles\210812\20210812_163745.wav,11/3/22 14:25,HMS,Croak,8/12/2021 18:02:33.9,8/12/2021 18:02:34.2,1,NA,NA,NA,NA,NA,NA,NA,NA,2021-08-12,27.79205,-175.819217,Day
C:\Users\mmrph\Desktop\author's Interns\PHR_wavfiles\WAVfiles\210812\20210812_163745.wav,11/3/22 14:25,HMS,Croak,8/12/2021 18:02:38.8,8/12/2021 18:02:39.3,1,NA,NA,NA,NA,NA,NA,NA,NA,2021-08-12,27.79205,-175.819217,Day
C:\Users\mmrph\Desktop\author's Interns\PHR_wavfiles\WAVfiles\210812\20210812_163745.wav,11/3/22 14:25,HMS,Croak,8/12/2021 18:02:41.3,8/12/2021 18:02:41.7,1,NA,NA,NA,NA,NA,NA,NA,NA,2021-08-12,27.79205,-175.819217,Day
C:\Users\mmrph\Desktop\author's Interns\PHR_wavfiles\WAVfiles\210812\20210812_163745.wav,11/3/22 14:25,HMS,Growl,8/12/2021 18:02:42.3,8/12/2021 18:02:44.9,1,NA,NA,NA,NA,NA,NA,NA,NA,2021-08-12,27.79205,-175.819217,Day
C:\Users\mmrph\Desktop\author's Interns\PHR_wavfiles\WAVfiles\210812\20210812_163745.wav,11/3/22 14:25,HMS,Croak,8/12/2021 18:02:46.1,8/12/2021 18:02:46.4,1,NA,NA,NA,NA,NA,NA,NA,NA,2021-08-12,27.79205,-175.819217,Day
C:\Users\mmrph\Desktop\author's Interns\PHR_wavfiles\WAVfiles\210812\20210812_163745.wav,11/3/22 14:25,HMS,Growl,8/12/2021 18:02:47.5,8/12/2021 18:02:49.6,1,NA,NA,NA,NA,NA,NA,NA,NA,2021-08-12,27.79205,-175.819217,Day
C:\Users\mmrph\Desktop\author's Interns\PHR_wavfiles\WAVfiles\210812\20210812_163745.wav,11/3/22 14:26,HMS,Croak,8/12/2021 18:02:57.6,8/12/2021 18:02:57.9,1,NA,NA,NA,NA,NA,NA,NA,NA,2021-08-12,27.79205,-175.819217,Day
C:\Users\mmrph\Desktop\author's Interns\PHR_wavfiles\WAVfiles\210812\20210812_163745.wav,11/3/22 14:26,HMS,Growl,8/12/2021 18:02:58.8,8/12/2021 18:03:03.8,1,NA,NA,NA,NA,NA,NA,NA,NA,2021-08-12,27.79205,-175.819217,Day
C:\Users\mmrph\Desktop\author's Interns\PHR_wavfiles\WAVfiles\210812\20210812_163745.wav,11/3/22 14:28,HMS,Whoop,8/12/2021 18:03:03.8,8/12/2021 18:03:05.9,1,3,NA,NA,NA,NA,NA,NA,NA,2021-08-12,27.79205,-175.819217,Day
C:\Users\mmrph\Desktop\author's Interns\PHR_wavfiles\WAVfiles\210812\20210812_163745.wav,11/3/22 14:28,HMS,Croak,8/12/2021 18:03:06.5,8/12/2021 18:03:06.8,1,NA,NA,NA,NA,NA,NA,NA,NA,2021-08-12,27.79205,-175.819217,Day
C:\Users\mmrph\Desktop\author's Interns\PHR_wavfiles\WAVfiles\210812\20210812_163745.wav,11/3/22 14:28,HMS,Growl,8/12/2021 18:03:07.4,8/12/2021 18:03:10.1,1,NA,NA,NA,NA,NA,NA,NA,NA,2021-08-12,27.79205,-175.819217,Day
C:\Users\mmrph\Desktop\author's Interns\PHR_wavfiles\WAVfiles\210812\20210812_163745.wav,11/3/22 14:28,HMS,Croak,8/12/2021 18:03:17.1,8/12/2021 18:03:17.4,1,NA,NA,NA,NA,NA,NA,NA,NA,2021-08-12,27.79205,-175.819217,Day
C:\Users\mmrph\Desktop\author's Interns\PHR_wavfiles\WAVfiles\210812\20210812_163745.wav,11/3/22 14:28,HMS,Croak,8/12/2021 18:03:18.0,8/12/2021 18:03:18.6,1,NA,NA,NA,NA,NA,NA,NA,NA,2021-08-12,27.79205,-175.819217,Day
C:\Users\mmrph\Desktop\author's Interns\PHR_wavfiles\WAVfiles\210812\20210812_163745.wav,11/3/22 14:29,HMS,Moan,8/12/2021 18:03:20.2,8/12/2021 18:03:21.1,1,NA,NA,NA,NA,NA,NA,NA,NA,2021-08-12,27.79205,-175.819217,Day
C:\Users\mmrph\Desktop\author's Interns\PHR_wavfiles\WAVfiles\210812\20210812_163745.wav,11/3/22 14:29,HMS,Growl,8/12/2021 18:03:55.7,8/12/2021 18:04:00.4,1,NA,NA,NA,NA,NA,NA,NA,NA,2021-08-12,27.79205,-175.819217,Day
C:\Users\mmrph\Desktop\author's Interns\PHR_wavfiles\WAVfiles\210812\20210812_163745.wav,11/3/22 14:29,HMS,Growl,8/12/2021 18:04:02.1,8/12/2021 18:04:03.2,1,NA,NA,NA,NA,NA,NA,NA,NA,2021-08-12,27.79205,-175.819217,Day
C:\Users\mmrph\Desktop\author's Interns\PHR_wavfiles\WAVfiles\210812\20210812_163745.wav,11/3/22 14:29,HMS,Growl,8/12/2021 18:04:10.7,8/12/2021 18:04:13.9,1,NA,NA,NA,NA,NA,NA,NA,NA,2021-08-12,27.79205,-175.819217,Day
C:\Users\mmrph\Desktop\author's Interns\PHR_wavfiles\WAVfiles\210812\20210812_163745.wav,11/3/22 14:29,HMS,Croak,8/12/2021 18:04:15.1,8/12/2021 18:04:15.5,1,NA,NA,NA,NA,NA,NA,NA,NA,2021-08-12,27.79205,-175.819217,Day
C:\Users\mmrph\Desktop\author's Interns\PHR_wavfiles\WAVfiles\210812\20210812_163745.wav,11/3/22 14:29,HMS,Growl,8/12/2021 18:04:16.3,8/12/2021 18:04:20.1,1,NA,NA,NA,NA,NA,NA,NA,NA,2021-08-12,27.79205,-175.819217,Day
C:\Users\mmrph\Desktop\author's Interns\PHR_wavfiles\WAVfiles\210812\20210812_163745.wav,11/3/22 14:30,HMS,Moan,8/12/2021 18:04:27.0,8/12/2021 18:04:27.5,1,NA,NA,NA,NA,NA,NA,NA,NA,2021-08-12,27.79205,-175.819217,Day
C:\Users\mmrph\Desktop\author's Interns\PHR_wavfiles\WAVfiles\210812\20210812_163745.wav,11/3/22 14:30,HMS,Growl,8/12/2021 18:04:27.6,8/12/2021 18:04:30.9,1,NA,NA,NA,NA,NA,NA,NA,NA,2021-08-12,27.79205,-175.819217,Day
C:\Users\mmrph\Desktop\author's Interns\PHR_wavfiles\WAVfiles\210812\20210812_163745.wav,11/3/22 14:31,HMS,Growl,8/12/2021 19:00:40.2,8/12/2021 19:00:44.7,1,NA,NA,NA,NA,NA,NA,NA,NA,2021-08-12,27.79205,-175.819217,Day
C:\Users\mmrph\Desktop\author's Interns\PHR_wavfiles\WAVfiles\210812\20210812_163745.wav,11/3/22 14:31,HMS,Croak,8/12/2021 19:00:45.3,8/12/2021 19:00:45.6,1,NA,NA,NA,NA,NA,NA,NA,NA,2021-08-12,27.79205,-175.819217,Day
C:\Users\mmrph\Desktop\author's Interns\PHR_wavfiles\WAVfiles\210812\20210812_163745.wav,11/3/22 14:31,HMS,Croak,8/12/2021 19:00:45.9,8/12/2021 19:00:46.1,1,NA,NA,NA,NA,NA,NA,NA,NA,2021-08-12,27.79205,-175.819217,Day
C:\Users\mmrph\Desktop\author's Interns\PHR_wavfiles\WAVfiles\210812\20210812_163745.wav,11/3/22 14:31,HMS,Croak,8/12/2021 19:00:49.3,8/12/2021 19:00:49.7,1,NA,NA,NA,NA,NA,NA,NA,NA,2021-08-12,27.79205,-175.819217,Day
C:\Users\mmrph\Desktop\author's Interns\PHR_wavfiles\WAVfiles\210812\20210812_163745.wav,11/3/22 14:32,HMS,Whoop,8/12/2021 19:00:55.8,8/12/2021 19:00:55.9,1,1,NA,NA,NA,NA,NA,NA,NA,2021-08-12,27.79205,-175.819217,Day
C:\Users\mmrph\Desktop\author's Interns\PHR_wavfiles\WAVfiles\210812\20210812_163745.wav,11/3/22 14:32,HMS,Croak,8/12/2021 19:00:56.5,8/12/2021 19:00:56.9,1,NA,NA,NA,NA,NA,NA,NA,NA,2021-08-12,27.79205,-175.819217,Day
C:\Users\mmrph\Desktop\author's Interns\PHR_wavfiles\WAVfiles\210812\20210812_163745.wav,11/3/22 14:32,HMS,Growl,8/12/2021 19:00:57.4,8/12/2021 19:01:00.1,1,NA,NA,NA,NA,NA,NA,NA,NA,2021-08-12,27.79205,-175.819217,Day
C:\Users\mmrph\Desktop\author's Interns\PHR_wavfiles\WAVfiles\210812\20210812_163745.wav,11/3/22 14:33,HMS,Whoop,8/12/2021 19:01:06.3,8/12/2021 19:01:06.6,1,1,NA,NA,NA,NA,NA,NA,NA,2021-08-12,27.79205,-175.819217,Day
C:\Users\mmrph\Desktop\author's Interns\PHR_wavfiles\WAVfiles\210812\20210812_163745.wav,11/3/22 14:33,HMS,Croak,8/12/2021 19:01:07.5,8/12/2021 19:01:08.0,1,NA,NA,NA,NA,NA,NA,NA,NA,2021-08-12,27.79205,-175.819217,Day
C:\Users\mmrph\Desktop\author's Interns\PHR_wavfiles\WAVfiles\210812\20210812_163745.wav,11/3/22 14:34,HMS,Growl,8/12/2021 19:01:41.6,8/12/2021 19:01:46.0,1,NA,NA,NA,NA,NA,NA,NA,NA,2021-08-12,27.79205,-175.819217,Day
C:\Users\mmrph\Desktop\author's Interns\PHR_wavfiles\WAVfiles\210812\20210812_163745.wav,11/3/22 14:34,HMS,Growl,8/12/2021 19:01:56.8,8/12/2021 19:01:58.3,1,NA,NA,NA,NA,NA,NA,NA,NA,2021-08-12,27.79205,-175.819217,Day
C:\Users\mmrph\Desktop\author's Interns\PHR_wavfiles\WAVfiles\210812\20210812_163745.wav,11/3/22 14:34,HMS,Growl,8/12/2021 19:02:00.7,8/12/2021 19:02:05.9,1,NA,NA,NA,NA,NA,NA,NA,NA,2021-08-12,27.79205,-175.819217,Day
C:\Users\mmrph\Desktop\author's Interns\PHR_wavfiles\WAVfiles\210812\20210812_163745.wav,11/3/22 14:35,HMS,Growl,8/12/2021 19:02:15.8,8/12/2021 19:02:18.3,1,NA,NA,NA,NA,NA,NA,NA,NA,2021-08-12,27.79205,-175.819217,Day
C:\Users\mmrph\Desktop\author's Interns\PHR_wavfiles\WAVfiles\210812\20210812_163745.wav,11/3/22 14:35,HMS,Growl,8/12/2021 19:02:23.0,8/12/2021 19:02:26.5,1,NA,NA,NA,NA,NA,NA,NA,NA,2021-08-12,27.79205,-175.819217,Day
C:\Users\mmrph\Desktop\author's Interns\PHR_wavfiles\WAVfiles\210812\20210812_163745.wav,11/3/22 14:36,HMS,Growl,8/12/2021 19:02:36.4,8/12/2021 19:02:39.5,1,NA,NA,NA,NA,NA,NA,NA,NA,2021-08-12,27.79205,-175.819217,Day
C:\Users\mmrph\Desktop\author's Interns\PHR_wavfiles\WAVfiles\210812\20210812_163745.wav,11/3/22 14:37,HMS,Croak,8/12/2021 19:02:45.7,8/12/2021 19:02:46.0,1,NA,NA,NA,NA,NA,NA,NA,NA,2021-08-12,27.79205,-175.819217,Day
C:\Users\mmrph\Desktop\author's Interns\PHR_wavfiles\WAVfiles\210812\20210812_163745.wav,11/3/22 14:37,HMS,Growl,8/12/2021 19:02:54.3,8/12/2021 19:03:00.2,1,NA,NA,NA,NA,NA,NA,NA,NA,2021-08-12,27.79205,-175.819217,Day
C:\Users\mmrph\Desktop\author's Interns\PHR_wavfiles\WAVfiles\210812\20210812_163745.wav,11/3/22 14:39,HMS,Growl,8/12/2021 19:03:24.8,8/12/2021 19:03:30.2,1,NA,NA,NA,NA,NA,NA,NA,NA,2021-08-12,27.79205,-175.819217,Day
C:\Users\mmrph\Desktop\author's Interns\PHR_wavfiles\WAVfiles\210812\20210812_163745.wav,11/3/22 14:40,HMS,Croak,8/12/2021 19:03:30.5,8/12/2021 19:03:30.8,1,NA,NA,NA,NA,NA,NA,NA,NA,2021-08-12,27.79205,-175.819217,Day
C:\Users\mmrph\Desktop\author's Interns\PHR_wavfiles\WAVfiles\210812\20210812_163745.wav,11/3/22 14:40,HMS,Croak,8/12/2021 19:03:32.1,8/12/2021 19:03:32.7,2,NA,NA,NA,NA,NA,NA,NA,NA,2021-08-12,27.79205,-175.819217,Day
C:\Users\mmrph\Desktop\author's Interns\PHR_wavfiles\WAVfiles\210812\20210812_163745.wav,11/3/22 14:40,HMS,Whoop,8/12/2021 19:03:33.3,8/12/2021 19:03:33.7,1,2,NA,NA,NA,NA,NA,NA,NA,2021-08-12,27.79205,-175.819217,Day
C:\Users\mmrph\Desktop\author's Interns\PHR_wavfiles\WAVfiles\210812\20210812_163745.wav,11/3/22 14:40,HMS,Croak,8/12/2021 19:03:34.2,8/12/2021 19:03:34.6,2,NA,NA,NA,NA,NA,NA,NA,NA,2021-08-12,27.79205,-175.819217,Day
C:\Users\mmrph\Desktop\author's Interns\PHR_wavfiles\WAVfiles\210812\20210812_163745.wav,11/3/22 14:40,HMS,Growl,8/12/2021 19:03:34.9,8/12/2021 19:03:36.3,1,NA,NA,NA,NA,NA,NA,NA,NA,2021-08-12,27.79205,-175.819217,Day
C:\Users\mmrph\Desktop\author's Interns\PHR_wavfiles\WAVfiles\210812\20210812_163745.wav,11/3/22 14:40,HMS,Croak,8/12/2021 19:03:36.7,8/12/2021 19:03:37.0,1,NA,NA,NA,NA,NA,NA,NA,NA,2021-08-12,27.79205,-175.819217,Day
C:\Users\mmrph\Desktop\author's Interns\PHR_wavfiles\WAVfiles\210812\20210812_163745.wav,11/3/22 14:41,HMS,Growl,8/12/2021 19:03:38.5,8/12/2021 19:03:41.6,1,NA,NA,NA,NA,NA,NA,NA,NA,2021-08-12,27.79205,-175.819217,Day
C:\Users\mmrph\Desktop\author's Interns\PHR_wavfiles\WAVfiles\210812\20210812_163745.wav,11/3/22 14:41,HMS,Whoop,8/12/2021 19:03:44.5,8/12/2021 19:03:44.9,1,1,NA,NA,NA,NA,NA,NA,NA,2021-08-12,27.79205,-175.819217,Day
C:\Users\mmrph\Desktop\author's Interns\PHR_wavfiles\WAVfiles\210812\20210812_163745.wav,11/3/22 14:41,HMS,Moan,8/12/2021 19:03:45.4,8/12/2021 19:03:47.4,1,NA,NA,NA,NA,NA,NA,NA,NA,2021-08-12,27.79205,-175.819217,Day
C:\Users\mmrph\Desktop\author's Interns\PHR_wavfiles\WAVfiles\210812\20210812_163745.wav,11/3/22 14:41,HMS,MoanGrowl,8/12/2021 19:03:47.7,8/12/2021 19:03:52.4,1,NA,NA,NA,NA,NA,NA,NA,NA,2021-08-12,27.79205,-175.819217,Day
C:\Users\mmrph\Desktop\author's Interns\PHR_wavfiles\WAVfiles\210812\20210812_163745.wav,11/3/22 14:41,HMS,Whoop,8/12/2021 19:03:52.6,8/12/2021 19:03:52.8,1,1,NA,NA,NA,NA,NA,NA,NA,2021-08-12,27.79205,-175.819217,Day
C:\Users\mmrph\Desktop\author's Interns\PHR_wavfiles\WAVfiles\210812\20210812_163745.wav,11/3/22 14:42,HMS,Growl,8/12/2021 19:03:54.4,8/12/2021 19:04:01.1,1,NA,NA,NA,NA,NA,NA,NA,NA,2021-08-12,27.79205,-175.819217,Day
C:\Users\mmrph\Desktop\author's Interns\PHR_wavfiles\WAVfiles\210812\20210812_163745.wav,11/3/22 14:42,HMS,Growl,8/12/2021 19:04:01.7,8/12/2021 19:04:05.3,2,NA,NA,NA,NA,NA,NA,NA,NA,2021-08-12,27.79205,-175.819217,Day
C:\Users\mmrph\Desktop\author's Interns\PHR_wavfiles\WAVfiles\210812\20210812_163745.wav,11/3/22 14:42,HMS,Croak,8/12/2021 19:04:06.3,8/12/2021 19:04:06.5,1,NA,NA,NA,NA,NA,NA,NA,NA,2021-08-12,27.79205,-175.819217,Day
C:\Users\mmrph\Desktop\author's Interns\PHR_wavfiles\WAVfiles\210812\20210812_163745.wav,11/3/22 14:42,HMS,Growl,8/12/2021 19:04:09.8,8/12/2021 19:04:11.3,1,NA,NA,NA,NA,NA,NA,NA,NA,2021-08-12,27.79205,-175.819217,Day
C:\Users\mmrph\Desktop\author's Interns\PHR_wavfiles\WAVfiles\210812\20210812_163745.wav,11/3/22 14:42,HMS,Croak,8/12/2021 19:04:13.0,8/12/2021 19:04:13.3,1,NA,NA,NA,NA,NA,NA,NA,NA,2021-08-12,27.79205,-175.819217,Day
C:\Users\mmrph\Desktop\author's Interns\PHR_wavfiles\WAVfiles\210812\20210812_163745.wav,11/3/22 14:42,HMS,Croak,8/12/2021 19:04:20.0,8/12/2021 19:04:21.4,2,NA,NA,NA,NA,NA,NA,NA,NA,2021-08-12,27.79205,-175.819217,Day
C:\Users\mmrph\Desktop\author's Interns\PHR_wavfiles\WAVfiles\210812\20210812_163745.wav,11/3/22 14:43,HMS,Croak,8/12/2021 19:04:22.1,8/12/2021 19:04:22.2,1,NA,NA,NA,NA,NA,NA,NA,NA,2021-08-12,27.79205,-175.819217,Day
C:\Users\mmrph\Desktop\author's Interns\PHR_wavfiles\WAVfiles\210812\20210812_163745.wav,11/3/22 14:43,HMS,Growl,8/12/2021 19:04:24.1,8/12/2021 19:04:26.7,1,NA,NA,NA,NA,NA,NA,NA,NA,2021-08-12,27.79205,-175.819217,Day
C:\Users\mmrph\Desktop\author's Interns\PHR_wavfiles\WAVfiles\210812\20210812_163745.wav,11/3/22 14:45,HMS,Whoop,8/12/2021 19:04:27.1,8/12/2021 19:04:27.4,1,1,NA,NA,NA,NA,NA,NA,NA,2021-08-12,27.79205,-175.819217,Day
C:\Users\mmrph\Desktop\author's Interns\PHR_wavfiles\WAVfiles\210812\20210812_163745.wav,11/3/22 14:45,HMS,Whoop,8/12/2021 19:04:37.1,8/12/2021 19:04:37.7,1,2,NA,NA,NA,NA,NA,NA,NA,2021-08-12,27.79205,-175.819217,Day
C:\Users\mmrph\Desktop\author's Interns\PHR_wavfiles\WAVfiles\210812\20210812_163745.wav,11/3/22 14:45,HMS,Croak,8/12/2021 19:04:37.8,8/12/2021 19:04:38.4,2,NA,NA,NA,NA,NA,NA,NA,NA,2021-08-12,27.79205,-175.819217,Day
C:\Users\mmrph\Desktop\author's Interns\PHR_wavfiles\WAVfiles\210812\20210812_163745.wav,11/3/22 14:46,HMS,Growl,8/12/2021 19:04:38.9,8/12/2021 19:04:42.1,1,NA,NA,NA,NA,NA,NA,NA,NA,2021-08-12,27.79205,-175.819217,Day
C:\Users\mmrph\Desktop\author's Interns\PHR_wavfiles\WAVfiles\210812\20210812_163745.wav,11/3/22 14:46,HMS,Whoop,8/12/2021 19:04:42.3,8/12/2021 19:04:42.5,1,1,NA,NA,NA,NA,NA,NA,NA,2021-08-12,27.79205,-175.819217,Day
C:\Users\mmrph\Desktop\author's Interns\PHR_wavfiles\WAVfiles\210812\20210812_163745.wav,11/3/22 14:46,HMS,Croak,8/12/2021 19:04:44.7,8/12/2021 19:04:44.9,1,NA,NA,NA,NA,NA,NA,NA,NA,2021-08-12,27.79205,-175.819217,Day
C:\Users\mmrph\Desktop\author's Interns\PHR_wavfiles\WAVfiles\210812\20210812_193744.wav,11/3/22 14:49,HMS,Growl,8/12/2021 20:01:00.3,8/12/2021 20:01:06.9,2,NA,NA,NA,NA,NA,NA,NA,NA,2021-08-12,27.79205,-175.819217,Day
C:\Users\mmrph\Desktop\author's Interns\PHR_wavfiles\WAVfiles\210812\20210812_193744.wav,11/3/22 14:51,HMS,Croak,8/12/2021 20:01:07.6,8/12/2021 20:01:07.9,2,NA,NA,NA,NA,NA,NA,NA,NA,2021-08-12,27.79205,-175.819217,Day
C:\Users\mmrph\Desktop\author's Interns\PHR_wavfiles\WAVfiles\210812\20210812_193744.wav,11/3/22 14:51,HMS,Croak,8/12/2021 20:01:10.2,8/12/2021 20:01:10.4,2,NA,NA,NA,NA,NA,NA,NA,NA,2021-08-12,27.79205,-175.819217,Day
C:\Users\mmrph\Desktop\author's Interns\PHR_wavfiles\WAVfiles\210812\20210812_193744.wav,11/3/22 14:52,HMS,Growl,8/12/2021 20:01:12.0,8/12/2021 20:01:15.1,2,NA,NA,NA,NA,NA,NA,NA,NA,2021-08-12,27.79205,-175.819217,Day
C:\Users\mmrph\Desktop\author's Interns\PHR_wavfiles\WAVfiles\210812\20210812_193744.wav,11/3/22 14:53,HMS,Whoop,8/12/2021 20:01:16.7,8/12/2021 20:01:16.9,2,1,NA,NA,NA,NA,NA,NA,NA,2021-08-12,27.79205,-175.819217,Day
C:\Users\mmrph\Desktop\author's Interns\PHR_wavfiles\WAVfiles\210812\20210812_193744.wav,11/3/22 14:53,HMS,Croak,8/12/2021 20:01:22.0,8/12/2021 20:01:22.3,2,NA,NA,NA,NA,NA,NA,NA,NA,2021-08-12,27.79205,-175.819217,Day
C:\Users\mmrph\Desktop\author's Interns\PHR_wavfiles\WAVfiles\210812\20210812_193744.wav,11/3/22 14:53,HMS,Whoop,8/12/2021 20:01:23.0,8/12/2021 20:01:23.5,2,2,NA,NA,NA,NA,NA,NA,NA,2021-08-12,27.79205,-175.819217,Day
C:\Users\mmrph\Desktop\author's Interns\PHR_wavfiles\WAVfiles\210812\20210812_193744.wav,11/3/22 14:53,HMS,Croak,8/12/2021 20:01:23.6,8/12/2021 20:01:24.0,2,NA,NA,NA,NA,NA,NA,NA,NA,2021-08-12,27.79205,-175.819217,Day
C:\Users\mmrph\Desktop\author's Interns\PHR_wavfiles\WAVfiles\210812\20210812_193744.wav,11/3/22 14:53,HMS,Whoop,8/12/2021 20:01:24.6,8/12/2021 20:01:25.1,1,2,NA,NA,NA,NA,NA,NA,NA,2021-08-12,27.79205,-175.819217,Day
C:\Users\mmrph\Desktop\author's Interns\PHR_wavfiles\WAVfiles\210812\20210812_193744.wav,11/3/22 14:54,HMS,Croak,8/12/2021 20:01:25.4,8/12/2021 20:01:25.8,2,NA,NA,NA,NA,NA,NA,NA,NA,2021-08-12,27.79205,-175.819217,Day
C:\Users\mmrph\Desktop\author's Interns\PHR_wavfiles\WAVfiles\210812\20210812_193744.wav,11/3/22 14:54,HMS,Growl,8/12/2021 20:01:26.2,8/12/2021 20:01:29.2,2,NA,NA,NA,NA,NA,NA,NA,NA,2021-08-12,27.79205,-175.819217,Day
C:\Users\mmrph\Desktop\author's Interns\PHR_wavfiles\WAVfiles\210812\20210812_193744.wav,11/3/22 14:54,HMS,Growl,8/12/2021 20:01:33.2,8/12/2021 20:01:35.9,2,NA,NA,NA,NA,NA,NA,NA,NA,2021-08-12,27.79205,-175.819217,Day
C:\Users\mmrph\Desktop\author's Interns\PHR_wavfiles\WAVfiles\210812\20210812_193744.wav,11/3/22 14:55,HMS,Croak,8/12/2021 20:01:36.7,8/12/2021 20:01:37.0,1,NA,NA,NA,NA,NA,NA,NA,NA,2021-08-12,27.79205,-175.819217,Day
C:\Users\mmrph\Desktop\author's Interns\PHR_wavfiles\WAVfiles\210812\20210812_193744.wav,11/3/22 14:55,HMS,Croak,8/12/2021 20:01:41.4,8/12/2021 20:01:41.7,2,NA,NA,NA,NA,NA,NA,NA,NA,2021-08-12,27.79205,-175.819217,Day
C:\Users\mmrph\Desktop\author's Interns\PHR_wavfiles\WAVfiles\210812\20210812_193744.wav,11/3/22 14:55,HMS,Growl,8/12/2021 20:01:45.8,8/12/2021 20:01:51.6,1,NA,NA,NA,NA,NA,NA,NA,NA,2021-08-12,27.79205,-175.819217,Day
C:\Users\mmrph\Desktop\author's Interns\PHR_wavfiles\WAVfiles\210812\20210812_193744.wav,11/3/22 14:56,HMS,Growl,8/12/2021 20:03:18.1,8/12/2021 20:03:24.4,2,NA,NA,NA,NA,NA,NA,NA,NA,2021-08-12,27.79205,-175.819217,Day
C:\Users\mmrph\Desktop\author's Interns\PHR_wavfiles\WAVfiles\210812\20210812_193744.wav,11/3/22 14:56,HMS,Croak,8/12/2021 20:03:25.0,8/12/2021 20:03:25.3,2,NA,NA,NA,NA,NA,NA,NA,NA,2021-08-12,27.79205,-175.819217,Day
C:\Users\mmrph\Desktop\author's Interns\PHR_wavfiles\WAVfiles\210812\20210812_193744.wav,11/3/22 14:56,HMS,Croak,8/12/2021 20:03:27.6,8/12/2021 20:03:28.0,1,NA,NA,NA,NA,NA,NA,NA,NA,2021-08-12,27.79205,-175.819217,Day
C:\Users\mmrph\Desktop\author's Interns\PHR_wavfiles\WAVfiles\210812\20210812_193744.wav,11/3/22 14:56,HMS,Croak,8/12/2021 20:03:29.6,8/12/2021 20:03:30.1,2,NA,NA,NA,NA,NA,NA,NA,NA,2021-08-12,27.79205,-175.819217,Day
C:\Users\mmrph\Desktop\author's Interns\PHR_wavfiles\WAVfiles\210812\20210812_193744.wav,11/3/22 14:56,HMS,Growl,8/12/2021 20:03:30.5,8/12/2021 20:03:33.5,2,NA,NA,NA,NA,NA,NA,NA,NA,2021-08-12,27.79205,-175.819217,Day
C:\Users\mmrph\Desktop\author's Interns\PHR_wavfiles\WAVfiles\210812\20210812_193744.wav,11/3/22 14:56,HMS,Growl,8/12/2021 20:03:36.6,8/12/2021 20:03:39.9,2,NA,NA,NA,NA,NA,NA,NA,NA,2021-08-12,27.79205,-175.819217,Day
C:\Users\mmrph\Desktop\author's Interns\PHR_wavfiles\WAVfiles\210812\20210812_193744.wav,11/3/22 14:57,HMS,Croak,8/12/2021 20:03:43.5,8/12/2021 20:03:43.8,2,NA,NA,NA,NA,NA,NA,NA,NA,2021-08-12,27.79205,-175.819217,Day
C:\Users\mmrph\Desktop\author's Interns\PHR_wavfiles\WAVfiles\210812\20210812_193744.wav,11/3/22 14:57,HMS,Whoop,8/12/2021 20:03:44.4,8/12/2021 20:03:44.9,1,2,NA,NA,NA,NA,NA,NA,NA,2021-08-12,27.79205,-175.819217,Day
C:\Users\mmrph\Desktop\author's Interns\PHR_wavfiles\WAVfiles\210812\20210812_193744.wav,11/3/22 14:58,HMS,Growl,8/12/2021 20:03:53.9,8/12/2021 20:03:55.4,2,NA,NA,NA,NA,NA,NA,NA,NA,2021-08-12,27.79205,-175.819217,Day
C:\Users\mmrph\Desktop\author's Interns\PHR_wavfiles\WAVfiles\210812\20210812_193744.wav,11/3/22 14:58,HMS,Croak,8/12/2021 20:03:55.9,8/12/2021 20:03:56.5,2,NA,NA,NA,NA,NA,NA,NA,NA,2021-08-12,27.79205,-175.819217,Day
C:\Users\mmrph\Desktop\author's Interns\PHR_wavfiles\WAVfiles\210812\20210812_193744.wav,11/3/22 14:58,HMS,Growl,8/12/2021 20:03:59.4,8/12/2021 20:04:03.6,2,NA,NA,NA,NA,NA,NA,NA,NA,2021-08-12,27.79205,-175.819217,Day
C:\Users\mmrph\Desktop\author's Interns\PHR_wavfiles\WAVfiles\210812\20210812_193744.wav,11/3/22 14:58,HMS,Croak,8/12/2021 20:04:06.3,8/12/2021 20:04:06.9,2,NA,NA,NA,NA,NA,NA,NA,NA,2021-08-12,27.79205,-175.819217,Day
C:\Users\mmrph\Desktop\author's Interns\PHR_wavfiles\WAVfiles\210812\20210812_193744.wav,11/3/22 14:59,HMS,Growl,8/12/2021 20:04:13.1,8/12/2021 20:04:15.5,1,NA,NA,NA,NA,NA,NA,NA,NA,2021-08-12,27.79205,-175.819217,Day
C:\Users\mmrph\Desktop\author's Interns\PHR_wavfiles\WAVfiles\210812\20210812_193744.wav,11/3/22 14:59,HMS,Croak,8/12/2021 20:04:18.5,8/12/2021 20:04:19.0,1,NA,NA,NA,NA,NA,NA,NA,NA,2021-08-12,27.79205,-175.819217,Day
C:\Users\mmrph\Desktop\author's Interns\PHR_wavfiles\WAVfiles\210812\20210812_193744.wav,11/3/22 14:59,HMS,Growl,8/12/2021 20:04:19.9,8/12/2021 20:04:21.1,1,NA,NA,NA,NA,NA,NA,NA,NA,2021-08-12,27.79205,-175.819217,Day
C:\Users\mmrph\Desktop\author's Interns\PHR_wavfiles\WAVfiles\210812\20210812_193744.wav,11/3/22 15:00,HMS,Growl,8/12/2021 20:04:31.0,8/12/2021 20:04:35.5,1,NA,NA,NA,NA,NA,NA,NA,NA,2021-08-12,27.79205,-175.819217,Day
C:\Users\mmrph\Desktop\author's Interns\PHR_wavfiles\WAVfiles\210812\20210812_193744.wav,11/17/22 11:43,HMS,Growl,8/12/2021 21:00:14.1,8/12/2021 21:00:18.5,1,NA,NA,NA,NA,NA,NA,NA,NA,2021-08-12,27.79205,-175.819217,Night
C:\Users\mmrph\Desktop\author's Interns\PHR_wavfiles\WAVfiles\210812\20210812_193744.wav,11/17/22 11:43,HMS,Croak,8/12/2021 21:00:24.0,8/12/2021 21:00:24.4,1,NA,NA,NA,NA,NA,NA,NA,NA,2021-08-12,27.79205,-175.819217,Night
C:\Users\mmrph\Desktop\author's Interns\PHR_wavfiles\WAVfiles\210812\20210812_193744.wav,11/17/22 11:43,HMS,Croak,8/12/2021 21:00:25.7,8/12/2021 21:00:25.9,1,NA,NA,NA,NA,NA,NA,NA,NA,2021-08-12,27.79205,-175.819217,Night
C:\Users\mmrph\Desktop\author's Interns\PHR_wavfiles\WAVfiles\210812\20210812_193744.wav,11/17/22 11:45,HMS,Growl,8/12/2021 21:00:43.2,8/12/2021 21:00:45.3,1,NA,NA,NA,NA,NA,NA,NA,NA,2021-08-12,27.79205,-175.819217,Night
C:\Users\mmrph\Desktop\author's Interns\PHR_wavfiles\WAVfiles\210812\20210812_193744.wav,11/17/22 11:45,HMS,Growl,8/12/2021 21:01:03.7,8/12/2021 21:01:05.0,1,NA,NA,NA,NA,NA,NA,NA,NA,2021-08-12,27.79205,-175.819217,Night
C:\Users\mmrph\Desktop\author's Interns\PHR_wavfiles\WAVfiles\210812\20210812_193744.wav,11/17/22 11:45,HMS,Growl,8/12/2021 21:01:10.1,8/12/2021 21:01:11.4,1,NA,NA,NA,NA,NA,NA,NA,NA,2021-08-12,27.79205,-175.819217,Night
C:\Users\mmrph\Desktop\author's Interns\PHR_wavfiles\WAVfiles\210812\20210812_193744.wav,11/17/22 11:50,HMS,Growl,8/12/2021 21:01:27.9,8/12/2021 21:01:33.3,2,NA,NA,NA,NA,NA,NA,NA,NA,2021-08-12,27.79205,-175.819217,Night
C:\Users\mmrph\Desktop\author's Interns\PHR_wavfiles\WAVfiles\210812\20210812_193744.wav,11/17/22 11:51,HMS,Croak,8/12/2021 21:01:33.7,8/12/2021 21:01:33.9,2,NA,NA,NA,NA,NA,NA,NA,NA,2021-08-12,27.79205,-175.819217,Night
C:\Users\mmrph\Desktop\author's Interns\PHR_wavfiles\WAVfiles\210812\20210812_193744.wav,11/17/22 11:51,HMS,Croak,8/12/2021 21:01:34.2,8/12/2021 21:01:34.8,2,NA,NA,NA,NA,NA,NA,NA,NA,2021-08-12,27.79205,-175.819217,Night
C:\Users\mmrph\Desktop\author's Interns\PHR_wavfiles\WAVfiles\210812\20210812_193744.wav,11/17/22 11:51,HMS,Croak,8/12/2021 21:01:36.2,8/12/2021 21:01:36.5,2,NA,NA,NA,NA,NA,NA,NA,NA,2021-08-12,27.79205,-175.819217,Night
C:\Users\mmrph\Desktop\author's Interns\PHR_wavfiles\WAVfiles\210812\20210812_193744.wav,11/17/22 11:53,HMS,Croak,8/12/2021 21:01:38.6,8/12/2021 21:01:38.9,2,NA,NA,NA,NA,NA,NA,NA,NA,2021-08-12,27.79205,-175.819217,Night
C:\Users\mmrph\Desktop\author's Interns\PHR_wavfiles\WAVfiles\210812\20210812_193744.wav,11/17/22 11:53,HMS,Croak,8/12/2021 21:01:40.7,8/12/2021 21:01:41.0,2,NA,NA,NA,NA,NA,NA,NA,NA,2021-08-12,27.79205,-175.819217,Night
C:\Users\mmrph\Desktop\author's Interns\PHR_wavfiles\WAVfiles\210812\20210812_193744.wav,11/17/22 11:53,HMS,Growl,8/12/2021 21:01:41.6,8/12/2021 21:01:45.1,2,NA,NA,NA,NA,NA,NA,NA,NA,2021-08-12,27.79205,-175.819217,Night
C:\Users\mmrph\Desktop\author's Interns\PHR_wavfiles\WAVfiles\210812\20210812_193744.wav,11/17/22 11:53,HMS,Croak,8/12/2021 21:01:46.0,8/12/2021 21:01:46.1,1,NA,NA,NA,NA,NA,NA,NA,NA,2021-08-12,27.79205,-175.819217,Night
C:\Users\mmrph\Desktop\author's Interns\PHR_wavfiles\WAVfiles\210812\20210812_193744.wav,11/17/22 11:53,HMS,Croak,8/12/2021 21:01:51.9,8/12/2021 21:01:52.2,2,NA,NA,NA,NA,NA,NA,NA,NA,2021-08-12,27.79205,-175.819217,Night
C:\Users\mmrph\Desktop\author's Interns\PHR_wavfiles\WAVfiles\210812\20210812_193744.wav,11/17/22 11:56,HMS,Growl,8/12/2021 21:02:00.3,8/12/2021 21:02:03.2,1,NA,NA,NA,NA,NA,"good and bauthor calls here, I think 2 monk seals",NA,NA,2021-08-12,27.79205,-175.819217,Night
C:\Users\mmrph\Desktop\author's Interns\PHR_wavfiles\WAVfiles\210812\20210812_193744.wav,11/17/22 11:56,HMS,Growl,8/12/2021 21:02:04.1,8/12/2021 21:02:08.2,2,NA,NA,NA,NA,NA,NA,NA,NA,2021-08-12,27.79205,-175.819217,Night
C:\Users\mmrph\Desktop\author's Interns\PHR_wavfiles\WAVfiles\210812\20210812_193744.wav,11/17/22 11:56,HMS,Whoop,8/12/2021 21:02:08.6,8/12/2021 21:02:09.1,1,2,NA,NA,NA,NA,NA,NA,NA,2021-08-12,27.79205,-175.819217,Night
C:\Users\mmrph\Desktop\author's Interns\PHR_wavfiles\WAVfiles\210812\20210812_193744.wav,11/17/22 11:57,HMS,Croak,8/12/2021 21:02:09.6,8/12/2021 21:02:10.0,2,NA,NA,NA,NA,NA,NA,NA,NA,2021-08-12,27.79205,-175.819217,Night
C:\Users\mmrph\Desktop\author's Interns\PHR_wavfiles\WAVfiles\210812\20210812_193744.wav,11/17/22 11:57,HMS,Growl,8/12/2021 21:02:10.7,8/12/2021 21:02:14.3,2,NA,NA,NA,NA,NA,NA,NA,NA,2021-08-12,27.79205,-175.819217,Night
C:\Users\mmrph\Desktop\author's Interns\PHR_wavfiles\WAVfiles\210812\20210812_193744.wav,11/17/22 11:57,HMS,Croak,8/12/2021 21:02:14.8,8/12/2021 21:02:15.3,1,NA,NA,NA,NA,NA,NA,NA,NA,2021-08-12,27.79205,-175.819217,Night
C:\Users\mmrph\Desktop\author's Interns\PHR_wavfiles\WAVfiles\210812\20210812_193744.wav,11/17/22 11:57,HMS,Growl,8/12/2021 21:02:15.9,8/12/2021 21:02:18.5,1,NA,NA,NA,NA,NA,NA,NA,NA,2021-08-12,27.79205,-175.819217,Night
C:\Users\mmrph\Desktop\author's Interns\PHR_wavfiles\WAVfiles\210812\20210812_193744.wav,11/17/22 11:57,HMS,Growl,8/12/2021 21:02:19.2,8/12/2021 21:02:21.6,1,NA,NA,NA,NA,NA,NA,NA,NA,2021-08-12,27.79205,-175.819217,Night
C:\Users\mmrph\Desktop\author's Interns\PHR_wavfiles\WAVfiles\210812\20210812_193744.wav,11/17/22 11:57,HMS,Growl,8/12/2021 21:02:26.6,8/12/2021 21:02:29.7,2,NA,NA,NA,NA,NA,NA,NA,NA,2021-08-12,27.79205,-175.819217,Night
C:\Users\mmrph\Desktop\author's Interns\PHR_wavfiles\WAVfiles\210812\20210812_193744.wav,11/17/22 11:58,HMS,Growl,8/12/2021 21:03:06.1,8/12/2021 21:03:06.8,1,NA,NA,NA,NA,NA,NA,NA,NA,2021-08-12,27.79205,-175.819217,Night
C:\Users\mmrph\Desktop\author's Interns\PHR_wavfiles\WAVfiles\210812\20210812_193744.wav,11/17/22 11:58,HMS,Growl,8/12/2021 21:03:25.1,8/12/2021 21:03:28.4,1,NA,NA,NA,NA,NA,NA,NA,NA,2021-08-12,27.79205,-175.819217,Night
C:\Users\mmrph\Desktop\author's Interns\PHR_wavfiles\WAVfiles\210812\20210812_193744.wav,11/17/22 12:00,HMS,Growl,8/12/2021 21:03:53.2,8/12/2021 21:03:55.8,1,NA,NA,NA,NA,NA,NA,NA,NA,2021-08-12,27.79205,-175.819217,Night
C:\Users\mmrph\Desktop\author's Interns\PHR_wavfiles\WAVfiles\210812\20210812_193744.wav,11/17/22 12:00,HMS,Growl,8/12/2021 21:03:57.7,8/12/2021 21:03:59.5,1,NA,NA,NA,NA,NA,NA,NA,NA,2021-08-12,27.79205,-175.819217,Night
C:\Users\mmrph\Desktop\author's Interns\PHR_wavfiles\WAVfiles\210812\20210812_193744.wav,11/17/22 12:01,HMS,Growl,8/12/2021 21:04:02.8,8/12/2021 21:04:05.0,1,NA,NA,NA,NA,NA,NA,NA,NA,2021-08-12,27.79205,-175.819217,Night
C:\Users\mmrph\Desktop\author's Interns\PHR_wavfiles\WAVfiles\210812\20210812_193744.wav,11/17/22 12:01,HMS,Growl,8/12/2021 21:04:06.2,8/12/2021 21:04:09.1,1,NA,NA,NA,NA,NA,NA,NA,NA,2021-08-12,27.79205,-175.819217,Night
C:\Users\mmrph\Desktop\author's Interns\PHR_wavfiles\WAVfiles\210812\20210812_193744.wav,11/17/22 12:01,HMS,Croak,8/12/2021 21:04:11.2,8/12/2021 21:04:11.5,1,NA,NA,NA,NA,NA,NA,NA,NA,2021-08-12,27.79205,-175.819217,Night
C:\Users\mmrph\Desktop\author's Interns\PHR_wavfiles\WAVfiles\210812\20210812_193744.wav,11/17/22 12:01,HMS,Growl,8/12/2021 21:04:19.3,8/12/2021 21:04:23.5,1,NA,NA,NA,NA,NA,NA,NA,NA,2021-08-12,27.79205,-175.819217,Night
C:\Users\mmrph\Desktop\author's Interns\PHR_wavfiles\WAVfiles\210812\20210812_193744.wav,11/17/22 12:02,HMS,Growl,8/12/2021 21:04:34.5,8/12/2021 21:04:38.3,1,NA,NA,NA,NA,NA,NA,NA,NA,2021-08-12,27.79205,-175.819217,Night
C:\Users\mmrph\Desktop\author's Interns\PHR_wavfiles\WAVfiles\210812\20210812_193744.wav,11/17/22 12:02,HMS,Growl,8/12/2021 21:04:42.0,8/12/2021 21:04:43.7,2,NA,NA,NA,NA,NA,NA,NA,NA,2021-08-12,27.79205,-175.819217,Night
C:\Users\mmrph\Desktop\author's Interns\PHR_wavfiles\WAVfiles\210812\20210812_193744.wav,11/17/22 12:02,HMS,Croak,8/12/2021 21:04:43.9,8/12/2021 21:04:44.4,2,NA,NA,NA,NA,NA,NA,NA,NA,2021-08-12,27.79205,-175.819217,Night
C:\Users\mmrph\Desktop\author's Interns\PHR_wavfiles\WAVfiles\210812\20210812_193744.wav,11/17/22 12:02,HMS,Growl,8/12/2021 21:04:46.1,8/12/2021 21:04:49.1,2,NA,NA,NA,NA,NA,NA,NA,NA,2021-08-12,27.79205,-175.819217,Night
C:\Users\mmrph\Desktop\author's Interns\PHR_wavfiles\WAVfiles\210812\20210812_193744.wav,11/17/22 12:03,HMS,Whoop,8/12/2021 21:04:49.5,8/12/2021 21:04:49.8,1,2,NA,NA,NA,NA,NA,NA,NA,2021-08-12,27.79205,-175.819217,Night
C:\Users\mmrph\Desktop\author's Interns\PHR_wavfiles\WAVfiles\210812\20210812_193744.wav,11/17/22 12:03,HMS,Croak,8/12/2021 21:04:49.9,8/12/2021 21:04:50.4,2,NA,NA,NA,NA,NA,NA,NA,NA,2021-08-12,27.79205,-175.819217,Night
C:\Users\mmrph\Desktop\author's Interns\PHR_wavfiles\WAVfiles\210812\20210812_193744.wav,11/17/22 12:03,HMS,Whoop,8/12/2021 21:04:50.4,8/12/2021 21:04:50.6,1,1,NA,NA,NA,NA,NA,NA,NA,2021-08-12,27.79205,-175.819217,Night
C:\Users\mmrph\Desktop\author's Interns\PHR_wavfiles\WAVfiles\210812\20210812_193744.wav,11/17/22 12:03,HMS,Croak,8/12/2021 21:04:55.3,8/12/2021 21:04:55.5,2,NA,NA,NA,NA,NA,NA,NA,NA,2021-08-12,27.79205,-175.819217,Night
C:\Users\mmrph\Desktop\author's Interns\PHR_wavfiles\WAVfiles\210812\20210812_193744.wav,11/17/22 12:03,HMS,Growl,8/12/2021 21:04:56.8,8/12/2021 21:05:00.3,2,NA,NA,NA,NA,NA,NA,NA,NA,2021-08-12,27.79205,-175.819217,Night
C:\Users\mmrph\Desktop\author's Interns\PHR_wavfiles\WAVfiles\210812\20210812_193744.wav,11/17/22 12:06,HMS,Growl,8/12/2021 21:59:56.5,8/12/2021 22:00:01.1,2,NA,NA,NA,NA,NA,NA,NA,NA,2021-08-12,27.79205,-175.819217,Night
C:\Users\mmrph\Desktop\author's Interns\PHR_wavfiles\WAVfiles\210812\20210812_193744.wav,11/17/22 12:06,HMS,Whoop,8/12/2021 22:00:01.5,8/12/2021 22:00:01.9,2,2,NA,NA,NA,NA,NA,NA,NA,2021-08-12,27.79205,-175.819217,Night
C:\Users\mmrph\Desktop\author's Interns\PHR_wavfiles\WAVfiles\210812\20210812_193744.wav,11/17/22 12:07,HMS,Croak,8/12/2021 22:00:05.9,8/12/2021 22:00:06.1,2,NA,NA,NA,NA,NA,NA,NA,NA,2021-08-12,27.79205,-175.819217,Night
C:\Users\mmrph\Desktop\author's Interns\PHR_wavfiles\WAVfiles\210812\20210812_193744.wav,11/17/22 12:07,HMS,Whoop,8/12/2021 22:00:07.1,8/12/2021 22:00:07.3,2,1,NA,NA,NA,NA,NA,NA,NA,2021-08-12,27.79205,-175.819217,Night
C:\Users\mmrph\Desktop\author's Interns\PHR_wavfiles\WAVfiles\210812\20210812_193744.wav,11/17/22 12:07,HMS,Growl,8/12/2021 22:00:12.9,8/12/2021 22:00:14.3,2,NA,NA,NA,NA,NA,NA,NA,NA,2021-08-12,27.79205,-175.819217,Night
C:\Users\mmrph\Desktop\author's Interns\PHR_wavfiles\WAVfiles\210812\20210812_193744.wav,11/17/22 12:07,HMS,Croak,8/12/2021 22:00:16.8,8/12/2021 22:00:17.0,1,NA,NA,NA,NA,NA,NA,NA,NA,2021-08-12,27.79205,-175.819217,Night
C:\Users\mmrph\Desktop\author's Interns\PHR_wavfiles\WAVfiles\210812\20210812_223743.wav,11/17/22 12:12,HMS,Croak,8/12/2021 23:00:00.1,8/12/2021 23:00:00.3,2,NA,NA,NA,NA,NA,NA,NA,NA,2021-08-12,27.79205,-175.819217,Night
C:\Users\mmrph\Desktop\author's Interns\PHR_wavfiles\WAVfiles\210812\20210812_223743.wav,11/17/22 12:13,HMS,GrowlRumbleWhoop,8/12/2021 23:00:03.0,8/12/2021 23:00:06.9,3,NA,NA,NA,NA,NA,NA,NA,NA,2021-08-12,27.79205,-175.819217,Night
C:\Users\mmrph\Desktop\author's Interns\PHR_wavfiles\WAVfiles\210812\20210812_223743.wav,11/17/22 12:13,HMS,Moan,8/12/2021 23:00:06.3,8/12/2021 23:00:06.6,2,NA,NA,NA,NA,NA,NA,NA,NA,2021-08-12,27.79205,-175.819217,Night
C:\Users\mmrph\Desktop\author's Interns\PHR_wavfiles\WAVfiles\210812\20210812_223743.wav,11/17/22 12:13,HMS,Croak,8/12/2021 23:00:06.7,8/12/2021 23:00:06.9,2,NA,NA,NA,NA,NA,NA,NA,NA,2021-08-12,27.79205,-175.819217,Night
C:\Users\mmrph\Desktop\author's Interns\PHR_wavfiles\WAVfiles\210812\20210812_223743.wav,11/17/22 12:13,HMS,MoanGrowl,8/12/2021 23:00:07.8,8/12/2021 23:00:11.6,2,NA,NA,NA,NA,NA,NA,NA,NA,2021-08-12,27.79205,-175.819217,Night
C:\Users\mmrph\Desktop\author's Interns\PHR_wavfiles\WAVfiles\210812\20210812_223743.wav,11/17/22 12:14,HMS,Whoop,8/12/2021 23:00:15.8,8/12/2021 23:00:16.4,2,2,NA,NA,NA,NA,NA,NA,NA,2021-08-12,27.79205,-175.819217,Night
C:\Users\mmrph\Desktop\author's Interns\PHR_wavfiles\WAVfiles\210812\20210812_223743.wav,11/17/22 12:14,HMS,Moan,8/12/2021 23:00:17.9,8/12/2021 23:00:18.1,1,NA,NA,NA,NA,NA,NA,NA,NA,2021-08-12,27.79205,-175.819217,Night
C:\Users\mmrph\Desktop\author's Interns\PHR_wavfiles\WAVfiles\210812\20210812_223743.wav,11/17/22 12:15,HMS,GrowlRumbleWhoop,8/12/2021 23:00:18.5,8/12/2021 23:00:20.9,2,NA,NA,NA,NA,NA,NA,NA,NA,2021-08-12,27.79205,-175.819217,Night
C:\Users\mmrph\Desktop\author's Interns\PHR_wavfiles\WAVfiles\210812\20210812_223743.wav,11/17/22 12:18,HMS,Growl,8/12/2021 23:02:07.3,8/12/2021 23:02:10.5,3,NA,NA,NA,NA,NA,NA,NA,NA,2021-08-12,27.79205,-175.819217,Night
C:\Users\mmrph\Desktop\author's Interns\PHR_wavfiles\WAVfiles\210812\20210812_223743.wav,11/17/22 12:18,HMS,Croak,8/12/2021 23:02:12.2,8/12/2021 23:02:12.5,2,NA,NA,NA,NA,NA,NA,NA,NA,2021-08-12,27.79205,-175.819217,Night
C:\Users\mmrph\Desktop\author's Interns\PHR_wavfiles\WAVfiles\210812\20210812_223743.wav,11/17/22 12:18,HMS,Croak,8/12/2021 23:02:13.1,8/12/2021 23:02:13.2,2,NA,NA,NA,NA,NA,NA,NA,NA,2021-08-12,27.79205,-175.819217,Night
C:\Users\mmrph\Desktop\author's Interns\PHR_wavfiles\WAVfiles\210812\20210812_223743.wav,11/17/22 12:18,HMS,Growl,8/12/2021 23:02:17.1,8/12/2021 23:02:21.4,2,NA,NA,NA,NA,NA,NA,NA,NA,2021-08-12,27.79205,-175.819217,Night
C:\Users\mmrph\Desktop\author's Interns\PHR_wavfiles\WAVfiles\210812\20210812_223743.wav,11/17/22 12:19,HMS,Whoop,8/12/2021 23:02:21.6,8/12/2021 23:02:21.8,2,1,NA,NA,NA,NA,NA,NA,NA,2021-08-12,27.79205,-175.819217,Night
C:\Users\mmrph\Desktop\author's Interns\PHR_wavfiles\WAVfiles\210812\20210812_223743.wav,11/17/22 12:19,HMS,Croak,8/12/2021 23:02:22.8,8/12/2021 23:02:23.1,2,NA,NA,NA,NA,NA,NA,NA,NA,2021-08-12,27.79205,-175.819217,Night
C:\Users\mmrph\Desktop\author's Interns\PHR_wavfiles\WAVfiles\210812\20210812_223743.wav,11/17/22 12:19,HMS,Growl,8/12/2021 23:02:23.8,8/12/2021 23:02:27.6,2,NA,NA,NA,NA,NA,NA,NA,NA,2021-08-12,27.79205,-175.819217,Night
C:\Users\mmrph\Desktop\author's Interns\PHR_wavfiles\WAVfiles\210812\20210812_223743.wav,11/17/22 12:19,HMS,Whoop,8/12/2021 23:02:27.9,8/12/2021 23:02:28.4,2,2,NA,NA,NA,NA,NA,NA,NA,2021-08-12,27.79205,-175.819217,Night
C:\Users\mmrph\Desktop\author's Interns\PHR_wavfiles\WAVfiles\210812\20210812_223743.wav,11/17/22 12:19,HMS,Croak,8/12/2021 23:02:31.9,8/12/2021 23:02:32.2,2,NA,NA,NA,NA,NA,NA,NA,NA,2021-08-12,27.79205,-175.819217,Night
C:\Users\mmrph\Desktop\author's Interns\PHR_wavfiles\WAVfiles\210812\20210812_223743.wav,11/17/22 12:20,HMS,Whoop,8/12/2021 23:02:37.2,8/12/2021 23:02:37.7,2,2,NA,NA,NA,NA,NA,NA,NA,2021-08-12,27.79205,-175.819217,Night
C:\Users\mmrph\Desktop\author's Interns\PHR_wavfiles\WAVfiles\210812\20210812_223743.wav,11/17/22 12:20,HMS,Croak,8/12/2021 23:02:38.0,8/12/2021 23:02:38.5,2,NA,NA,NA,NA,NA,NA,NA,NA,2021-08-12,27.79205,-175.819217,Night
C:\Users\mmrph\Desktop\author's Interns\PHR_wavfiles\WAVfiles\210812\20210812_223743.wav,11/17/22 12:21,HMS,Growl,8/12/2021 23:02:39.2,8/12/2021 23:02:43.0,3,NA,NA,NA,NA,NA,NA,NA,NA,2021-08-12,27.79205,-175.819217,Night
C:\Users\mmrph\Desktop\author's Interns\PHR_wavfiles\WAVfiles\210812\20210812_223743.wav,11/17/22 12:21,HMS,Growl,8/12/2021 23:02:44.1,8/12/2021 23:02:48.0,3,NA,NA,NA,NA,NA,NA,NA,NA,2021-08-12,27.79205,-175.819217,Night
C:\Users\mmrph\Desktop\author's Interns\PHR_wavfiles\WAVfiles\210812\20210812_223743.wav,11/17/22 12:22,HMS,Whoop,8/12/2021 23:02:49.2,8/12/2021 23:02:49.4,2,1,NA,NA,NA,NA,NA,NA,NA,2021-08-12,27.79205,-175.819217,Night
C:\Users\mmrph\Desktop\author's Interns\PHR_wavfiles\WAVfiles\210812\20210812_223743.wav,11/17/22 12:22,HMS,Croak,8/12/2021 23:02:54.2,8/12/2021 23:02:54.5,2,NA,NA,NA,NA,NA,NA,NA,NA,2021-08-12,27.79205,-175.819217,Night
C:\Users\mmrph\Desktop\author's Interns\PHR_wavfiles\WAVfiles\210812\20210812_223743.wav,11/17/22 12:22,HMS,Whoop,8/12/2021 23:02:55.2,8/12/2021 23:02:55.5,1,2,NA,NA,NA,NA,NA,NA,NA,2021-08-12,27.79205,-175.819217,Night
C:\Users\mmrph\Desktop\author's Interns\PHR_wavfiles\WAVfiles\210812\20210812_223743.wav,11/17/22 12:22,HMS,Growl,8/12/2021 23:03:55.4,8/12/2021 23:04:00.5,2,NA,NA,NA,NA,NA,NA,NA,NA,2021-08-12,27.79205,-175.819217,Night
C:\Users\mmrph\Desktop\author's Interns\PHR_wavfiles\WAVfiles\210812\20210812_223743.wav,11/17/22 12:23,HMS,Croak,8/12/2021 23:04:02.2,8/12/2021 23:04:02.7,3,NA,NA,NA,NA,NA,NA,NA,NA,2021-08-12,27.79205,-175.819217,Night
C:\Users\mmrph\Desktop\author's Interns\PHR_wavfiles\WAVfiles\210812\20210812_223743.wav,11/17/22 12:23,HMS,Croak,8/12/2021 23:04:03.4,8/12/2021 23:04:03.6,2,NA,NA,NA,NA,NA,NA,NA,NA,2021-08-12,27.79205,-175.819217,Night
C:\Users\mmrph\Desktop\author's Interns\PHR_wavfiles\WAVfiles\210812\20210812_223743.wav,11/17/22 12:23,HMS,Whoop,8/12/2021 23:04:08.2,8/12/2021 23:04:08.3,2,1,NA,NA,NA,NA,NA,NA,NA,2021-08-12,27.79205,-175.819217,Night
C:\Users\mmrph\Desktop\author's Interns\PHR_wavfiles\WAVfiles\210812\20210812_223743.wav,11/17/22 12:24,HMS,Croak,8/12/2021 23:04:08.6,8/12/2021 23:04:09.1,2,NA,NA,NA,NA,NA,NA,NA,NA,2021-08-12,27.79205,-175.819217,Night
C:\Users\mmrph\Desktop\author's Interns\PHR_wavfiles\WAVfiles\210812\20210812_223743.wav,11/17/22 12:24,HMS,Growl,8/12/2021 23:04:09.6,8/12/2021 23:04:13.4,2,NA,NA,NA,NA,NA,NA,NA,NA,2021-08-12,27.79205,-175.819217,Night
C:\Users\mmrph\Desktop\author's Interns\PHR_wavfiles\WAVfiles\210812\20210812_223743.wav,11/17/22 12:24,HMS,Growl,8/12/2021 23:04:14.4,8/12/2021 23:04:18.9,2,NA,NA,NA,NA,NA,NA,NA,NA,2021-08-12,27.79205,-175.819217,Night
C:\Users\mmrph\Desktop\author's Interns\PHR_wavfiles\WAVfiles\210812\20210812_223743.wav,11/17/22 12:24,HMS,Croak,8/12/2021 23:04:19.3,8/12/2021 23:04:19.6,2,NA,NA,NA,NA,NA,NA,NA,NA,2021-08-12,27.79205,-175.819217,Night
C:\Users\mmrph\Desktop\author's Interns\PHR_wavfiles\WAVfiles\210812\20210812_223743.wav,11/17/22 12:24,HMS,Whoop,8/12/2021 23:04:20.9,8/12/2021 23:04:21.0,1,1,NA,NA,NA,NA,NA,NA,NA,2021-08-12,27.79205,-175.819217,Night
C:\Users\mmrph\Desktop\author's Interns\PHR_wavfiles\WAVfiles\210812\20210812_223743.wav,11/17/22 12:24,HMS,Croak,8/12/2021 23:04:24.7,8/12/2021 23:04:25.0,2,NA,NA,NA,NA,NA,NA,NA,NA,2021-08-12,27.79205,-175.819217,Night
C:\Users\mmrph\Desktop\author's Interns\PHR_wavfiles\WAVfiles\210812\20210812_223743.wav,11/17/22 13:23,HMS,Growl,8/12/2021 23:04:31.3,8/12/2021 23:04:33.0,2,NA,NA,NA,NA,NA,NA,NA,NA,2021-08-12,27.79205,-175.819217,Night
C:\Users\mmrph\Desktop\author's Interns\PHR_wavfiles\WAVfiles\210812\20210812_223743.wav,11/17/22 13:23,HMS,Whoop,8/12/2021 23:04:33.4,8/12/2021 23:04:34.4,2,3,NA,NA,NA,NA,NA,NA,NA,2021-08-12,27.79205,-175.819217,Night
C:\Users\mmrph\Desktop\author's Interns\PHR_wavfiles\WAVfiles\210812\20210812_223743.wav,11/17/22 13:23,HMS,Croak,8/12/2021 23:04:34.7,8/12/2021 23:04:35.0,2,NA,NA,NA,NA,NA,NA,NA,NA,2021-08-12,27.79205,-175.819217,Night
C:\Users\mmrph\Desktop\author's Interns\PHR_wavfiles\WAVfiles\210812\20210812_223743.wav,11/17/22 13:23,HMS,Growl,8/12/2021 23:04:35.7,8/12/2021 23:04:40.2,2,NA,NA,NA,NA,NA,NA,NA,NA,2021-08-12,27.79205,-175.819217,Night
C:\Users\mmrph\Desktop\author's Interns\PHR_wavfiles\WAVfiles\210812\20210812_223743.wav,11/17/22 13:23,HMS,Growl,8/12/2021 23:04:42.0,8/12/2021 23:04:45.4,2,NA,NA,NA,NA,NA,NA,NA,NA,2021-08-12,27.79205,-175.819217,Night
C:\Users\mmrph\Desktop\author's Interns\PHR_wavfiles\WAVfiles\210812\20210812_223743.wav,11/17/22 13:24,HMS,Whoop,8/12/2021 23:04:46.4,8/12/2021 23:04:46.8,2,2,NA,NA,NA,NA,NA,NA,NA,2021-08-12,27.79205,-175.819217,Night
C:\Users\mmrph\Desktop\author's Interns\PHR_wavfiles\WAVfiles\210812\20210812_223743.wav,11/17/22 13:24,HMS,Croak,8/12/2021 23:04:52.9,8/12/2021 23:04:53.6,1,NA,NA,NA,NA,NA,kind of weird sounding croaks here,NA,NA,2021-08-12,27.79205,-175.819217,Night
C:\Users\mmrph\Desktop\author's Interns\PHR_wavfiles\WAVfiles\210812\20210812_223743.wav,11/17/22 13:25,HMS,Croak,8/12/2021 23:04:58.0,8/12/2021 23:04:58.4,1,NA,NA,NA,NA,NA,"again, very weird. not totally sure these are from a monk seal",NA,NA,2021-08-12,27.79205,-175.819217,Night
C:\Users\mmrph\Desktop\author's Interns\PHR_wavfiles\WAVfiles\210814\20210813_223738.wav,11/17/22 13:46,HMS,Growl,8/14/2021 0:00:13.2,8/14/2021 0:00:17.8,1,NA,NA,NA,NA,NA,NA,NA,NA,2021-08-14,27.79205,-175.819217,Night
C:\Users\mmrph\Desktop\author's Interns\PHR_wavfiles\WAVfiles\210814\20210813_223738.wav,11/17/22 13:46,HMS,Croak,8/14/2021 0:00:18.4,8/14/2021 0:00:18.6,1,NA,NA,NA,NA,NA,NA,NA,NA,2021-08-14,27.79205,-175.819217,Night
C:\Users\mmrph\Desktop\author's Interns\PHR_wavfiles\WAVfiles\210814\20210813_223738.wav,11/17/22 13:46,HMS,Croak,8/14/2021 0:00:26.5,8/14/2021 0:00:26.9,1,NA,NA,NA,NA,NA,NA,NA,NA,2021-08-14,27.79205,-175.819217,Night
C:\Users\mmrph\Desktop\author's Interns\PHR_wavfiles\WAVfiles\210814\20210813_223738.wav,11/17/22 13:47,HMS,Growl,8/14/2021 0:00:27.7,8/14/2021 0:00:30.3,1,NA,NA,NA,NA,NA,NA,NA,NA,2021-08-14,27.79205,-175.819217,Night
C:\Users\mmrph\Desktop\author's Interns\PHR_wavfiles\WAVfiles\210814\20210813_223738.wav,11/17/22 13:47,HMS,Croak,8/14/2021 0:00:35.6,8/14/2021 0:00:36.1,1,NA,NA,NA,NA,NA,NA,NA,NA,2021-08-14,27.79205,-175.819217,Night
C:\Users\mmrph\Desktop\author's Interns\PHR_wavfiles\WAVfiles\210814\20210813_223738.wav,11/17/22 13:47,HMS,Croak,8/14/2021 0:00:36.6,8/14/2021 0:00:37.0,1,NA,NA,NA,NA,NA,NA,NA,NA,2021-08-14,27.79205,-175.819217,Night
C:\Users\mmrph\Desktop\author's Interns\PHR_wavfiles\WAVfiles\210814\20210813_223738.wav,11/17/22 13:47,HMS,Growl,8/14/2021 0:00:41.5,8/14/2021 0:00:44.5,1,NA,NA,NA,NA,NA,NA,NA,NA,2021-08-14,27.79205,-175.819217,Night
C:\Users\mmrph\Desktop\author's Interns\PHR_wavfiles\WAVfiles\210814\20210813_223738.wav,11/17/22 13:54,HMS,Growl,8/14/2021 0:02:06.2,8/14/2021 0:02:11.4,1,NA,NA,NA,NA,NA,NA,NA,NA,2021-08-14,27.79205,-175.819217,Night
C:\Users\mmrph\Desktop\author's Interns\PHR_wavfiles\WAVfiles\210814\20210813_223738.wav,11/17/22 13:54,HMS,Croak,8/14/2021 0:02:12.1,8/14/2021 0:02:12.3,1,NA,NA,NA,NA,NA,NA,NA,NA,2021-08-14,27.79205,-175.819217,Night
C:\Users\mmrph\Desktop\author's Interns\PHR_wavfiles\WAVfiles\210814\20210813_223738.wav,11/17/22 13:54,HMS,Croak,8/14/2021 0:02:17.0,8/14/2021 0:02:17.5,1,NA,NA,NA,NA,NA,NA,NA,NA,2021-08-14,27.79205,-175.819217,Night
C:\Users\mmrph\Desktop\author's Interns\PHR_wavfiles\WAVfiles\210814\20210813_223738.wav,11/17/22 13:54,HMS,Croak,8/14/2021 0:02:27.4,8/14/2021 0:02:27.7,1,NA,NA,NA,NA,NA,NA,NA,NA,2021-08-14,27.79205,-175.819217,Night
C:\Users\mmrph\Desktop\author's Interns\PHR_wavfiles\WAVfiles\210814\20210813_223738.wav,11/17/22 13:54,HMS,Growl,8/14/2021 0:02:28.4,8/14/2021 0:02:31.5,1,NA,NA,NA,NA,NA,NA,NA,NA,2021-08-14,27.79205,-175.819217,Night
C:\Users\mmrph\Desktop\author's Interns\PHR_wavfiles\WAVfiles\210814\20210813_223738.wav,11/17/22 13:54,HMS,Growl,8/14/2021 0:02:32.4,8/14/2021 0:02:35.4,1,NA,NA,NA,NA,NA,NA,NA,NA,2021-08-14,27.79205,-175.819217,Night
C:\Users\mmrph\Desktop\author's Interns\PHR_wavfiles\WAVfiles\210814\20210813_223738.wav,11/17/22 13:55,HMS,Croak,8/14/2021 0:02:46.9,8/14/2021 0:02:47.6,1,NA,NA,NA,NA,NA,NA,NA,NA,2021-08-14,27.79205,-175.819217,Night
C:\Users\mmrph\Desktop\author's Interns\PHR_wavfiles\WAVfiles\210814\20210813_223738.wav,11/17/22 13:55,HMS,Growl,8/14/2021 0:02:55.1,8/14/2021 0:02:57.1,1,NA,NA,NA,NA,NA,NA,NA,NA,2021-08-14,27.79205,-175.819217,Night
C:\Users\mmrph\Desktop\author's Interns\PHR_wavfiles\WAVfiles\210814\20210813_223738.wav,11/17/22 13:56,HMS,Growl,8/14/2021 1:00:52.2,8/14/2021 1:00:57.5,1,NA,NA,NA,NA,NA,NA,NA,NA,2021-08-14,27.79205,-175.819217,Night
C:\Users\mmrph\Desktop\author's Interns\PHR_wavfiles\WAVfiles\210814\20210813_223738.wav,11/17/22 13:57,HMS,Croak,8/14/2021 1:01:01.4,8/14/2021 1:01:01.9,1,NA,NA,NA,NA,NA,NA,NA,NA,2021-08-14,27.79205,-175.819217,Night
C:\Users\mmrph\Desktop\author's Interns\PHR_wavfiles\WAVfiles\210814\20210813_223738.wav,11/17/22 13:57,HMS,Croak,8/14/2021 1:01:09.0,8/14/2021 1:01:09.3,1,NA,NA,NA,NA,NA,NA,NA,NA,2021-08-14,27.79205,-175.819217,Night
C:\Users\mmrph\Desktop\author's Interns\PHR_wavfiles\WAVfiles\210814\20210813_223738.wav,11/17/22 13:57,HMS,Growl,8/14/2021 1:01:10.0,8/14/2021 1:01:13.7,1,NA,NA,NA,NA,NA,NA,NA,NA,2021-08-14,27.79205,-175.819217,Night
C:\Users\mmrph\Desktop\author's Interns\PHR_wavfiles\WAVfiles\210814\20210813_223738.wav,11/17/22 13:57,HMS,Growl,8/14/2021 1:01:14.6,8/14/2021 1:01:17.9,1,NA,NA,NA,NA,NA,NA,NA,NA,2021-08-14,27.79205,-175.819217,Night
C:\Users\mmrph\Desktop\author's Interns\PHR_wavfiles\WAVfiles\210814\20210813_223738.wav,11/17/22 13:57,HMS,Moan,8/14/2021 1:01:24.8,8/14/2021 1:01:25.4,1,NA,NA,NA,NA,NA,NA,NA,NA,2021-08-14,27.79205,-175.819217,Night
C:\Users\mmrph\Desktop\author's Interns\PHR_wavfiles\WAVfiles\210814\20210813_223738.wav,11/17/22 13:58,HMS,Growl,8/14/2021 1:01:25.7,8/14/2021 1:01:28.7,1,NA,NA,NA,NA,NA,NA,NA,NA,2021-08-14,27.79205,-175.819217,Night
C:\Users\mmrph\Desktop\author's Interns\PHR_wavfiles\WAVfiles\210814\20210813_223738.wav,11/17/22 14:01,HMS,Growl,8/14/2021 1:02:47.8,8/14/2021 1:02:52.9,1,NA,NA,NA,NA,NA,NA,NA,NA,2021-08-14,27.79205,-175.819217,Night
C:\Users\mmrph\Desktop\author's Interns\PHR_wavfiles\WAVfiles\210814\20210813_223738.wav,11/17/22 14:02,HMS,Croak,8/14/2021 1:03:04.2,8/14/2021 1:03:04.5,1,NA,NA,NA,NA,NA,NA,NA,NA,2021-08-14,27.79205,-175.819217,Night
C:\Users\mmrph\Desktop\author's Interns\PHR_wavfiles\WAVfiles\210814\20210813_223738.wav,11/17/22 14:02,HMS,Growl,8/14/2021 1:03:05.3,8/14/2021 1:03:08.0,1,NA,NA,NA,NA,NA,NA,NA,NA,2021-08-14,27.79205,-175.819217,Night
C:\Users\mmrph\Desktop\author's Interns\PHR_wavfiles\WAVfiles\210814\20210813_223738.wav,11/17/22 14:02,HMS,Croak,8/14/2021 1:03:08.4,8/14/2021 1:03:08.7,1,NA,NA,NA,NA,NA,NA,NA,NA,2021-08-14,27.79205,-175.819217,Night
C:\Users\mmrph\Desktop\author's Interns\PHR_wavfiles\WAVfiles\210814\20210813_223738.wav,11/17/22 14:02,HMS,Croak,8/14/2021 1:03:09.2,8/14/2021 1:03:09.6,1,NA,NA,NA,NA,NA,NA,NA,NA,2021-08-14,27.79205,-175.819217,Night
C:\Users\mmrph\Desktop\author's Interns\PHR_wavfiles\WAVfiles\210814\20210813_223738.wav,11/17/22 14:02,HMS,Growl,8/14/2021 1:03:10.5,8/14/2021 1:03:13.5,1,NA,NA,NA,NA,NA,NA,NA,NA,2021-08-14,27.79205,-175.819217,Night
C:\Users\mmrph\Desktop\author's Interns\PHR_wavfiles\WAVfiles\210814\20210813_223738.wav,11/17/22 14:03,HMS,Moan,8/14/2021 1:03:21.6,8/14/2021 1:03:22.2,1,NA,NA,NA,NA,NA,NA,NA,NA,2021-08-14,27.79205,-175.819217,Night
C:\Users\mmrph\Desktop\author's Interns\PHR_wavfiles\WAVfiles\210814\20210813_223738.wav,11/17/22 14:03,HMS,Growl,8/14/2021 1:03:22.3,8/14/2021 1:03:25.6,1,NA,NA,NA,NA,NA,NA,NA,NA,2021-08-14,27.79205,-175.819217,Night
C:\Users\mmrph\Desktop\author's Interns\PHR_wavfiles\WAVfiles\210814\20210814_013738.wav,11/17/22 14:06,HMS,Growl,8/14/2021 2:00:37.7,8/14/2021 2:00:44.6,2,NA,NA,NA,NA,NA,NA,NA,NA,2021-08-14,27.79205,-175.819217,Night
C:\Users\mmrph\Desktop\author's Interns\PHR_wavfiles\WAVfiles\210814\20210814_013738.wav,11/17/22 14:06,HMS,Croak,8/14/2021 2:00:45.3,8/14/2021 2:00:45.5,2,NA,NA,NA,NA,NA,NA,NA,NA,2021-08-14,27.79205,-175.819217,Night
C:\Users\mmrph\Desktop\author's Interns\PHR_wavfiles\WAVfiles\210814\20210814_013738.wav,11/17/22 14:06,HMS,Growl,8/14/2021 2:00:48.4,8/14/2021 2:00:49.6,2,NA,NA,NA,NA,NA,NA,NA,NA,2021-08-14,27.79205,-175.819217,Night
C:\Users\mmrph\Desktop\author's Interns\PHR_wavfiles\WAVfiles\210814\20210814_013738.wav,11/17/22 14:06,HMS,Croak,8/14/2021 2:00:52.9,8/14/2021 2:00:53.1,2,NA,NA,NA,NA,NA,NA,NA,NA,2021-08-14,27.79205,-175.819217,Night
C:\Users\mmrph\Desktop\author's Interns\PHR_wavfiles\WAVfiles\210814\20210814_013738.wav,11/17/22 14:06,HMS,Growl,8/14/2021 2:00:53.1,8/14/2021 2:00:55.2,1,NA,NA,NA,NA,NA,NA,NA,NA,2021-08-14,27.79205,-175.819217,Night
C:\Users\mmrph\Desktop\author's Interns\PHR_wavfiles\WAVfiles\210814\20210814_013738.wav,11/17/22 14:06,HMS,Croak,8/14/2021 2:00:55.9,8/14/2021 2:00:56.3,1,NA,NA,NA,NA,NA,NA,NA,NA,2021-08-14,27.79205,-175.819217,Night
C:\Users\mmrph\Desktop\author's Interns\PHR_wavfiles\WAVfiles\210814\20210814_013738.wav,11/17/22 14:07,HMS,Croak,8/14/2021 2:00:57.9,8/14/2021 2:00:58.4,2,NA,NA,NA,NA,NA,NA,NA,NA,2021-08-14,27.79205,-175.819217,Night
C:\Users\mmrph\Desktop\author's Interns\PHR_wavfiles\WAVfiles\210814\20210814_013738.wav,11/17/22 14:07,HMS,Growl,8/14/2021 2:00:59.1,8/14/2021 2:01:02.3,2,NA,NA,NA,NA,NA,NA,NA,NA,2021-08-14,27.79205,-175.819217,Night
C:\Users\mmrph\Desktop\author's Interns\PHR_wavfiles\WAVfiles\210814\20210814_013738.wav,11/17/22 14:08,HMS,Whoop,8/14/2021 2:01:02.6,8/14/2021 2:01:03.2,2,3,NA,NA,NA,NA,happening on top of what I think is another growl. 2 monk seals maybe,NA,NA,2021-08-14,27.79205,-175.819217,Night
C:\Users\mmrph\Desktop\author's Interns\PHR_wavfiles\WAVfiles\210814\20210814_013738.wav,11/17/22 14:08,HMS,Croak,8/14/2021 2:01:03.7,8/14/2021 2:01:04.1,2,NA,NA,NA,NA,NA,NA,NA,NA,2021-08-14,27.79205,-175.819217,Night
C:\Users\mmrph\Desktop\author's Interns\PHR_wavfiles\WAVfiles\210814\20210814_013738.wav,11/17/22 14:08,HMS,Growl,8/14/2021 2:01:04.7,8/14/2021 2:01:09.0,2,NA,NA,NA,NA,NA,NA,NA,NA,2021-08-14,27.79205,-175.819217,Night
C:\Users\mmrph\Desktop\author's Interns\PHR_wavfiles\WAVfiles\210814\20210814_013738.wav,11/17/22 14:09,HMS,Growl,8/14/2021 2:01:10.4,8/14/2021 2:01:16.4,2,NA,NA,NA,NA,NA,NA,NA,NA,2021-08-14,27.79205,-175.819217,Night
C:\Users\mmrph\Desktop\author's Interns\PHR_wavfiles\WAVfiles\210814\20210814_013738.wav,11/17/22 14:09,HMS,Croak,8/14/2021 2:01:17.7,8/14/2021 2:01:18.0,2,NA,NA,NA,NA,NA,NA,NA,NA,2021-08-14,27.79205,-175.819217,Night
C:\Users\mmrph\Desktop\author's Interns\PHR_wavfiles\WAVfiles\210814\20210814_013738.wav,11/17/22 14:09,HMS,Croak,8/14/2021 2:01:20.8,8/14/2021 2:01:21.0,2,NA,NA,NA,NA,NA,NA,NA,NA,2021-08-14,27.79205,-175.819217,Night
C:\Users\mmrph\Desktop\author's Interns\PHR_wavfiles\WAVfiles\210814\20210814_013738.wav,11/17/22 14:09,HMS,Growl,8/14/2021 2:01:22.6,8/14/2021 2:01:26.0,2,NA,NA,NA,NA,NA,NA,NA,NA,2021-08-14,27.79205,-175.819217,Night
C:\Users\mmrph\Desktop\author's Interns\PHR_wavfiles\WAVfiles\210814\20210814_013738.wav,11/17/22 14:09,HMS,Croak,8/14/2021 2:01:29.2,8/14/2021 2:01:29.4,2,NA,NA,NA,NA,NA,NA,NA,NA,2021-08-14,27.79205,-175.819217,Night
C:\Users\mmrph\Desktop\author's Interns\PHR_wavfiles\WAVfiles\210814\20210814_013738.wav,11/17/22 14:10,HMS,Growl,8/14/2021 2:02:21.2,8/14/2021 2:02:28.9,2,NA,NA,NA,NA,NA,NA,NA,NA,2021-08-14,27.79205,-175.819217,Night
C:\Users\mmrph\Desktop\author's Interns\PHR_wavfiles\WAVfiles\210814\20210814_013738.wav,11/17/22 14:11,HMS,Croak,8/14/2021 2:02:30.8,8/14/2021 2:02:31.0,2,NA,NA,NA,NA,NA,NA,NA,NA,2021-08-14,27.79205,-175.819217,Night
C:\Users\mmrph\Desktop\author's Interns\PHR_wavfiles\WAVfiles\210814\20210814_013738.wav,11/17/22 14:11,HMS,Growl,8/14/2021 2:02:31.6,8/14/2021 2:02:35.2,1,NA,NA,NA,NA,NA,NA,NA,NA,2021-08-14,27.79205,-175.819217,Night
C:\Users\mmrph\Desktop\author's Interns\PHR_wavfiles\WAVfiles\210814\20210814_013738.wav,11/17/22 14:12,HMS,Croak,8/14/2021 2:02:33.6,8/14/2021 2:02:33.9,2,NA,NA,NA,NA,NA,happening on top of growl. 2 monk seals maybe,NA,NA,2021-08-14,27.79205,-175.819217,Night
C:\Users\mmrph\Desktop\author's Interns\PHR_wavfiles\WAVfiles\210814\20210814_013738.wav,11/17/22 14:12,HMS,Croak,8/14/2021 2:02:35.8,8/14/2021 2:02:36.1,1,NA,NA,NA,NA,NA,NA,NA,NA,2021-08-14,27.79205,-175.819217,Night
C:\Users\mmrph\Desktop\author's Interns\PHR_wavfiles\WAVfiles\210814\20210814_013738.wav,11/17/22 14:12,HMS,Croak,8/14/2021 2:02:38.1,8/14/2021 2:02:38.5,1,NA,NA,NA,NA,NA,NA,NA,NA,2021-08-14,27.79205,-175.819217,Night
C:\Users\mmrph\Desktop\author's Interns\PHR_wavfiles\WAVfiles\210814\20210814_013738.wav,11/17/22 14:12,HMS,Croak,8/14/2021 2:02:42.2,8/14/2021 2:02:42.8,2,NA,NA,NA,NA,NA,NA,NA,NA,2021-08-14,27.79205,-175.819217,Night
C:\Users\mmrph\Desktop\author's Interns\PHR_wavfiles\WAVfiles\210814\20210814_013738.wav,11/17/22 14:12,HMS,Growl,8/14/2021 2:02:43.7,8/14/2021 2:02:45.6,2,NA,NA,NA,NA,NA,NA,NA,NA,2021-08-14,27.79205,-175.819217,Night
C:\Users\mmrph\Desktop\author's Interns\PHR_wavfiles\WAVfiles\210814\20210814_013738.wav,11/17/22 14:13,HMS,Whoop,8/14/2021 2:02:45.7,8/14/2021 2:02:46.4,2,4,NA,NA,NA,NA,NA,NA,NA,2021-08-14,27.79205,-175.819217,Night
C:\Users\mmrph\Desktop\author's Interns\PHR_wavfiles\WAVfiles\210814\20210814_013738.wav,11/17/22 14:13,HMS,Whoop,8/14/2021 2:02:47.7,8/14/2021 2:02:48.2,2,3,NA,NA,NA,NA,NA,NA,NA,2021-08-14,27.79205,-175.819217,Night
C:\Users\mmrph\Desktop\author's Interns\PHR_wavfiles\WAVfiles\210814\20210814_013738.wav,11/17/22 14:13,HMS,Growl,8/14/2021 2:02:50.0,8/14/2021 2:02:51.1,1,NA,NA,NA,NA,NA,NA,NA,NA,2021-08-14,27.79205,-175.819217,Night
C:\Users\mmrph\Desktop\author's Interns\PHR_wavfiles\WAVfiles\210814\20210814_013738.wav,11/17/22 14:14,HMS,MoanWhoop,8/14/2021 2:02:52.1,8/14/2021 2:02:54.1,3,NA,NA,NA,NA,NA,NA,NA,NA,2021-08-14,27.79205,-175.819217,Night
C:\Users\mmrph\Desktop\author's Interns\PHR_wavfiles\WAVfiles\210814\20210814_013738.wav,11/17/22 14:15,HMS,Growl,8/14/2021 2:02:59.8,8/14/2021 2:03:00.5,2,NA,NA,NA,NA,NA,NA,NA,NA,2021-08-14,27.79205,-175.819217,Night
C:\Users\mmrph\Desktop\author's Interns\PHR_wavfiles\WAVfiles\210814\20210814_013738.wav,11/17/22 14:15,HMS,Croak,8/14/2021 2:03:00.9,8/14/2021 2:03:01.1,2,NA,NA,NA,NA,NA,NA,NA,NA,2021-08-14,27.79205,-175.819217,Night
C:\Users\mmrph\Desktop\author's Interns\PHR_wavfiles\WAVfiles\210814\20210814_013738.wav,11/17/22 14:15,HMS,Growl,8/14/2021 2:03:02.3,8/14/2021 2:03:06.4,2,NA,NA,NA,NA,NA,NA,NA,NA,2021-08-14,27.79205,-175.819217,Night
C:\Users\mmrph\Desktop\author's Interns\PHR_wavfiles\WAVfiles\210814\20210814_013738.wav,11/17/22 14:15,HMS,Whoop,8/14/2021 2:03:06.6,8/14/2021 2:03:07.4,2,3,NA,NA,NA,NA,NA,NA,NA,2021-08-14,27.79205,-175.819217,Night
C:\Users\mmrph\Desktop\author's Interns\PHR_wavfiles\WAVfiles\210814\20210814_013738.wav,11/17/22 14:15,HMS,Growl,8/14/2021 2:03:46.2,8/14/2021 2:03:49.9,1,NA,NA,NA,NA,NA,NA,NA,NA,2021-08-14,27.79205,-175.819217,Night
C:\Users\mmrph\Desktop\author's Interns\PHR_wavfiles\WAVfiles\210814\20210814_013738.wav,11/17/22 14:15,HMS,Croak,8/14/2021 2:03:50.7,8/14/2021 2:03:51.2,1,NA,NA,NA,NA,NA,NA,NA,NA,2021-08-14,27.79205,-175.819217,Night
C:\Users\mmrph\Desktop\author's Interns\PHR_wavfiles\WAVfiles\210814\20210814_013738.wav,11/17/22 14:16,HMS,Growl,8/14/2021 2:03:54.7,8/14/2021 2:03:58.5,1,NA,NA,NA,NA,NA,NA,NA,NA,2021-08-14,27.79205,-175.819217,Night
C:\Users\mmrph\Desktop\author's Interns\PHR_wavfiles\WAVfiles\210814\20210814_013738.wav,11/17/22 14:16,HMS,Croak,8/14/2021 2:04:12.7,8/14/2021 2:04:13.2,1,NA,NA,NA,NA,NA,NA,NA,NA,2021-08-14,27.79205,-175.819217,Night
C:\Users\mmrph\Desktop\author's Interns\PHR_wavfiles\WAVfiles\210814\20210814_013738.wav,11/17/22 14:16,HMS,Growl,8/14/2021 2:04:14.0,8/14/2021 2:04:17.1,1,NA,NA,NA,NA,NA,NA,NA,NA,2021-08-14,27.79205,-175.819217,Night
C:\Users\mmrph\Desktop\author's Interns\PHR_wavfiles\WAVfiles\210814\20210814_013738.wav,11/17/22 14:16,HMS,Growl,8/14/2021 2:04:18.4,8/14/2021 2:04:21.7,1,NA,NA,NA,NA,NA,NA,NA,NA,2021-08-14,27.79205,-175.819217,Night
C:\Users\mmrph\Desktop\author's Interns\PHR_wavfiles\WAVfiles\210814\20210814_013738.wav,11/17/22 14:16,HMS,Growl,8/14/2021 2:04:56.0,8/14/2021 2:05:02.1,2,NA,NA,NA,NA,NA,NA,NA,NA,2021-08-14,27.79205,-175.819217,Night
C:\Users\mmrph\Desktop\author's Interns\PHR_wavfiles\WAVfiles\210814\20210814_013738.wav,11/17/22 14:25,HMS,Croak,8/14/2021 3:00:02.0,8/14/2021 3:00:02.3,1,NA,NA,NA,NA,NA,NA,NA,NA,2021-08-14,27.79205,-175.819217,Night
C:\Users\mmrph\Desktop\author's Interns\PHR_wavfiles\WAVfiles\210814\20210814_013738.wav,11/17/22 14:27,HMS,Growl,8/14/2021 3:00:02.8,8/14/2021 3:00:05.5,1,NA,NA,NA,NA,NA,NA,NA,NA,2021-08-14,27.79205,-175.819217,Night
C:\Users\mmrph\Desktop\author's Interns\PHR_wavfiles\WAVfiles\210814\20210814_013738.wav,11/17/22 14:27,HMS,MoanBridgeGrowl,8/14/2021 3:00:11.8,8/14/2021 3:00:15.5,1,NA,NA,NA,NA,NA,NA,NA,NA,2021-08-14,27.79205,-175.819217,Night
C:\Users\mmrph\Desktop\author's Interns\PHR_wavfiles\WAVfiles\210814\20210814_013738.wav,11/17/22 14:27,HMS,MoanBridgeGrowl,8/14/2021 3:00:21.6,8/14/2021 3:00:25.6,1,NA,NA,NA,NA,NA,NA,NA,NA,2021-08-14,27.79205,-175.819217,Night
C:\Users\mmrph\Desktop\author's Interns\PHR_wavfiles\WAVfiles\210814\20210814_013738.wav,11/17/22 14:28,HMS,Croak,8/14/2021 3:00:32.2,8/14/2021 3:00:32.8,1,NA,NA,NA,NA,NA,NA,NA,NA,2021-08-14,27.79205,-175.819217,Night
C:\Users\mmrph\Desktop\author's Interns\PHR_wavfiles\WAVfiles\210814\20210814_013738.wav,11/17/22 14:28,HMS,Croak,8/14/2021 3:00:34.0,8/14/2021 3:00:34.5,1,NA,NA,NA,NA,NA,NA,NA,NA,2021-08-14,27.79205,-175.819217,Night
C:\Users\mmrph\Desktop\author's Interns\PHR_wavfiles\WAVfiles\210814\20210814_013738.wav,11/17/22 14:29,HMS,Growl,8/14/2021 3:00:35.2,8/14/2021 3:00:39.0,1,NA,NA,NA,NA,NA,NA,NA,NA,2021-08-14,27.79205,-175.819217,Night
C:\Users\mmrph\Desktop\author's Interns\PHR_wavfiles\WAVfiles\210814\20210814_013738.wav,11/17/22 14:29,HMS,Growl,8/14/2021 3:00:40.0,8/14/2021 3:00:44.3,1,NA,NA,NA,NA,NA,NA,NA,NA,2021-08-14,27.79205,-175.819217,Night
C:\Users\mmrph\Desktop\author's Interns\PHR_wavfiles\WAVfiles\210814\20210814_013738.wav,11/17/22 14:29,HMS,Croak,8/14/2021 3:00:57.2,8/14/2021 3:00:57.7,1,NA,NA,NA,NA,NA,NA,NA,NA,2021-08-14,27.79205,-175.819217,Night
C:\Users\mmrph\Desktop\author's Interns\PHR_wavfiles\WAVfiles\210814\20210814_013738.wav,11/17/22 14:29,HMS,Growl,8/14/2021 3:00:58.3,8/14/2021 3:01:01.7,1,NA,NA,NA,NA,NA,NA,NA,NA,2021-08-14,27.79205,-175.819217,Night
C:\Users\mmrph\Desktop\author's Interns\PHR_wavfiles\WAVfiles\210814\20210814_013738.wav,11/17/22 14:29,HMS,Growl,8/14/2021 3:01:02.9,8/14/2021 3:01:06.7,1,NA,NA,NA,NA,NA,NA,NA,NA,2021-08-14,27.79205,-175.819217,Night
C:\Users\mmrph\Desktop\author's Interns\PHR_wavfiles\WAVfiles\210814\20210814_013738.wav,11/17/22 14:29,HMS,Growl,8/14/2021 3:02:18.9,8/14/2021 3:02:22.8,1,NA,NA,NA,NA,NA,NA,NA,NA,2021-08-14,27.79205,-175.819217,Night
C:\Users\mmrph\Desktop\author's Interns\PHR_wavfiles\WAVfiles\210814\20210814_013738.wav,11/17/22 14:29,HMS,Croak,8/14/2021 3:02:23.5,8/14/2021 3:02:24.1,1,NA,NA,NA,NA,NA,NA,NA,NA,2021-08-14,27.79205,-175.819217,Night
C:\Users\mmrph\Desktop\author's Interns\PHR_wavfiles\WAVfiles\210814\20210814_013738.wav,11/17/22 14:30,HMS,Growl,8/14/2021 3:02:27.6,8/14/2021 3:02:31.2,1,NA,NA,NA,NA,NA,NA,NA,NA,2021-08-14,27.79205,-175.819217,Night
C:\Users\mmrph\Desktop\author's Interns\PHR_wavfiles\WAVfiles\210814\20210814_013738.wav,11/17/22 14:30,HMS,Croak,8/14/2021 3:02:42.6,8/14/2021 3:02:43.1,1,NA,NA,NA,NA,NA,NA,NA,NA,2021-08-14,27.79205,-175.819217,Night
C:\Users\mmrph\Desktop\author's Interns\PHR_wavfiles\WAVfiles\210814\20210814_013738.wav,11/17/22 14:30,HMS,Growl,8/14/2021 3:02:43.8,8/14/2021 3:02:46.9,1,NA,NA,NA,NA,NA,NA,NA,NA,2021-08-14,27.79205,-175.819217,Night
C:\Users\mmrph\Desktop\author's Interns\PHR_wavfiles\WAVfiles\210814\20210814_013738.wav,11/17/22 14:30,HMS,Growl,8/14/2021 3:02:48.0,8/14/2021 3:02:51.6,1,NA,NA,NA,NA,NA,NA,NA,NA,2021-08-14,27.79205,-175.819217,Night
C:\Users\mmrph\Desktop\author's Interns\PHR_wavfiles\WAVfiles\210814\20210814_013738.wav,11/17/22 14:32,HMS,Growl,8/14/2021 3:03:52.5,8/14/2021 3:03:56.6,2,NA,NA,NA,NA,NA,NA,NA,NA,2021-08-14,27.79205,-175.819217,Night
C:\Users\mmrph\Desktop\author's Interns\PHR_wavfiles\WAVfiles\210814\20210814_013738.wav,11/17/22 14:32,HMS,Croak,8/14/2021 3:03:58.7,8/14/2021 3:03:59.1,2,NA,NA,NA,NA,NA,NA,NA,NA,2021-08-14,27.79205,-175.819217,Night
C:\Users\mmrph\Desktop\author's Interns\PHR_wavfiles\WAVfiles\210814\20210814_013738.wav,11/17/22 14:33,HMS,Growl,8/14/2021 3:04:01.7,8/14/2021 3:04:03.4,1,NA,NA,NA,NA,NA,NA,NA,NA,2021-08-14,27.79205,-175.819217,Night
C:\Users\mmrph\Desktop\author's Interns\PHR_wavfiles\WAVfiles\210814\20210814_013738.wav,11/17/22 14:33,HMS,Croak,8/14/2021 3:04:03.7,8/14/2021 3:04:04.0,1,NA,NA,NA,NA,NA,NA,NA,NA,2021-08-14,27.79205,-175.819217,Night
C:\Users\mmrph\Desktop\author's Interns\PHR_wavfiles\WAVfiles\210814\20210814_013738.wav,11/17/22 14:33,HMS,Growl,8/14/2021 3:04:05.7,8/14/2021 3:04:09.5,2,NA,NA,NA,NA,NA,NA,NA,NA,2021-08-14,27.79205,-175.819217,Night
C:\Users\mmrph\Desktop\author's Interns\PHR_wavfiles\WAVfiles\210814\20210814_013738.wav,11/17/22 14:33,HMS,Whoop,8/14/2021 3:04:09.8,8/14/2021 3:04:10.9,2,4,NA,NA,NA,NA,NA,NA,NA,2021-08-14,27.79205,-175.819217,Night
C:\Users\mmrph\Desktop\author's Interns\PHR_wavfiles\WAVfiles\210814\20210814_013738.wav,11/17/22 14:34,HMS,Growl,8/14/2021 3:04:15.8,8/14/2021 3:04:18.4,2,NA,NA,NA,NA,NA,"weird growl, ainternost like 2 connected croaks",NA,NA,2021-08-14,27.79205,-175.819217,Night
C:\Users\mmrph\Desktop\author's Interns\PHR_wavfiles\WAVfiles\210814\20210814_013738.wav,11/17/22 14:34,HMS,Growl,8/14/2021 3:04:19.7,8/14/2021 3:04:23.9,2,NA,NA,NA,NA,NA,NA,NA,NA,2021-08-14,27.79205,-175.819217,Night
C:\Users\mmrph\Desktop\author's Interns\PHR_wavfiles\WAVfiles\210814\20210814_013738.wav,11/17/22 14:34,HMS,Growl,8/14/2021 3:04:25.0,8/14/2021 3:04:29.8,2,NA,NA,NA,NA,NA,NA,NA,NA,2021-08-14,27.79205,-175.819217,Night
C:\Users\mmrph\Desktop\author's Interns\PHR_wavfiles\WAVfiles\210814\20210814_013738.wav,11/17/22 14:35,HMS,Whoop,8/14/2021 3:04:30.9,8/14/2021 3:04:31.6,1,3,NA,NA,NA,NA,NA,NA,NA,2021-08-14,27.79205,-175.819217,Night
C:\Users\mmrph\Desktop\author's Interns\PHR_wavfiles\WAVfiles\210814\20210814_013738.wav,11/17/22 14:35,HMS,Croak,8/14/2021 3:04:35.8,8/14/2021 3:04:36.3,2,NA,NA,NA,NA,NA,NA,NA,NA,2021-08-14,27.79205,-175.819217,Night
C:\Users\mmrph\Desktop\author's Interns\PHR_wavfiles\WAVfiles\210814\20210814_013738.wav,11/17/22 14:35,HMS,Whoop,8/14/2021 3:04:38.3,8/14/2021 3:04:38.8,1,2,NA,NA,NA,NA,NA,NA,NA,2021-08-14,27.79205,-175.819217,Night
C:\Users\mmrph\Desktop\author's Interns\PHR_wavfiles\WAVfiles\210814\20210814_013738.wav,11/17/22 14:35,HMS,Moan,8/14/2021 3:04:41.6,8/14/2021 3:04:42.9,1,NA,NA,NA,NA,NA,NA,NA,NA,2021-08-14,27.79205,-175.819217,Night
C:\Users\mmrph\Desktop\author's Interns\PHR_wavfiles\WAVfiles\210814\20210814_013738.wav,11/17/22 14:35,HMS,MoanGrowl,8/14/2021 3:04:43.4,8/14/2021 3:04:48.6,2,NA,NA,NA,NA,NA,NA,NA,NA,2021-08-14,27.79205,-175.819217,Night
C:\Users\mmrph\Desktop\author's Interns\PHR_wavfiles\WAVfiles\210814\20210814_013738.wav,11/17/22 14:36,HMS,Whoop,8/14/2021 3:04:48.9,8/14/2021 3:04:49.8,2,3,NA,NA,NA,NA,NA,NA,NA,2021-08-14,27.79205,-175.819217,Night
C:\Users\mmrph\Desktop\author's Interns\PHR_wavfiles\WAVfiles\210814\20210814_013738.wav,11/17/22 14:36,HMS,Croak,8/14/2021 3:04:55.0,8/14/2021 3:04:55.5,2,NA,NA,NA,NA,NA,NA,NA,NA,2021-08-14,27.79205,-175.819217,Night
G:\2021\5643\20210814_013738.wav,11/21/23 13:35,HMS,Moan,8/14/2021 4:00:01.5,8/14/2021 4:00:02.1,2,NA,NA,NA,NA,NA,NA,NA,NA,2021-08-14,27.79205,-175.819217,Night
G:\2021\5643\20210814_013738.wav,11/21/23 13:35,HMS,MoanGrowl,8/14/2021 4:00:02.1,8/14/2021 4:00:05.3,2,NA,NA,NA,NA,NA,NA,NA,NA,2021-08-14,27.79205,-175.819217,Night
G:\2021\5643\20210814_013738.wav,11/21/23 13:36,HMS,Croak,8/14/2021 4:00:06.7,8/14/2021 4:00:06.8,2,NA,NA,NA,NA,NA,NA,NA,NA,2021-08-14,27.79205,-175.819217,Night
G:\2021\5643\20210814_013738.wav,11/21/23 13:36,HMS,Growl,8/14/2021 4:00:11.0,8/14/2021 4:00:16.2,1,NA,NA,NA,NA,NA,overlapping growls,NA,NA,2021-08-14,27.79205,-175.819217,Night
G:\2021\5643\20210814_013738.wav,11/21/23 13:37,HMS,Growl,8/14/2021 4:00:11.4,8/14/2021 4:00:12.5,2,NA,NA,NA,NA,NA,NA,NA,NA,2021-08-14,27.79205,-175.819217,Night
G:\2021\5643\20210814_013738.wav,11/21/23 13:37,HMS,Growl,8/14/2021 4:00:16.9,8/14/2021 4:00:20.6,1,NA,NA,NA,NA,NA,NA,NA,NA,2021-08-14,27.79205,-175.819217,Night
G:\2021\5643\20210814_013738.wav,11/21/23 13:37,HMS,Growl,8/14/2021 4:00:29.1,8/14/2021 4:00:30.0,1,NA,NA,NA,NA,NA,NA,NA,NA,2021-08-14,27.79205,-175.819217,Night
G:\2021\5643\20210814_013738.wav,11/21/23 13:37,HMS,Croak,8/14/2021 4:00:31.8,8/14/2021 4:00:32.2,1,NA,NA,NA,NA,NA,NA,NA,NA,2021-08-14,27.79205,-175.819217,Night
G:\2021\5643\20210814_013738.wav,11/21/23 13:37,HMS,Growl,8/14/2021 4:00:32.7,8/14/2021 4:00:35.9,1,NA,NA,NA,NA,NA,NA,NA,NA,2021-08-14,27.79205,-175.819217,Night
G:\2021\5643\20210814_013738.wav,11/21/23 13:37,HMS,Croak,8/14/2021 4:00:36.3,8/14/2021 4:00:36.5,1,NA,NA,NA,NA,NA,NA,NA,NA,2021-08-14,27.79205,-175.819217,Night
G:\2021\5643\20210814_013738.wav,11/21/23 13:38,HMS,Growl,8/14/2021 4:00:37.2,8/14/2021 4:00:40.4,1,NA,NA,NA,NA,NA,NA,NA,NA,2021-08-14,27.79205,-175.819217,Night
G:\2021\5643\20210814_013738.wav,11/21/23 13:38,HMS,Growl,8/14/2021 4:00:47.8,8/14/2021 4:00:50.5,1,NA,NA,NA,NA,NA,NA,NA,NA,2021-08-14,27.79205,-175.819217,Night
G:\2021\5643\20210814_013738.wav,11/21/23 13:38,HMS,Moan,8/14/2021 4:00:55.0,8/14/2021 4:00:56.4,1,NA,NA,NA,NA,NA,NA,NA,NA,2021-08-14,27.79205,-175.819217,Night
G:\2021\5643\20210814_013738.wav,11/21/23 13:38,HMS,MoanGrowl,8/14/2021 4:00:56.7,8/14/2021 4:01:01.1,1,NA,NA,NA,NA,NA,NA,NA,NA,2021-08-14,27.79205,-175.819217,Night
G:\2021\5643\20210814_013738.wav,11/21/23 13:38,HMS,Growl,8/14/2021 4:01:21.9,8/14/2021 4:01:29.3,2,NA,NA,NA,NA,NA,NA,NA,NA,2021-08-14,27.79205,-175.819217,Night
G:\2021\5643\20210814_013738.wav,11/21/23 13:38,HMS,Croak,8/14/2021 4:01:30.8,8/14/2021 4:01:31.2,2,NA,NA,NA,NA,NA,NA,NA,NA,2021-08-14,27.79205,-175.819217,Night
G:\2021\5643\20210814_013738.wav,11/21/23 13:39,HMS,Growl,8/14/2021 4:01:33.0,8/14/2021 4:01:36.6,2,NA,NA,NA,NA,NA,NA,NA,NA,2021-08-14,27.79205,-175.819217,Night
G:\2021\5643\20210814_013738.wav,11/21/23 13:39,HMS,Whoop,8/14/2021 4:01:36.6,8/14/2021 4:01:38.8,1,1,NA,NA,NA,NA,NA,NA,NA,2021-08-14,27.79205,-175.819217,Night
G:\2021\5643\20210814_013738.wav,11/21/23 13:39,HMS,Croak,8/14/2021 4:01:41.9,8/14/2021 4:01:42.1,1,NA,NA,NA,NA,NA,NA,NA,NA,2021-08-14,27.79205,-175.819217,Night
G:\2021\5643\20210814_013738.wav,11/21/23 13:39,HMS,Growl,8/14/2021 4:01:47.6,8/14/2021 4:01:49.5,1,NA,NA,NA,NA,NA,NA,NA,NA,2021-08-14,27.79205,-175.819217,Night
G:\2021\5643\20210814_013738.wav,11/21/23 13:39,HMS,Growl,8/14/2021 4:02:15.1,8/14/2021 4:02:16.7,1,NA,NA,NA,NA,NA,NA,NA,NA,2021-08-14,27.79205,-175.819217,Night
G:\2021\5643\20210814_013738.wav,11/21/23 13:40,HMS,Croak,8/14/2021 4:02:17.0,8/14/2021 4:02:17.4,1,NA,NA,NA,NA,NA,NA,NA,NA,2021-08-14,27.79205,-175.819217,Night
G:\2021\5643\20210814_013738.wav,11/21/23 13:40,HMS,Growl,8/14/2021 4:02:19.1,8/14/2021 4:02:22.2,1,NA,NA,NA,NA,NA,NA,NA,NA,2021-08-14,27.79205,-175.819217,Night
G:\2021\5643\20210814_013738.wav,11/21/23 13:40,HMS,Growl,8/14/2021 4:02:27.8,8/14/2021 4:02:28.5,1,NA,NA,NA,NA,NA,NA,NA,NA,2021-08-14,27.79205,-175.819217,Night
G:\2021\5643\20210814_013738.wav,11/21/23 13:40,HMS,Growl,8/14/2021 4:02:30.8,8/14/2021 4:02:33.6,1,NA,NA,NA,NA,NA,ascending growl,NA,NA,2021-08-14,27.79205,-175.819217,Night
G:\2021\5643\20210814_013738.wav,11/21/23 13:40,HMS,Growl,8/14/2021 4:03:39.8,8/14/2021 4:03:45.7,1,NA,NA,NA,NA,NA,NA,NA,NA,2021-08-14,27.79205,-175.819217,Night
G:\2021\5643\20210814_013738.wav,11/21/23 13:41,HMS,Growl,8/14/2021 4:03:48.0,8/14/2021 4:03:51.0,1,NA,NA,NA,NA,NA,NA,NA,NA,2021-08-14,27.79205,-175.819217,Night
G:\2021\5643\20210814_013738.wav,11/21/23 13:41,HMS,Croak,8/14/2021 4:03:53.5,8/14/2021 4:03:53.8,1,NA,NA,NA,NA,NA,NA,NA,NA,2021-08-14,27.79205,-175.819217,Night
G:\2021\5643\20210814_013738.wav,11/21/23 13:41,HMS,Growl,8/14/2021 4:03:59.5,8/14/2021 4:04:02.3,1,NA,NA,NA,NA,NA,NA,NA,NA,2021-08-14,27.79205,-175.819217,Night
G:\2021\5643\20210814_013738.wav,11/21/23 13:41,HMS,Growl,8/14/2021 4:04:04.1,8/14/2021 4:04:05.2,1,NA,NA,NA,NA,NA,NA,NA,NA,2021-08-14,27.79205,-175.819217,Night
F:\PHR\5643\20210814_043737.wav,8/31/23 12:31,HMS,Croak,8/14/2021 5:00:07.7,8/14/2021 5:00:07.9,1,NA,NA,NA,NA,NA,NA,NA,NA,2021-08-14,27.79205,-175.819217,Night
F:\PHR\5643\20210814_043737.wav,8/31/23 12:31,HMS,Croak,8/14/2021 5:00:14.8,8/14/2021 5:00:15.7,1,NA,NA,NA,NA,NA,NA,NA,NA,2021-08-14,27.79205,-175.819217,Night
F:\PHR\5643\20210814_043737.wav,8/31/23 12:31,HMS,Croak,8/14/2021 5:00:16.2,8/14/2021 5:00:16.7,1,NA,NA,NA,NA,NA,NA,NA,NA,2021-08-14,27.79205,-175.819217,Night
F:\PHR\5643\20210814_043737.wav,8/31/23 12:31,HMS,Growl,8/14/2021 5:00:18.9,8/14/2021 5:00:27.9,2,NA,NA,NA,NA,NA,NA,NA,NA,2021-08-14,27.79205,-175.819217,Night
F:\PHR\5643\20210814_043737.wav,8/31/23 12:32,HMS,Croak,8/14/2021 5:00:30.3,8/14/2021 5:00:30.5,1,NA,NA,NA,NA,NA,NA,NA,NA,2021-08-14,27.79205,-175.819217,Night
F:\PHR\5643\20210814_043737.wav,8/31/23 12:32,HMS,Growl,8/14/2021 5:00:33.3,8/14/2021 5:00:36.6,2,NA,NA,NA,NA,NA,NA,NA,NA,2021-08-14,27.79205,-175.819217,Night
F:\PHR\5643\20210814_043737.wav,8/31/23 12:32,HMS,Whoop,8/14/2021 5:00:39.0,8/14/2021 5:00:39.9,2,3,NA,NA,NA,NA,NA,NA,NA,2021-08-14,27.79205,-175.819217,Night
F:\PHR\5643\20210814_043737.wav,8/31/23 12:32,HMS,Croak,8/14/2021 5:00:40.0,8/14/2021 5:00:40.5,2,NA,NA,NA,NA,NA,NA,NA,NA,2021-08-14,27.79205,-175.819217,Night
F:\PHR\5643\20210814_043737.wav,8/31/23 12:32,HMS,Growl,8/14/2021 5:00:41.1,8/14/2021 5:00:44.7,2,NA,NA,NA,NA,NA,NA,NA,NA,2021-08-14,27.79205,-175.819217,Night
F:\PHR\5643\20210814_043737.wav,8/31/23 12:32,HMS,Growl,8/14/2021 5:00:50.8,8/14/2021 5:00:52.7,1,NA,NA,NA,NA,NA,NA,NA,NA,2021-08-14,27.79205,-175.819217,Night
F:\PHR\5643\20210814_043737.wav,8/31/23 12:33,HMS,Growl,8/14/2021 5:01:43.9,8/14/2021 5:01:51.5,1,NA,NA,NA,NA,NA,NA,NA,NA,2021-08-14,27.79205,-175.819217,Night
F:\PHR\5643\20210814_043737.wav,8/31/23 12:33,HMS,Growl,8/14/2021 5:01:52.0,8/14/2021 5:01:56.0,1,NA,NA,NA,NA,NA,NA,NA,NA,2021-08-14,27.79205,-175.819217,Night
F:\PHR\5643\20210814_043737.wav,8/31/23 12:33,HMS,Croak,8/14/2021 5:01:57.2,8/14/2021 5:01:57.4,1,NA,NA,NA,NA,NA,NA,NA,NA,2021-08-14,27.79205,-175.819217,Night
F:\PHR\5643\20210814_043737.wav,8/31/23 12:33,HMS,Growl,8/14/2021 5:02:00.0,8/14/2021 5:02:02.8,1,NA,NA,NA,NA,NA,NA,NA,NA,2021-08-14,27.79205,-175.819217,Night
F:\PHR\5643\20210814_043737.wav,8/31/23 12:33,HMS,Growl,8/14/2021 5:02:03.8,8/14/2021 5:02:07.4,1,NA,NA,NA,NA,NA,NA,NA,NA,2021-08-14,27.79205,-175.819217,Night
F:\PHR\5643\20210814_043737.wav,8/31/23 12:33,HMS,Croak,8/14/2021 5:02:08.6,8/14/2021 5:02:08.8,1,NA,NA,NA,NA,NA,NA,NA,NA,2021-08-14,27.79205,-175.819217,Night
F:\PHR\5643\20210814_043737.wav,8/31/23 12:33,HMS,Growl,8/14/2021 5:02:09.7,8/14/2021 5:02:14.0,1,NA,NA,NA,NA,NA,NA,NA,NA,2021-08-14,27.79205,-175.819217,Night
F:\PHR\5643\20210814_043737.wav,8/31/23 12:33,HMS,Growl,8/14/2021 5:02:14.6,8/14/2021 5:02:17.9,1,NA,NA,NA,NA,NA,NA,NA,NA,2021-08-14,27.79205,-175.819217,Night
F:\PHR\5643\20210814_043737.wav,8/31/23 12:34,HMS,Growl,8/14/2021 5:02:20.9,8/14/2021 5:02:29.3,2,NA,NA,NA,NA,NA,NA,NA,NA,2021-08-14,27.79205,-175.819217,Night
F:\PHR\5643\20210814_043737.wav,8/31/23 12:34,HMS,Croak,8/14/2021 5:02:31.6,8/14/2021 5:02:31.9,1,NA,NA,NA,NA,NA,NA,NA,NA,2021-08-14,27.79205,-175.819217,Night
F:\PHR\5643\20210814_043737.wav,8/31/23 12:34,HMS,Growl,8/14/2021 5:02:36.2,8/14/2021 5:02:38.3,2,NA,NA,NA,NA,NA,NA,NA,NA,2021-08-14,27.79205,-175.819217,Night
F:\PHR\5643\20210814_043737.wav,8/31/23 12:34,HMS,Croak,8/14/2021 5:02:39.7,8/14/2021 5:02:39.9,2,NA,NA,NA,NA,NA,NA,NA,NA,2021-08-14,27.79205,-175.819217,Night
F:\PHR\5643\20210814_043737.wav,8/31/23 12:34,HMS,Growl,8/14/2021 5:02:43.2,8/14/2021 5:02:47.8,2,NA,NA,NA,NA,NA,NA,NA,NA,2021-08-14,27.79205,-175.819217,Night
F:\PHR\5643\20210814_043737.wav,8/31/23 12:34,HMS,Whoop,8/14/2021 5:02:48.1,8/14/2021 5:02:48.6,1,2,NA,NA,NA,NA,NA,NA,NA,2021-08-14,27.79205,-175.819217,Night
F:\PHR\5643\20210814_043737.wav,8/31/23 12:34,HMS,Croak,8/14/2021 5:02:49.4,8/14/2021 5:02:49.9,2,NA,NA,NA,NA,NA,NA,NA,NA,2021-08-14,27.79205,-175.819217,Night
F:\PHR\5643\20210814_043737.wav,8/31/23 12:34,HMS,Growl,8/14/2021 5:02:55.5,8/14/2021 5:03:00.4,2,NA,NA,NA,NA,NA,NA,NA,NA,2021-08-14,27.79205,-175.819217,Night
F:\PHR\5643\20210814_043737.wav,8/31/23 12:35,HMS,Whoop,8/14/2021 5:03:00.8,8/14/2021 5:03:01.4,1,2,NA,NA,NA,NA,NA,NA,NA,2021-08-14,27.79205,-175.819217,Night
F:\PHR\5643\20210814_043737.wav,8/31/23 12:35,HMS,Croak,8/14/2021 5:03:02.4,8/14/2021 5:03:02.8,2,NA,NA,NA,NA,NA,NA,NA,NA,2021-08-14,27.79205,-175.819217,Night
F:\PHR\5643\20210814_043737.wav,8/31/23 12:35,HMS,Growl,8/14/2021 5:03:24.8,8/14/2021 5:03:31.8,1,NA,NA,NA,NA,NA,NA,NA,NA,2021-08-14,27.79205,-175.819217,Night
F:\PHR\5643\20210814_043737.wav,8/31/23 12:35,HMS,Growl,8/14/2021 5:03:36.7,8/14/2021 5:03:40.2,1,NA,NA,NA,NA,NA,NA,NA,NA,2021-08-14,27.79205,-175.819217,Night
F:\PHR\5643\20210814_043737.wav,8/31/23 12:35,HMS,MoanGrowl,8/14/2021 5:03:46.4,8/14/2021 5:03:52.0,2,NA,NA,NA,NA,NA,NA,NA,NA,2021-08-14,27.79205,-175.819217,Night
F:\PHR\5643\20210814_043737.wav,8/31/23 12:35,HMS,Growl,8/14/2021 5:03:58.6,8/14/2021 5:04:01.3,1,NA,NA,NA,NA,NA,NA,NA,NA,2021-08-14,27.79205,-175.819217,Night
F:\PHR\5643\20210814_043737.wav,8/31/23 12:36,HMS,Croak,8/14/2021 5:04:02.4,8/14/2021 5:04:02.8,1,NA,NA,NA,NA,NA,NA,NA,NA,2021-08-14,27.79205,-175.819217,Night
F:\PHR\5643\20210814_043737.wav,8/31/23 12:36,HMS,Growl,8/14/2021 5:04:03.5,8/14/2021 5:04:07.0,1,NA,NA,NA,NA,NA,NA,NA,NA,2021-08-14,27.79205,-175.819217,Night
F:\PHR\5643\20210814_043737.wav,8/31/23 12:36,HMS,Croak,8/14/2021 5:04:08.4,8/14/2021 5:04:08.9,1,NA,NA,NA,NA,NA,NA,NA,NA,2021-08-14,27.79205,-175.819217,Night
F:\PHR\5643\20210814_043737.wav,8/31/23 12:36,HMS,Growl,8/14/2021 5:04:11.8,8/14/2021 5:04:15.2,1,NA,NA,NA,NA,NA,NA,NA,NA,2021-08-14,27.79205,-175.819217,Night
F:\PHR\5643\20210814_043737.wav,8/31/23 12:36,HMS,Whoop,8/14/2021 5:04:18.4,8/14/2021 5:04:18.6,2,1,NA,NA,NA,NA,NA,NA,NA,2021-08-14,27.79205,-175.819217,Night
F:\PHR\5643\20210814_043737.wav,8/31/23 12:36,HMS,Whoop,8/14/2021 5:04:20.9,8/14/2021 5:04:21.1,2,1,NA,NA,NA,NA,NA,NA,NA,2021-08-14,27.79205,-175.819217,Night
F:\PHR\5643\20210814_043737.wav,8/31/23 12:36,HMS,Growl,8/14/2021 5:04:23.6,8/14/2021 5:04:26.1,2,NA,NA,NA,NA,NA,NA,NA,NA,2021-08-14,27.79205,-175.819217,Night
F:\PHR\5643\20210814_043737.wav,8/31/23 12:36,HMS,Growl,8/14/2021 5:04:26.7,8/14/2021 5:04:27.3,2,NA,NA,NA,NA,NA,NA,NA,NA,2021-08-14,27.79205,-175.819217,Night
F:\PHR\5643\20210814_043737.wav,8/31/23 12:37,HMS,Growl,8/14/2021 5:04:29.7,8/14/2021 5:04:33.4,3,NA,NA,NA,NA,NA,NA,NA,NA,2021-08-14,27.79205,-175.819217,Night
F:\PHR\5643\20210814_043737.wav,8/31/23 12:37,HMS,Whoop,8/14/2021 5:04:33.6,8/14/2021 5:04:34.2,2,2,NA,NA,NA,NA,NA,NA,NA,2021-08-14,27.79205,-175.819217,Night
F:\PHR\5643\20210814_043737.wav,8/31/23 12:37,HMS,Croak,8/14/2021 5:04:35.1,8/14/2021 5:04:35.6,2,NA,NA,NA,NA,NA,NA,NA,NA,2021-08-14,27.79205,-175.819217,Night
F:\PHR\5643\20210814_043737.wav,8/31/23 12:37,HMS,Growl,8/14/2021 5:04:36.6,8/14/2021 5:04:41.7,3,NA,NA,NA,NA,NA,NA,NA,NA,2021-08-14,27.79205,-175.819217,Night
F:\PHR\5643\20210814_043737.wav,8/31/23 12:37,HMS,Croak,8/14/2021 5:04:46.1,8/14/2021 5:04:46.3,2,NA,NA,NA,NA,NA,NA,NA,NA,2021-08-14,27.79205,-175.819217,Night
F:\PHR\5643\20210814_043737.wav,8/31/23 12:37,HMS,Whoop,8/14/2021 5:04:52.4,8/14/2021 5:04:53.1,1,2,NA,NA,NA,NA,NA,NA,NA,2021-08-14,27.79205,-175.819217,Night
F:\PHR\5643\20210814_043737.wav,8/31/23 12:38,HMS,Croak,8/14/2021 5:04:53.3,8/14/2021 5:04:53.8,3,NA,NA,NA,NA,NA,NA,NA,NA,2021-08-14,27.79205,-175.819217,Night
F:\PHR\5643\20210814_043737.wav,8/31/23 12:38,HMS,Growl,8/14/2021 5:04:54.4,8/14/2021 5:04:58.4,3,NA,NA,NA,NA,NA,NA,NA,NA,2021-08-14,27.79205,-175.819217,Night
F:\PHR\5643\20210814_043737.wav,8/31/23 12:38,HMS,Croak,8/14/2021 6:00:00.7,8/14/2021 6:00:00.9,1,NA,NA,NA,NA,NA,NA,NA,NA,2021-08-14,27.79205,-175.819217,Night
F:\PHR\5643\20210814_043737.wav,8/31/23 12:38,HMS,Growl,8/14/2021 6:00:02.5,8/14/2021 6:00:05.2,1,NA,NA,NA,NA,NA,NA,NA,NA,2021-08-14,27.79205,-175.819217,Night
F:\PHR\5643\20210814_043737.wav,8/31/23 12:38,HMS,Growl,8/14/2021 6:00:06.4,8/14/2021 6:00:07.3,1,NA,NA,NA,NA,NA,NA,NA,NA,2021-08-14,27.79205,-175.819217,Night
F:\PHR\5643\20210814_043737.wav,8/31/23 12:38,HMS,Growl,8/14/2021 6:00:11.1,8/14/2021 6:00:15.3,2,NA,NA,NA,NA,NA,NA,NA,NA,2021-08-14,27.79205,-175.819217,Night
F:\PHR\5643\20210814_043737.wav,8/31/23 12:38,HMS,Growl,8/14/2021 6:00:16.3,8/14/2021 6:00:22.4,2,NA,NA,NA,NA,NA,NA,NA,NA,2021-08-14,27.79205,-175.819217,Night
F:\PHR\5643\20210814_043737.wav,8/31/23 12:38,HMS,Croak,8/14/2021 6:00:23.8,8/14/2021 6:00:24.0,2,NA,NA,NA,NA,NA,NA,NA,NA,2021-08-14,27.79205,-175.819217,Night
F:\PHR\5643\20210814_043737.wav,8/31/23 12:39,HMS,Croak,8/14/2021 6:00:28.1,8/14/2021 6:00:28.4,1,NA,NA,NA,NA,NA,NA,NA,NA,2021-08-14,27.79205,-175.819217,Night
F:\PHR\5643\20210814_043737.wav,8/31/23 12:39,HMS,Croak,8/14/2021 6:00:34.8,8/14/2021 6:00:35.3,2,NA,NA,NA,NA,NA,NA,NA,NA,2021-08-14,27.79205,-175.819217,Night
F:\PHR\5643\20210814_043737.wav,8/31/23 12:39,HMS,Growl,8/14/2021 6:00:35.9,8/14/2021 6:00:40.8,1,NA,NA,NA,NA,NA,NA,NA,NA,2021-08-14,27.79205,-175.819217,Night
F:\PHR\5643\20210814_043737.wav,8/31/23 12:39,HMS,Growl,8/14/2021 6:00:42.1,8/14/2021 6:00:46.5,1,NA,NA,NA,NA,NA,NA,NA,NA,2021-08-14,27.79205,-175.819217,Night
F:\PHR\5643\20210814_043737.wav,8/31/23 12:39,HMS,Croak,8/14/2021 6:00:48.8,8/14/2021 6:00:49.0,1,NA,NA,NA,NA,NA,NA,NA,NA,2021-08-14,27.79205,-175.819217,Night
F:\PHR\5643\20210814_043737.wav,8/31/23 12:39,HMS,Growl,8/14/2021 6:00:53.7,8/14/2021 6:00:54.4,1,NA,NA,NA,NA,NA,NA,NA,NA,2021-08-14,27.79205,-175.819217,Night
F:\PHR\5643\20210814_043737.wav,8/31/23 12:39,HMS,Growl,8/14/2021 6:01:01.9,8/14/2021 6:01:07.0,1,NA,NA,NA,NA,NA,NA,NA,NA,2021-08-14,27.79205,-175.819217,Night
F:\PHR\5643\20210814_043737.wav,8/31/23 12:39,HMS,Whoop,8/14/2021 6:01:07.3,8/14/2021 6:01:07.4,1,1,NA,NA,NA,NA,NA,NA,NA,2021-08-14,27.79205,-175.819217,Night
F:\PHR\5643\20210814_043737.wav,8/31/23 12:40,HMS,Growl,8/14/2021 6:01:14.2,8/14/2021 6:01:14.8,1,NA,NA,NA,NA,NA,NA,NA,NA,2021-08-14,27.79205,-175.819217,Night
F:\PHR\5643\20210814_043737.wav,8/31/23 12:40,HMS,Growl,8/14/2021 6:01:15.3,8/14/2021 6:01:15.8,1,NA,NA,NA,NA,NA,NA,NA,NA,2021-08-14,27.79205,-175.819217,Night
F:\PHR\5643\20210814_043737.wav,8/31/23 12:40,HMS,Growl,8/14/2021 6:01:19.3,8/14/2021 6:01:24.2,2,NA,NA,NA,NA,NA,NA,NA,NA,2021-08-14,27.79205,-175.819217,Night
F:\PHR\5643\20210814_043737.wav,8/31/23 12:40,HMS,Growl,8/14/2021 6:01:25.3,8/14/2021 6:01:30.9,2,NA,NA,NA,NA,NA,NA,NA,NA,2021-08-14,27.79205,-175.819217,Night
F:\PHR\5643\20210814_043737.wav,8/31/23 12:40,HMS,Growl,8/14/2021 6:01:35.5,8/14/2021 6:01:38.4,1,NA,NA,NA,NA,NA,NA,NA,NA,2021-08-14,27.79205,-175.819217,Night
F:\PHR\5643\20210814_043737.wav,8/31/23 12:40,HMS,Growl,8/14/2021 6:01:39.3,8/14/2021 6:01:43.2,1,NA,NA,NA,NA,NA,NA,NA,NA,2021-08-14,27.79205,-175.819217,Night
F:\PHR\5643\20210814_043737.wav,8/31/23 12:40,HMS,Growl,8/14/2021 6:01:56.6,8/14/2021 6:01:58.2,1,NA,NA,NA,NA,NA,NA,NA,NA,2021-08-14,27.79205,-175.819217,Night
F:\PHR\5643\20210814_043737.wav,8/31/23 12:40,HMS,Croak,8/14/2021 6:01:59.1,8/14/2021 6:01:59.5,1,NA,NA,NA,NA,NA,NA,NA,NA,2021-08-14,27.79205,-175.819217,Night
F:\PHR\5643\20210814_043737.wav,8/31/23 12:41,HMS,Growl,8/14/2021 6:02:02.9,8/14/2021 6:02:05.9,1,NA,NA,NA,NA,NA,NA,NA,NA,2021-08-14,27.79205,-175.819217,Night
F:\PHR\5643\20210814_043737.wav,8/31/23 12:41,HMS,Croak,8/14/2021 6:02:07.1,8/14/2021 6:02:07.5,1,NA,NA,NA,NA,NA,NA,NA,NA,2021-08-14,27.79205,-175.819217,Night
F:\PHR\5643\20210814_043737.wav,8/31/23 12:41,HMS,Growl,8/14/2021 6:02:08.3,8/14/2021 6:02:12.5,1,NA,NA,NA,NA,NA,NA,NA,NA,2021-08-14,27.79205,-175.819217,Night
F:\PHR\5643\20210814_043737.wav,8/31/23 12:41,HMS,Growl,8/14/2021 6:02:18.5,8/14/2021 6:02:26.5,2,NA,NA,NA,NA,NA,NA,NA,NA,2021-08-14,27.79205,-175.819217,Night
F:\PHR\5643\20210814_043737.wav,8/31/23 12:41,HMS,Croak,8/14/2021 6:02:27.0,8/14/2021 6:02:27.2,2,NA,NA,NA,NA,NA,NA,NA,NA,2021-08-14,27.79205,-175.819217,Night
F:\PHR\5643\20210814_043737.wav,8/31/23 12:41,HMS,Croak,8/14/2021 6:02:34.7,8/14/2021 6:02:35.1,2,NA,NA,NA,NA,NA,NA,NA,NA,2021-08-14,27.79205,-175.819217,Night
F:\PHR\5643\20210814_043737.wav,8/31/23 12:41,HMS,Growl,8/14/2021 6:02:35.7,8/14/2021 6:02:39.2,2,NA,NA,NA,NA,NA,NA,NA,NA,2021-08-14,27.79205,-175.819217,Night
F:\PHR\5643\20210814_043737.wav,8/31/23 12:41,HMS,Growl,8/14/2021 6:02:40.2,8/14/2021 6:02:47.4,2,NA,NA,NA,NA,NA,NA,NA,NA,2021-08-14,27.79205,-175.819217,Night
F:\PHR\5643\20210814_043737.wav,8/31/23 12:42,HMS,Growl,8/14/2021 6:02:48.6,8/14/2021 6:02:53.5,2,NA,NA,NA,NA,NA,NA,NA,NA,2021-08-14,27.79205,-175.819217,Night
F:\PHR\5643\20210814_043737.wav,8/31/23 12:42,HMS,Growl,8/14/2021 6:04:07.9,8/14/2021 6:04:15.3,2,NA,NA,NA,NA,NA,NA,NA,NA,2021-08-14,27.79205,-175.819217,Night
F:\PHR\5643\20210814_043737.wav,8/31/23 12:42,HMS,Whoop,8/14/2021 6:04:15.4,8/14/2021 6:04:16.0,2,2,NA,NA,NA,NA,NA,NA,NA,2021-08-14,27.79205,-175.819217,Night
F:\PHR\5643\20210814_043737.wav,8/31/23 12:42,HMS,Croak,8/14/2021 6:04:16.7,8/14/2021 6:04:17.1,2,NA,NA,NA,NA,NA,NA,NA,NA,2021-08-14,27.79205,-175.819217,Night
F:\PHR\5643\20210814_043737.wav,8/31/23 12:42,HMS,Growl,8/14/2021 6:04:17.6,8/14/2021 6:04:20.5,2,NA,NA,NA,NA,NA,NA,NA,NA,2021-08-14,27.79205,-175.819217,Night
F:\PHR\5643\20210814_043737.wav,8/31/23 12:42,HMS,Croak,8/14/2021 6:04:23.5,8/14/2021 6:04:23.8,2,NA,NA,NA,NA,NA,NA,NA,NA,2021-08-14,27.79205,-175.819217,Night
F:\PHR\5643\20210814_043737.wav,8/31/23 12:43,HMS,Growl,8/14/2021 6:04:28.5,8/14/2021 6:04:29.8,2,NA,NA,NA,NA,NA,NA,NA,NA,2021-08-14,27.79205,-175.819217,Night
F:\PHR\5643\20210814_043737.wav,8/31/23 12:43,HMS,Croak,8/14/2021 6:04:30.7,8/14/2021 6:04:30.8,2,NA,NA,NA,NA,NA,NA,NA,NA,2021-08-14,27.79205,-175.819217,Night
F:\PHR\5643\20210814_043737.wav,8/31/23 12:43,HMS,Whoop,8/14/2021 6:04:32.4,8/14/2021 6:04:32.5,2,1,NA,NA,NA,NA,NA,NA,NA,2021-08-14,27.79205,-175.819217,Night
F:\PHR\5643\20210814_043737.wav,8/31/23 12:43,HMS,Growl,8/14/2021 6:04:33.0,8/14/2021 6:04:36.6,2,NA,NA,NA,NA,NA,NA,NA,NA,2021-08-14,27.79205,-175.819217,Night
F:\PHR\5643\20210814_043737.wav,8/31/23 12:43,HMS,Whoop,8/14/2021 6:04:36.8,8/14/2021 6:04:36.9,1,1,NA,NA,NA,NA,NA,NA,NA,2021-08-14,27.79205,-175.819217,Night
F:\PHR\5643\20210814_043737.wav,8/31/23 12:43,HMS,Croak,8/14/2021 6:04:37.7,8/14/2021 6:04:38.1,2,NA,NA,NA,NA,NA,NA,NA,NA,2021-08-14,27.79205,-175.819217,Night
F:\PHR\5643\20210814_043737.wav,8/31/23 12:43,HMS,Growl,8/14/2021 6:04:39.1,8/14/2021 6:04:45.4,2,NA,NA,NA,NA,NA,NA,NA,NA,2021-08-14,27.79205,-175.819217,Night
F:\PHR\5643\20210814_043737.wav,8/31/23 12:43,HMS,Growl,8/14/2021 6:04:46.2,8/14/2021 6:04:51.8,2,NA,NA,NA,NA,NA,NA,NA,NA,2021-08-14,27.79205,-175.819217,Night
F:\PHR\5643\20210814_043737.wav,8/31/23 12:44,HMS,Croak,8/14/2021 6:04:53.4,8/14/2021 6:04:53.5,1,NA,NA,NA,NA,NA,NA,NA,NA,2021-08-14,27.79205,-175.819217,Night
F:\PHR\5643\20210814_043737.wav,8/31/23 12:44,HMS,Croak,8/14/2021 6:04:57.4,8/14/2021 6:04:57.8,1,NA,NA,NA,NA,NA,NA,NA,NA,2021-08-14,27.79205,-175.819217,Night
F:\PHR\5643\20210814_043737.wav,8/31/23 12:44,HMS,Growl,8/14/2021 7:00:02.2,8/14/2021 7:00:04.5,1,NA,NA,NA,NA,NA,NA,NA,NA,2021-08-14,27.79205,-175.819217,Night
F:\PHR\5643\20210814_043737.wav,8/31/23 12:44,HMS,Growl,8/14/2021 7:00:08.0,8/14/2021 7:00:08.6,1,NA,NA,NA,NA,NA,NA,NA,NA,2021-08-14,27.79205,-175.819217,Night
F:\PHR\5643\20210814_043737.wav,8/31/23 12:45,HMS,Whoop,8/14/2021 7:01:19.2,8/14/2021 7:01:20.3,2,4,NA,NA,NA,NA,NA,NA,NA,2021-08-14,27.79205,-175.819217,Night
F:\PHR\5643\20210814_043737.wav,8/31/23 12:45,HMS,Whoop,8/14/2021 7:01:21.1,8/14/2021 7:01:21.6,1,2,NA,NA,NA,NA,NA,NA,NA,2021-08-14,27.79205,-175.819217,Night
F:\PHR\5643\20210814_043737.wav,8/31/23 12:46,HMS,Whoop,8/14/2021 7:01:21.9,8/14/2021 7:01:22.9,2,6,NA,NA,NA,NA,NA,NA,NA,2021-08-14,27.79205,-175.819217,Night
F:\PHR\5643\20210814_043737.wav,8/31/23 12:46,HMS,Growl,8/14/2021 7:01:36.1,8/14/2021 7:01:36.6,2,NA,NA,NA,NA,NA,NA,NA,NA,2021-08-14,27.79205,-175.819217,Night
F:\PHR\5643\20210814_043737.wav,8/31/23 12:46,HMS,Whoop,8/14/2021 7:01:37.3,8/14/2021 7:01:37.8,1,3,NA,NA,NA,NA,NA,NA,NA,2021-08-14,27.79205,-175.819217,Night
F:\PHR\5643\20210814_043737.wav,8/31/23 12:46,HMS,Croak,8/14/2021 7:01:38.0,8/14/2021 7:01:38.4,2,NA,NA,NA,NA,NA,NA,NA,NA,2021-08-14,27.79205,-175.819217,Night
F:\PHR\5643\20210814_043737.wav,8/31/23 12:46,HMS,Growl,8/14/2021 7:01:38.8,8/14/2021 7:01:40.8,2,NA,NA,NA,NA,NA,NA,NA,NA,2021-08-14,27.79205,-175.819217,Night
F:\PHR\5643\20210814_043737.wav,8/31/23 12:47,HMS,Croak,8/14/2021 7:01:43.0,8/14/2021 7:01:43.2,2,NA,NA,NA,NA,NA,NA,NA,NA,2021-08-14,27.79205,-175.819217,Night
F:\PHR\5643\20210814_043737.wav,8/31/23 12:47,HMS,Croak,8/14/2021 7:01:48.7,8/14/2021 7:01:49.1,2,NA,NA,NA,NA,NA,NA,NA,NA,2021-08-14,27.79205,-175.819217,Night
F:\PHR\5643\20210814_043737.wav,8/31/23 12:47,HMS,Whoop,8/14/2021 7:01:49.8,8/14/2021 7:01:50.4,1,3,NA,NA,NA,NA,NA,NA,NA,2021-08-14,27.79205,-175.819217,Night
F:\PHR\5643\20210814_043737.wav,8/31/23 12:47,HMS,Croak,8/14/2021 7:01:50.6,8/14/2021 7:01:51.0,2,NA,NA,NA,NA,NA,NA,NA,NA,2021-08-14,27.79205,-175.819217,Night
F:\PHR\5643\20210814_043737.wav,8/31/23 12:47,HMS,Growl,8/14/2021 7:01:51.9,8/14/2021 7:01:53.4,2,NA,NA,NA,NA,NA,NA,NA,NA,2021-08-14,27.79205,-175.819217,Night
F:\PHR\5643\20210814_043737.wav,8/31/23 12:47,HMS,Growl,8/14/2021 7:02:03.4,8/14/2021 7:02:04.0,2,NA,NA,NA,NA,NA,NA,NA,NA,2021-08-14,27.79205,-175.819217,Night
F:\PHR\5643\20210814_043737.wav,8/31/23 12:48,HMS,Whoop,8/14/2021 7:02:04.4,8/14/2021 7:02:05.2,1,3,NA,NA,NA,NA,NA,NA,NA,2021-08-14,27.79205,-175.819217,Night
F:\PHR\5643\20210814_043737.wav,8/31/23 12:48,HMS,Croak,8/14/2021 7:02:05.3,8/14/2021 7:02:05.8,2,NA,NA,NA,NA,NA,NA,NA,NA,2021-08-14,27.79205,-175.819217,Night
F:\PHR\5643\20210814_043737.wav,8/31/23 12:48,HMS,Moan,8/14/2021 7:02:26.1,8/14/2021 7:02:26.6,3,NA,NA,NA,NA,NA,NA,NA,NA,2021-08-14,27.79205,-175.819217,Night
F:\PHR\5643\20210814_043737.wav,8/31/23 12:48,HMS,MoanGrowl,8/14/2021 7:02:26.7,8/14/2021 7:02:29.2,3,NA,NA,NA,NA,NA,NA,NA,NA,2021-08-14,27.79205,-175.819217,Night
F:\PHR\5643\20210814_043737.wav,8/31/23 12:48,HMS,Whoop,8/14/2021 7:02:30.5,8/14/2021 7:02:31.1,1,4,NA,NA,NA,NA,NA,NA,NA,2021-08-14,27.79205,-175.819217,Night
F:\PHR\5643\20210814_043737.wav,8/31/23 12:48,HMS,Whoop,8/14/2021 7:02:36.2,8/14/2021 7:02:36.7,3,3,NA,NA,NA,NA,NA,NA,NA,2021-08-14,27.79205,-175.819217,Night
F:\PHR\5643\20210814_073736.wav,8/31/23 12:49,HMS,Growl,8/14/2021 8:00:03.1,8/14/2021 8:00:08.0,2,NA,NA,NA,NA,NA,NA,NA,NA,2021-08-14,27.79205,-175.819217,Day
F:\PHR\5643\20210814_073736.wav,8/31/23 12:50,HMS,Whoop,8/14/2021 8:00:18.2,8/14/2021 8:00:18.4,1,1,NA,NA,NA,NA,NA,NA,NA,2021-08-14,27.79205,-175.819217,Day
F:\PHR\5643\20210814_073736.wav,8/31/23 12:50,HMS,Croak,8/14/2021 8:00:18.9,8/14/2021 8:00:19.5,2,NA,NA,NA,NA,NA,NA,NA,NA,2021-08-14,27.79205,-175.819217,Day
F:\PHR\5643\20210814_073736.wav,8/31/23 12:50,HMS,Growl,8/14/2021 8:00:20.2,8/14/2021 8:00:23.6,2,NA,NA,NA,NA,NA,NA,NA,NA,2021-08-14,27.79205,-175.819217,Day
F:\PHR\5643\20210814_073736.wav,8/31/23 12:50,HMS,Growl,8/14/2021 8:00:25.2,8/14/2021 8:00:28.6,2,NA,NA,NA,NA,NA,NA,NA,NA,2021-08-14,27.79205,-175.819217,Day
F:\PHR\5643\20210814_073736.wav,8/31/23 12:50,HMS,Growl,8/14/2021 8:00:36.3,8/14/2021 8:00:37.0,2,NA,NA,NA,NA,NA,NA,NA,NA,2021-08-14,27.79205,-175.819217,Day
F:\PHR\5643\20210814_073736.wav,8/31/23 12:50,HMS,Growl,8/14/2021 8:00:43.5,8/14/2021 8:00:48.6,2,NA,NA,NA,NA,NA,NA,NA,NA,2021-08-14,27.79205,-175.819217,Day
F:\PHR\5643\20210814_073736.wav,8/31/23 12:50,HMS,Growl,8/14/2021 8:00:50.2,8/14/2021 8:00:50.6,2,NA,NA,NA,NA,NA,NA,NA,NA,2021-08-14,27.79205,-175.819217,Day
F:\PHR\5643\20210814_073736.wav,8/31/23 12:50,HMS,Growl,8/14/2021 8:00:51.1,8/14/2021 8:00:57.5,2,NA,NA,NA,NA,NA,NA,NA,NA,2021-08-14,27.79205,-175.819217,Day
F:\PHR\5643\20210814_073736.wav,8/31/23 12:50,HMS,Growl,8/14/2021 8:00:58.5,8/14/2021 8:01:04.4,2,NA,NA,NA,NA,NA,NA,NA,NA,2021-08-14,27.79205,-175.819217,Day
F:\PHR\5643\20210814_073736.wav,8/31/23 12:51,HMS,Croak,8/14/2021 8:01:05.8,8/14/2021 8:01:06.0,1,NA,NA,NA,NA,NA,NA,NA,NA,2021-08-14,27.79205,-175.819217,Day
F:\PHR\5643\20210814_073736.wav,8/31/23 12:51,HMS,Croak,8/14/2021 8:01:13.5,8/14/2021 8:01:13.9,1,NA,NA,NA,NA,NA,NA,NA,NA,2021-08-14,27.79205,-175.819217,Day
F:\PHR\5643\20210814_073736.wav,8/31/23 12:51,HMS,Growl,8/14/2021 8:01:54.4,8/14/2021 8:01:56.1,1,NA,NA,NA,NA,NA,NA,NA,NA,2021-08-14,27.79205,-175.819217,Day
F:\PHR\5643\20210814_073736.wav,8/31/23 12:51,HMS,Croak,8/14/2021 8:01:56.7,8/14/2021 8:01:56.9,1,NA,NA,NA,NA,NA,NA,NA,NA,2021-08-14,27.79205,-175.819217,Day
F:\PHR\5643\20210814_073736.wav,8/31/23 12:51,HMS,Growl,8/14/2021 8:01:58.8,8/14/2021 8:02:01.5,1,NA,NA,NA,NA,NA,NA,NA,NA,2021-08-14,27.79205,-175.819217,Day
F:\PHR\5643\20210814_073736.wav,8/31/23 12:51,HMS,Growl,8/14/2021 8:02:17.5,8/14/2021 8:02:26.4,2,NA,NA,NA,NA,NA,NA,NA,NA,2021-08-14,27.79205,-175.819217,Day
F:\PHR\5643\20210814_073736.wav,8/31/23 12:51,HMS,Croak,8/14/2021 8:02:26.8,8/14/2021 8:02:27.0,2,NA,NA,NA,NA,NA,NA,NA,NA,2021-08-14,27.79205,-175.819217,Day
F:\PHR\5643\20210814_073736.wav,8/31/23 12:52,HMS,Croak,8/14/2021 8:02:29.1,8/14/2021 8:02:29.3,2,NA,NA,NA,NA,NA,NA,NA,NA,2021-08-14,27.79205,-175.819217,Day
F:\PHR\5643\20210814_073736.wav,8/31/23 12:52,HMS,Growl,8/14/2021 8:02:31.1,8/14/2021 8:02:34.2,2,NA,NA,NA,NA,NA,NA,NA,NA,2021-08-14,27.79205,-175.819217,Day
F:\PHR\5643\20210814_073736.wav,8/31/23 12:52,HMS,Whoop,8/14/2021 8:02:34.3,8/14/2021 8:02:35.1,2,4,NA,NA,NA,NA,NA,NA,NA,2021-08-14,27.79205,-175.819217,Day
F:\PHR\5643\20210814_073736.wav,8/31/23 12:52,HMS,Croak,8/14/2021 8:02:35.4,8/14/2021 8:02:35.7,2,NA,NA,NA,NA,NA,NA,NA,NA,2021-08-14,27.79205,-175.819217,Day
F:\PHR\5643\20210814_073736.wav,8/31/23 12:52,HMS,Croak,8/14/2021 8:02:40.5,8/14/2021 8:02:41.0,2,NA,NA,NA,NA,NA,NA,NA,NA,2021-08-14,27.79205,-175.819217,Day
F:\PHR\5643\20210814_073736.wav,8/31/23 12:52,HMS,Growl,8/14/2021 8:02:41.7,8/14/2021 8:02:46.5,2,NA,NA,NA,NA,NA,NA,NA,NA,2021-08-14,27.79205,-175.819217,Day
F:\PHR\5643\20210814_073736.wav,8/31/23 12:52,HMS,Growl,8/14/2021 8:02:48.0,8/14/2021 8:02:52.5,2,NA,NA,NA,NA,NA,NA,NA,NA,2021-08-14,27.79205,-175.819217,Day
F:\PHR\5643\20210814_073736.wav,8/31/23 12:52,HMS,Croak,8/14/2021 8:02:54.6,8/14/2021 8:02:54.8,2,NA,NA,NA,NA,NA,NA,NA,NA,2021-08-14,27.79205,-175.819217,Day
F:\PHR\5643\20210814_073736.wav,8/31/23 12:53,HMS,Growl,8/14/2021 9:00:02.4,8/14/2021 9:00:06.1,2,NA,NA,NA,NA,NA,NA,NA,NA,2021-08-14,27.79205,-175.819217,Day
F:\PHR\5643\20210814_073736.wav,8/31/23 12:53,HMS,Growl,8/14/2021 9:00:07.5,8/14/2021 9:00:08.2,2,NA,NA,NA,NA,NA,NA,NA,NA,2021-08-14,27.79205,-175.819217,Day
F:\PHR\5643\20210814_073736.wav,8/31/23 12:53,HMS,Growl,8/14/2021 9:00:08.7,8/14/2021 9:00:14.0,2,NA,NA,NA,NA,NA,NA,NA,NA,2021-08-14,27.79205,-175.819217,Day
F:\PHR\5643\20210814_073736.wav,8/31/23 12:53,HMS,Growl,8/14/2021 9:00:14.6,8/14/2021 9:00:19.6,2,NA,NA,NA,NA,NA,NA,NA,NA,2021-08-14,27.79205,-175.819217,Day
F:\PHR\5643\20210814_073736.wav,8/31/23 12:53,HMS,Croak,8/14/2021 9:00:23.0,8/14/2021 9:00:23.2,1,NA,NA,NA,NA,NA,NA,NA,NA,2021-08-14,27.79205,-175.819217,Day
F:\PHR\5643\20210814_073736.wav,8/31/23 12:53,HMS,Croak,8/14/2021 9:00:23.2,8/14/2021 9:00:27.7,1,NA,NA,NA,NA,NA,NA,NA,NA,2021-08-14,27.79205,-175.819217,Day
F:\PHR\5643\20210814_073736.wav,8/31/23 12:54,HMS,Growl,8/14/2021 9:00:28.5,8/14/2021 9:00:32.2,2,NA,NA,NA,NA,NA,NA,NA,NA,2021-08-14,27.79205,-175.819217,Day
F:\PHR\5643\20210814_073736.wav,8/31/23 12:54,HMS,Croak,8/14/2021 9:00:34.4,8/14/2021 9:00:34.6,1,NA,NA,NA,NA,NA,NA,NA,NA,2021-08-14,27.79205,-175.819217,Day
F:\PHR\5643\20210814_073736.wav,8/31/23 12:54,HMS,Growl,8/14/2021 9:00:41.5,8/14/2021 9:00:43.2,1,NA,NA,NA,NA,NA,NA,NA,NA,2021-08-14,27.79205,-175.819217,Day
F:\PHR\5643\20210814_073736.wav,8/31/23 12:54,HMS,Croak,8/14/2021 9:00:44.3,8/14/2021 9:00:44.4,1,NA,NA,NA,NA,NA,NA,NA,NA,2021-08-14,27.79205,-175.819217,Day
F:\PHR\5643\20210814_073736.wav,8/31/23 12:54,HMS,Growl,8/14/2021 9:00:50.2,8/14/2021 9:00:55.4,2,NA,NA,NA,NA,NA,NA,NA,NA,2021-08-14,27.79205,-175.819217,Day
F:\PHR\5643\20210814_073736.wav,8/31/23 12:54,HMS,Croak,8/14/2021 9:01:01.2,8/14/2021 9:01:01.6,2,NA,NA,NA,NA,NA,NA,NA,NA,2021-08-14,27.79205,-175.819217,Day
F:\PHR\5643\20210814_073736.wav,8/31/23 12:54,HMS,Growl,8/14/2021 9:01:07.9,8/14/2021 9:01:13.4,2,NA,NA,NA,NA,NA,NA,NA,NA,2021-08-14,27.79205,-175.819217,Day
F:\PHR\5643\20210814_073736.wav,8/31/23 12:54,HMS,Whoop,8/14/2021 9:01:13.7,8/14/2021 9:01:14.3,1,2,NA,NA,NA,NA,NA,NA,NA,2021-08-14,27.79205,-175.819217,Day
F:\PHR\5643\20210814_073736.wav,8/31/23 12:55,HMS,Growl,8/14/2021 9:02:55.6,8/14/2021 9:03:01.7,2,NA,NA,NA,NA,NA,NA,NA,NA,2021-08-14,27.79205,-175.819217,Day
F:\PHR\5643\20210814_073736.wav,8/31/23 12:55,HMS,Croak,8/14/2021 9:03:02.1,8/14/2021 9:03:02.3,2,NA,NA,NA,NA,NA,NA,NA,NA,2021-08-14,27.79205,-175.819217,Day
F:\PHR\5643\20210814_073736.wav,8/31/23 12:55,HMS,Whoop,8/14/2021 9:03:03.9,8/14/2021 9:03:04.1,1,1,NA,NA,NA,NA,NA,NA,NA,2021-08-14,27.79205,-175.819217,Day
F:\PHR\5643\20210814_073736.wav,8/31/23 12:55,HMS,Croak,8/14/2021 9:03:04.7,8/14/2021 9:03:05.0,2,NA,NA,NA,NA,NA,NA,NA,NA,2021-08-14,27.79205,-175.819217,Day
F:\PHR\5643\20210814_073736.wav,8/31/23 12:55,HMS,Growl,8/14/2021 9:03:05.7,8/14/2021 9:03:08.4,2,NA,NA,NA,NA,NA,NA,NA,NA,2021-08-14,27.79205,-175.819217,Day
F:\PHR\5643\20210814_073736.wav,8/31/23 12:55,HMS,Whoop,8/14/2021 9:03:10.4,8/14/2021 9:03:11.6,2,5,NA,NA,NA,NA,NA,NA,NA,2021-08-14,27.79205,-175.819217,Day
F:\PHR\5643\20210814_073736.wav,8/31/23 12:56,HMS,MoanBridgeGrowl,8/14/2021 9:03:15.8,8/14/2021 9:03:19.9,2,NA,NA,NA,NA,NA,NA,NA,NA,2021-08-14,27.79205,-175.819217,Day
F:\PHR\5643\20210814_073736.wav,8/31/23 12:56,HMS,Growl,8/14/2021 9:03:26.2,8/14/2021 9:03:28.3,1,NA,NA,NA,NA,NA,NA,NA,NA,2021-08-14,27.79205,-175.819217,Day
F:\PHR\5643\20210814_073736.wav,8/31/23 12:56,HMS,Growl,8/14/2021 9:04:27.6,8/14/2021 9:04:31.6,1,NA,NA,NA,NA,NA,NA,NA,NA,2021-08-14,27.79205,-175.819217,Day
F:\PHR\5643\20210814_073736.wav,8/31/23 12:56,HMS,Growl,8/14/2021 9:04:35.8,8/14/2021 9:04:39.8,1,NA,NA,NA,NA,NA,NA,NA,NA,2021-08-14,27.79205,-175.819217,Day
F:\PHR\5643\20210814_073736.wav,8/31/23 12:56,HMS,Growl,8/14/2021 9:04:46.2,8/14/2021 9:04:52.6,1,NA,NA,NA,NA,NA,NA,NA,NA,2021-08-14,27.79205,-175.819217,Day
F:\PHR\5643\20210814_073736.wav,8/31/23 12:57,HMS,Growl,8/14/2021 10:00:10.5,8/14/2021 10:00:19.7,3,NA,NA,NA,NA,NA,NA,NA,NA,2021-08-14,27.79205,-175.819217,Day
F:\PHR\5643\20210814_073736.wav,8/31/23 12:57,HMS,Croak,8/14/2021 10:00:20.1,8/14/2021 10:00:20.5,3,NA,NA,NA,NA,NA,NA,NA,NA,2021-08-14,27.79205,-175.819217,Day
F:\PHR\5643\20210814_073736.wav,8/31/23 12:57,HMS,Croak,8/14/2021 10:00:22.4,8/14/2021 10:00:22.7,2,NA,NA,NA,NA,NA,NA,NA,NA,2021-08-14,27.79205,-175.819217,Day
F:\PHR\5643\20210814_073736.wav,8/31/23 12:57,HMS,Croak,8/14/2021 10:00:25.1,8/14/2021 10:00:25.5,3,NA,NA,NA,NA,NA,NA,NA,NA,2021-08-14,27.79205,-175.819217,Day
F:\PHR\5643\20210814_073736.wav,8/31/23 12:57,HMS,Growl,8/14/2021 10:00:26.1,8/14/2021 10:00:28.9,3,NA,NA,NA,NA,NA,NA,NA,NA,2021-08-14,27.79205,-175.819217,Day
F:\PHR\5643\20210814_073736.wav,8/31/23 12:58,HMS,Croak,8/14/2021 10:00:25.2,8/14/2021 10:00:34.9,2,NA,NA,NA,NA,NA,NA,NA,NA,2021-08-14,27.79205,-175.819217,Day
F:\PHR\5643\20210814_073736.wav,8/31/23 12:58,HMS,Croak,8/14/2021 10:00:39.4,8/14/2021 10:00:39.8,2,NA,NA,NA,NA,NA,NA,NA,NA,2021-08-14,27.79205,-175.819217,Day
F:\PHR\5643\20210814_073736.wav,8/31/23 12:58,HMS,Growl,8/14/2021 10:00:40.3,8/14/2021 10:00:44.2,3,NA,NA,NA,NA,NA,NA,NA,NA,2021-08-14,27.79205,-175.819217,Day
F:\PHR\5643\20210814_073736.wav,8/31/23 12:58,HMS,Growl,8/14/2021 10:00:45.1,8/14/2021 10:00:48.8,3,NA,NA,NA,NA,NA,NA,NA,NA,2021-08-14,27.79205,-175.819217,Day
F:\PHR\5643\20210814_073736.wav,8/31/23 12:58,HMS,MoanBridgeGrowl,8/14/2021 10:00:54.4,8/14/2021 10:00:58.8,1,NA,NA,NA,NA,NA,NA,NA,NA,2021-08-14,27.79205,-175.819217,Day
F:\PHR\5643\20210814_073736.wav,8/31/23 12:59,HMS,Whoop,8/14/2021 10:01:00.7,8/14/2021 10:01:01.7,1,3,NA,NA,NA,NA,NA,NA,NA,2021-08-14,27.79205,-175.819217,Day
F:\PHR\5643\20210814_073736.wav,8/31/23 12:59,HMS,Croak,8/14/2021 10:01:02.0,8/14/2021 10:01:02.4,2,NA,NA,NA,NA,NA,NA,NA,NA,2021-08-14,27.79205,-175.819217,Day
F:\PHR\5643\20210814_073736.wav,8/31/23 12:59,HMS,Growl,8/14/2021 10:01:03.5,8/14/2021 10:01:07.7,2,NA,NA,NA,NA,NA,NA,NA,NA,2021-08-14,27.79205,-175.819217,Day
F:\PHR\5643\20210814_073736.wav,8/31/23 12:59,HMS,Croak,8/14/2021 10:01:10.8,8/14/2021 10:01:11.0,1,NA,NA,NA,NA,NA,NA,NA,NA,2021-08-14,27.79205,-175.819217,Day
F:\PHR\5643\20210814_073736.wav,8/31/23 12:59,HMS,Growl,8/14/2021 10:01:16.2,8/14/2021 10:01:16.7,1,NA,NA,NA,NA,NA,NA,NA,NA,2021-08-14,27.79205,-175.819217,Day
F:\PHR\5643\20210814_073736.wav,8/31/23 12:59,HMS,Growl,8/14/2021 10:02:32.8,8/14/2021 10:02:40.7,2,NA,NA,NA,NA,NA,NA,NA,NA,2021-08-14,27.79205,-175.819217,Day
F:\PHR\5643\20210814_073736.wav,8/31/23 13:00,HMS,Croak,8/14/2021 10:02:41.1,8/14/2021 10:02:41.3,2,NA,NA,NA,NA,NA,NA,NA,NA,2021-08-14,27.79205,-175.819217,Day
F:\PHR\5643\20210814_073736.wav,8/31/23 13:00,HMS,Croak,8/14/2021 10:02:43.9,8/14/2021 10:02:44.1,2,NA,NA,NA,NA,NA,NA,NA,NA,2021-08-14,27.79205,-175.819217,Day
F:\PHR\5643\20210814_073736.wav,8/31/23 13:00,HMS,Croak,8/14/2021 10:02:45.9,8/14/2021 10:02:46.4,2,NA,NA,NA,NA,NA,NA,NA,NA,2021-08-14,27.79205,-175.819217,Day
F:\PHR\5643\20210814_073736.wav,8/31/23 13:00,HMS,Growl,8/14/2021 10:02:46.8,8/14/2021 10:02:49.1,2,NA,NA,NA,NA,NA,NA,NA,NA,2021-08-14,27.79205,-175.819217,Day
F:\PHR\5643\20210814_073736.wav,8/31/23 13:00,HMS,Growl,8/14/2021 10:02:53.7,8/14/2021 10:02:59.1,1,NA,NA,NA,NA,NA,NA,NA,NA,2021-08-14,27.79205,-175.819217,Day
F:\PHR\5643\20210814_073736.wav,8/31/23 13:00,HMS,Croak,8/14/2021 10:03:00.1,8/14/2021 10:03:00.6,2,NA,NA,NA,NA,NA,NA,NA,NA,2021-08-14,27.79205,-175.819217,Day
F:\PHR\5643\20210814_073736.wav,8/31/23 13:00,HMS,Growl,8/14/2021 10:03:01.2,8/14/2021 10:03:05.4,2,NA,NA,NA,NA,NA,NA,NA,NA,2021-08-14,27.79205,-175.819217,Day
F:\PHR\5643\20210814_073736.wav,8/31/23 13:00,HMS,Growl,8/14/2021 10:03:06.3,8/14/2021 10:03:11.0,2,NA,NA,NA,NA,NA,NA,NA,NA,2021-08-14,27.79205,-175.819217,Day
F:\PHR\5643\20210814_073736.wav,8/31/23 13:00,HMS,Croak,8/14/2021 10:03:12.7,8/14/2021 10:03:12.9,2,NA,NA,NA,NA,NA,NA,NA,NA,2021-08-14,27.79205,-175.819217,Day
F:\PHR\5643\20210814_073736.wav,8/31/23 13:00,HMS,Croak,8/14/2021 10:03:17.8,8/14/2021 10:03:18.2,2,NA,NA,NA,NA,NA,NA,NA,NA,2021-08-14,27.79205,-175.819217,Day
F:\PHR\5643\20210814_073736.wav,8/31/23 13:00,HMS,Growl,8/14/2021 10:03:21.6,8/14/2021 10:03:22.9,1,NA,NA,NA,NA,NA,NA,NA,NA,2021-08-14,27.79205,-175.819217,Day
F:\PHR\5643\20210814_073736.wav,8/31/23 13:01,HMS,Growl,8/14/2021 10:03:23.9,8/14/2021 10:03:28.5,2,NA,NA,NA,NA,NA,NA,NA,NA,2021-08-14,27.79205,-175.819217,Day
F:\PHR\5643\20210814_073736.wav,8/31/23 13:01,HMS,Whoop,8/14/2021 10:03:28.8,8/14/2021 10:03:29.4,1,2,NA,NA,NA,NA,NA,NA,NA,2021-08-14,27.79205,-175.819217,Day
F:\PHR\5643\20210814_073736.wav,8/31/23 13:01,HMS,Growl,8/14/2021 10:04:34.7,8/14/2021 10:04:43.9,3,NA,NA,NA,NA,NA,NA,NA,NA,2021-08-14,27.79205,-175.819217,Day
F:\PHR\5643\20210814_073736.wav,8/31/23 13:01,HMS,Croak,8/14/2021 10:04:44.5,8/14/2021 10:04:44.8,2,NA,NA,NA,NA,NA,NA,NA,NA,2021-08-14,27.79205,-175.819217,Day
F:\PHR\5643\20210814_073736.wav,8/31/23 13:01,HMS,Croak,8/14/2021 10:04:46.7,8/14/2021 10:04:47.0,1,NA,NA,NA,NA,NA,NA,NA,NA,2021-08-14,27.79205,-175.819217,Day
F:\PHR\5643\20210814_073736.wav,8/31/23 13:02,HMS,Growl,8/14/2021 10:04:51.2,8/14/2021 10:04:51.8,2,NA,NA,NA,NA,NA,NA,NA,NA,2021-08-14,27.79205,-175.819217,Day
F:\PHR\5643\20210814_073736.wav,8/31/23 13:02,HMS,Growl,8/14/2021 10:04:52.3,8/14/2021 10:04:55.7,2,NA,NA,NA,NA,NA,NA,NA,NA,2021-08-14,27.79205,-175.819217,Day
F:\PHR\5643\20210814_103735.wav,8/31/23 13:05,HMS,Growl,8/14/2021 12:01:46.1,8/14/2021 12:01:50.6,1,NA,NA,NA,NA,NA,NA,NA,NA,2021-08-14,27.79205,-175.819217,Day
F:\PHR\5643\20210814_103735.wav,8/31/23 13:05,HMS,Croak,8/14/2021 12:01:51.4,8/14/2021 12:01:51.7,1,NA,NA,NA,NA,NA,NA,NA,NA,2021-08-14,27.79205,-175.819217,Day
F:\PHR\5643\20210814_103735.wav,8/31/23 13:05,HMS,Growl,8/14/2021 12:01:54.2,8/14/2021 12:01:58.3,1,NA,NA,NA,NA,NA,NA,NA,NA,2021-08-14,27.79205,-175.819217,Day
F:\PHR\5643\20210814_103735.wav,8/31/23 13:06,HMS,MoanBridgeGrowl,8/14/2021 12:02:05.0,8/14/2021 12:02:08.8,1,NA,NA,NA,NA,NA,NA,NA,NA,2021-08-14,27.79205,-175.819217,Day
F:\PHR\5643\20210814_103735.wav,8/31/23 13:06,HMS,MoanGrowl,8/14/2021 12:02:14.8,8/14/2021 12:02:19.8,1,NA,NA,NA,NA,NA,NA,NA,NA,2021-08-14,27.79205,-175.819217,Day
F:\PHR\5643\20210814_103735.wav,8/31/23 13:07,HMS,Growl,8/14/2021 12:03:51.3,8/14/2021 12:03:58.2,1,NA,NA,NA,NA,NA,NA,NA,NA,2021-08-14,27.79205,-175.819217,Day
F:\PHR\5643\20210814_103735.wav,8/31/23 13:07,HMS,Growl,8/14/2021 12:03:59.0,8/14/2021 12:04:03.2,1,NA,NA,NA,NA,NA,NA,NA,NA,2021-08-14,27.79205,-175.819217,Day
F:\PHR\5643\20210814_103735.wav,8/31/23 13:07,HMS,Growl,8/14/2021 12:04:17.5,8/14/2021 12:04:18.1,1,NA,NA,NA,NA,NA,NA,NA,NA,2021-08-14,27.79205,-175.819217,Day
F:\PHR\5643\20210814_103735.wav,8/31/23 13:07,HMS,Growl,8/14/2021 12:04:18.8,8/14/2021 12:04:24.0,1,NA,NA,NA,NA,NA,NA,NA,NA,2021-08-14,27.79205,-175.819217,Day
F:\PHR\5643\20210814_103735.wav,8/31/23 13:08,HMS,Growl,8/14/2021 13:00:16.9,8/14/2021 13:00:24.8,1,NA,NA,NA,NA,NA,NA,NA,NA,2021-08-14,27.79205,-175.819217,Day
F:\PHR\5643\20210814_103735.wav,8/31/23 13:08,HMS,Growl,8/14/2021 13:00:38.1,8/14/2021 13:00:42.3,1,NA,NA,NA,NA,NA,NA,NA,NA,2021-08-14,27.79205,-175.819217,Day
F:\PHR\5643\20210814_103735.wav,8/31/23 13:08,HMS,Growl,8/14/2021 13:00:43.3,8/14/2021 13:00:46.7,1,NA,NA,NA,NA,NA,NA,NA,NA,2021-08-14,27.79205,-175.819217,Day
F:\PHR\5643\20210814_103735.wav,8/31/23 13:08,HMS,Growl,8/14/2021 13:00:59.1,8/14/2021 13:01:03.5,1,NA,NA,NA,NA,NA,NA,NA,NA,2021-08-14,27.79205,-175.819217,Day
F:\PHR\5643\20210814_103735.wav,8/31/23 13:08,HMS,Growl,8/14/2021 13:02:39.4,8/14/2021 13:02:44.1,1,NA,NA,NA,NA,NA,NA,NA,NA,2021-08-14,27.79205,-175.819217,Day
F:\PHR\5643\20210814_103735.wav,8/31/23 13:09,HMS,Croak,8/14/2021 13:02:44.8,8/14/2021 13:02:45.2,1,NA,NA,NA,NA,NA,NA,NA,NA,2021-08-14,27.79205,-175.819217,Day
F:\PHR\5643\20210814_103735.wav,8/31/23 13:09,HMS,Croak,8/14/2021 13:02:46.0,8/14/2021 13:02:46.3,1,NA,NA,NA,NA,NA,NA,NA,NA,2021-08-14,27.79205,-175.819217,Day
F:\PHR\5643\20210814_103735.wav,8/31/23 13:09,HMS,Growl,8/14/2021 13:02:48.2,8/14/2021 13:02:51.4,1,NA,NA,NA,NA,NA,NA,NA,NA,2021-08-14,27.79205,-175.819217,Day
F:\PHR\5643\20210814_103735.wav,8/31/23 13:09,HMS,Growl,8/14/2021 13:02:59.0,8/14/2021 13:03:02.9,1,NA,NA,NA,NA,NA,NA,NA,NA,2021-08-14,27.79205,-175.819217,Day
F:\PHR\5643\20210814_103735.wav,8/31/23 13:09,HMS,Growl,8/14/2021 13:04:49.5,8/14/2021 13:04:53.8,1,NA,NA,NA,NA,NA,NA,NA,NA,2021-08-14,27.79205,-175.819217,Day
F:\PHR\5643\20210814_133735.wav,8/31/23 13:28,HMS,Growl,8/14/2021 14:00:39.5,8/14/2021 14:00:43.8,2,NA,NA,NA,NA,NA,NA,NA,NA,2021-08-14,27.79205,-175.819217,Day
F:\PHR\5643\20210814_133735.wav,8/31/23 13:28,HMS,Growl,8/14/2021 14:00:45.6,8/14/2021 14:00:46.5,2,NA,NA,NA,NA,NA,NA,NA,NA,2021-08-14,27.79205,-175.819217,Day
F:\PHR\5643\20210814_133735.wav,8/31/23 13:28,HMS,Croak,8/14/2021 14:00:47.4,8/14/2021 14:00:47.5,2,NA,NA,NA,NA,NA,NA,NA,NA,2021-08-14,27.79205,-175.819217,Day
F:\PHR\5643\20210814_133735.wav,8/31/23 13:28,HMS,Growl,8/14/2021 14:00:51.2,8/14/2021 14:00:56.5,2,NA,NA,NA,NA,NA,NA,NA,NA,2021-08-14,27.79205,-175.819217,Day
F:\PHR\5643\20210814_133735.wav,8/31/23 13:28,HMS,Whoop,8/14/2021 14:00:56.8,8/14/2021 14:00:57.9,2,4,NA,NA,NA,NA,NA,NA,NA,2021-08-14,27.79205,-175.819217,Day
F:\PHR\5643\20210814_133735.wav,8/31/23 13:28,HMS,Croak,8/14/2021 14:01:01.1,8/14/2021 14:01:01.3,2,NA,NA,NA,NA,NA,NA,NA,NA,2021-08-14,27.79205,-175.819217,Day
F:\PHR\5643\20210814_133735.wav,8/31/23 13:29,HMS,Moan,8/14/2021 14:01:07.6,8/14/2021 14:01:09.2,2,NA,NA,NA,NA,NA,NA,NA,NA,2021-08-14,27.79205,-175.819217,Day
F:\PHR\5643\20210814_133735.wav,8/31/23 13:29,HMS,MoanGrowl,8/14/2021 14:01:09.4,8/14/2021 14:01:15.3,2,NA,NA,NA,NA,NA,NA,NA,NA,2021-08-14,27.79205,-175.819217,Day
F:\PHR\5643\20210814_133735.wav,8/31/23 13:29,HMS,Growl,8/14/2021 14:01:16.1,8/14/2021 14:01:21.6,1,NA,NA,NA,NA,NA,NA,NA,NA,2021-08-14,27.79205,-175.819217,Day
F:\PHR\5643\20210814_133735.wav,8/31/23 13:29,HMS,Croak,8/14/2021 14:01:22.6,8/14/2021 14:01:22.7,1,NA,NA,NA,NA,NA,NA,NA,NA,2021-08-14,27.79205,-175.819217,Day
F:\PHR\5643\20210814_133735.wav,8/31/23 13:29,HMS,Croak,8/14/2021 14:01:25.7,8/14/2021 14:01:25.9,1,NA,NA,NA,NA,NA,NA,NA,NA,2021-08-14,27.79205,-175.819217,Day
F:\PHR\5643\20210814_133735.wav,8/31/23 13:29,HMS,Growl,8/14/2021 14:01:51.0,8/14/2021 14:01:55.2,1,NA,NA,NA,NA,NA,NA,NA,NA,2021-08-14,27.79205,-175.819217,Day
F:\PHR\5643\20210814_133735.wav,8/31/23 13:29,HMS,Croak,8/14/2021 14:01:56.4,8/14/2021 14:01:56.8,1,NA,NA,NA,NA,NA,NA,NA,NA,2021-08-14,27.79205,-175.819217,Day
F:\PHR\5643\20210814_133735.wav,8/31/23 13:30,HMS,Growl,8/14/2021 14:03:20.3,8/14/2021 14:03:25.0,2,NA,NA,NA,NA,NA,NA,NA,NA,2021-08-14,27.79205,-175.819217,Day
F:\PHR\5643\20210814_133735.wav,8/31/23 13:30,HMS,Growl,8/14/2021 14:03:27.1,8/14/2021 14:03:27.9,2,NA,NA,NA,NA,NA,NA,NA,NA,2021-08-14,27.79205,-175.819217,Day
F:\PHR\5643\20210814_133735.wav,8/31/23 13:30,HMS,Croak,8/14/2021 14:03:28.7,8/14/2021 14:03:28.9,2,NA,NA,NA,NA,NA,NA,NA,NA,2021-08-14,27.79205,-175.819217,Day
F:\PHR\5643\20210814_133735.wav,8/31/23 13:30,HMS,Growl,8/14/2021 14:03:33.4,8/14/2021 14:03:38.6,1,NA,NA,NA,NA,NA,NA,NA,NA,2021-08-14,27.79205,-175.819217,Day
F:\PHR\5643\20210814_133735.wav,8/31/23 13:30,HMS,Whoop,8/14/2021 14:03:38.8,8/14/2021 14:03:39.0,1,1,NA,NA,NA,NA,NA,NA,NA,2021-08-14,27.79205,-175.819217,Day
F:\PHR\5643\20210814_133735.wav,8/31/23 13:30,HMS,Croak,8/14/2021 14:03:40.3,8/14/2021 14:03:40.6,2,NA,NA,NA,NA,NA,NA,NA,NA,2021-08-14,27.79205,-175.819217,Day
F:\PHR\5643\20210814_133735.wav,8/31/23 13:31,HMS,Growl,8/14/2021 14:03:41.3,8/14/2021 14:03:46.3,2,NA,NA,NA,NA,NA,NA,NA,NA,2021-08-14,27.79205,-175.819217,Day
F:\PHR\5643\20210814_133735.wav,8/31/23 13:31,HMS,Croak,8/14/2021 14:03:50.8,8/14/2021 14:03:50.9,2,NA,NA,NA,NA,NA,NA,NA,NA,2021-08-14,27.79205,-175.819217,Day
F:\PHR\5643\20210814_133735.wav,8/31/23 13:31,HMS,Growl,8/14/2021 14:04:37.3,8/14/2021 14:04:41.6,1,NA,NA,NA,NA,NA,NA,NA,NA,2021-08-14,27.79205,-175.819217,Day
F:\PHR\5643\20210814_133735.wav,8/31/23 13:31,HMS,Growl,8/14/2021 14:04:43.0,8/14/2021 14:04:46.3,1,NA,NA,NA,NA,NA,NA,NA,NA,2021-08-14,27.79205,-175.819217,Day
F:\PHR\5643\20210814_133735.wav,8/31/23 13:31,HMS,Growl,8/14/2021 15:01:12.2,8/14/2021 15:01:15.5,1,NA,NA,NA,NA,NA,NA,NA,NA,2021-08-14,27.79205,-175.819217,Day
F:\PHR\5643\20210814_133735.wav,8/31/23 13:32,HMS,Growl,8/14/2021 15:01:25.5,8/14/2021 15:01:29.8,1,NA,NA,NA,NA,NA,NA,NA,NA,2021-08-14,27.79205,-175.819217,Day
F:\PHR\5643\20210814_133735.wav,8/31/23 13:32,HMS,Growl,8/14/2021 15:01:31.5,8/14/2021 15:01:35.7,1,NA,NA,NA,NA,NA,NA,NA,NA,2021-08-14,27.79205,-175.819217,Day
F:\PHR\5643\20210814_133735.wav,8/31/23 13:32,HMS,Growl,8/14/2021 15:02:07.6,8/14/2021 15:02:10.8,2,NA,NA,NA,NA,NA,NA,NA,NA,2021-08-14,27.79205,-175.819217,Day
F:\PHR\5643\20210814_133735.wav,8/31/23 13:32,HMS,Growl,8/14/2021 15:02:11.3,8/14/2021 15:02:11.9,2,NA,NA,NA,NA,NA,NA,NA,NA,2021-08-14,27.79205,-175.819217,Day
F:\PHR\5643\20210814_133735.wav,8/31/23 13:32,HMS,Growl,8/14/2021 15:02:13.9,8/14/2021 15:02:17.5,3,NA,NA,NA,NA,NA,NA,NA,NA,2021-08-14,27.79205,-175.819217,Day
F:\PHR\5643\20210814_133735.wav,8/31/23 13:32,HMS,Whoop,8/14/2021 15:02:17.7,8/14/2021 15:02:18.1,2,2,NA,NA,NA,NA,NA,NA,NA,2021-08-14,27.79205,-175.819217,Day
F:\PHR\5643\20210814_133735.wav,8/31/23 13:32,HMS,Croak,8/14/2021 15:02:20.5,8/14/2021 15:02:20.8,2,NA,NA,NA,NA,NA,NA,NA,NA,2021-08-14,27.79205,-175.819217,Day
F:\PHR\5643\20210814_133735.wav,8/31/23 13:33,HMS,Growl,8/14/2021 15:02:28.6,8/14/2021 15:02:33.9,2,NA,NA,NA,NA,NA,NA,NA,NA,2021-08-14,27.79205,-175.819217,Day
F:\PHR\5643\20210814_133735.wav,8/31/23 13:33,HMS,Whoop,8/14/2021 15:02:34.9,8/14/2021 15:02:35.5,1,2,NA,NA,NA,NA,NA,NA,NA,2021-08-14,27.79205,-175.819217,Day
F:\PHR\5643\20210814_133735.wav,8/31/23 13:33,HMS,Growl,8/14/2021 15:02:36.2,8/14/2021 15:02:36.9,2,NA,NA,NA,NA,NA,NA,NA,NA,2021-08-14,27.79205,-175.819217,Day
F:\PHR\5643\20210814_133735.wav,8/31/23 13:33,HMS,Growl,8/14/2021 15:02:37.6,8/14/2021 15:02:43.4,2,NA,NA,NA,NA,NA,NA,NA,NA,2021-08-14,27.79205,-175.819217,Day
F:\PHR\5643\20210814_133735.wav,8/31/23 13:33,HMS,Croak,8/14/2021 15:02:46.9,8/14/2021 15:02:47.1,2,NA,NA,NA,NA,NA,NA,NA,NA,2021-08-14,27.79205,-175.819217,Day
F:\PHR\5643\20210814_133735.wav,8/31/23 13:34,HMS,Growl,8/14/2021 15:04:10.8,8/14/2021 15:04:21.1,2,NA,NA,NA,NA,NA,NA,NA,NA,2021-08-14,27.79205,-175.819217,Day
F:\PHR\5643\20210814_133735.wav,8/31/23 13:34,HMS,Growl,8/14/2021 15:04:22.6,8/14/2021 15:04:23.3,2,NA,NA,NA,NA,NA,NA,NA,NA,2021-08-14,27.79205,-175.819217,Day
F:\PHR\5643\20210814_133735.wav,8/31/23 13:34,HMS,Croak,8/14/2021 15:04:24.1,8/14/2021 15:04:24.3,2,NA,NA,NA,NA,NA,NA,NA,NA,2021-08-14,27.79205,-175.819217,Day
F:\PHR\5643\20210814_133735.wav,8/31/23 13:34,HMS,Growl,8/14/2021 15:04:31.3,8/14/2021 15:04:36.8,2,NA,NA,NA,NA,NA,NA,NA,NA,2021-08-14,27.79205,-175.819217,Day
F:\PHR\5643\20210814_133735.wav,8/31/23 13:34,HMS,Whoop,8/14/2021 15:04:37.1,8/14/2021 15:04:37.9,2,3,NA,NA,NA,NA,NA,NA,NA,2021-08-14,27.79205,-175.819217,Day
F:\PHR\5643\20210814_133735.wav,8/31/23 13:34,HMS,Whoop,8/14/2021 15:04:40.0,8/14/2021 15:04:40.1,2,1,NA,NA,NA,NA,NA,NA,NA,2021-08-14,27.79205,-175.819217,Day
F:\PHR\5643\20210814_133735.wav,8/31/23 13:34,HMS,Croak,8/14/2021 15:04:40.2,8/14/2021 15:04:40.5,3,NA,NA,NA,NA,NA,NA,NA,NA,2021-08-14,27.79205,-175.819217,Day
F:\PHR\5643\20210814_133735.wav,8/31/23 13:35,HMS,Growl,8/14/2021 15:04:41.1,8/14/2021 15:04:42.4,2,NA,NA,NA,NA,NA,NA,NA,NA,2021-08-14,27.79205,-175.819217,Day
F:\PHR\5643\20210814_133735.wav,8/31/23 13:35,HMS,Growl,8/14/2021 15:04:43.1,8/14/2021 15:04:46.7,2,NA,NA,NA,NA,NA,NA,NA,NA,2021-08-14,27.79205,-175.819217,Day
F:\PHR\5643\20210814_133735.wav,8/31/23 13:35,HMS,Growl,8/14/2021 15:04:47.4,8/14/2021 15:04:54.2,2,NA,NA,NA,NA,NA,NA,NA,NA,2021-08-14,27.79205,-175.819217,Day
F:\PHR\5643\20210814_133735.wav,8/31/23 13:35,HMS,Croak,8/14/2021 15:04:58.4,8/14/2021 15:04:58.7,2,NA,NA,NA,NA,NA,NA,NA,NA,2021-08-14,27.79205,-175.819217,Day
F:\PHR\5643\20210814_133735.wav,8/31/23 13:35,HMS,Whoop,8/14/2021 15:04:59.2,8/14/2021 15:04:59.6,1,2,NA,NA,NA,NA,NA,NA,NA,2021-08-14,27.79205,-175.819217,Day
F:\PHR\5643\20210814_133735.wav,8/31/23 13:35,HMS,Croak,8/14/2021 16:00:01.4,8/14/2021 16:00:01.6,2,NA,NA,NA,NA,NA,NA,NA,NA,2021-08-14,27.79205,-175.819217,Day
F:\PHR\5643\20210814_133735.wav,8/31/23 13:35,HMS,Croak,8/14/2021 16:00:04.3,8/14/2021 16:00:04.6,1,NA,NA,NA,NA,NA,NA,NA,NA,2021-08-14,27.79205,-175.819217,Day
F:\PHR\5643\20210814_133735.wav,8/31/23 13:36,HMS,Growl,8/14/2021 16:00:09.9,8/14/2021 16:00:10.6,2,NA,NA,NA,NA,NA,NA,NA,NA,2021-08-14,27.79205,-175.819217,Day
F:\PHR\5643\20210814_133735.wav,8/31/23 13:36,HMS,Growl,8/14/2021 16:00:11.2,8/14/2021 16:00:15.0,2,NA,NA,NA,NA,NA,NA,NA,NA,2021-08-14,27.79205,-175.819217,Day
F:\PHR\5643\20210814_133735.wav,8/31/23 13:36,HMS,Growl,8/14/2021 16:00:16.3,8/14/2021 16:00:19.7,2,NA,NA,NA,NA,NA,NA,NA,NA,2021-08-14,27.79205,-175.819217,Day
F:\PHR\5643\20210814_133735.wav,8/31/23 13:36,HMS,Croak,8/14/2021 16:00:23.9,8/14/2021 16:00:24.1,1,NA,NA,NA,NA,NA,NA,NA,NA,2021-08-14,27.79205,-175.819217,Day
F:\PHR\5643\20210814_133735.wav,8/31/23 13:36,HMS,Growl,8/14/2021 16:00:30.7,8/14/2021 16:00:34.3,2,NA,NA,NA,NA,NA,NA,NA,NA,2021-08-14,27.79205,-175.819217,Day
F:\PHR\5643\20210814_133735.wav,8/31/23 13:36,HMS,Whoop,8/14/2021 16:00:34.7,8/14/2021 16:00:35.6,1,3,NA,NA,NA,NA,NA,NA,NA,2021-08-14,27.79205,-175.819217,Day
F:\PHR\5643\20210814_133735.wav,8/31/23 13:37,HMS,Growl,8/14/2021 16:03:15.8,8/14/2021 16:03:19.5,1,NA,NA,NA,NA,NA,NA,NA,NA,2021-08-14,27.79205,-175.819217,Day
F:\PHR\5643\20210814_133735.wav,8/31/23 13:37,HMS,Croak,8/14/2021 16:03:20.2,8/14/2021 16:03:20.6,1,NA,NA,NA,NA,NA,NA,NA,NA,2021-08-14,27.79205,-175.819217,Day
F:\PHR\5643\20210814_133735.wav,8/31/23 13:37,HMS,Growl,8/14/2021 16:03:22.9,8/14/2021 16:03:26.4,1,NA,NA,NA,NA,NA,NA,NA,NA,2021-08-14,27.79205,-175.819217,Day
F:\PHR\5643\20210814_133735.wav,8/31/23 13:37,HMS,Growl,8/14/2021 16:03:30.6,8/14/2021 16:03:34.2,1,NA,NA,NA,NA,NA,author end - redo of detections,NA,NA,2021-08-14,27.79205,-175.819217,Day
G:\2021\5643\20210814_163734.wav,9/9/24 10:54,HMS,Growl,8/14/2021 17:00:17.5,8/14/2021 17:00:23.7,3,NA,NA,NA,NA,NA,NA,NA,NA,2021-08-14,27.79205,-175.819217,Day
G:\2021\5643\20210814_163734.wav,9/9/24 10:54,HMS,Whoop,8/14/2021 17:00:28.1,8/14/2021 17:00:28.4,2,1,NA,NA,NA,NA,NA,NA,NA,2021-08-14,27.79205,-175.819217,Day
G:\2021\5643\20210814_163734.wav,9/9/24 10:54,HMS,Croak,8/14/2021 17:00:33.9,8/14/2021 17:00:34.2,2,NA,NA,NA,NA,NA,NA,NA,NA,2021-08-14,27.79205,-175.819217,Day
G:\2021\5643\20210814_163734.wav,9/9/24 10:54,HMS,Croak,8/14/2021 17:00:34.6,8/14/2021 17:00:34.8,2,NA,NA,NA,NA,NA,NA,NA,NA,2021-08-14,27.79205,-175.819217,Day
G:\2021\5643\20210814_163734.wav,9/9/24 10:54,HMS,Growl,8/14/2021 17:00:35.4,8/14/2021 17:00:39.1,3,NA,NA,NA,NA,NA,NA,NA,NA,2021-08-14,27.79205,-175.819217,Day
G:\2021\5643\20210814_163734.wav,9/9/24 10:55,HMS,Croak,8/14/2021 17:00:39.6,8/14/2021 17:00:40.0,3,NA,NA,NA,NA,NA,NA,NA,NA,2021-08-14,27.79205,-175.819217,Day
G:\2021\5643\20210814_163734.wav,9/9/24 10:55,HMS,Growl,8/14/2021 17:00:41.1,8/14/2021 17:00:44.5,3,NA,NA,NA,NA,NA,NA,NA,NA,2021-08-14,27.79205,-175.819217,Day
G:\2021\5643\20210814_163734.wav,9/9/24 10:55,HMS,Croak,8/14/2021 17:00:48.2,8/14/2021 17:00:48.5,2,NA,NA,NA,NA,NA,NA,NA,NA,2021-08-14,27.79205,-175.819217,Day
G:\2021\5643\20210814_163734.wav,9/9/24 10:55,HMS,Whoop,8/14/2021 17:00:48.9,8/14/2021 17:00:49.3,1,2,NA,NA,NA,NA,NA,NA,NA,2021-08-14,27.79205,-175.819217,Day
G:\2021\5643\20210814_163734.wav,9/9/24 10:55,HMS,Croak,8/14/2021 17:00:50.4,8/14/2021 17:00:50.9,1,NA,NA,NA,NA,NA,NA,NA,NA,2021-08-14,27.79205,-175.819217,Day
G:\2021\5643\20210814_163734.wav,9/9/24 10:55,HMS,Growl,8/14/2021 17:00:59.2,8/14/2021 17:01:03.0,3,NA,NA,NA,NA,NA,NA,NA,NA,2021-08-14,27.79205,-175.819217,Day
G:\2021\5643\20210814_163734.wav,9/9/24 10:55,HMS,Whoop,8/14/2021 17:01:03.2,8/14/2021 17:01:04.0,2,2,NA,NA,NA,NA,NA,NA,NA,2021-08-14,27.79205,-175.819217,Day
G:\2021\5643\20210814_163734.wav,9/9/24 10:56,HMS,Croak,8/14/2021 17:01:04.5,8/14/2021 17:01:05.1,2,NA,NA,NA,NA,NA,NA,NA,NA,2021-08-14,27.79205,-175.819217,Day
G:\2021\5643\20210814_163734.wav,9/9/24 10:56,HMS,Whoop,8/14/2021 17:01:05.5,8/14/2021 17:01:05.7,1,1,NA,NA,NA,NA,NA,NA,NA,2021-08-14,27.79205,-175.819217,Day
G:\2021\5643\20210814_163734.wav,9/9/24 10:56,HMS,Growl,8/14/2021 17:02:20.0,8/14/2021 17:02:26.0,2,NA,NA,NA,NA,NA,NA,NA,NA,2021-08-14,27.79205,-175.819217,Day
G:\2021\5643\20210814_163734.wav,9/9/24 10:56,HMS,Croak,8/14/2021 17:02:26.4,8/14/2021 17:02:26.8,1,NA,NA,NA,NA,NA,NA,NA,NA,2021-08-14,27.79205,-175.819217,Day
G:\2021\5643\20210814_163734.wav,9/9/24 10:56,HMS,Croak,8/14/2021 17:02:29.4,8/14/2021 17:02:29.8,1,NA,NA,NA,NA,NA,NA,NA,NA,2021-08-14,27.79205,-175.819217,Day
G:\2021\5643\20210814_163734.wav,9/9/24 10:57,HMS,Croak,8/14/2021 17:02:31.9,8/14/2021 17:02:32.3,2,NA,NA,NA,NA,NA,NA,NA,NA,2021-08-14,27.79205,-175.819217,Day
G:\2021\5643\20210814_163734.wav,9/9/24 10:57,HMS,Growl,8/14/2021 17:02:32.7,8/14/2021 17:02:35.7,3,NA,NA,NA,NA,NA,NA,NA,NA,2021-08-14,27.79205,-175.819217,Day
G:\2021\5643\20210814_163734.wav,9/9/24 10:57,HMS,Growl,8/14/2021 17:02:36.9,8/14/2021 17:02:39.7,3,NA,NA,NA,NA,NA,NA,NA,NA,2021-08-14,27.79205,-175.819217,Day
G:\2021\5643\20210814_163734.wav,9/9/24 10:57,HMS,Whoop,8/14/2021 17:02:40.4,8/14/2021 17:02:40.8,1,2,NA,NA,NA,NA,NA,NA,NA,2021-08-14,27.79205,-175.819217,Day
G:\2021\5643\20210814_163734.wav,9/9/24 10:57,HMS,Croak,8/14/2021 17:02:45.4,8/14/2021 17:02:46.0,1,NA,NA,NA,NA,NA,NA,NA,NA,2021-08-14,27.79205,-175.819217,Day
G:\2021\5643\20210814_163734.wav,9/9/24 10:57,HMS,Whoop,8/14/2021 17:02:48.7,8/14/2021 17:02:49.6,1,2,NA,NA,NA,NA,NA,NA,NA,2021-08-14,27.79205,-175.819217,Day
G:\2021\5643\20210814_163734.wav,9/9/24 10:58,HMS,Moan,8/14/2021 17:02:50.4,8/14/2021 17:02:51.6,3,NA,NA,NA,NA,NA,NA,NA,NA,2021-08-14,27.79205,-175.819217,Day
G:\2021\5643\20210814_163734.wav,9/9/24 10:58,HMS,MoanGrowlRumble,8/14/2021 17:02:52.0,8/14/2021 17:02:55.8,3,NA,NA,NA,NA,NA,NA,NA,NA,2021-08-14,27.79205,-175.819217,Day
G:\2021\5643\20210814_163734.wav,9/9/24 10:59,HMS,Growl,8/14/2021 18:00:02.1,8/14/2021 18:00:06.8,1,NA,NA,NA,NA,NA,NA,NA,NA,2021-08-14,27.79205,-175.819217,Day
G:\2021\5643\20210814_163734.wav,9/9/24 10:59,HMS,MoanGrowl,8/14/2021 18:00:11.8,8/14/2021 18:00:15.8,1,NA,NA,NA,NA,NA,NA,NA,NA,2021-08-14,27.79205,-175.819217,Day
G:\2021\5643\20210814_163734.wav,9/9/24 10:59,HMS,Growl,8/14/2021 18:01:51.8,8/14/2021 18:01:59.6,1,NA,NA,NA,NA,NA,NA,NA,NA,2021-08-14,27.79205,-175.819217,Day
G:\2021\5643\20210814_163734.wav,9/9/24 10:59,HMS,Growl,8/14/2021 18:02:04.0,8/14/2021 18:02:07.1,1,NA,NA,NA,NA,NA,NA,NA,NA,2021-08-14,27.79205,-175.819217,Day
G:\2021\5643\20210814_163734.wav,9/9/24 10:59,HMS,Growl,8/14/2021 18:02:07.7,8/14/2021 18:02:10.2,1,NA,NA,NA,NA,NA,NA,NA,NA,2021-08-14,27.79205,-175.819217,Day
G:\2021\5643\20210814_163734.wav,9/9/24 10:59,HMS,Croak,8/14/2021 18:02:19.3,8/14/2021 18:02:19.8,1,NA,NA,NA,NA,NA,NA,NA,NA,2021-08-14,27.79205,-175.819217,Day
G:\2021\5643\20210814_163734.wav,9/9/24 10:59,HMS,Growl,8/14/2021 18:02:20.4,8/14/2021 18:02:24.9,1,NA,NA,NA,NA,NA,NA,NA,NA,2021-08-14,27.79205,-175.819217,Day
G:\2021\5643\20210814_163734.wav,9/9/24 10:59,HMS,Growl,8/14/2021 18:02:26.0,8/14/2021 18:02:30.8,1,NA,NA,NA,NA,NA,NA,NA,NA,2021-08-14,27.79205,-175.819217,Day
G:\2021\5643\20210814_163734.wav,9/9/24 11:00,HMS,Growl,8/14/2021 18:02:32.3,8/14/2021 18:02:38.9,2,NA,NA,NA,NA,NA,NA,NA,NA,2021-08-14,27.79205,-175.819217,Day
G:\2021\5643\20210814_163734.wav,9/9/24 11:00,HMS,Whoop,8/14/2021 18:02:39.5,8/14/2021 18:02:39.8,3,1,NA,NA,NA,NA,NA,NA,NA,2021-08-14,27.79205,-175.819217,Day
G:\2021\5643\20210814_163734.wav,9/9/24 11:00,HMS,Croak,8/14/2021 18:02:42.7,8/14/2021 18:02:42.9,1,NA,NA,NA,NA,NA,NA,NA,NA,2021-08-14,27.79205,-175.819217,Day
G:\2021\5643\20210814_163734.wav,9/9/24 11:00,HMS,Whoop,8/14/2021 18:02:48.7,8/14/2021 18:02:49.3,2,2,NA,NA,NA,NA,NA,NA,NA,2021-08-14,27.79205,-175.819217,Day
G:\2021\5643\20210814_163734.wav,9/9/24 11:01,HMS,Croak,8/14/2021 18:02:49.5,8/14/2021 18:02:49.8,3,NA,NA,NA,NA,NA,NA,NA,NA,2021-08-14,27.79205,-175.819217,Day
G:\2021\5643\20210814_163734.wav,9/9/24 11:01,HMS,Whoop,8/14/2021 18:02:50.4,8/14/2021 18:02:51.0,2,3,NA,NA,NA,NA,NA,NA,NA,2021-08-14,27.79205,-175.819217,Day
G:\2021\5643\20210814_163734.wav,9/9/24 11:01,HMS,Croak,8/14/2021 18:02:51.0,8/14/2021 18:02:51.4,3,NA,NA,NA,NA,NA,NA,NA,NA,2021-08-14,27.79205,-175.819217,Day
G:\2021\5643\20210814_163734.wav,9/9/24 11:01,HMS,Whoop,8/14/2021 18:02:52.1,8/14/2021 18:02:52.9,1,4,NA,NA,NA,NA,NA,NA,NA,2021-08-14,27.79205,-175.819217,Day
G:\2021\5643\20210814_163734.wav,9/9/24 11:01,HMS,Croak,8/14/2021 18:02:53.1,8/14/2021 18:02:53.7,3,NA,NA,NA,NA,NA,NA,NA,NA,2021-08-14,27.79205,-175.819217,Day
G:\2021\5643\20210814_163734.wav,9/9/24 11:01,HMS,Growl,8/14/2021 18:02:54.1,8/14/2021 18:02:57.1,3,NA,NA,NA,NA,NA,NA,NA,NA,2021-08-14,27.79205,-175.819217,Day
G:\2021\5643\20210814_163734.wav,9/9/24 11:02,HMS,Growl,8/14/2021 18:02:58.1,8/14/2021 18:03:01.6,3,NA,NA,NA,NA,NA,NA,NA,NA,2021-08-14,27.79205,-175.819217,Day
G:\2021\5643\20210814_163734.wav,9/9/24 11:02,HMS,Croak,8/14/2021 18:03:05.9,8/14/2021 18:03:06.3,2,NA,NA,NA,NA,NA,NA,NA,NA,2021-08-14,27.79205,-175.819217,Day
G:\2021\5643\20210814_163734.wav,9/9/24 11:02,HMS,Whoop,8/14/2021 18:03:06.8,8/14/2021 18:03:07.3,1,2,NA,NA,NA,NA,NA,NA,NA,2021-08-14,27.79205,-175.819217,Day
G:\2021\5643\20210814_163734.wav,9/9/24 11:02,HMS,Croak,8/14/2021 18:03:09.6,8/14/2021 18:03:09.9,2,NA,NA,NA,NA,NA,NA,NA,NA,2021-08-14,27.79205,-175.819217,Day
G:\2021\5643\20210814_163734.wav,9/9/24 11:02,HMS,GrowlRumble,8/14/2021 18:03:18.3,8/14/2021 18:03:22.1,3,NA,NA,NA,NA,NA,NA,NA,NA,2021-08-14,27.79205,-175.819217,Day
G:\2021\5643\20210814_163734.wav,9/9/24 11:02,HMS,Whoop,8/14/2021 18:03:22.3,8/14/2021 18:03:23.0,1,2,NA,NA,NA,NA,NA,NA,NA,2021-08-14,27.79205,-175.819217,Day
G:\2021\5643\20210814_163734.wav,9/9/24 11:02,HMS,Growl,8/14/2021 18:03:30.1,8/14/2021 18:03:32.7,1,NA,NA,NA,NA,NA,NA,NA,NA,2021-08-14,27.79205,-175.819217,Day
G:\2021\5643\20210814_163734.wav,9/9/24 11:03,HMS,Croak,8/14/2021 18:03:33.1,8/14/2021 18:03:33.7,1,NA,NA,NA,NA,NA,NA,NA,NA,2021-08-14,27.79205,-175.819217,Day
G:\2021\5643\20210814_163734.wav,9/9/24 11:03,HMS,Growl,8/14/2021 18:03:35.9,8/14/2021 18:03:40.8,1,NA,NA,NA,NA,NA,overlapping growls,NA,NA,2021-08-14,27.79205,-175.819217,Day
G:\2021\5643\20210814_163734.wav,9/9/24 11:03,HMS,Growl,8/14/2021 18:03:39.2,8/14/2021 18:03:43.2,1,NA,NA,NA,NA,NA,overlapping growls,NA,NA,2021-08-14,27.79205,-175.819217,Day
G:\2021\5643\20210814_163734.wav,9/9/24 11:03,HMS,Whoop,8/14/2021 18:03:43.5,8/14/2021 18:03:44.0,1,2,NA,NA,NA,NA,NA,NA,NA,2021-08-14,27.79205,-175.819217,Day
G:\2021\5643\20210814_163734.wav,9/9/24 11:03,HMS,Croak,8/14/2021 18:03:44.6,8/14/2021 18:03:45.2,1,NA,NA,NA,NA,NA,NA,NA,NA,2021-08-14,27.79205,-175.819217,Day
G:\2021\5643\20210814_163734.wav,9/9/24 11:03,HMS,Growl,8/14/2021 18:03:45.9,8/14/2021 18:03:50.5,1,NA,NA,NA,NA,NA,NA,NA,NA,2021-08-14,27.79205,-175.819217,Day
G:\2021\5643\20210814_163734.wav,9/9/24 11:03,HMS,Growl,8/14/2021 18:03:51.6,8/14/2021 18:03:55.3,1,NA,NA,NA,NA,NA,NA,NA,NA,2021-08-14,27.79205,-175.819217,Day
G:\2021\5643\20210814_163734.wav,9/9/24 11:04,HMS,Growl,8/14/2021 19:00:49.5,8/14/2021 19:00:55.8,2,NA,NA,NA,NA,NA,NA,NA,NA,2021-08-14,27.79205,-175.819217,Day
G:\2021\5643\20210814_163734.wav,9/9/24 11:04,HMS,Croak,8/14/2021 19:00:56.3,8/14/2021 19:00:56.7,2,NA,NA,NA,NA,NA,NA,NA,NA,2021-08-14,27.79205,-175.819217,Day
G:\2021\5643\20210814_163734.wav,9/9/24 11:04,HMS,Whoop,8/14/2021 19:00:57.4,8/14/2021 19:00:57.9,1,2,NA,NA,NA,NA,NA,NA,NA,2021-08-14,27.79205,-175.819217,Day
G:\2021\5643\20210814_163734.wav,9/9/24 11:05,HMS,Growl,8/14/2021 19:00:58.9,8/14/2021 19:01:01.1,3,NA,NA,NA,NA,NA,NA,NA,NA,2021-08-14,27.79205,-175.819217,Day
G:\2021\5643\20210814_163734.wav,9/9/24 11:05,HMS,Whoop,8/14/2021 19:01:01.6,8/14/2021 19:01:02.6,2,4,NA,NA,NA,NA,NA,NA,NA,2021-08-14,27.79205,-175.819217,Day
G:\2021\5643\20210814_163734.wav,9/9/24 11:05,HMS,Whoop,8/14/2021 19:01:05.1,8/14/2021 19:01:05.3,1,1,NA,NA,NA,NA,NA,NA,NA,2021-08-14,27.79205,-175.819217,Day
G:\2021\5643\20210814_163734.wav,9/9/24 11:05,HMS,MoanBridgeGrowl,8/14/2021 19:01:07.0,8/14/2021 19:01:09.9,3,NA,NA,NA,NA,NA,NA,NA,NA,2021-08-14,27.79205,-175.819217,Day
G:\2021\5643\20210814_163734.wav,9/9/24 11:05,HMS,MoanGrowl,8/14/2021 19:01:11.1,8/14/2021 19:01:12.5,2,NA,NA,NA,NA,NA,NA,NA,NA,2021-08-14,27.79205,-175.819217,Day
G:\2021\5643\20210814_163734.wav,9/9/24 11:06,HMS,Croak,8/14/2021 19:01:16.4,8/14/2021 19:01:16.8,1,NA,NA,NA,NA,NA,NA,NA,NA,2021-08-14,27.79205,-175.819217,Day
G:\2021\5643\20210814_163734.wav,9/9/24 11:06,HMS,Growl,8/14/2021 19:03:31.4,8/14/2021 19:03:38.7,3,NA,NA,NA,NA,NA,NA,NA,NA,2021-08-14,27.79205,-175.819217,Day
G:\2021\5643\20210814_163734.wav,9/9/24 11:06,HMS,Growl,8/14/2021 19:03:39.0,8/14/2021 19:03:42.9,3,NA,NA,NA,NA,NA,NA,NA,NA,2021-08-14,27.79205,-175.819217,Day
G:\2021\5643\20210814_163734.wav,9/9/24 11:06,HMS,Croak,8/14/2021 19:03:43.9,8/14/2021 19:03:44.3,2,NA,NA,NA,NA,NA,NA,NA,NA,2021-08-14,27.79205,-175.819217,Day
G:\2021\5643\20210814_163734.wav,9/9/24 11:07,HMS,Croak,8/14/2021 19:03:47.6,8/14/2021 19:03:47.9,2,NA,NA,NA,NA,NA,NA,NA,NA,2021-08-14,27.79205,-175.819217,Day
G:\2021\5643\20210814_163734.wav,9/9/24 11:07,HMS,Growl,8/14/2021 19:03:49.1,8/14/2021 19:03:52.5,2,NA,NA,NA,NA,NA,NA,NA,NA,2021-08-14,27.79205,-175.819217,Day
G:\2021\5643\20210814_163734.wav,9/9/24 11:07,HMS,Whoop,8/14/2021 19:03:53.7,8/14/2021 19:03:54.2,1,2,NA,NA,NA,NA,NA,NA,NA,2021-08-14,27.79205,-175.819217,Day
G:\2021\5643\20210814_163734.wav,9/9/24 11:07,HMS,Croak,8/14/2021 19:03:58.2,8/14/2021 19:03:58.4,2,NA,NA,NA,NA,NA,NA,NA,NA,2021-08-14,27.79205,-175.819217,Day
G:\2021\5643\20210814_163734.wav,9/9/24 11:07,HMS,Growl,8/14/2021 19:04:06.4,8/14/2021 19:04:07.7,2,NA,NA,NA,NA,NA,NA,NA,NA,2021-08-14,27.79205,-175.819217,Day
G:\2021\5643\20210814_163734.wav,9/9/24 11:08,HMS,Croak,8/14/2021 19:04:08.2,8/14/2021 19:04:08.9,3,NA,NA,NA,NA,NA,NA,NA,NA,2021-08-14,27.79205,-175.819217,Day
G:\2021\5643\20210814_163734.wav,9/9/24 11:08,HMS,Growl,8/14/2021 19:04:10.8,8/14/2021 19:04:14.1,3,NA,NA,NA,NA,NA,NA,NA,NA,2021-08-14,27.79205,-175.819217,Day
G:\2021\5643\20210814_163734.wav,9/9/24 11:08,HMS,Whoop,8/14/2021 19:04:14.4,8/14/2021 19:04:14.8,2,2,NA,NA,NA,NA,NA,NA,NA,2021-08-14,27.79205,-175.819217,Day
G:\2021\5643\20210814_163734.wav,9/9/24 11:08,HMS,Croak,8/14/2021 19:04:16.0,8/14/2021 19:04:16.4,2,NA,NA,NA,NA,NA,NA,NA,NA,2021-08-14,27.79205,-175.819217,Day
G:\2021\5643\20210814_163734.wav,9/9/24 11:08,HMS,Growl,8/14/2021 19:04:18.3,8/14/2021 19:04:21.7,2,NA,NA,NA,NA,NA,NA,NA,NA,2021-08-14,27.79205,-175.819217,Day
G:\2021\5643\20210814_163734.wav,9/9/24 11:08,HMS,Croak,8/14/2021 19:04:25.0,8/14/2021 19:04:25.4,2,NA,NA,NA,NA,NA,NA,NA,NA,2021-08-14,27.79205,-175.819217,Day
G:\2021\5643\20210814_163734.wav,9/9/24 11:08,HMS,Whoop,8/14/2021 19:04:26.2,8/14/2021 19:04:26.5,1,1,NA,NA,NA,NA,NA,NA,NA,2021-08-14,27.79205,-175.819217,Day
G:\2021\5643\20210814_193733.wav,9/9/24 11:09,HMS,Growl,8/14/2021 20:00:07.2,8/14/2021 20:00:14.6,2,NA,NA,NA,NA,NA,NA,NA,NA,2021-08-14,27.79205,-175.819217,Day
G:\2021\5643\20210814_193733.wav,9/9/24 11:09,HMS,Croak,8/14/2021 20:00:18.3,8/14/2021 20:00:18.8,2,NA,NA,NA,NA,NA,NA,NA,NA,2021-08-14,27.79205,-175.819217,Day
G:\2021\5643\20210814_193733.wav,9/9/24 11:09,HMS,Whoop,8/14/2021 20:00:19.7,8/14/2021 20:00:20.1,1,1,NA,NA,NA,NA,NA,NA,NA,2021-08-14,27.79205,-175.819217,Day
G:\2021\5643\20210814_193733.wav,9/9/24 11:09,HMS,Croak,8/14/2021 20:00:27.3,8/14/2021 20:00:27.6,2,NA,NA,NA,NA,NA,NA,NA,NA,2021-08-14,27.79205,-175.819217,Day
G:\2021\5643\20210814_193733.wav,9/9/24 11:09,HMS,Croak,8/14/2021 20:00:27.9,8/14/2021 20:00:28.1,2,NA,NA,NA,NA,NA,NA,NA,NA,2021-08-14,27.79205,-175.819217,Day
G:\2021\5643\20210814_193733.wav,9/9/24 11:10,HMS,Growl,8/14/2021 20:00:28.9,8/14/2021 20:00:31.8,2,NA,NA,NA,NA,NA,NA,NA,NA,2021-08-14,27.79205,-175.819217,Day
G:\2021\5643\20210814_193733.wav,9/9/24 11:10,HMS,Whoop,8/14/2021 20:00:31.9,8/14/2021 20:00:32.4,2,2,NA,NA,NA,NA,NA,NA,NA,2021-08-14,27.79205,-175.819217,Day
G:\2021\5643\20210814_193733.wav,9/9/24 11:10,HMS,Croak,8/14/2021 20:00:33.4,8/14/2021 20:00:33.9,2,NA,NA,NA,NA,NA,NA,NA,NA,2021-08-14,27.79205,-175.819217,Day
G:\2021\5643\20210814_193733.wav,9/9/24 11:10,HMS,Growl,8/14/2021 20:00:35.6,8/14/2021 20:00:39.0,3,NA,NA,NA,NA,NA,NA,NA,NA,2021-08-14,27.79205,-175.819217,Day
G:\2021\5643\20210814_193733.wav,9/9/24 11:10,HMS,Whoop,8/14/2021 20:00:39.8,8/14/2021 20:00:40.0,2,1,NA,NA,NA,NA,NA,NA,NA,2021-08-14,27.79205,-175.819217,Day
G:\2021\5643\20210814_193733.wav,9/9/24 11:10,HMS,Croak,8/14/2021 20:00:40.1,8/14/2021 20:00:40.5,3,NA,NA,NA,NA,NA,NA,NA,NA,2021-08-14,27.79205,-175.819217,Day
G:\2021\5643\20210814_193733.wav,9/9/24 11:10,HMS,Whoop,8/14/2021 20:00:41.7,8/14/2021 20:00:41.9,1,1,NA,NA,NA,NA,NA,NA,NA,2021-08-14,27.79205,-175.819217,Day
G:\2021\5643\20210814_193733.wav,9/9/24 11:10,HMS,Whoop,8/14/2021 20:00:48.0,8/14/2021 20:00:48.3,1,1,NA,NA,NA,NA,NA,NA,NA,2021-08-14,27.79205,-175.819217,Day
G:\2021\5643\20210814_193733.wav,9/9/24 11:11,HMS,Croak,8/14/2021 20:00:48.8,8/14/2021 20:00:49.4,3,NA,NA,NA,NA,NA,NA,NA,NA,2021-08-14,27.79205,-175.819217,Day
G:\2021\5643\20210814_193733.wav,9/9/24 11:11,HMS,Growl,8/14/2021 20:00:49.9,8/14/2021 20:00:53.1,3,NA,NA,NA,NA,NA,NA,NA,NA,2021-08-14,27.79205,-175.819217,Day
G:\2021\5643\20210814_193733.wav,9/9/24 11:41,HMS,Whoop,8/14/2021 20:00:53.5,8/14/2021 20:00:54.1,1,2,NA,NA,NA,NA,NA,NA,NA,2021-08-14,27.79205,-175.819217,Day
G:\2021\5643\20210814_193733.wav,9/9/24 11:41,HMS,Growl,8/14/2021 20:02:21.3,8/14/2021 20:02:27.4,2,NA,NA,NA,NA,NA,NA,NA,NA,2021-08-14,27.79205,-175.819217,Day
G:\2021\5643\20210814_193733.wav,9/9/24 11:41,HMS,Croak,8/14/2021 20:02:30.2,8/14/2021 20:02:30.9,2,NA,NA,NA,NA,NA,NA,NA,NA,2021-08-14,27.79205,-175.819217,Day
G:\2021\5643\20210814_193733.wav,9/9/24 11:42,HMS,Whoop,8/14/2021 20:02:31.9,8/14/2021 20:02:32.2,1,1,NA,NA,NA,NA,NA,NA,NA,2021-08-14,27.79205,-175.819217,Day
G:\2021\5643\20210814_193733.wav,9/9/24 11:42,HMS,Growl,8/14/2021 20:02:40.5,8/14/2021 20:02:45.1,2,NA,NA,NA,NA,NA,NA,NA,NA,2021-08-14,27.79205,-175.819217,Day
G:\2021\5643\20210814_193733.wav,9/9/24 11:43,HMS,Whoop,8/14/2021 20:02:45.3,8/14/2021 20:02:46.0,2,2,NA,NA,NA,NA,NA,NA,NA,2021-08-14,27.79205,-175.819217,Day
G:\2021\5643\20210814_193733.wav,9/9/24 11:43,HMS,Croak,8/14/2021 20:02:46.8,8/14/2021 20:02:47.3,3,NA,NA,NA,NA,NA,NA,NA,NA,2021-08-14,27.79205,-175.819217,Day
G:\2021\5643\20210814_193733.wav,9/9/24 11:43,HMS,Growl,8/14/2021 20:02:47.7,8/14/2021 20:02:51.1,2,NA,NA,NA,NA,NA,NA,NA,NA,2021-08-14,27.79205,-175.819217,Day
G:\2021\5643\20210814_193733.wav,9/9/24 11:43,HMS,Whoop,8/14/2021 20:02:51.5,8/14/2021 20:02:51.7,1,1,NA,NA,NA,NA,NA,NA,NA,2021-08-14,27.79205,-175.819217,Day
G:\2021\5643\20210814_193733.wav,9/9/24 11:43,HMS,Croak,8/14/2021 20:02:55.5,8/14/2021 20:02:55.9,1,NA,NA,NA,NA,NA,NA,NA,NA,2021-08-14,27.79205,-175.819217,Day
G:\2021\5643\20210814_193733.wav,9/9/24 11:43,HMS,Whoop,8/14/2021 20:02:57.4,8/14/2021 20:02:58.2,1,2,NA,NA,NA,NA,NA,NA,NA,2021-08-14,27.79205,-175.819217,Day
G:\2021\5643\20210814_193733.wav,9/9/24 11:44,HMS,Growl,8/14/2021 21:00:08.0,8/14/2021 21:00:12.9,1,NA,NA,NA,NA,NA,NA,NA,NA,2021-08-14,27.79205,-175.819217,Night
G:\2021\5643\20210814_193733.wav,9/9/24 11:44,HMS,Growl,8/14/2021 21:00:16.9,8/14/2021 21:00:20.4,1,NA,NA,NA,NA,NA,NA,NA,NA,2021-08-14,27.79205,-175.819217,Night
G:\2021\5643\20210814_193733.wav,9/9/24 11:44,HMS,Moan,8/14/2021 21:00:52.0,8/14/2021 21:00:53.7,1,NA,NA,NA,NA,NA,NA,NA,NA,2021-08-14,27.79205,-175.819217,Night
G:\2021\5643\20210814_193733.wav,9/9/24 11:44,HMS,MoanWhoop,8/14/2021 21:00:53.8,8/14/2021 21:00:56.5,1,NA,NA,NA,NA,NA,NA,NA,NA,2021-08-14,27.79205,-175.819217,Night
G:\2021\5643\20210814_193733.wav,9/9/24 11:45,HMS,GrowlRumble,8/14/2021 21:01:09.5,8/14/2021 21:01:17.7,2,NA,NA,NA,NA,NA,NA,NA,NA,2021-08-14,27.79205,-175.819217,Night
G:\2021\5643\20210814_193733.wav,9/9/24 11:45,HMS,Growl,8/14/2021 21:01:17.9,8/14/2021 21:01:22.0,2,NA,NA,NA,NA,NA,NA,NA,NA,2021-08-14,27.79205,-175.819217,Night
G:\2021\5643\20210814_193733.wav,9/9/24 11:45,HMS,Croak,8/14/2021 21:01:22.8,8/14/2021 21:01:23.1,1,NA,NA,NA,NA,NA,NA,NA,NA,2021-08-14,27.79205,-175.819217,Night
G:\2021\5643\20210814_193733.wav,9/9/24 11:45,HMS,Croak,8/14/2021 21:01:27.3,8/14/2021 21:01:28.2,2,NA,NA,NA,NA,NA,NA,NA,NA,2021-08-14,27.79205,-175.819217,Night
G:\2021\5643\20210814_193733.wav,9/9/24 11:46,HMS,Croak,8/14/2021 21:01:38.6,8/14/2021 21:01:39.1,2,NA,NA,NA,NA,NA,NA,NA,NA,2021-08-14,27.79205,-175.819217,Night
G:\2021\5643\20210814_193733.wav,9/9/24 11:46,HMS,Growl,8/14/2021 21:01:39.5,8/14/2021 21:01:42.5,3,NA,NA,NA,NA,NA,NA,NA,NA,2021-08-14,27.79205,-175.819217,Night
G:\2021\5643\20210814_193733.wav,9/9/24 11:46,HMS,Whoop,8/14/2021 21:01:42.9,8/14/2021 21:01:43.4,1,2,NA,NA,NA,NA,NA,NA,NA,2021-08-14,27.79205,-175.819217,Night
G:\2021\5643\20210814_193733.wav,9/9/24 11:46,HMS,Croak,8/14/2021 21:01:45.0,8/14/2021 21:01:45.3,1,NA,NA,NA,NA,NA,NA,NA,NA,2021-08-14,27.79205,-175.819217,Night
G:\2021\5643\20210814_193733.wav,9/9/24 11:47,HMS,Growl,8/14/2021 21:01:46.9,8/14/2021 21:01:50.4,2,NA,NA,NA,NA,NA,NA,NA,NA,2021-08-14,27.79205,-175.819217,Night
G:\2021\5643\20210814_193733.wav,9/9/24 11:47,HMS,Whoop,8/14/2021 21:01:52.5,8/14/2021 21:01:53.2,1,2,NA,NA,NA,NA,NA,NA,NA,2021-08-14,27.79205,-175.819217,Night
G:\2021\5643\20210814_193733.wav,9/9/24 11:47,HMS,Croak,8/14/2021 21:01:53.5,8/14/2021 21:01:53.8,2,NA,NA,NA,NA,NA,NA,NA,NA,2021-08-14,27.79205,-175.819217,Night
G:\2021\5643\20210814_193733.wav,9/9/24 11:47,HMS,Whoop,8/14/2021 21:01:54.5,8/14/2021 21:01:54.7,1,1,NA,NA,NA,NA,NA,NA,NA,2021-08-14,27.79205,-175.819217,Night
G:\2021\5643\20210814_193733.wav,9/9/24 11:47,HMS,Growl,8/14/2021 21:03:08.1,8/14/2021 21:03:12.3,1,NA,NA,NA,NA,NA,"far away seal, maybe two",NA,NA,2021-08-14,27.79205,-175.819217,Night
G:\2021\5643\20210814_193733.wav,9/9/24 11:47,HMS,Growl,8/14/2021 21:03:18.8,8/14/2021 21:03:25.1,2,NA,NA,NA,NA,NA,NA,NA,NA,2021-08-14,27.79205,-175.819217,Night
G:\2021\5643\20210814_193733.wav,9/9/24 11:47,HMS,Croak,8/14/2021 21:03:28.2,8/14/2021 21:03:29.0,2,NA,NA,NA,NA,NA,NA,NA,NA,2021-08-14,27.79205,-175.819217,Night
G:\2021\5643\20210814_193733.wav,9/9/24 11:48,HMS,Growl,8/14/2021 21:03:39.0,8/14/2021 21:03:43.3,2,NA,NA,NA,NA,NA,NA,NA,NA,2021-08-14,27.79205,-175.819217,Night
G:\2021\5643\20210814_193733.wav,9/9/24 11:48,HMS,Whoop,8/14/2021 21:03:43.6,8/14/2021 21:03:44.2,1,2,NA,NA,NA,NA,NA,NA,NA,2021-08-14,27.79205,-175.819217,Night
G:\2021\5643\20210814_193733.wav,9/9/24 11:48,HMS,Croak,8/14/2021 21:03:45.1,8/14/2021 21:03:45.4,2,NA,NA,NA,NA,NA,NA,NA,NA,2021-08-14,27.79205,-175.819217,Night
G:\2021\5643\20210814_193733.wav,9/9/24 11:48,HMS,Whoop,8/14/2021 21:03:46.0,8/14/2021 21:03:46.3,1,1,NA,NA,NA,NA,NA,NA,NA,2021-08-14,27.79205,-175.819217,Night
G:\2021\5643\20210814_193733.wav,9/9/24 11:48,HMS,Growl,8/14/2021 21:03:57.0,8/14/2021 21:03:58.4,2,NA,NA,NA,NA,NA,NA,NA,NA,2021-08-14,27.79205,-175.819217,Night
G:\2021\5643\20210814_193733.wav,9/9/24 11:48,HMS,Croak,8/14/2021 21:03:58.7,8/14/2021 21:03:59.3,1,NA,NA,NA,NA,NA,NA,NA,NA,2021-08-14,27.79205,-175.819217,Night
G:\2021\5643\20210814_193733.wav,9/9/24 11:48,HMS,Growl,8/14/2021 21:04:01.7,8/14/2021 21:04:05.2,2,NA,NA,NA,NA,NA,NA,NA,NA,2021-08-14,27.79205,-175.819217,Night
G:\2021\5643\20210814_193733.wav,9/9/24 11:48,HMS,Whoop,8/14/2021 21:04:05.4,8/14/2021 21:04:05.6,1,1,NA,NA,NA,NA,NA,NA,NA,2021-08-14,27.79205,-175.819217,Night
G:\2021\5643\20210814_193733.wav,9/9/24 11:49,HMS,Growl,8/14/2021 22:01:41.4,8/14/2021 22:01:48.3,2,NA,NA,NA,NA,NA,NA,NA,NA,2021-08-14,27.79205,-175.819217,Night
G:\2021\5643\20210814_193733.wav,9/9/24 11:49,HMS,Croak,8/14/2021 22:01:48.6,8/14/2021 22:01:48.9,2,NA,NA,NA,NA,NA,NA,NA,NA,2021-08-14,27.79205,-175.819217,Night
G:\2021\5643\20210814_193733.wav,9/9/24 11:49,HMS,Growl,8/14/2021 22:01:51.4,8/14/2021 22:01:54.4,3,NA,NA,NA,NA,NA,NA,NA,NA,2021-08-14,27.79205,-175.819217,Night
G:\2021\5643\20210814_193733.wav,9/9/24 11:49,HMS,Whoop,8/14/2021 22:01:55.8,8/14/2021 22:01:56.6,1,3,NA,NA,NA,NA,NA,NA,NA,2021-08-14,27.79205,-175.819217,Night
G:\2021\5643\20210814_193733.wav,9/9/24 11:49,HMS,Croak,8/14/2021 22:02:01.6,8/14/2021 22:02:02.2,2,NA,NA,NA,NA,NA,NA,NA,NA,2021-08-14,27.79205,-175.819217,Night
G:\2021\5643\20210814_193733.wav,9/9/24 11:50,HMS,Croak,8/14/2021 22:02:02.6,8/14/2021 22:02:03.0,1,NA,NA,NA,NA,NA,NA,NA,NA,2021-08-14,27.79205,-175.819217,Night
G:\2021\5643\20210814_193733.wav,9/9/24 11:50,HMS,Growl,8/14/2021 22:02:05.1,8/14/2021 22:02:09.1,2,NA,NA,NA,NA,NA,NA,NA,NA,2021-08-14,27.79205,-175.819217,Night
G:\2021\5643\20210814_193733.wav,9/9/24 11:50,HMS,Whoop,8/14/2021 22:02:09.5,8/14/2021 22:02:10.0,1,2,NA,NA,NA,NA,NA,NA,NA,2021-08-14,27.79205,-175.819217,Night
G:\2021\5643\20210814_193733.wav,9/9/24 11:50,HMS,Croak,8/14/2021 22:02:11.8,8/14/2021 22:02:12.2,2,NA,NA,NA,NA,NA,NA,NA,NA,2021-08-14,27.79205,-175.819217,Night
G:\2021\5643\20210814_193733.wav,9/9/24 11:50,HMS,Growl,8/14/2021 22:02:13.9,8/14/2021 22:02:17.5,2,NA,NA,NA,NA,NA,NA,NA,NA,2021-08-14,27.79205,-175.819217,Night
G:\2021\5643\20210814_193733.wav,9/9/24 11:50,HMS,Whoop,8/14/2021 22:02:18.0,8/14/2021 22:02:18.3,1,1,NA,NA,NA,NA,NA,NA,NA,2021-08-14,27.79205,-175.819217,Night
G:\2021\5643\20210814_193733.wav,9/9/24 11:50,HMS,Croak,8/14/2021 22:02:20.1,8/14/2021 22:02:20.6,1,NA,NA,NA,NA,NA,NA,NA,NA,2021-08-14,27.79205,-175.819217,Night
G:\2021\5643\20210814_223733.wav,9/9/24 11:51,HMS,Growl,8/14/2021 23:00:48.4,8/14/2021 23:00:51.5,1,NA,NA,NA,NA,NA,NA,NA,NA,2021-08-14,27.79205,-175.819217,Night
G:\2021\5643\20210814_223733.wav,9/9/24 11:51,HMS,Growl,8/14/2021 23:00:56.5,8/14/2021 23:01:01.1,1,NA,NA,NA,NA,NA,NA,NA,NA,2021-08-14,27.79205,-175.819217,Night
G:\2021\5643\20210814_223733.wav,9/9/24 11:51,HMS,Growl,8/14/2021 23:01:07.3,8/14/2021 23:01:10.8,1,NA,NA,NA,NA,NA,NA,NA,NA,2021-08-14,27.79205,-175.819217,Night
G:\2021\5643\20210814_223733.wav,9/9/24 11:51,HMS,Growl,8/14/2021 23:01:12.1,8/14/2021 23:01:14.8,1,NA,NA,NA,NA,NA,NA,NA,NA,2021-08-14,27.79205,-175.819217,Night
G:\2021\5643\20210814_223733.wav,9/9/24 13:11,HMS,Croak,8/14/2021 23:04:25.9,8/14/2021 23:04:26.4,1,NA,NA,NA,NA,NA,NA,NA,NA,2021-08-14,27.79205,-175.819217,Night
G:\2021\5643\20210814_223733.wav,9/9/24 13:11,HMS,Growl,8/14/2021 23:04:26.9,8/14/2021 23:04:32.6,1,NA,NA,NA,NA,NA,NA,NA,NA,2021-08-14,27.79205,-175.819217,Night
G:\2021\5643\20210814_223733.wav,9/9/24 13:11,HMS,Croak,8/14/2021 23:04:39.9,8/14/2021 23:04:40.3,1,NA,NA,NA,NA,NA,NA,NA,NA,2021-08-14,27.79205,-175.819217,Night
G:\2021\5643\20210814_223733.wav,9/9/24 13:11,HMS,Growl,8/14/2021 23:04:41.0,8/14/2021 23:04:45.1,1,NA,NA,NA,NA,NA,NA,NA,NA,2021-08-14,27.79205,-175.819217,Night
C:\Users\mmrph\Desktop\author's Interns\PHR_wavfiles\WAVfiles\210816\20210815_223726.wav,1/17/23 13:36,HMS,Croak,8/16/2021 0:00:45.9,8/16/2021 0:00:46.2,1,NA,NA,NA,NA,NA,NA,NA,NA,2021-08-16,27.79205,-175.819217,Night
C:\Users\mmrph\Desktop\author's Interns\PHR_wavfiles\WAVfiles\210816\20210815_223726.wav,1/17/23 13:36,HMS,Croak,8/16/2021 0:00:50.0,8/16/2021 0:00:50.3,1,NA,NA,NA,NA,NA,NA,NA,NA,2021-08-16,27.79205,-175.819217,Night
C:\Users\mmrph\Desktop\author's Interns\PHR_wavfiles\WAVfiles\210816\20210815_223726.wav,1/17/23 13:37,HMS,Whoop,8/16/2021 0:01:05.2,8/16/2021 0:01:05.8,1,2,NA,NA,NA,NA,NA,NA,NA,2021-08-16,27.79205,-175.819217,Night
C:\Users\mmrph\Desktop\author's Interns\PHR_wavfiles\WAVfiles\210816\20210815_223726.wav,1/17/23 13:37,HMS,Growl,8/16/2021 0:01:06.1,8/16/2021 0:01:09.7,1,NA,NA,NA,NA,NA,NA,NA,NA,2021-08-16,27.79205,-175.819217,Night
C:\Users\mmrph\Desktop\author's Interns\PHR_wavfiles\WAVfiles\210816\20210815_223726.wav,1/17/23 13:37,HMS,Whoop,8/16/2021 0:01:10.1,8/16/2021 0:01:10.3,1,1,NA,NA,NA,NA,NA,NA,NA,2021-08-16,27.79205,-175.819217,Night
C:\Users\mmrph\Desktop\author's Interns\PHR_wavfiles\WAVfiles\210816\20210815_223726.wav,1/17/23 13:37,HMS,Whoop,8/16/2021 0:01:12.7,8/16/2021 0:01:12.9,1,1,NA,NA,NA,NA,NA,NA,NA,2021-08-16,27.79205,-175.819217,Night
C:\Users\mmrph\Desktop\author's Interns\PHR_wavfiles\WAVfiles\210816\20210815_223726.wav,1/17/23 13:37,HMS,Growl,8/16/2021 0:01:13.4,8/16/2021 0:01:15.3,2,NA,NA,NA,NA,NA,NA,NA,NA,2021-08-16,27.79205,-175.819217,Night
C:\Users\mmrph\Desktop\author's Interns\PHR_wavfiles\WAVfiles\210816\20210815_223726.wav,1/17/23 13:37,HMS,Croak,8/16/2021 0:01:20.3,8/16/2021 0:01:20.7,2,NA,NA,NA,NA,NA,NA,NA,NA,2021-08-16,27.79205,-175.819217,Night
C:\Users\mmrph\Desktop\author's Interns\PHR_wavfiles\WAVfiles\210816\20210815_223726.wav,1/17/23 13:37,HMS,Croak,8/16/2021 0:01:21.4,8/16/2021 0:01:21.7,1,NA,NA,NA,NA,NA,NA,NA,NA,2021-08-16,27.79205,-175.819217,Night
C:\Users\mmrph\Desktop\author's Interns\PHR_wavfiles\WAVfiles\210816\20210815_223726.wav,1/17/23 13:38,HMS,Croak,8/16/2021 0:01:29.3,8/16/2021 0:01:29.5,1,NA,NA,NA,NA,NA,NA,NA,NA,2021-08-16,27.79205,-175.819217,Night
C:\Users\mmrph\Desktop\author's Interns\PHR_wavfiles\WAVfiles\210816\20210815_223726.wav,1/17/23 13:40,HMS,Growl,8/16/2021 0:01:30.2,8/16/2021 0:01:32.9,2,NA,NA,NA,NA,NA,NA,NA,NA,2021-08-16,27.79205,-175.819217,Night
C:\Users\mmrph\Desktop\author's Interns\PHR_wavfiles\WAVfiles\210816\20210815_223726.wav,1/17/23 13:40,HMS,Whoop,8/16/2021 0:01:37.7,8/16/2021 0:01:37.9,1,1,NA,NA,NA,NA,NA,NA,NA,2021-08-16,27.79205,-175.819217,Night
C:\Users\mmrph\Desktop\author's Interns\PHR_wavfiles\WAVfiles\210816\20210815_223726.wav,1/17/23 13:42,HMS,Croak,8/16/2021 0:03:34.0,8/16/2021 0:03:34.2,2,NA,NA,NA,NA,NA,NA,NA,NA,2021-08-16,27.79205,-175.819217,Night
C:\Users\mmrph\Desktop\author's Interns\PHR_wavfiles\WAVfiles\210816\20210815_223726.wav,1/17/23 13:44,HMS,Whoop,8/16/2021 0:04:05.1,8/16/2021 0:04:05.3,1,1,NA,NA,NA,NA,overlapping with other sound,NA,NA,2021-08-16,27.79205,-175.819217,Night
C:\Users\mmrph\Desktop\author's Interns\PHR_wavfiles\WAVfiles\210816\20210815_223726.wav,1/17/23 13:44,HMS,Whoop,8/16/2021 0:04:10.8,8/16/2021 0:04:11.0,1,2,NA,NA,NA,NA,overlapping with other sound,NA,NA,2021-08-16,27.79205,-175.819217,Night
C:\Users\mmrph\Desktop\author's Interns\PHR_wavfiles\WAVfiles\210816\20210815_223726.wav,1/17/23 13:44,HMS,Whoop,8/16/2021 0:04:19.6,8/16/2021 0:04:19.7,1,1,NA,NA,NA,NA,overlapping with other sound,NA,NA,2021-08-16,27.79205,-175.819217,Night
C:\Users\mmrph\Desktop\author's Interns\PHR_wavfiles\WAVfiles\210816\20210815_223726.wav,1/17/23 13:44,HMS,Whoop,8/16/2021 0:04:26.2,8/16/2021 0:04:26.3,1,1,NA,NA,NA,NA,NA,NA,NA,2021-08-16,27.79205,-175.819217,Night
C:\Users\mmrph\Desktop\author's Interns\PHR_wavfiles\WAVfiles\210816\20210815_223726.wav,1/17/23 13:45,HMS,Whoop,8/16/2021 0:04:36.2,8/16/2021 0:04:36.3,1,1,NA,NA,NA,NA,NA,NA,NA,2021-08-16,27.79205,-175.819217,Night
C:\Users\mmrph\Desktop\author's Interns\PHR_wavfiles\WAVfiles\210816\20210815_223726.wav,1/19/23 14:27,HMS,Growl,8/16/2021 1:01:00.3,8/16/2021 1:01:06.8,2,NA,NA,NA,NA,NA,NA,NA,NA,2021-08-16,27.79205,-175.819217,Night
C:\Users\mmrph\Desktop\author's Interns\PHR_wavfiles\WAVfiles\210816\20210815_223726.wav,1/19/23 14:27,HMS,Growl,8/16/2021 1:01:07.4,8/16/2021 1:01:11.9,2,NA,NA,NA,NA,NA,NA,NA,NA,2021-08-16,27.79205,-175.819217,Night
C:\Users\mmrph\Desktop\author's Interns\PHR_wavfiles\WAVfiles\210816\20210815_223726.wav,1/19/23 14:27,HMS,Croak,8/16/2021 1:01:12.8,8/16/2021 1:01:13.1,2,NA,NA,NA,NA,NA,NA,NA,NA,2021-08-16,27.79205,-175.819217,Night
C:\Users\mmrph\Desktop\author's Interns\PHR_wavfiles\WAVfiles\210816\20210815_223726.wav,1/19/23 14:28,HMS,Croak,8/16/2021 1:01:15.9,8/16/2021 1:01:16.1,2,NA,NA,NA,NA,NA,NA,NA,NA,2021-08-16,27.79205,-175.819217,Night
C:\Users\mmrph\Desktop\author's Interns\PHR_wavfiles\WAVfiles\210816\20210815_223726.wav,1/19/23 14:28,HMS,Croak,8/16/2021 1:01:21.3,8/16/2021 1:01:21.8,2,NA,NA,NA,NA,NA,NA,NA,NA,2021-08-16,27.79205,-175.819217,Night
C:\Users\mmrph\Desktop\author's Interns\PHR_wavfiles\WAVfiles\210816\20210815_223726.wav,1/19/23 14:28,HMS,Croak,8/16/2021 1:01:21.9,8/16/2021 1:01:22.3,2,NA,NA,NA,NA,NA,NA,NA,NA,2021-08-16,27.79205,-175.819217,Night
C:\Users\mmrph\Desktop\author's Interns\PHR_wavfiles\WAVfiles\210816\20210815_223726.wav,1/19/23 14:29,HMS,Growl,8/16/2021 1:01:24.9,8/16/2021 1:01:28.7,2,NA,NA,NA,NA,NA,NA,NA,NA,2021-08-16,27.79205,-175.819217,Night
C:\Users\mmrph\Desktop\author's Interns\PHR_wavfiles\WAVfiles\210816\20210815_223726.wav,1/19/23 14:30,HMS,Growl,8/16/2021 1:01:28.7,8/16/2021 1:01:34.1,2,NA,NA,NA,NA,NA,NA,NA,NA,2021-08-16,27.79205,-175.819217,Night
C:\Users\mmrph\Desktop\author's Interns\PHR_wavfiles\WAVfiles\210816\20210815_223726.wav,1/19/23 14:30,HMS,Whoop,8/16/2021 1:01:36.5,8/16/2021 1:01:36.9,2,2,NA,NA,NA,NA,NA,NA,NA,2021-08-16,27.79205,-175.819217,Night
C:\Users\mmrph\Desktop\author's Interns\PHR_wavfiles\WAVfiles\210816\20210815_223726.wav,1/19/23 14:30,HMS,Growl,8/16/2021 1:01:45.0,8/16/2021 1:01:46.5,2,NA,NA,NA,NA,NA,NA,NA,NA,2021-08-16,27.79205,-175.819217,Night
C:\Users\mmrph\Desktop\author's Interns\PHR_wavfiles\WAVfiles\210816\20210815_223726.wav,1/19/23 14:31,HMS,Croak,8/16/2021 1:01:47.3,8/16/2021 1:01:47.6,2,NA,NA,NA,NA,NA,NA,NA,NA,2021-08-16,27.79205,-175.819217,Night
C:\Users\mmrph\Desktop\author's Interns\PHR_wavfiles\WAVfiles\210816\20210815_223726.wav,1/19/23 14:31,HMS,Growl,8/16/2021 1:01:50.4,8/16/2021 1:01:55.2,2,NA,NA,NA,NA,NA,NA,NA,NA,2021-08-16,27.79205,-175.819217,Night
C:\Users\mmrph\Desktop\author's Interns\PHR_wavfiles\WAVfiles\210816\20210815_223726.wav,1/19/23 14:31,HMS,Whoop,8/16/2021 1:01:55.6,8/16/2021 1:01:56.4,1,3,NA,NA,NA,NA,NA,NA,NA,2021-08-16,27.79205,-175.819217,Night
C:\Users\mmrph\Desktop\author's Interns\PHR_wavfiles\WAVfiles\210816\20210815_223726.wav,1/19/23 14:32,HMS,Growl,8/16/2021 1:02:28.4,8/16/2021 1:02:35.9,2,NA,NA,NA,NA,NA,NA,NA,NA,2021-08-16,27.79205,-175.819217,Night
C:\Users\mmrph\Desktop\author's Interns\PHR_wavfiles\WAVfiles\210816\20210815_223726.wav,1/19/23 14:33,HMS,Croak,8/16/2021 1:02:36.4,8/16/2021 1:02:36.5,2,NA,NA,NA,NA,NA,NA,NA,NA,2021-08-16,27.79205,-175.819217,Night
C:\Users\mmrph\Desktop\author's Interns\PHR_wavfiles\WAVfiles\210816\20210815_223726.wav,1/19/23 14:33,HMS,Croak,8/16/2021 1:02:38.7,8/16/2021 1:02:38.9,1,NA,NA,NA,NA,NA,NA,NA,NA,2021-08-16,27.79205,-175.819217,Night
C:\Users\mmrph\Desktop\author's Interns\PHR_wavfiles\WAVfiles\210816\20210815_223726.wav,1/19/23 14:33,HMS,Growl,8/16/2021 1:02:41.2,8/16/2021 1:02:44.4,2,NA,NA,NA,NA,NA,NA,NA,NA,2021-08-16,27.79205,-175.819217,Night
C:\Users\mmrph\Desktop\author's Interns\PHR_wavfiles\WAVfiles\210816\20210815_223726.wav,1/19/23 14:33,HMS,Whoop,8/16/2021 1:02:46.0,8/16/2021 1:02:46.7,1,3,NA,NA,NA,NA,NA,NA,NA,2021-08-16,27.79205,-175.819217,Night
C:\Users\mmrph\Desktop\author's Interns\PHR_wavfiles\WAVfiles\210816\20210815_223726.wav,1/19/23 14:34,HMS,Whoop,8/16/2021 1:02:52.0,8/16/2021 1:02:52.2,1,1,NA,NA,NA,NA,NA,NA,NA,2021-08-16,27.79205,-175.819217,Night
C:\Users\mmrph\Desktop\author's Interns\PHR_wavfiles\WAVfiles\210816\20210815_223726.wav,1/19/23 14:34,HMS,Croak,8/16/2021 1:02:56.1,8/16/2021 1:02:56.6,2,NA,NA,NA,NA,NA,NA,NA,NA,2021-08-16,27.79205,-175.819217,Night
C:\Users\mmrph\Desktop\author's Interns\PHR_wavfiles\WAVfiles\210816\20210815_223726.wav,1/19/23 14:34,HMS,Croak,8/16/2021 1:02:57.2,8/16/2021 1:02:57.6,2,NA,NA,NA,NA,NA,NA,NA,NA,2021-08-16,27.79205,-175.819217,Night
C:\Users\mmrph\Desktop\author's Interns\PHR_wavfiles\WAVfiles\210816\20210815_223726.wav,1/19/23 14:35,HMS,Growl,8/16/2021 1:03:06.2,8/16/2021 1:03:09.9,2,NA,NA,NA,NA,NA,NA,NA,NA,2021-08-16,27.79205,-175.819217,Night
C:\Users\mmrph\Desktop\author's Interns\PHR_wavfiles\WAVfiles\210816\20210815_223726.wav,1/19/23 14:35,HMS,Whoop,8/16/2021 1:03:10.4,8/16/2021 1:03:10.5,2,1,NA,NA,NA,NA,NA,NA,NA,2021-08-16,27.79205,-175.819217,Night
C:\Users\mmrph\Desktop\author's Interns\PHR_wavfiles\WAVfiles\210816\20210815_223726.wav,1/19/23 14:36,HMS,Whoop,8/16/2021 1:03:18.1,8/16/2021 1:03:19.0,1,5,NA,NA,NA,NA,NA,NA,NA,2021-08-16,27.79205,-175.819217,Night
C:\Users\mmrph\Desktop\author's Interns\PHR_wavfiles\WAVfiles\210816\20210815_223726.wav,1/19/23 14:36,HMS,Whoop,8/16/2021 1:03:21.7,8/16/2021 1:03:22.3,1,4,NA,NA,NA,NA,NA,NA,NA,2021-08-16,27.79205,-175.819217,Night
C:\Users\mmrph\Desktop\author's Interns\PHR_wavfiles\WAVfiles\210816\20210815_223726.wav,1/19/23 14:38,HMS,Growl,8/16/2021 1:04:37.2,8/16/2021 1:04:43.9,2,NA,NA,NA,NA,NA,NA,NA,NA,2021-08-16,27.79205,-175.819217,Night
C:\Users\mmrph\Desktop\author's Interns\PHR_wavfiles\WAVfiles\210816\20210815_223726.wav,1/19/23 14:38,HMS,Croak,8/16/2021 1:04:44.3,8/16/2021 1:04:44.5,2,NA,NA,NA,NA,NA,NA,NA,NA,2021-08-16,27.79205,-175.819217,Night
C:\Users\mmrph\Desktop\author's Interns\PHR_wavfiles\WAVfiles\210816\20210815_223726.wav,1/19/23 14:39,HMS,Whoop,8/16/2021 1:04:45.1,8/16/2021 1:04:45.3,1,1,NA,NA,NA,NA,NA,NA,NA,2021-08-16,27.79205,-175.819217,Night
C:\Users\mmrph\Desktop\author's Interns\PHR_wavfiles\WAVfiles\210816\20210815_223726.wav,1/19/23 14:39,HMS,Croak,8/16/2021 1:04:47.6,8/16/2021 1:04:47.9,2,NA,NA,NA,NA,NA,NA,NA,NA,2021-08-16,27.79205,-175.819217,Night
C:\Users\mmrph\Desktop\author's Interns\PHR_wavfiles\WAVfiles\210816\20210815_223726.wav,1/19/23 14:39,HMS,Whoop,8/16/2021 1:04:48.7,8/16/2021 1:04:49.1,1,2,NA,NA,NA,NA,NA,NA,NA,2021-08-16,27.79205,-175.819217,Night
C:\Users\mmrph\Desktop\author's Interns\PHR_wavfiles\WAVfiles\210816\20210815_223726.wav,1/19/23 14:40,HMS,Croak,8/16/2021 1:04:52.2,8/16/2021 1:04:52.6,2,NA,NA,NA,NA,NA,NA,NA,NA,2021-08-16,27.79205,-175.819217,Night
C:\Users\mmrph\Desktop\author's Interns\PHR_wavfiles\WAVfiles\210816\20210815_223726.wav,1/19/23 14:40,HMS,Growl,8/16/2021 1:04:54.2,8/16/2021 1:04:57.2,2,NA,NA,NA,NA,NA,NA,NA,NA,2021-08-16,27.79205,-175.819217,Night
C:\Users\mmrph\Desktop\author's Interns\PHR_wavfiles\WAVfiles\210816\20210815_223726.wav,1/19/23 14:41,HMS,Whoop,8/16/2021 1:04:58.2,8/16/2021 1:04:58.6,2,2,NA,NA,NA,NA,NA,NA,NA,2021-08-16,27.79205,-175.819217,Night
C:\Users\mmrph\Desktop\author's Interns\PHR_wavfiles\WAVfiles\210816\20210815_223726.wav,1/19/23 14:41,HMS,Croak,8/16/2021 1:04:58.6,8/16/2021 1:04:58.9,2,NA,NA,NA,NA,NA,NA,NA,NA,2021-08-16,27.79205,-175.819217,Night
C:\Users\mmrph\Desktop\author's Interns\PHR_wavfiles\WAVfiles\210816\20210816_013725.wav,1/19/23 14:43,HMS,Whoop,8/16/2021 2:00:00.5,8/16/2021 2:00:00.7,1,1,NA,NA,NA,NA,NA,NA,NA,2021-08-16,27.79205,-175.819217,Night
C:\Users\mmrph\Desktop\author's Interns\PHR_wavfiles\WAVfiles\210816\20210816_013725.wav,1/19/23 14:43,HMS,Croak,8/16/2021 2:00:01.8,8/16/2021 2:00:02.1,1,NA,NA,NA,NA,NA,NA,NA,NA,2021-08-16,27.79205,-175.819217,Night
C:\Users\mmrph\Desktop\author's Interns\PHR_wavfiles\WAVfiles\210816\20210816_013725.wav,1/19/23 14:43,HMS,Growl,8/16/2021 2:00:02.8,8/16/2021 2:00:05.2,1,NA,NA,NA,NA,NA,NA,NA,NA,2021-08-16,27.79205,-175.819217,Night
C:\Users\mmrph\Desktop\author's Interns\PHR_wavfiles\WAVfiles\210816\20210816_013725.wav,1/19/23 14:43,HMS,Growl,8/16/2021 2:00:16.0,8/16/2021 2:00:17.3,1,NA,NA,NA,NA,NA,NA,NA,NA,2021-08-16,27.79205,-175.819217,Night
C:\Users\mmrph\Desktop\author's Interns\PHR_wavfiles\WAVfiles\210816\20210816_013725.wav,1/19/23 14:44,HMS,Croak,8/16/2021 2:00:18.2,8/16/2021 2:00:18.4,1,NA,NA,NA,NA,NA,NA,NA,NA,2021-08-16,27.79205,-175.819217,Night
C:\Users\mmrph\Desktop\author's Interns\PHR_wavfiles\WAVfiles\210816\20210816_013725.wav,1/19/23 14:44,HMS,Growl,8/16/2021 2:00:20.3,8/16/2021 2:00:22.8,2,NA,NA,NA,NA,NA,NA,NA,NA,2021-08-16,27.79205,-175.819217,Night
C:\Users\mmrph\Desktop\author's Interns\PHR_wavfiles\WAVfiles\210816\20210816_013725.wav,1/19/23 14:45,HMS,Croak,8/16/2021 2:00:34.1,8/16/2021 2:00:34.5,1,NA,NA,NA,NA,NA,NA,NA,NA,2021-08-16,27.79205,-175.819217,Night
C:\Users\mmrph\Desktop\author's Interns\PHR_wavfiles\WAVfiles\210816\20210816_013725.wav,1/19/23 14:45,HMS,Growl,8/16/2021 2:00:35.2,8/16/2021 2:00:37.6,1,NA,NA,NA,NA,NA,NA,NA,NA,2021-08-16,27.79205,-175.819217,Night
C:\Users\mmrph\Desktop\author's Interns\PHR_wavfiles\WAVfiles\210816\20210816_013725.wav,1/19/23 14:47,HMS,Growl,8/16/2021 2:01:37.5,8/16/2021 2:01:41.7,1,NA,NA,NA,NA,NA,NA,NA,NA,2021-08-16,27.79205,-175.819217,Night
C:\Users\mmrph\Desktop\author's Interns\PHR_wavfiles\WAVfiles\210816\20210816_013725.wav,1/19/23 14:47,HMS,Croak,8/16/2021 2:01:46.2,8/16/2021 2:01:46.6,1,NA,NA,NA,NA,NA,NA,NA,NA,2021-08-16,27.79205,-175.819217,Night
C:\Users\mmrph\Desktop\author's Interns\PHR_wavfiles\WAVfiles\210816\20210816_013725.wav,1/19/23 14:48,HMS,Croak,8/16/2021 2:01:54.2,8/16/2021 2:01:54.4,1,NA,NA,NA,NA,NA,NA,NA,NA,2021-08-16,27.79205,-175.819217,Night
C:\Users\mmrph\Desktop\author's Interns\PHR_wavfiles\WAVfiles\210816\20210816_013725.wav,1/19/23 14:48,HMS,Whoop,8/16/2021 2:01:54.7,8/16/2021 2:01:54.9,1,1,NA,NA,NA,NA,NA,NA,NA,2021-08-16,27.79205,-175.819217,Night
C:\Users\mmrph\Desktop\author's Interns\PHR_wavfiles\WAVfiles\210816\20210816_013725.wav,1/19/23 14:48,HMS,Growl,8/16/2021 2:01:55.4,8/16/2021 2:01:57.1,2,NA,NA,NA,NA,NA,NA,NA,NA,2021-08-16,27.79205,-175.819217,Night
C:\Users\mmrph\Desktop\author's Interns\PHR_wavfiles\WAVfiles\210816\20210816_013725.wav,1/19/23 14:48,HMS,Croak,8/16/2021 2:01:58.0,8/16/2021 2:01:58.2,1,NA,NA,NA,NA,NA,NA,NA,NA,2021-08-16,27.79205,-175.819217,Night
C:\Users\mmrph\Desktop\author's Interns\PHR_wavfiles\WAVfiles\210816\20210816_013725.wav,1/19/23 14:49,HMS,Growl,8/16/2021 2:01:58.8,8/16/2021 2:02:01.5,1,NA,NA,NA,NA,NA,NA,NA,NA,2021-08-16,27.79205,-175.819217,Night
C:\Users\mmrph\Desktop\author's Interns\PHR_wavfiles\WAVfiles\210816\20210816_013725.wav,1/19/23 14:50,HMS,Whoop,8/16/2021 2:02:04.2,8/16/2021 2:02:04.4,1,1,NA,NA,NA,NA,NA,NA,NA,2021-08-16,27.79205,-175.819217,Night
C:\Users\mmrph\Desktop\author's Interns\PHR_wavfiles\WAVfiles\210816\20210816_013725.wav,1/19/23 14:50,HMS,Growl,8/16/2021 2:02:07.8,8/16/2021 2:02:10.6,1,NA,NA,NA,NA,NA,NA,NA,NA,2021-08-16,27.79205,-175.819217,Night
C:\Users\mmrph\Desktop\author's Interns\PHR_wavfiles\WAVfiles\210816\20210816_013725.wav,1/19/23 14:51,HMS,Growl,8/16/2021 2:02:38.1,8/16/2021 2:02:40.7,1,NA,NA,NA,NA,NA,NA,NA,NA,2021-08-16,27.79205,-175.819217,Night
C:\Users\mmrph\Desktop\author's Interns\PHR_wavfiles\WAVfiles\210816\20210816_013725.wav,1/19/23 14:52,HMS,Growl,8/16/2021 2:02:50.4,8/16/2021 2:02:51.4,1,NA,NA,NA,NA,NA,NA,NA,NA,2021-08-16,27.79205,-175.819217,Night
C:\Users\mmrph\Desktop\author's Interns\PHR_wavfiles\WAVfiles\210816\20210816_013725.wav,1/19/23 14:54,HMS,Growl,8/16/2021 2:03:40.1,8/16/2021 2:03:44.1,1,NA,NA,NA,NA,NA,NA,NA,NA,2021-08-16,27.79205,-175.819217,Night
C:\Users\mmrph\Desktop\author's Interns\PHR_wavfiles\WAVfiles\210816\20210816_013725.wav,1/19/23 14:54,HMS,Whoop,8/16/2021 2:03:46.6,8/16/2021 2:03:47.1,1,2,NA,NA,NA,NA,NA,NA,NA,2021-08-16,27.79205,-175.819217,Night
C:\Users\mmrph\Desktop\author's Interns\PHR_wavfiles\WAVfiles\210816\20210816_013725.wav,1/19/23 14:54,HMS,Growl,8/16/2021 2:03:47.4,8/16/2021 2:03:47.9,1,NA,NA,NA,NA,NA,NA,NA,NA,2021-08-16,27.79205,-175.819217,Night
C:\Users\mmrph\Desktop\author's Interns\PHR_wavfiles\WAVfiles\210816\20210816_013725.wav,1/19/23 14:55,HMS,Growl,8/16/2021 2:03:51.7,8/16/2021 2:03:52.1,1,NA,NA,NA,NA,NA,NA,NA,NA,2021-08-16,27.79205,-175.819217,Night
C:\Users\mmrph\Desktop\author's Interns\PHR_wavfiles\WAVfiles\210816\20210816_013725.wav,1/19/23 14:55,HMS,Growl,8/16/2021 2:03:52.6,8/16/2021 2:03:54.9,1,NA,NA,NA,NA,NA,NA,NA,NA,2021-08-16,27.79205,-175.819217,Night
C:\Users\mmrph\Desktop\author's Interns\PHR_wavfiles\WAVfiles\210816\20210816_013725.wav,1/19/23 14:57,HMS,Moan,8/16/2021 2:04:00.6,8/16/2021 2:04:01.2,1,NA,NA,NA,NA,NA,NA,NA,NA,2021-08-16,27.79205,-175.819217,Night
C:\Users\mmrph\Desktop\author's Interns\PHR_wavfiles\WAVfiles\210816\20210816_013725.wav,1/19/23 14:57,HMS,MoanGrowl,8/16/2021 2:04:01.2,8/16/2021 2:04:03.6,1,NA,NA,NA,NA,NA,NA,NA,NA,2021-08-16,27.79205,-175.819217,Night
C:\Users\mmrph\Desktop\author's Interns\PHR_wavfiles\WAVfiles\210816\20210816_013725.wav,1/19/23 14:59,HMS,Whoop,8/16/2021 2:04:05.5,8/16/2021 2:04:06.0,1,2,NA,NA,NA,NA,NA,NA,NA,2021-08-16,27.79205,-175.819217,Night
C:\Users\mmrph\Desktop\author's Interns\PHR_wavfiles\WAVfiles\210816\20210816_013725.wav,1/19/23 14:59,HMS,Croak,8/16/2021 2:04:09.4,8/16/2021 2:04:09.8,1,NA,NA,NA,NA,NA,NA,NA,NA,2021-08-16,27.79205,-175.819217,Night
C:\Users\mmrph\Desktop\author's Interns\PHR_wavfiles\WAVfiles\210816\20210816_013725.wav,1/19/23 14:59,HMS,Croak,8/16/2021 2:04:10.3,8/16/2021 2:04:10.7,1,NA,NA,NA,NA,NA,NA,NA,NA,2021-08-16,27.79205,-175.819217,Night
C:\Users\mmrph\Desktop\author's Interns\PHR_wavfiles\WAVfiles\210816\20210816_013725.wav,1/19/23 14:59,HMS,Croak,8/16/2021 2:04:10.9,8/16/2021 2:04:11.4,1,NA,NA,NA,NA,NA,NA,NA,NA,2021-08-16,27.79205,-175.819217,Night
C:\Users\mmrph\Desktop\author's Interns\PHR_wavfiles\WAVfiles\210816\20210816_013725.wav,1/19/23 14:59,HMS,Growl,8/16/2021 2:04:12.0,8/16/2021 2:04:14.5,1,NA,NA,NA,NA,NA,NA,NA,NA,2021-08-16,27.79205,-175.819217,Night
C:\Users\mmrph\Desktop\author's Interns\PHR_wavfiles\WAVfiles\210816\20210816_013725.wav,1/19/23 15:00,HMS,Growl,8/16/2021 2:04:15.3,8/16/2021 2:04:18.2,1,NA,NA,NA,NA,NA,NA,NA,NA,2021-08-16,27.79205,-175.819217,Night
C:\Users\mmrph\Desktop\author's Interns\PHR_wavfiles\WAVfiles\210816\20210816_013725.wav,1/19/23 15:01,HMS,Growl,8/16/2021 3:00:47.3,8/16/2021 3:00:49.3,1,NA,NA,NA,NA,NA,NA,NA,NA,2021-08-16,27.79205,-175.819217,Night
C:\Users\mmrph\Desktop\author's Interns\PHR_wavfiles\WAVfiles\210816\20210816_013725.wav,1/19/23 15:01,HMS,Croak,8/16/2021 3:00:50.0,8/16/2021 3:00:50.4,1,NA,NA,NA,NA,NA,NA,NA,NA,2021-08-16,27.79205,-175.819217,Night
C:\Users\mmrph\Desktop\author's Interns\PHR_wavfiles\WAVfiles\210816\20210816_013725.wav,1/19/23 15:02,HMS,Growl,8/16/2021 3:00:53.2,8/16/2021 3:00:57.4,1,NA,NA,NA,NA,NA,NA,NA,NA,2021-08-16,27.79205,-175.819217,Night
C:\Users\mmrph\Desktop\author's Interns\PHR_wavfiles\WAVfiles\210816\20210816_013725.wav,1/19/23 15:02,HMS,Whoop,8/16/2021 3:00:59.1,8/16/2021 3:00:59.3,1,1,NA,NA,NA,NA,NA,NA,NA,2021-08-16,27.79205,-175.819217,Night
C:\Users\mmrph\Desktop\author's Interns\PHR_wavfiles\WAVfiles\210816\20210816_013725.wav,1/19/23 15:06,HMS,MoanBridgeGrowl,8/16/2021 3:01:04.5,8/16/2021 3:01:08.6,1,NA,NA,NA,NA,NA,NA,NA,NA,2021-08-16,27.79205,-175.819217,Night
C:\Users\mmrph\Desktop\author's Interns\PHR_wavfiles\WAVfiles\210816\20210816_013725.wav,1/19/23 15:08,HMS,Moan,8/16/2021 3:01:14.8,8/16/2021 3:01:16.1,1,NA,NA,NA,NA,NA,NA,NA,NA,2021-08-16,27.79205,-175.819217,Night
C:\Users\mmrph\Desktop\author's Interns\PHR_wavfiles\WAVfiles\210816\20210816_013725.wav,1/19/23 15:09,HMS,Growl,8/16/2021 3:01:16.1,8/16/2021 3:01:21.0,1,NA,NA,NA,NA,NA,NA,NA,NA,2021-08-16,27.79205,-175.819217,Night
C:\Users\mmrph\Desktop\author's Interns\PHR_wavfiles\WAVfiles\210816\20210816_013725.wav,1/19/23 15:16,HMS,Growl,8/16/2021 3:03:11.4,8/16/2021 3:03:12.2,1,NA,NA,NA,NA,NA,NA,NA,NA,2021-08-16,27.79205,-175.819217,Night
C:\Users\mmrph\Desktop\author's Interns\PHR_wavfiles\WAVfiles\210816\20210816_013725.wav,1/19/23 15:16,HMS,Croak,8/16/2021 3:03:12.4,8/16/2021 3:03:12.8,1,NA,NA,NA,NA,NA,NA,NA,NA,2021-08-16,27.79205,-175.819217,Night
C:\Users\mmrph\Desktop\author's Interns\PHR_wavfiles\WAVfiles\210816\20210816_013725.wav,1/19/23 15:16,HMS,Growl,8/16/2021 3:03:14.4,8/16/2021 3:03:17.8,1,NA,NA,NA,NA,NA,NA,NA,NA,2021-08-16,27.79205,-175.819217,Night
C:\Users\mmrph\Desktop\author's Interns\PHR_wavfiles\WAVfiles\210816\20210816_013725.wav,1/19/23 15:16,HMS,Growl,8/16/2021 3:03:22.1,8/16/2021 3:03:25.9,1,NA,NA,NA,NA,NA,NA,NA,NA,2021-08-16,27.79205,-175.819217,Night
C:\Users\mmrph\Desktop\author's Interns\PHR_wavfiles\WAVfiles\210816\20210816_013725.wav,1/19/23 15:17,HMS,Croak,8/16/2021 3:03:29.2,8/16/2021 3:03:29.6,1,NA,NA,NA,NA,NA,NA,NA,NA,2021-08-16,27.79205,-175.819217,Night
C:\Users\mmrph\Desktop\author's Interns\PHR_wavfiles\WAVfiles\210816\20210816_013725.wav,1/19/23 15:18,HMS,Growl,8/16/2021 3:03:37.0,8/16/2021 3:03:42.0,1,NA,NA,NA,NA,NA,NA,NA,NA,2021-08-16,27.79205,-175.819217,Night
C:\Users\mmrph\Desktop\author's Interns\PHR_wavfiles\WAVfiles\210816\20210816_013725.wav,1/19/23 15:18,HMS,Growl,8/16/2021 3:03:43.3,8/16/2021 3:03:47.2,1,NA,NA,NA,NA,NA,NA,NA,NA,2021-08-16,27.79205,-175.819217,Night
C:\Users\mmrph\Desktop\author's Interns\PHR_wavfiles\WAVfiles\210816\20210816_013725.wav,1/19/23 15:18,HMS,Growl,8/16/2021 3:03:50.9,8/16/2021 3:03:51.3,1,NA,NA,NA,NA,NA,NA,NA,NA,2021-08-16,27.79205,-175.819217,Night
C:\Users\mmrph\Desktop\author's Interns\PHR_wavfiles\WAVfiles\210816\20210816_013725.wav,1/19/23 15:20,HMS,Growl,8/16/2021 3:04:01.5,8/16/2021 3:04:02.3,1,NA,NA,NA,NA,NA,NA,NA,NA,2021-08-16,27.79205,-175.819217,Night
C:\Users\mmrph\Desktop\author's Interns\PHR_wavfiles\WAVfiles\210816\20210816_013725.wav,1/19/23 15:24,HMS,Growl,8/16/2021 4:00:03.8,8/16/2021 4:00:05.9,1,NA,NA,NA,NA,NA,NA,NA,NA,2021-08-16,27.79205,-175.819217,Night
C:\Users\mmrph\Desktop\author's Interns\PHR_wavfiles\WAVfiles\210816\20210816_013725.wav,1/19/23 15:25,HMS,Croak,8/16/2021 4:00:06.6,8/16/2021 4:00:06.9,1,NA,NA,NA,NA,NA,NA,NA,NA,2021-08-16,27.79205,-175.819217,Night
C:\Users\mmrph\Desktop\author's Interns\PHR_wavfiles\WAVfiles\210816\20210816_013725.wav,1/19/23 15:25,HMS,Growl,8/16/2021 4:00:08.8,8/16/2021 4:00:11.9,1,NA,NA,NA,NA,NA,NA,NA,NA,2021-08-16,27.79205,-175.819217,Night
C:\Users\mmrph\Desktop\author's Interns\PHR_wavfiles\WAVfiles\210816\20210816_013725.wav,1/19/23 15:25,HMS,Growl,8/16/2021 4:00:14.2,8/16/2021 4:00:17.7,1,NA,NA,NA,NA,NA,NA,NA,NA,2021-08-16,27.79205,-175.819217,Night
C:\Users\mmrph\Desktop\author's Interns\PHR_wavfiles\WAVfiles\210816\20210816_013725.wav,1/19/23 15:25,HMS,Moan,8/16/2021 4:00:26.2,8/16/2021 4:00:27.1,1,NA,NA,NA,NA,NA,NA,NA,NA,2021-08-16,27.79205,-175.819217,Night
C:\Users\mmrph\Desktop\author's Interns\PHR_wavfiles\WAVfiles\210816\20210816_013725.wav,1/19/23 15:26,HMS,MoanGrowl,8/16/2021 4:00:27.6,8/16/2021 4:00:33.4,1,NA,NA,NA,NA,NA,NA,NA,NA,2021-08-16,27.79205,-175.819217,Night
C:\Users\mmrph\Desktop\author's Interns\PHR_wavfiles\WAVfiles\210816\20210816_013725.wav,1/19/23 15:27,HMS,Growl,8/16/2021 4:00:40.5,8/16/2021 4:00:47.7,2,NA,NA,NA,NA,NA,NA,NA,NA,2021-08-16,27.79205,-175.819217,Night
C:\Users\mmrph\Desktop\author's Interns\PHR_wavfiles\WAVfiles\210816\20210816_013725.wav,1/19/23 15:28,HMS,Croak,8/16/2021 4:00:48.2,8/16/2021 4:00:48.4,2,NA,NA,NA,NA,NA,NA,NA,NA,2021-08-16,27.79205,-175.819217,Night
C:\Users\mmrph\Desktop\author's Interns\PHR_wavfiles\WAVfiles\210816\20210816_013725.wav,1/19/23 15:28,HMS,Croak,8/16/2021 4:00:51.8,8/16/2021 4:00:52.0,2,NA,NA,NA,NA,NA,NA,NA,NA,2021-08-16,27.79205,-175.819217,Night
C:\Users\mmrph\Desktop\author's Interns\PHR_wavfiles\WAVfiles\210816\20210816_013725.wav,1/19/23 15:28,HMS,Whoop,8/16/2021 4:00:54.0,8/16/2021 4:00:54.4,1,2,NA,NA,NA,NA,NA,NA,NA,2021-08-16,27.79205,-175.819217,Night
C:\Users\mmrph\Desktop\author's Interns\PHR_wavfiles\WAVfiles\210816\20210816_013725.wav,1/19/23 15:28,HMS,Growl,8/16/2021 4:00:54.8,8/16/2021 4:00:55.3,2,NA,NA,NA,NA,NA,NA,NA,NA,2021-08-16,27.79205,-175.819217,Night
C:\Users\mmrph\Desktop\author's Interns\PHR_wavfiles\WAVfiles\210816\20210816_013725.wav,1/19/23 15:28,HMS,Growl,8/16/2021 4:00:56.0,8/16/2021 4:00:58.9,2,NA,NA,NA,NA,NA,NA,NA,NA,2021-08-16,27.79205,-175.819217,Night
C:\Users\mmrph\Desktop\author's Interns\PHR_wavfiles\WAVfiles\210816\20210816_013725.wav,1/19/23 15:29,HMS,Whoop,8/16/2021 4:00:59.1,8/16/2021 4:00:59.4,1,2,NA,NA,NA,NA,NA,NA,NA,2021-08-16,27.79205,-175.819217,Night
C:\Users\mmrph\Desktop\author's Interns\PHR_wavfiles\WAVfiles\210816\20210816_013725.wav,1/19/23 15:30,HMS,Growl,8/16/2021 4:01:00.8,8/16/2021 4:01:02.6,2,NA,NA,NA,NA,NA,NA,NA,NA,2021-08-16,27.79205,-175.819217,Night
C:\Users\mmrph\Desktop\author's Interns\PHR_wavfiles\WAVfiles\210816\20210816_013725.wav,1/19/23 15:31,HMS,Croak,8/16/2021 4:01:08.9,8/16/2021 4:01:09.2,1,NA,NA,NA,NA,NA,NA,NA,NA,2021-08-16,27.79205,-175.819217,Night
C:\Users\mmrph\Desktop\author's Interns\PHR_wavfiles\WAVfiles\210816\20210816_013725.wav,1/19/23 15:31,HMS,Whoop,8/16/2021 4:01:09.9,8/16/2021 4:01:10.4,1,2,NA,NA,NA,NA,NA,NA,NA,2021-08-16,27.79205,-175.819217,Night
C:\Users\mmrph\Desktop\author's Interns\PHR_wavfiles\WAVfiles\210816\20210816_013725.wav,1/19/23 15:32,HMS,Growl,8/16/2021 4:01:54.2,8/16/2021 4:01:56.2,1,NA,NA,NA,NA,NA,NA,NA,NA,2021-08-16,27.79205,-175.819217,Night
C:\Users\mmrph\Desktop\author's Interns\PHR_wavfiles\WAVfiles\210816\20210816_013725.wav,1/19/23 15:32,HMS,Croak,8/16/2021 4:01:57.0,8/16/2021 4:01:57.4,1,NA,NA,NA,NA,NA,NA,NA,NA,2021-08-16,27.79205,-175.819217,Night
C:\Users\mmrph\Desktop\author's Interns\PHR_wavfiles\WAVfiles\210816\20210816_013725.wav,1/19/23 15:34,HMS,Growl,8/16/2021 4:02:00.1,8/16/2021 4:02:03.6,1,NA,NA,NA,NA,NA,next 30 sec look like two HMS,NA,NA,2021-08-16,27.79205,-175.819217,Night
C:\Users\mmrph\Desktop\author's Interns\PHR_wavfiles\WAVfiles\210816\20210816_013725.wav,1/19/23 15:34,HMS,Growl,8/16/2021 4:02:04.8,8/16/2021 4:02:09.2,1,NA,NA,NA,NA,NA,NA,NA,NA,2021-08-16,27.79205,-175.819217,Night
C:\Users\mmrph\Desktop\author's Interns\PHR_wavfiles\WAVfiles\210816\20210816_013725.wav,1/19/23 15:34,HMS,Growl,8/16/2021 4:02:15.2,8/16/2021 4:02:18.7,2,NA,NA,NA,NA,NA,NA,NA,NA,2021-08-16,27.79205,-175.819217,Night
C:\Users\mmrph\Desktop\author's Interns\PHR_wavfiles\WAVfiles\210816\20210816_013725.wav,1/19/23 15:35,HMS,Croak,8/16/2021 4:02:20.3,8/16/2021 4:02:20.7,2,NA,NA,NA,NA,NA,NA,NA,NA,2021-08-16,27.79205,-175.819217,Night
C:\Users\mmrph\Desktop\author's Interns\PHR_wavfiles\WAVfiles\210816\20210816_013725.wav,1/19/23 15:35,HMS,Croak,8/16/2021 4:02:21.3,8/16/2021 4:02:21.4,2,NA,NA,NA,NA,NA,NA,NA,NA,2021-08-16,27.79205,-175.819217,Night
C:\Users\mmrph\Desktop\author's Interns\PHR_wavfiles\WAVfiles\210816\20210816_013725.wav,1/19/23 15:35,HMS,Croak,8/16/2021 4:02:26.0,8/16/2021 4:02:26.3,2,NA,NA,NA,NA,NA,NA,NA,NA,2021-08-16,27.79205,-175.819217,Night
C:\Users\mmrph\Desktop\author's Interns\PHR_wavfiles\WAVfiles\210816\20210816_013725.wav,1/19/23 15:36,HMS,Croak,8/16/2021 4:02:26.7,8/16/2021 4:02:26.8,1,NA,NA,NA,NA,NA,NA,NA,NA,2021-08-16,27.79205,-175.819217,Night
C:\Users\mmrph\Desktop\author's Interns\PHR_wavfiles\WAVfiles\210816\20210816_013725.wav,1/19/23 15:36,HMS,Growl,8/16/2021 4:02:27.4,8/16/2021 4:02:30.8,2,NA,NA,NA,NA,NA,NA,NA,NA,2021-08-16,27.79205,-175.819217,Night
C:\Users\mmrph\Desktop\author's Interns\PHR_wavfiles\WAVfiles\210816\20210816_013725.wav,1/19/23 15:37,HMS,Whoop,8/16/2021 4:02:30.9,8/16/2021 4:02:31.4,2,3,NA,NA,NA,NA,NA,NA,NA,2021-08-16,27.79205,-175.819217,Night
C:\Users\mmrph\Desktop\author's Interns\PHR_wavfiles\WAVfiles\210816\20210816_013725.wav,1/19/23 15:38,HMS,Croak,8/16/2021 4:02:32.0,8/16/2021 4:02:32.3,2,NA,NA,NA,NA,NA,NA,NA,NA,2021-08-16,27.79205,-175.819217,Night
C:\Users\mmrph\Desktop\author's Interns\PHR_wavfiles\WAVfiles\210816\20210816_013725.wav,1/19/23 15:38,HMS,Growl,8/16/2021 4:02:33.0,8/16/2021 4:02:37.1,2,NA,NA,NA,NA,NA,NA,NA,NA,2021-08-16,27.79205,-175.819217,Night
C:\Users\mmrph\Desktop\author's Interns\PHR_wavfiles\WAVfiles\210816\20210816_013725.wav,1/19/23 15:38,HMS,Croak,8/16/2021 4:02:40.5,8/16/2021 4:02:40.7,2,NA,NA,NA,NA,NA,NA,NA,NA,2021-08-16,27.79205,-175.819217,Night
C:\Users\mmrph\Desktop\author's Interns\PHR_wavfiles\WAVfiles\210816\20210816_013725.wav,1/19/23 15:39,HMS,Croak,8/16/2021 4:02:40.5,8/16/2021 4:02:40.7,2,NA,NA,NA,NA,NA,NA,NA,NA,2021-08-16,27.79205,-175.819217,Night
C:\Users\mmrph\Desktop\author's Interns\PHR_wavfiles\WAVfiles\210816\20210816_013725.wav,1/19/23 15:39,HMS,Croak,8/16/2021 4:02:41.2,8/16/2021 4:02:41.3,1,NA,NA,NA,NA,NA,NA,NA,NA,2021-08-16,27.79205,-175.819217,Night
C:\Users\mmrph\Desktop\author's Interns\PHR_wavfiles\WAVfiles\210816\20210816_013725.wav,1/19/23 15:39,HMS,Whoop,8/16/2021 4:02:41.6,8/16/2021 4:02:41.7,1,1,NA,NA,NA,NA,NA,NA,NA,2021-08-16,27.79205,-175.819217,Night
C:\Users\mmrph\Desktop\author's Interns\PHR_wavfiles\WAVfiles\210816\20210816_013725.wav,1/19/23 15:40,HMS,Growl,8/16/2021 4:02:44.2,8/16/2021 4:02:50.9,1,NA,NA,NA,NA,NA,"growl of on HMS overlapped by other HMS whoop, croak, and growl",NA,NA,2021-08-16,27.79205,-175.819217,Night
C:\Users\mmrph\Desktop\author's Interns\PHR_wavfiles\WAVfiles\210816\20210816_013725.wav,1/19/23 15:41,HMS,Whoop,8/16/2021 4:02:46.5,8/16/2021 4:02:47.1,2,2,NA,NA,NA,NA,overlapping growl,NA,NA,2021-08-16,27.79205,-175.819217,Night
C:\Users\mmrph\Desktop\author's Interns\PHR_wavfiles\WAVfiles\210816\20210816_013725.wav,1/19/23 15:41,HMS,Croak,8/16/2021 4:02:47.4,8/16/2021 4:02:47.9,2,NA,NA,NA,NA,NA,overlapping growl,NA,NA,2021-08-16,27.79205,-175.819217,Night
C:\Users\mmrph\Desktop\author's Interns\PHR_wavfiles\WAVfiles\210816\20210816_013725.wav,1/19/23 15:42,HMS,Growl,8/16/2021 4:02:48.6,8/16/2021 4:02:50.9,2,NA,NA,NA,NA,NA,overlapping growl,NA,NA,2021-08-16,27.79205,-175.819217,Night
C:\Users\mmrph\Desktop\author's Interns\PHR_wavfiles\WAVfiles\210816\20210816_013725.wav,1/19/23 15:42,HMS,Whoop,8/16/2021 4:02:51.0,8/16/2021 4:02:51.7,1,3,NA,NA,NA,NA,NA,NA,NA,2021-08-16,27.79205,-175.819217,Night
C:\Users\mmrph\Desktop\author's Interns\PHR_wavfiles\WAVfiles\210816\20210816_013725.wav,1/19/23 15:43,HMS,Growl,8/16/2021 4:02:53.2,8/16/2021 4:02:56.3,1,NA,NA,NA,NA,NA,NA,NA,NA,2021-08-16,27.79205,-175.819217,Night
C:\Users\mmrph\Desktop\author's Interns\PHR_wavfiles\WAVfiles\210816\20210816_013725.wav,1/19/23 15:43,HMS,Growl,8/16/2021 4:03:01.8,8/16/2021 4:03:05.7,1,NA,NA,NA,NA,NA,NA,NA,NA,2021-08-16,27.79205,-175.819217,Night
C:\Users\mmrph\Desktop\author's Interns\PHR_wavfiles\WAVfiles\210816\20210816_013725.wav,1/19/23 15:44,HMS,Growl,8/16/2021 4:03:12.8,8/16/2021 4:03:13.2,1,NA,NA,NA,NA,NA,NA,NA,NA,2021-08-16,27.79205,-175.819217,Night
C:\Users\mmrph\Desktop\author's Interns\PHR_wavfiles\WAVfiles\210816\20210816_013725.wav,1/19/23 15:47,HMS,Growl,8/16/2021 4:04:31.1,8/16/2021 4:04:38.4,2,NA,NA,NA,NA,NA,NA,NA,NA,2021-08-16,27.79205,-175.819217,Night
C:\Users\mmrph\Desktop\author's Interns\PHR_wavfiles\WAVfiles\210816\20210816_013725.wav,1/19/23 15:47,HMS,Croak,8/16/2021 4:04:38.9,8/16/2021 4:04:39.1,2,NA,NA,NA,NA,NA,NA,NA,NA,2021-08-16,27.79205,-175.819217,Night
C:\Users\mmrph\Desktop\author's Interns\PHR_wavfiles\WAVfiles\210816\20210816_013725.wav,1/19/23 15:47,HMS,Whoop,8/16/2021 4:04:42.0,8/16/2021 4:04:42.8,2,3,NA,NA,NA,NA,overlapping growl,NA,NA,2021-08-16,27.79205,-175.819217,Night
C:\Users\mmrph\Desktop\author's Interns\PHR_wavfiles\WAVfiles\210816\20210816_013725.wav,1/19/23 15:48,HMS,Croak,8/16/2021 4:04:43.1,8/16/2021 4:04:43.5,2,NA,NA,NA,NA,NA,overlapping growl,NA,NA,2021-08-16,27.79205,-175.819217,Night
C:\Users\mmrph\Desktop\author's Interns\PHR_wavfiles\WAVfiles\210816\20210816_013725.wav,1/19/23 15:48,HMS,Growl,8/16/2021 4:04:44.3,8/16/2021 4:04:47.1,2,NA,NA,NA,NA,NA,overlapping growl,NA,NA,2021-08-16,27.79205,-175.819217,Night
C:\Users\mmrph\Desktop\author's Interns\PHR_wavfiles\WAVfiles\210816\20210816_013725.wav,1/19/23 15:48,HMS,Whoop,8/16/2021 4:04:47.2,8/16/2021 4:04:47.8,2,3,NA,NA,NA,NA,overlapping growl,NA,NA,2021-08-16,27.79205,-175.819217,Night
C:\Users\mmrph\Desktop\author's Interns\PHR_wavfiles\WAVfiles\210816\20210816_013725.wav,1/19/23 15:49,HMS,Croak,8/16/2021 4:04:48.1,8/16/2021 4:04:48.4,2,NA,NA,NA,NA,NA,overlapping growl,NA,NA,2021-08-16,27.79205,-175.819217,Night
C:\Users\mmrph\Desktop\author's Interns\PHR_wavfiles\WAVfiles\210816\20210816_013725.wav,1/19/23 15:49,HMS,Growl,8/16/2021 4:04:49.0,8/16/2021 4:04:53.0,2,NA,NA,NA,NA,NA,overlapping growl,NA,NA,2021-08-16,27.79205,-175.819217,Night
C:\Users\mmrph\Desktop\author's Interns\PHR_wavfiles\WAVfiles\210816\20210816_013725.wav,1/19/23 15:50,HMS,Growl,8/16/2021 4:04:41.0,8/16/2021 4:04:48.0,1,NA,NA,NA,NA,NA,underlying other HMS calls,NA,NA,2021-08-16,27.79205,-175.819217,Night
C:\Users\mmrph\Desktop\author's Interns\PHR_wavfiles\WAVfiles\210816\20210816_013725.wav,1/19/23 15:50,HMS,Growl,8/16/2021 4:04:49.2,8/16/2021 4:04:53.4,1,NA,NA,NA,NA,NA,underlying other HMS grown,NA,NA,2021-08-16,27.79205,-175.819217,Night
C:\Users\mmrph\Desktop\author's Interns\PHR_wavfiles\WAVfiles\210816\20210816_013725.wav,1/19/23 15:52,HMS,Growl,8/16/2021 4:04:58.4,8/16/2021 4:05:01.8,1,NA,NA,NA,NA,NA,NA,NA,NA,2021-08-16,27.79205,-175.819217,Night
C:\Users\mmrph\Desktop\author's Interns\PHR_wavfiles\WAVfiles\210816\20210816_043725.wav,1/19/23 15:54,HMS,Growl,8/16/2021 5:00:00.1,8/16/2021 5:00:04.2,2,NA,NA,NA,NA,NA,NA,NA,NA,2021-08-16,27.79205,-175.819217,Night
C:\Users\mmrph\Desktop\author's Interns\PHR_wavfiles\WAVfiles\210816\20210816_043725.wav,1/19/23 15:54,HMS,Croak,8/16/2021 5:00:07.7,8/16/2021 5:00:07.9,1,NA,NA,NA,NA,NA,NA,NA,NA,2021-08-16,27.79205,-175.819217,Night
C:\Users\mmrph\Desktop\author's Interns\PHR_wavfiles\WAVfiles\210816\20210816_043725.wav,1/19/23 15:58,HMS,Growl,8/16/2021 5:01:35.2,8/16/2021 5:01:37.6,2,NA,NA,NA,NA,NA,NA,NA,NA,2021-08-16,27.79205,-175.819217,Night
C:\Users\mmrph\Desktop\author's Interns\PHR_wavfiles\WAVfiles\210816\20210816_043725.wav,1/19/23 15:59,HMS,Croak,8/16/2021 5:01:38.4,8/16/2021 5:01:38.7,2,NA,NA,NA,NA,NA,NA,NA,NA,2021-08-16,27.79205,-175.819217,Night
C:\Users\mmrph\Desktop\author's Interns\PHR_wavfiles\WAVfiles\210816\20210816_043725.wav,1/19/23 16:00,HMS,Growl,8/16/2021 5:01:40.9,8/16/2021 5:01:44.2,2,NA,NA,NA,NA,NA,NA,NA,NA,2021-08-16,27.79205,-175.819217,Night
C:\Users\mmrph\Desktop\author's Interns\PHR_wavfiles\WAVfiles\210816\20210816_043725.wav,1/19/23 16:00,HMS,Whoop,8/16/2021 5:01:44.3,8/16/2021 5:01:45.3,2,5,NA,NA,NA,NA,NA,NA,NA,2021-08-16,27.79205,-175.819217,Night
C:\Users\mmrph\Desktop\author's Interns\PHR_wavfiles\WAVfiles\210816\20210816_043725.wav,1/19/23 16:00,HMS,Whoop,8/16/2021 5:01:46.8,8/16/2021 5:01:46.9,2,1,NA,NA,NA,NA,NA,NA,NA,2021-08-16,27.79205,-175.819217,Night
C:\Users\mmrph\Desktop\author's Interns\PHR_wavfiles\WAVfiles\210816\20210816_043725.wav,1/19/23 16:01,HMS,Moan,8/16/2021 5:01:48.1,8/16/2021 5:01:48.6,2,NA,NA,NA,NA,NA,NA,NA,NA,2021-08-16,27.79205,-175.819217,Night
C:\Users\mmrph\Desktop\author's Interns\PHR_wavfiles\WAVfiles\210816\20210816_043725.wav,1/19/23 16:01,HMS,BridgeGrowl,8/16/2021 5:01:48.7,8/16/2021 5:01:53.0,2,NA,NA,NA,NA,NA,NA,NA,NA,2021-08-16,27.79205,-175.819217,Night
C:\Users\mmrph\Desktop\author's Interns\PHR_wavfiles\WAVfiles\210816\20210816_043725.wav,1/19/23 16:02,HMS,Whoop,8/16/2021 5:01:54.0,8/16/2021 5:01:55.2,2,5,NA,NA,NA,NA,NA,NA,NA,2021-08-16,27.79205,-175.819217,Night
C:\Users\mmrph\Desktop\author's Interns\PHR_wavfiles\WAVfiles\210816\20210816_043725.wav,1/19/23 16:02,HMS,Whoop,8/16/2021 5:01:59.1,8/16/2021 5:01:59.2,1,1,NA,NA,NA,NA,NA,NA,NA,2021-08-16,27.79205,-175.819217,Night
C:\Users\mmrph\Desktop\author's Interns\PHR_wavfiles\WAVfiles\210816\20210816_043725.wav,1/20/23 9:28,HMS,Whoop,8/16/2021 5:01:58.2,8/16/2021 5:01:59.7,1,3,NA,NA,NA,NA,NA,NA,NA,2021-08-16,27.79205,-175.819217,Night
C:\Users\mmrph\Desktop\author's Interns\PHR_wavfiles\WAVfiles\210816\20210816_043725.wav,1/20/23 9:29,HMS,Croak,8/16/2021 5:02:00.4,8/16/2021 5:02:01.2,2,NA,NA,NA,NA,NA,NA,NA,NA,2021-08-16,27.79205,-175.819217,Night
C:\Users\mmrph\Desktop\author's Interns\PHR_wavfiles\WAVfiles\210816\20210816_043725.wav,1/20/23 9:29,HMS,Croak,8/16/2021 5:02:01.5,8/16/2021 5:02:02.5,2,NA,NA,NA,NA,NA,NA,NA,NA,2021-08-16,27.79205,-175.819217,Night
C:\Users\mmrph\Desktop\author's Interns\PHR_wavfiles\WAVfiles\210816\20210816_043725.wav,1/20/23 9:30,HMS,Growl,8/16/2021 5:02:04.3,8/16/2021 5:02:08.9,3,NA,NA,NA,NA,NA,NA,NA,NA,2021-08-16,27.79205,-175.819217,Night
C:\Users\mmrph\Desktop\author's Interns\PHR_wavfiles\WAVfiles\210816\20210816_043725.wav,1/20/23 9:31,HMS,Whoop,8/16/2021 5:02:09.2,8/16/2021 5:02:09.2,1,1,NA,NA,NA,NA,NA,NA,NA,2021-08-16,27.79205,-175.819217,Night
C:\Users\mmrph\Desktop\author's Interns\PHR_wavfiles\WAVfiles\210816\20210816_043725.wav,1/20/23 9:35,HMS,Growl,8/16/2021 5:03:39.9,8/16/2021 5:03:47.7,3,NA,NA,NA,NA,NA,so pretty,NA,NA,2021-08-16,27.79205,-175.819217,Night
C:\Users\mmrph\Desktop\author's Interns\PHR_wavfiles\WAVfiles\210816\20210816_043725.wav,1/20/23 9:35,HMS,Whoop,8/16/2021 5:03:48.8,8/16/2021 5:03:50.3,2,3,NA,NA,NA,NA,NA,NA,NA,2021-08-16,27.79205,-175.819217,Night
C:\Users\mmrph\Desktop\author's Interns\PHR_wavfiles\WAVfiles\210816\20210816_043725.wav,1/20/23 9:36,HMS,Growl,8/16/2021 5:03:51.8,8/16/2021 5:03:56.1,2,NA,NA,NA,NA,NA,NA,NA,NA,2021-08-16,27.79205,-175.819217,Night
C:\Users\mmrph\Desktop\author's Interns\PHR_wavfiles\WAVfiles\210816\20210816_043725.wav,1/20/23 9:37,HMS,Whoop,8/16/2021 5:03:56.1,8/16/2021 5:03:56.7,1,2,NA,NA,NA,NA,NA,NA,NA,2021-08-16,27.79205,-175.819217,Night
C:\Users\mmrph\Desktop\author's Interns\PHR_wavfiles\WAVfiles\210816\20210816_043725.wav,1/20/23 9:39,HMS,Croak,8/16/2021 5:04:01.4,8/16/2021 5:04:02.2,2,NA,NA,NA,NA,NA,NA,NA,NA,2021-08-16,27.79205,-175.819217,Night
C:\Users\mmrph\Desktop\author's Interns\PHR_wavfiles\WAVfiles\210816\20210816_043725.wav,1/20/23 9:39,HMS,Whoop,8/16/2021 5:04:02.9,8/16/2021 5:04:03.7,1,2,NA,NA,NA,NA,NA,NA,NA,2021-08-16,27.79205,-175.819217,Night
C:\Users\mmrph\Desktop\author's Interns\PHR_wavfiles\WAVfiles\210816\20210816_043725.wav,1/20/23 9:40,HMS,Moan,8/16/2021 5:04:05.7,8/16/2021 5:04:06.6,1,NA,NA,NA,NA,NA,NA,NA,NA,2021-08-16,27.79205,-175.819217,Night
C:\Users\mmrph\Desktop\author's Interns\PHR_wavfiles\WAVfiles\210816\20210816_043725.wav,1/20/23 9:40,HMS,MoanGrowl,8/16/2021 5:04:07.0,8/16/2021 5:04:12.4,1,NA,NA,NA,NA,NA,NA,NA,NA,2021-08-16,27.79205,-175.819217,Night
C:\Users\mmrph\Desktop\author's Interns\PHR_wavfiles\WAVfiles\210816\20210816_043725.wav,1/20/23 9:41,HMS,Whoop,8/16/2021 5:04:12.7,8/16/2021 5:04:13.0,1,1,NA,NA,NA,NA,NA,NA,NA,2021-08-16,27.79205,-175.819217,Night
C:\Users\mmrph\Desktop\author's Interns\PHR_wavfiles\WAVfiles\210816\20210816_043725.wav,1/20/23 9:46,HMS,Growl,8/16/2021 5:05:13.6,8/16/2021 5:05:15.1,2,NA,NA,NA,NA,NA,NA,NA,NA,2021-08-16,27.79205,-175.819217,Night
C:\Users\mmrph\Desktop\author's Interns\PHR_wavfiles\WAVfiles\210816\20210816_043725.wav,1/20/23 9:46,HMS,Croak,8/16/2021 5:05:15.6,8/16/2021 5:05:16.0,2,NA,NA,NA,NA,NA,NA,NA,NA,2021-08-16,27.79205,-175.819217,Night
C:\Users\mmrph\Desktop\author's Interns\PHR_wavfiles\WAVfiles\210816\20210816_043725.wav,1/20/23 9:46,HMS,Growl,8/16/2021 5:05:17.2,8/16/2021 5:05:21.3,3,NA,NA,NA,NA,NA,NA,NA,NA,2021-08-16,27.79205,-175.819217,Night
C:\Users\mmrph\Desktop\author's Interns\PHR_wavfiles\WAVfiles\210816\20210816_043725.wav,1/20/23 9:48,HMS,Whoop,8/16/2021 5:05:21.5,8/16/2021 5:05:22.0,1,2,NA,NA,NA,NA,NA,NA,NA,2021-08-16,27.79205,-175.819217,Night
C:\Users\mmrph\Desktop\author's Interns\PHR_wavfiles\WAVfiles\210816\20210816_043725.wav,1/20/23 9:48,HMS,Whoop,8/16/2021 5:05:23.8,8/16/2021 5:05:24.7,1,3,NA,NA,NA,NA,NA,NA,NA,2021-08-16,27.79205,-175.819217,Night
C:\Users\mmrph\Desktop\author's Interns\PHR_wavfiles\WAVfiles\210816\20210816_043725.wav,1/20/23 9:49,HMS,Growl,8/16/2021 5:05:25.9,8/16/2021 5:05:26.7,1,NA,NA,NA,NA,NA,NA,NA,NA,2021-08-16,27.79205,-175.819217,Night
C:\Users\mmrph\Desktop\author's Interns\PHR_wavfiles\WAVfiles\210816\20210816_043725.wav,1/20/23 9:50,HMS,Whoop,8/16/2021 5:05:29.4,8/16/2021 5:05:29.7,1,1,NA,NA,NA,NA,NA,NA,NA,2021-08-16,27.79205,-175.819217,Night
C:\Users\mmrph\Desktop\author's Interns\PHR_wavfiles\WAVfiles\210816\20210816_043725.wav,1/20/23 9:59,HMS,Growl,8/16/2021 6:01:00.3,8/16/2021 6:01:04.8,1,NA,NA,NA,NA,NA,NA,NA,NA,2021-08-16,27.79205,-175.819217,Night
C:\Users\mmrph\Desktop\author's Interns\PHR_wavfiles\WAVfiles\210816\20210816_043725.wav,1/20/23 9:59,HMS,Growl,8/16/2021 6:01:07.7,8/16/2021 6:01:11.3,1,NA,NA,NA,NA,NA,NA,NA,NA,2021-08-16,27.79205,-175.819217,Night
C:\Users\mmrph\Desktop\author's Interns\PHR_wavfiles\WAVfiles\210816\20210816_043725.wav,1/20/23 10:00,HMS,Croak,8/16/2021 6:01:12.3,8/16/2021 6:01:12.8,1,NA,NA,NA,NA,NA,NA,NA,NA,2021-08-16,27.79205,-175.819217,Night
C:\Users\mmrph\Desktop\author's Interns\PHR_wavfiles\WAVfiles\210816\20210816_043725.wav,1/20/23 10:00,HMS,Growl,8/16/2021 6:01:20.4,8/16/2021 6:01:29.7,1,NA,NA,NA,NA,NA,NA,NA,NA,2021-08-16,27.79205,-175.819217,Night
C:\Users\mmrph\Desktop\author's Interns\PHR_wavfiles\WAVfiles\210816\20210816_043725.wav,1/20/23 10:01,HMS,Growl,8/16/2021 6:01:32.1,8/16/2021 6:01:36.9,1,NA,NA,NA,NA,NA,NA,NA,NA,2021-08-16,27.79205,-175.819217,Night
C:\Users\mmrph\Desktop\author's Interns\PHR_wavfiles\WAVfiles\210816\20210816_043725.wav,1/20/23 10:01,HMS,Growl,8/16/2021 6:01:41.0,8/16/2021 6:01:45.9,1,NA,NA,NA,NA,NA,NA,NA,NA,2021-08-16,27.79205,-175.819217,Night
C:\Users\mmrph\Desktop\author's Interns\PHR_wavfiles\WAVfiles\210816\20210816_043725.wav,1/20/23 10:01,HMS,Growl,8/16/2021 6:01:46.8,8/16/2021 6:01:51.4,1,NA,NA,NA,NA,NA,NA,NA,NA,2021-08-16,27.79205,-175.819217,Night
C:\Users\mmrph\Desktop\author's Interns\PHR_wavfiles\WAVfiles\210816\20210816_043725.wav,1/20/23 10:02,HMS,Growl,8/16/2021 6:01:51.6,8/16/2021 6:01:54.3,1,NA,NA,NA,NA,NA,NA,NA,NA,2021-08-16,27.79205,-175.819217,Night
C:\Users\mmrph\Desktop\author's Interns\PHR_wavfiles\WAVfiles\210816\20210816_043725.wav,1/20/23 10:02,HMS,Moan,8/16/2021 6:01:55.0,8/16/2021 6:01:57.9,1,NA,NA,NA,NA,NA,NA,NA,NA,2021-08-16,27.79205,-175.819217,Night
C:\Users\mmrph\Desktop\author's Interns\PHR_wavfiles\WAVfiles\210816\20210816_043725.wav,1/20/23 10:03,HMS,Croak,8/16/2021 6:01:59.1,8/16/2021 6:01:59.1,1,NA,NA,NA,NA,NA,NA,NA,NA,2021-08-16,27.79205,-175.819217,Night
C:\Users\mmrph\Desktop\author's Interns\PHR_wavfiles\WAVfiles\210816\20210816_043725.wav,1/20/23 10:04,HMS,Growl,8/16/2021 6:02:01.4,8/16/2021 6:02:02.2,1,NA,NA,NA,NA,NA,NA,NA,NA,2021-08-16,27.79205,-175.819217,Night
C:\Users\mmrph\Desktop\author's Interns\PHR_wavfiles\WAVfiles\210816\20210816_043725.wav,1/20/23 10:05,HMS,Croak,8/16/2021 6:02:47.7,8/16/2021 6:02:48.5,1,NA,NA,NA,NA,NA,NA,NA,NA,2021-08-16,27.79205,-175.819217,Night
C:\Users\mmrph\Desktop\author's Interns\PHR_wavfiles\WAVfiles\210816\20210816_043725.wav,1/20/23 10:06,HMS,Croak,8/16/2021 6:02:48.5,8/16/2021 6:02:51.4,1,NA,NA,NA,NA,NA,NA,NA,NA,2021-08-16,27.79205,-175.819217,Night
C:\Users\mmrph\Desktop\author's Interns\PHR_wavfiles\WAVfiles\210816\20210816_043725.wav,1/20/23 10:06,HMS,Whoop,8/16/2021 6:02:57.3,8/16/2021 6:02:57.6,1,1,NA,NA,NA,NA,NA,NA,NA,2021-08-16,27.79205,-175.819217,Night
C:\Users\mmrph\Desktop\author's Interns\PHR_wavfiles\WAVfiles\210816\20210816_043725.wav,1/20/23 10:12,HMS,Growl,8/16/2021 6:03:16.0,8/16/2021 6:03:22.4,1,NA,NA,NA,NA,NA,NA,NA,NA,2021-08-16,27.79205,-175.819217,Night
C:\Users\mmrph\Desktop\author's Interns\PHR_wavfiles\WAVfiles\210816\20210816_043725.wav,1/20/23 10:12,HMS,Growl,8/16/2021 6:03:25.5,8/16/2021 6:03:29.5,1,NA,NA,NA,NA,NA,NA,NA,NA,2021-08-16,27.79205,-175.819217,Night
C:\Users\mmrph\Desktop\author's Interns\PHR_wavfiles\WAVfiles\210816\20210816_043725.wav,1/20/23 10:12,HMS,Moan,8/16/2021 6:03:40.4,8/16/2021 6:03:40.4,1,NA,NA,NA,NA,NA,NA,NA,NA,2021-08-16,27.79205,-175.819217,Night
C:\Users\mmrph\Desktop\author's Interns\PHR_wavfiles\WAVfiles\210816\20210816_043725.wav,1/20/23 10:13,HMS,Growl,8/16/2021 6:03:42.2,8/16/2021 6:03:46.0,1,NA,NA,NA,NA,NA,NA,NA,NA,2021-08-16,27.79205,-175.819217,Night
C:\Users\mmrph\Desktop\author's Interns\PHR_wavfiles\WAVfiles\210816\20210816_043725.wav,1/20/23 10:13,HMS,Growl,8/16/2021 6:03:47.2,8/16/2021 6:03:51.3,1,NA,NA,NA,NA,NA,NA,NA,NA,2021-08-16,27.79205,-175.819217,Night
C:\Users\mmrph\Desktop\author's Interns\PHR_wavfiles\WAVfiles\210816\20210816_043725.wav,1/20/23 10:13,HMS,Moan,8/16/2021 6:03:53.8,8/16/2021 6:03:54.4,1,NA,NA,NA,NA,NA,NA,NA,NA,2021-08-16,27.79205,-175.819217,Night
C:\Users\mmrph\Desktop\author's Interns\PHR_wavfiles\WAVfiles\210816\20210816_043725.wav,1/20/23 10:14,HMS,Growl,8/16/2021 6:04:28.3,8/16/2021 6:04:29.7,1,NA,NA,NA,NA,NA,NA,NA,NA,2021-08-16,27.79205,-175.819217,Night
C:\Users\mmrph\Desktop\author's Interns\PHR_wavfiles\WAVfiles\210816\20210816_043725.wav,1/20/23 10:16,HMS,Growl,8/16/2021 6:04:45.2,8/16/2021 6:04:45.2,1,NA,NA,NA,NA,NA,NA,NA,NA,2021-08-16,27.79205,-175.819217,Night
C:\Users\mmrph\Desktop\author's Interns\PHR_wavfiles\WAVfiles\210816\20210816_043725.wav,1/20/23 10:26,HMS,Growl,8/16/2021 7:00:04.0,8/16/2021 7:00:06.2,1,NA,NA,NA,NA,NA,NA,NA,NA,2021-08-16,27.79205,-175.819217,Night
C:\Users\mmrph\Desktop\author's Interns\PHR_wavfiles\WAVfiles\210816\20210816_043725.wav,1/20/23 10:26,HMS,Croak,8/16/2021 7:00:06.8,8/16/2021 7:00:07.7,1,NA,NA,NA,NA,NA,NA,NA,NA,2021-08-16,27.79205,-175.819217,Night
C:\Users\mmrph\Desktop\author's Interns\PHR_wavfiles\WAVfiles\210816\20210816_043725.wav,1/20/23 10:29,HMS,Growl,8/16/2021 7:00:09.3,8/16/2021 7:00:12.6,1,NA,NA,NA,NA,NA,NA,NA,NA,2021-08-16,27.79205,-175.819217,Night
C:\Users\mmrph\Desktop\author's Interns\PHR_wavfiles\WAVfiles\210816\20210816_043725.wav,1/20/23 10:29,HMS,Croak,8/16/2021 7:00:17.2,8/16/2021 7:00:17.7,1,NA,NA,NA,NA,NA,NA,NA,NA,2021-08-16,27.79205,-175.819217,Night
C:\Users\mmrph\Desktop\author's Interns\PHR_wavfiles\WAVfiles\210816\20210816_043725.wav,1/20/23 10:29,HMS,Growl,8/16/2021 7:00:18.4,8/16/2021 7:00:21.4,1,NA,NA,NA,NA,NA,NA,NA,NA,2021-08-16,27.79205,-175.819217,Night
C:\Users\mmrph\Desktop\author's Interns\PHR_wavfiles\WAVfiles\210816\20210816_043725.wav,1/20/23 10:31,HMS,Moan,8/16/2021 7:00:27.9,8/16/2021 7:00:27.9,1,NA,NA,NA,NA,NA,NA,NA,NA,2021-08-16,27.79205,-175.819217,Night
C:\Users\mmrph\Desktop\author's Interns\PHR_wavfiles\WAVfiles\210816\20210816_043725.wav,1/20/23 10:43,HMS,Growl,8/16/2021 7:00:37.3,8/16/2021 7:00:40.2,1,NA,NA,NA,NA,NA,NA,NA,NA,2021-08-16,27.79205,-175.819217,Night
C:\Users\mmrph\Desktop\author's Interns\PHR_wavfiles\WAVfiles\210816\20210816_043725.wav,1/20/23 10:44,HMS,Growl,8/16/2021 7:00:41.7,8/16/2021 7:00:42.3,1,NA,NA,NA,NA,NA,NA,NA,NA,2021-08-16,27.79205,-175.819217,Night
C:\Users\mmrph\Desktop\author's Interns\PHR_wavfiles\WAVfiles\210816\20210816_043725.wav,1/20/23 10:44,HMS,Growl,8/16/2021 7:00:43.0,8/16/2021 7:00:46.7,1,NA,NA,NA,NA,NA,NA,NA,NA,2021-08-16,27.79205,-175.819217,Night
C:\Users\mmrph\Desktop\author's Interns\PHR_wavfiles\WAVfiles\210816\20210816_043725.wav,1/20/23 10:44,HMS,Croak,8/16/2021 7:00:52.8,8/16/2021 7:00:53.3,1,NA,NA,NA,NA,NA,NA,NA,NA,2021-08-16,27.79205,-175.819217,Night
C:\Users\mmrph\Desktop\author's Interns\PHR_wavfiles\WAVfiles\210816\20210816_043725.wav,1/20/23 10:44,HMS,Growl,8/16/2021 7:00:53.8,8/16/2021 7:00:57.2,1,NA,NA,NA,NA,NA,NA,NA,NA,2021-08-16,27.79205,-175.819217,Night
C:\Users\mmrph\Desktop\author's Interns\PHR_wavfiles\WAVfiles\210816\20210816_043725.wav,1/20/23 10:47,HMS,Growl,8/16/2021 7:01:04.2,8/16/2021 7:01:08.1,1,NA,NA,NA,NA,NA,NA,NA,NA,2021-08-16,27.79205,-175.819217,Night
C:\Users\mmrph\Desktop\author's Interns\PHR_wavfiles\WAVfiles\210816\20210816_043725.wav,1/20/23 10:47,HMS,Moan,8/16/2021 7:01:16.9,8/16/2021 7:01:18.4,1,NA,NA,NA,NA,NA,NA,NA,NA,2021-08-16,27.79205,-175.819217,Night
G:\2021\5643\20210816_043725.wav,11/28/23 11:30,HMS,Growl,8/16/2021 7:01:21.6,8/16/2021 7:01:26.1,2,NA,NA,NA,NA,NA,author start,NA,NA,2021-08-16,27.79205,-175.819217,Night
G:\2021\5643\20210816_043725.wav,11/28/23 11:30,HMS,Growl,8/16/2021 7:01:26.1,8/16/2021 7:01:28.6,2,NA,NA,NA,NA,NA,NA,NA,NA,2021-08-16,27.79205,-175.819217,Night
G:\2021\5643\20210816_043725.wav,11/28/23 11:31,HMS,Whoop,8/16/2021 7:01:26.4,8/16/2021 7:01:26.5,2,1,NA,NA,NA,NA,NA,NA,NA,2021-08-16,27.79205,-175.819217,Night
G:\2021\5643\20210816_043725.wav,11/28/23 11:31,HMS,Whoop,8/16/2021 7:01:28.6,8/16/2021 7:01:28.7,2,1,NA,NA,NA,NA,NA,NA,NA,2021-08-16,27.79205,-175.819217,Night
G:\2021\5643\20210816_043725.wav,11/28/23 11:32,HMS,Growl,8/16/2021 7:01:28.8,8/16/2021 7:01:29.3,2,NA,NA,NA,NA,NA,NA,NA,NA,2021-08-16,27.79205,-175.819217,Night
G:\2021\5643\20210816_043725.wav,11/28/23 11:32,UF,Other,8/16/2021 7:01:29.4,8/16/2021 7:01:30.8,NA,NA,NA,NA,NA,NA,NA,NA,NA,2021-08-16,27.79205,-175.819217,Night
G:\2021\5643\20210816_043725.wav,11/28/23 11:32,HMS,Whoop,8/16/2021 7:01:31.3,8/16/2021 7:01:31.9,1,3,NA,NA,NA,NA,NA,NA,NA,2021-08-16,27.79205,-175.819217,Night
G:\2021\5643\20210816_043725.wav,11/28/23 11:32,HMS,Croak,8/16/2021 7:01:32.4,8/16/2021 7:01:32.8,2,NA,NA,NA,NA,NA,NA,NA,NA,2021-08-16,27.79205,-175.819217,Night
G:\2021\5643\20210816_043725.wav,11/28/23 11:32,HMS,Growl,8/16/2021 7:01:33.2,8/16/2021 7:01:36.2,2,NA,NA,NA,NA,NA,NA,NA,NA,2021-08-16,27.79205,-175.819217,Night
G:\2021\5643\20210816_043725.wav,11/28/23 11:32,HMS,Growl,8/16/2021 7:01:41.7,8/16/2021 7:01:45.5,2,NA,NA,NA,NA,NA,NA,NA,NA,2021-08-16,27.79205,-175.819217,Night
G:\2021\5643\20210816_043725.wav,11/28/23 11:33,HMS,Croak,8/16/2021 7:01:42.5,8/16/2021 7:01:42.9,2,NA,NA,NA,NA,NA,overlapping with growl,NA,NA,2021-08-16,27.79205,-175.819217,Night
G:\2021\5643\20210816_043725.wav,11/28/23 11:34,UF,Other,8/16/2021 7:01:44.4,8/16/2021 7:01:44.6,NA,NA,NA,NA,NA,NA,NA,NA,NA,2021-08-16,27.79205,-175.819217,Night
G:\2021\5643\20210816_043725.wav,11/28/23 11:34,UF,Other,8/16/2021 7:01:45.0,8/16/2021 7:01:45.2,NA,NA,NA,NA,NA,NA,NA,NA,NA,2021-08-16,27.79205,-175.819217,Night
G:\2021\5643\20210816_043725.wav,11/28/23 11:34,UF,Other,8/16/2021 7:01:45.9,8/16/2021 7:01:46.3,NA,NA,NA,NA,NA,NA,NA,NA,NA,2021-08-16,27.79205,-175.819217,Night
G:\2021\5643\20210816_043725.wav,11/28/23 11:35,HMS,Croak,8/16/2021 7:01:46.7,8/16/2021 7:01:46.9,1,NA,NA,NA,NA,NA,NA,NA,NA,2021-08-16,27.79205,-175.819217,Night
G:\2021\5643\20210816_043725.wav,11/28/23 11:35,HMS,Growl,8/16/2021 7:01:47.2,8/16/2021 7:01:48.0,1,NA,NA,NA,NA,NA,NA,NA,NA,2021-08-16,27.79205,-175.819217,Night
G:\2021\5643\20210816_043725.wav,11/28/23 11:35,UF,Other,8/16/2021 7:01:48.1,8/16/2021 7:01:48.8,NA,NA,NA,NA,NA,NA,NA,NA,NA,2021-08-16,27.79205,-175.819217,Night
G:\2021\5643\20210816_043725.wav,11/28/23 11:35,HMS,Croak,8/16/2021 7:01:48.9,8/16/2021 7:01:49.0,1,NA,NA,NA,NA,NA,NA,NA,NA,2021-08-16,27.79205,-175.819217,Night
G:\2021\5643\20210816_043725.wav,11/28/23 11:36,HMS,Whoop,8/16/2021 7:01:50.3,8/16/2021 7:01:50.5,1,1,NA,NA,NA,NA,NA,NA,NA,2021-08-16,27.79205,-175.819217,Night
G:\2021\5643\20210816_043725.wav,11/28/23 11:36,HMS,Whoop,8/16/2021 7:01:53.7,8/16/2021 7:01:54.3,2,2,NA,NA,NA,NA,NA,NA,NA,2021-08-16,27.79205,-175.819217,Night
G:\2021\5643\20210816_043725.wav,11/28/23 11:36,HMS,Growl,8/16/2021 7:01:54.5,8/16/2021 7:01:55.0,2,NA,NA,NA,NA,NA,NA,NA,NA,2021-08-16,27.79205,-175.819217,Night
G:\2021\5643\20210816_043725.wav,11/28/23 11:36,HMS,Growl,8/16/2021 7:01:55.4,8/16/2021 7:01:58.9,2,NA,NA,NA,NA,NA,NA,NA,NA,2021-08-16,27.79205,-175.819217,Night
G:\2021\5643\20210816_043725.wav,11/28/23 11:36,HMS,Whoop,8/16/2021 7:01:59.1,8/16/2021 7:01:59.2,2,1,NA,NA,NA,NA,author end,NA,NA,2021-08-16,27.79205,-175.819217,Night
C:\Users\mmrph\Desktop\author's Interns\PHR_wavfiles\WAVfiles\210816\20210816_043725.wav,1/20/23 11:03,HMS,Growl,8/16/2021 7:02:03.7,8/16/2021 7:02:07.4,1,NA,NA,NA,NA,NA,NA,NA,NA,2021-08-16,27.79205,-175.819217,Night
C:\Users\mmrph\Desktop\author's Interns\PHR_wavfiles\WAVfiles\210816\20210816_043725.wav,1/20/23 11:06,HMS,Croak,8/16/2021 7:02:34.7,8/16/2021 7:02:35.7,3,NA,NA,NA,NA,NA,with bubbles,NA,NA,2021-08-16,27.79205,-175.819217,Night
C:\Users\mmrph\Desktop\author's Interns\PHR_wavfiles\WAVfiles\210816\20210816_043725.wav,1/20/23 11:09,HMS,Growl,8/16/2021 7:03:05.5,8/16/2021 7:03:08.9,1,NA,NA,NA,NA,NA,NA,NA,NA,2021-08-16,27.79205,-175.819217,Night
C:\Users\mmrph\Desktop\author's Interns\PHR_wavfiles\WAVfiles\210816\20210816_043725.wav,1/20/23 11:09,HMS,Croak,8/16/2021 7:03:10.1,8/16/2021 7:03:10.7,1,NA,NA,NA,NA,NA,NA,NA,NA,2021-08-16,27.79205,-175.819217,Night
C:\Users\mmrph\Desktop\author's Interns\PHR_wavfiles\WAVfiles\210816\20210816_043725.wav,1/20/23 11:09,HMS,Growl,8/16/2021 7:03:11.4,8/16/2021 7:03:15.3,1,NA,NA,NA,NA,NA,NA,NA,NA,2021-08-16,27.79205,-175.819217,Night
C:\Users\mmrph\Desktop\author's Interns\PHR_wavfiles\WAVfiles\210816\20210816_043725.wav,1/20/23 11:09,HMS,Croak,8/16/2021 7:03:25.1,8/16/2021 7:03:25.7,1,NA,NA,NA,NA,NA,NA,NA,NA,2021-08-16,27.79205,-175.819217,Night
C:\Users\mmrph\Desktop\author's Interns\PHR_wavfiles\WAVfiles\210816\20210816_043725.wav,1/20/23 11:09,HMS,Croak,8/16/2021 7:03:28.4,8/16/2021 7:03:29.0,1,NA,NA,NA,NA,NA,NA,NA,NA,2021-08-16,27.79205,-175.819217,Night
C:\Users\mmrph\Desktop\author's Interns\PHR_wavfiles\WAVfiles\210816\20210816_043725.wav,1/20/23 11:21,HMS,Growl,8/16/2021 7:03:50.1,8/16/2021 7:03:53.7,1,NA,NA,NA,NA,NA,NA,NA,NA,2021-08-16,27.79205,-175.819217,Night
C:\Users\mmrph\Desktop\author's Interns\PHR_wavfiles\WAVfiles\210816\20210816_043725.wav,1/20/23 11:21,HMS,Croak,8/16/2021 7:03:53.7,8/16/2021 7:04:04.9,1,NA,NA,NA,NA,NA,NA,NA,NA,2021-08-16,27.79205,-175.819217,Night
C:\Users\mmrph\Desktop\author's Interns\PHR_wavfiles\WAVfiles\210816\20210816_043725.wav,1/20/23 11:22,HMS,Growl,8/16/2021 7:04:13.9,8/16/2021 7:04:17.8,1,NA,NA,NA,NA,NA,NA,NA,NA,2021-08-16,27.79205,-175.819217,Night
C:\Users\mmrph\Desktop\author's Interns\PHR_wavfiles\WAVfiles\210816\20210816_043725.wav,1/20/23 11:22,HMS,Growl,8/16/2021 7:04:20.6,8/16/2021 7:04:24.4,1,NA,NA,NA,NA,NA,NA,NA,NA,2021-08-16,27.79205,-175.819217,Night
C:\Users\mmrph\Desktop\author's Interns\PHR_wavfiles\WAVfiles\210816\20210816_043725.wav,1/20/23 11:22,HMS,Croak,8/16/2021 7:04:32.2,8/16/2021 7:04:32.7,1,NA,NA,NA,NA,NA,NA,NA,NA,2021-08-16,27.79205,-175.819217,Night
C:\Users\mmrph\Desktop\author's Interns\PHR_wavfiles\WAVfiles\210816\20210816_043725.wav,1/20/23 11:23,HMS,Growl,8/16/2021 7:04:33.2,8/16/2021 7:04:36.9,1,NA,NA,NA,NA,NA,NA,NA,NA,2021-08-16,27.79205,-175.819217,Night
C:\Users\mmrph\Desktop\author's Interns\PHR_wavfiles\WAVfiles\210816\20210816_043725.wav,1/20/23 11:23,HMS,Growl,8/16/2021 7:04:36.9,8/16/2021 7:04:38.1,1,NA,NA,NA,NA,NA,NA,NA,NA,2021-08-16,27.79205,-175.819217,Night
C:\Users\mmrph\Desktop\author's Interns\PHR_wavfiles\WAVfiles\210816\20210816_073724.wav,1/24/23 13:05,HMS,Growl,8/16/2021 8:00:40.6,8/16/2021 8:00:44.1,1,NA,NA,NA,NA,NA,author start,NA,NA,2021-08-16,27.79205,-175.819217,Day
C:\Users\mmrph\Desktop\author's Interns\PHR_wavfiles\WAVfiles\210816\20210816_073724.wav,1/24/23 13:06,HMS,Moan,8/16/2021 8:00:44.4,8/16/2021 8:00:45.0,3,NA,NA,NA,NA,NA,NA,NA,NA,2021-08-16,27.79205,-175.819217,Day
C:\Users\mmrph\Desktop\author's Interns\PHR_wavfiles\WAVfiles\210816\20210816_073724.wav,1/24/23 13:06,HMS,Growl,8/16/2021 8:00:47.3,8/16/2021 8:00:50.9,1,NA,NA,NA,NA,NA,NA,NA,NA,2021-08-16,27.79205,-175.819217,Day
C:\Users\mmrph\Desktop\author's Interns\PHR_wavfiles\WAVfiles\210816\20210816_073724.wav,1/24/23 13:07,HMS,Growl,8/16/2021 8:02:33.1,8/16/2021 8:02:40.4,1,NA,NA,NA,NA,NA,NA,NA,NA,2021-08-16,27.79205,-175.819217,Day
C:\Users\mmrph\Desktop\author's Interns\PHR_wavfiles\WAVfiles\210816\20210816_073724.wav,1/24/23 13:07,HMS,Growl,8/16/2021 8:02:42.3,8/16/2021 8:02:46.2,1,NA,NA,NA,NA,NA,NA,NA,NA,2021-08-16,27.79205,-175.819217,Day
C:\Users\mmrph\Desktop\author's Interns\PHR_wavfiles\WAVfiles\210816\20210816_073724.wav,1/24/23 13:07,HMS,Croak,8/16/2021 8:02:57.0,8/16/2021 8:02:57.4,1,NA,NA,NA,NA,NA,NA,NA,NA,2021-08-16,27.79205,-175.819217,Day
C:\Users\mmrph\Desktop\author's Interns\PHR_wavfiles\WAVfiles\210816\20210816_073724.wav,1/24/23 13:07,HMS,Growl,8/16/2021 8:02:58.3,8/16/2021 8:03:02.8,1,NA,NA,NA,NA,NA,NA,NA,NA,2021-08-16,27.79205,-175.819217,Day
C:\Users\mmrph\Desktop\author's Interns\PHR_wavfiles\WAVfiles\210816\20210816_073724.wav,1/24/23 13:07,HMS,Growl,8/16/2021 8:03:03.8,8/16/2021 8:03:08.7,1,NA,NA,NA,NA,NA,NA,NA,NA,2021-08-16,27.79205,-175.819217,Day
C:\Users\mmrph\Desktop\author's Interns\PHR_wavfiles\WAVfiles\210816\20210816_073724.wav,1/24/23 13:07,HMS,Growl,8/16/2021 8:03:18.5,8/16/2021 8:03:23.1,1,NA,NA,NA,NA,NA,NA,NA,NA,2021-08-16,27.79205,-175.819217,Day
C:\Users\mmrph\Desktop\author's Interns\PHR_wavfiles\WAVfiles\210816\20210816_073724.wav,1/24/23 13:09,HMS,Growl,8/16/2021 8:04:44.1,8/16/2021 8:04:44.6,1,NA,NA,NA,NA,NA,NA,NA,NA,2021-08-16,27.79205,-175.819217,Day
C:\Users\mmrph\Desktop\author's Interns\PHR_wavfiles\WAVfiles\210816\20210816_073724.wav,1/24/23 13:09,HMS,Growl,8/16/2021 8:04:47.5,8/16/2021 8:04:51.6,1,NA,NA,NA,NA,NA,NA,NA,NA,2021-08-16,27.79205,-175.819217,Day
C:\Users\mmrph\Desktop\author's Interns\PHR_wavfiles\WAVfiles\210816\20210816_073724.wav,1/24/23 13:09,HMS,Croak,8/16/2021 8:04:58.5,8/16/2021 8:04:58.7,1,NA,NA,NA,NA,NA,NA,NA,NA,2021-08-16,27.79205,-175.819217,Day
C:\Users\mmrph\Desktop\author's Interns\PHR_wavfiles\WAVfiles\210816\20210816_073724.wav,1/24/23 13:09,HMS,Croak,8/16/2021 8:04:59.3,8/16/2021 8:04:59.8,1,NA,NA,NA,NA,NA,NA,NA,NA,2021-08-16,27.79205,-175.819217,Day
C:\Users\mmrph\Desktop\author's Interns\PHR_wavfiles\WAVfiles\210816\20210816_073724.wav,1/24/23 13:10,HMS,Growl,8/16/2021 9:00:22.0,8/16/2021 9:00:23.3,3,NA,NA,NA,NA,NA,NA,NA,NA,2021-08-16,27.79205,-175.819217,Day
C:\Users\mmrph\Desktop\author's Interns\PHR_wavfiles\WAVfiles\210816\20210816_073724.wav,1/24/23 13:10,HMS,Croak,8/16/2021 9:00:23.7,8/16/2021 9:00:24.0,1,NA,NA,NA,NA,NA,NA,NA,NA,2021-08-16,27.79205,-175.819217,Day
C:\Users\mmrph\Desktop\author's Interns\PHR_wavfiles\WAVfiles\210816\20210816_073724.wav,1/24/23 13:10,HMS,Growl,8/16/2021 9:00:25.4,8/16/2021 9:00:28.7,3,NA,NA,NA,NA,NA,really loud,NA,NA,2021-08-16,27.79205,-175.819217,Day
C:\Users\mmrph\Desktop\author's Interns\PHR_wavfiles\WAVfiles\210816\20210816_073724.wav,1/24/23 13:11,HMS,Whoop,8/16/2021 9:00:30.8,8/16/2021 9:00:31.6,3,2,NA,NA,NA,NA,NA,NA,NA,2021-08-16,27.79205,-175.819217,Day
C:\Users\mmrph\Desktop\author's Interns\PHR_wavfiles\WAVfiles\210816\20210816_073724.wav,1/24/23 13:11,HMS,Whoop,8/16/2021 9:00:33.7,8/16/2021 9:00:34.0,3,1,NA,NA,NA,NA,NA,NA,NA,2021-08-16,27.79205,-175.819217,Day
C:\Users\mmrph\Desktop\author's Interns\PHR_wavfiles\WAVfiles\210816\20210816_073724.wav,1/24/23 13:11,HMS,Whoop,8/16/2021 9:00:37.3,8/16/2021 9:00:37.5,3,1,NA,NA,NA,NA,NA,NA,NA,2021-08-16,27.79205,-175.819217,Day
C:\Users\mmrph\Desktop\author's Interns\PHR_wavfiles\WAVfiles\210816\20210816_073724.wav,1/24/23 13:11,HMS,Croak,8/16/2021 9:00:38.2,8/16/2021 9:00:38.6,3,NA,NA,NA,NA,NA,NA,NA,NA,2021-08-16,27.79205,-175.819217,Day
C:\Users\mmrph\Desktop\author's Interns\PHR_wavfiles\WAVfiles\210816\20210816_073724.wav,1/24/23 13:12,HMS,Growl,8/16/2021 9:00:39.3,8/16/2021 9:00:43.0,3,NA,NA,NA,NA,NA,NA,NA,NA,2021-08-16,27.79205,-175.819217,Day
C:\Users\mmrph\Desktop\author's Interns\PHR_wavfiles\WAVfiles\210816\20210816_073724.wav,1/24/23 13:12,HMS,Growl,8/16/2021 9:00:44.0,8/16/2021 9:00:47.9,3,NA,NA,NA,NA,NA,NA,NA,NA,2021-08-16,27.79205,-175.819217,Day
C:\Users\mmrph\Desktop\author's Interns\PHR_wavfiles\WAVfiles\210816\20210816_073724.wav,1/24/23 13:12,HMS,Whoop,8/16/2021 9:00:49.4,8/16/2021 9:00:49.6,3,1,NA,NA,NA,NA,NA,NA,NA,2021-08-16,27.79205,-175.819217,Day
C:\Users\mmrph\Desktop\author's Interns\PHR_wavfiles\WAVfiles\210816\20210816_073724.wav,1/24/23 13:12,HMS,Whoop,8/16/2021 9:00:53.1,8/16/2021 9:00:54.2,3,2,NA,NA,NA,NA,NA,NA,NA,2021-08-16,27.79205,-175.819217,Day
C:\Users\mmrph\Desktop\author's Interns\PHR_wavfiles\WAVfiles\210816\20210816_073724.wav,1/24/23 13:13,HMS,Growl,8/16/2021 9:01:14.1,8/16/2021 9:01:18.5,1,NA,NA,NA,NA,NA,NA,NA,NA,2021-08-16,27.79205,-175.819217,Day
C:\Users\mmrph\Desktop\author's Interns\PHR_wavfiles\WAVfiles\210816\20210816_073724.wav,1/24/23 13:14,HMS,Growl,8/16/2021 9:01:52.8,8/16/2021 9:01:59.8,3,NA,NA,NA,NA,NA,NA,NA,NA,2021-08-16,27.79205,-175.819217,Day
C:\Users\mmrph\Desktop\author's Interns\PHR_wavfiles\WAVfiles\210816\20210816_073724.wav,1/24/23 13:15,HMS,Whoop,8/16/2021 9:02:01.4,8/16/2021 9:02:01.6,3,1,NA,NA,NA,NA,NA,NA,NA,2021-08-16,27.79205,-175.819217,Day
C:\Users\mmrph\Desktop\author's Interns\PHR_wavfiles\WAVfiles\210816\20210816_073724.wav,1/24/23 13:15,HMS,Croak,8/16/2021 9:02:06.9,8/16/2021 9:02:07.4,3,NA,NA,NA,NA,NA,NA,NA,NA,2021-08-16,27.79205,-175.819217,Day
C:\Users\mmrph\Desktop\author's Interns\PHR_wavfiles\WAVfiles\210816\20210816_073724.wav,1/24/23 13:16,HMS,Whoop,8/16/2021 9:02:08.0,8/16/2021 9:02:08.7,2,3,NA,NA,NA,NA,NA,NA,NA,2021-08-16,27.79205,-175.819217,Day
C:\Users\mmrph\Desktop\author's Interns\PHR_wavfiles\WAVfiles\210816\20210816_073724.wav,1/24/23 13:16,HMS,Croak,8/16/2021 9:02:09.0,8/16/2021 9:02:09.3,2,NA,NA,NA,NA,NA,NA,NA,NA,2021-08-16,27.79205,-175.819217,Day
C:\Users\mmrph\Desktop\author's Interns\PHR_wavfiles\WAVfiles\210816\20210816_073724.wav,1/24/23 13:16,HMS,Growl,8/16/2021 9:02:10.0,8/16/2021 9:02:14.1,3,NA,NA,NA,NA,NA,NA,NA,NA,2021-08-16,27.79205,-175.819217,Day
C:\Users\mmrph\Desktop\author's Interns\PHR_wavfiles\WAVfiles\210816\20210816_073724.wav,1/24/23 13:16,HMS,Growl,8/16/2021 9:02:15.2,8/16/2021 9:02:18.3,3,NA,NA,NA,NA,NA,NA,NA,NA,2021-08-16,27.79205,-175.819217,Day
C:\Users\mmrph\Desktop\author's Interns\PHR_wavfiles\WAVfiles\210816\20210816_073724.wav,1/24/23 13:16,HMS,Whoop,8/16/2021 9:02:19.9,8/16/2021 9:02:20.0,1,1,NA,NA,NA,NA,NA,NA,NA,2021-08-16,27.79205,-175.819217,Day
C:\Users\mmrph\Desktop\author's Interns\PHR_wavfiles\WAVfiles\210816\20210816_073724.wav,1/24/23 13:16,HMS,Growl,8/16/2021 9:02:23.8,8/16/2021 9:02:24.6,1,NA,NA,NA,NA,NA,NA,NA,NA,2021-08-16,27.79205,-175.819217,Day
C:\Users\mmrph\Desktop\author's Interns\PHR_wavfiles\WAVfiles\210816\20210816_073724.wav,1/24/23 13:16,HMS,Whoop,8/16/2021 9:02:25.9,8/16/2021 9:02:26.1,1,1,NA,NA,NA,NA,NA,NA,NA,2021-08-16,27.79205,-175.819217,Day
C:\Users\mmrph\Desktop\author's Interns\PHR_wavfiles\WAVfiles\210816\20210816_073724.wav,1/24/23 13:17,HMS,Growl,8/16/2021 9:03:33.6,8/16/2021 9:03:38.2,1,NA,NA,NA,NA,NA,NA,NA,NA,2021-08-16,27.79205,-175.819217,Day
C:\Users\mmrph\Desktop\author's Interns\PHR_wavfiles\WAVfiles\210816\20210816_073724.wav,1/24/23 13:17,HMS,Growl,8/16/2021 9:03:43.0,8/16/2021 9:03:46.1,1,NA,NA,NA,NA,NA,NA,NA,NA,2021-08-16,27.79205,-175.819217,Day
C:\Users\mmrph\Desktop\author's Interns\PHR_wavfiles\WAVfiles\210816\20210816_073724.wav,1/24/23 13:17,HMS,Growl,8/16/2021 9:04:00.1,8/16/2021 9:04:07.3,2,NA,NA,NA,NA,NA,NA,NA,NA,2021-08-16,27.79205,-175.819217,Day
C:\Users\mmrph\Desktop\author's Interns\PHR_wavfiles\WAVfiles\210816\20210816_073724.wav,1/24/23 13:18,HMS,Whoop,8/16/2021 9:04:08.0,8/16/2021 9:04:08.1,2,1,NA,NA,NA,NA,NA,NA,NA,2021-08-16,27.79205,-175.819217,Day
C:\Users\mmrph\Desktop\author's Interns\PHR_wavfiles\WAVfiles\210816\20210816_073724.wav,1/24/23 13:18,HMS,Whoop,8/16/2021 9:04:09.6,8/16/2021 9:04:09.8,1,1,NA,NA,NA,NA,NA,NA,NA,2021-08-16,27.79205,-175.819217,Day
C:\Users\mmrph\Desktop\author's Interns\PHR_wavfiles\WAVfiles\210816\20210816_073724.wav,1/24/23 13:18,HMS,Croak,8/16/2021 9:04:10.5,8/16/2021 9:04:10.8,2,NA,NA,NA,NA,NA,NA,NA,NA,2021-08-16,27.79205,-175.819217,Day
C:\Users\mmrph\Desktop\author's Interns\PHR_wavfiles\WAVfiles\210816\20210816_073724.wav,1/24/23 13:18,HMS,Growl,8/16/2021 9:04:11.6,8/16/2021 9:04:15.3,2,NA,NA,NA,NA,NA,NA,NA,NA,2021-08-16,27.79205,-175.819217,Day
C:\Users\mmrph\Desktop\author's Interns\PHR_wavfiles\WAVfiles\210816\20210816_073724.wav,1/24/23 13:18,HMS,Growl,8/16/2021 9:04:16.2,8/16/2021 9:04:20.4,2,NA,NA,NA,NA,NA,NA,NA,NA,2021-08-16,27.79205,-175.819217,Day
C:\Users\mmrph\Desktop\author's Interns\PHR_wavfiles\WAVfiles\210816\20210816_073724.wav,1/24/23 13:18,HMS,Whoop,8/16/2021 9:04:22.2,8/16/2021 9:04:22.3,2,1,NA,NA,NA,NA,NA,NA,NA,2021-08-16,27.79205,-175.819217,Day
C:\Users\mmrph\Desktop\author's Interns\PHR_wavfiles\WAVfiles\210816\20210816_073724.wav,1/24/23 13:18,HMS,Whoop,8/16/2021 9:04:25.2,8/16/2021 9:04:25.4,1,1,NA,NA,NA,NA,NA,NA,NA,2021-08-16,27.79205,-175.819217,Day
C:\Users\mmrph\Desktop\author's Interns\PHR_wavfiles\WAVfiles\210816\20210816_073724.wav,1/24/23 13:24,HMS,Growl,8/16/2021 10:00:01.7,8/16/2021 10:00:05.6,1,NA,NA,NA,NA,NA,NA,NA,NA,2021-08-16,27.79205,-175.819217,Day
C:\Users\mmrph\Desktop\author's Interns\PHR_wavfiles\WAVfiles\210816\20210816_073724.wav,1/24/23 13:24,HMS,Growl,8/16/2021 10:00:07.1,8/16/2021 10:00:09.7,1,NA,NA,NA,NA,NA,NA,NA,NA,2021-08-16,27.79205,-175.819217,Day
C:\Users\mmrph\Desktop\author's Interns\PHR_wavfiles\WAVfiles\210816\20210816_073724.wav,1/24/23 13:24,HMS,MoanGrowl,8/16/2021 10:00:16.1,8/16/2021 10:00:20.2,1,NA,NA,NA,NA,NA,NA,NA,NA,2021-08-16,27.79205,-175.819217,Day
C:\Users\mmrph\Desktop\author's Interns\PHR_wavfiles\WAVfiles\210816\20210816_073724.wav,1/24/23 13:25,HMS,Growl,8/16/2021 10:00:48.7,8/16/2021 10:00:50.3,1,NA,NA,NA,NA,NA,NA,NA,NA,2021-08-16,27.79205,-175.819217,Day
C:\Users\mmrph\Desktop\author's Interns\PHR_wavfiles\WAVfiles\210816\20210816_073724.wav,1/24/23 13:25,HMS,Whoop,8/16/2021 10:00:53.7,8/16/2021 10:00:53.9,1,1,NA,NA,NA,NA,NA,NA,NA,2021-08-16,27.79205,-175.819217,Day
C:\Users\mmrph\Desktop\author's Interns\PHR_wavfiles\WAVfiles\210816\20210816_073724.wav,1/24/23 13:25,HMS,Whoop,8/16/2021 10:00:58.7,8/16/2021 10:00:58.9,1,1,NA,NA,NA,NA,NA,NA,NA,2021-08-16,27.79205,-175.819217,Day
C:\Users\mmrph\Desktop\author's Interns\PHR_wavfiles\WAVfiles\210816\20210816_073724.wav,1/24/23 13:26,HMS,Growl,8/16/2021 10:01:07.2,8/16/2021 10:01:11.0,1,NA,NA,NA,NA,NA,NA,NA,NA,2021-08-16,27.79205,-175.819217,Day
C:\Users\mmrph\Desktop\author's Interns\PHR_wavfiles\WAVfiles\210816\20210816_073724.wav,1/24/23 13:26,HMS,Whoop,8/16/2021 10:01:12.0,8/16/2021 10:01:12.3,1,1,NA,NA,NA,NA,NA,NA,NA,2021-08-16,27.79205,-175.819217,Day
C:\Users\mmrph\Desktop\author's Interns\PHR_wavfiles\WAVfiles\210816\20210816_073724.wav,1/24/23 13:26,HMS,Growl,8/16/2021 10:01:14.9,8/16/2021 10:01:18.6,1,NA,NA,NA,NA,NA,NA,NA,NA,2021-08-16,27.79205,-175.819217,Day
C:\Users\mmrph\Desktop\author's Interns\PHR_wavfiles\WAVfiles\210816\20210816_073724.wav,1/24/23 13:26,HMS,Whoop,8/16/2021 10:01:19.8,8/16/2021 10:01:20.0,1,1,NA,NA,NA,NA,NA,NA,NA,2021-08-16,27.79205,-175.819217,Day
C:\Users\mmrph\Desktop\author's Interns\PHR_wavfiles\WAVfiles\210816\20210816_073724.wav,1/24/23 13:26,HMS,Croak,8/16/2021 10:01:24.3,8/16/2021 10:01:24.8,1,NA,NA,NA,NA,NA,NA,NA,NA,2021-08-16,27.79205,-175.819217,Day
C:\Users\mmrph\Desktop\author's Interns\PHR_wavfiles\WAVfiles\210816\20210816_073724.wav,1/24/23 13:26,HMS,Growl,8/16/2021 10:01:25.6,8/16/2021 10:01:29.7,1,NA,NA,NA,NA,NA,NA,NA,NA,2021-08-16,27.79205,-175.819217,Day
C:\Users\mmrph\Desktop\author's Interns\PHR_wavfiles\WAVfiles\210816\20210816_073724.wav,1/24/23 13:27,HMS,Growl,8/16/2021 10:01:31.0,8/16/2021 10:01:35.4,1,NA,NA,NA,NA,NA,NA,NA,NA,2021-08-16,27.79205,-175.819217,Day
C:\Users\mmrph\Desktop\author's Interns\PHR_wavfiles\WAVfiles\210816\20210816_073724.wav,1/24/23 13:27,HMS,Whoop,8/16/2021 10:01:40.5,8/16/2021 10:01:40.7,1,1,NA,NA,NA,NA,NA,NA,NA,2021-08-16,27.79205,-175.819217,Day
C:\Users\mmrph\Desktop\author's Interns\PHR_wavfiles\WAVfiles\210816\20210816_073724.wav,1/24/23 13:27,HMS,Growl,8/16/2021 10:01:46.4,8/16/2021 10:01:50.9,1,NA,NA,NA,NA,NA,NA,NA,NA,2021-08-16,27.79205,-175.819217,Day
C:\Users\mmrph\Desktop\author's Interns\PHR_wavfiles\WAVfiles\210816\20210816_073724.wav,1/24/23 13:27,HMS,Growl,8/16/2021 10:01:50.9,8/16/2021 10:02:36.8,1,NA,NA,NA,NA,NA,NA,NA,NA,2021-08-16,27.79205,-175.819217,Day
C:\Users\mmrph\Desktop\author's Interns\PHR_wavfiles\WAVfiles\210816\20210816_073724.wav,1/24/23 13:27,HMS,Growl,8/16/2021 10:02:42.2,8/16/2021 10:02:45.8,1,NA,NA,NA,NA,NA,NA,NA,NA,2021-08-16,27.79205,-175.819217,Day
C:\Users\mmrph\Desktop\author's Interns\PHR_wavfiles\WAVfiles\210816\20210816_073724.wav,1/24/23 13:28,HMS,Growl,8/16/2021 10:02:54.2,8/16/2021 10:02:58.3,1,NA,NA,NA,NA,NA,NA,NA,NA,2021-08-16,27.79205,-175.819217,Day
C:\Users\mmrph\Desktop\author's Interns\PHR_wavfiles\WAVfiles\210816\20210816_073724.wav,1/24/23 13:28,HMS,Croak,8/16/2021 10:03:05.2,8/16/2021 10:03:05.4,1,NA,NA,NA,NA,NA,NA,NA,NA,2021-08-16,27.79205,-175.819217,Day
C:\Users\mmrph\Desktop\author's Interns\PHR_wavfiles\WAVfiles\210816\20210816_073724.wav,1/24/23 13:28,HMS,Croak,8/16/2021 10:03:07.6,8/16/2021 10:03:07.9,2,NA,NA,NA,NA,NA,NA,NA,NA,2021-08-16,27.79205,-175.819217,Day
C:\Users\mmrph\Desktop\author's Interns\PHR_wavfiles\WAVfiles\210816\20210816_073724.wav,1/24/23 13:28,HMS,Growl,8/16/2021 10:03:08.7,8/16/2021 10:03:13.5,1,NA,NA,NA,NA,NA,NA,NA,NA,2021-08-16,27.79205,-175.819217,Day
C:\Users\mmrph\Desktop\author's Interns\PHR_wavfiles\WAVfiles\210816\20210816_073724.wav,1/24/23 13:29,HMS,Growl,8/16/2021 10:03:33.8,8/16/2021 10:03:36.1,2,NA,NA,NA,NA,NA,NA,NA,NA,2021-08-16,27.79205,-175.819217,Day
C:\Users\mmrph\Desktop\author's Interns\PHR_wavfiles\WAVfiles\210816\20210816_073724.wav,1/24/23 13:29,HMS,Croak,8/16/2021 10:03:38.7,8/16/2021 10:03:38.9,2,NA,NA,NA,NA,NA,NA,NA,NA,2021-08-16,27.79205,-175.819217,Day
C:\Users\mmrph\Desktop\author's Interns\PHR_wavfiles\WAVfiles\210816\20210816_073724.wav,1/24/23 13:29,HMS,Croak,8/16/2021 10:03:39.7,8/16/2021 10:03:39.9,2,NA,NA,NA,NA,NA,NA,NA,NA,2021-08-16,27.79205,-175.819217,Day
C:\Users\mmrph\Desktop\author's Interns\PHR_wavfiles\WAVfiles\210816\20210816_073724.wav,1/24/23 13:29,HMS,Croak,8/16/2021 10:03:44.0,8/16/2021 10:03:44.2,2,NA,NA,NA,NA,NA,NA,NA,NA,2021-08-16,27.79205,-175.819217,Day
C:\Users\mmrph\Desktop\author's Interns\PHR_wavfiles\WAVfiles\210816\20210816_073724.wav,1/24/23 13:29,HMS,Croak,8/16/2021 10:03:44.6,8/16/2021 10:03:44.7,2,NA,NA,NA,NA,NA,NA,NA,NA,2021-08-16,27.79205,-175.819217,Day
C:\Users\mmrph\Desktop\author's Interns\PHR_wavfiles\WAVfiles\210816\20210816_073724.wav,1/24/23 13:29,HMS,Growl,8/16/2021 10:03:45.5,8/16/2021 10:03:50.3,2,NA,NA,NA,NA,NA,NA,NA,NA,2021-08-16,27.79205,-175.819217,Day
C:\Users\mmrph\Desktop\author's Interns\PHR_wavfiles\WAVfiles\210816\20210816_073724.wav,1/24/23 13:30,HMS,Whoop,8/16/2021 10:03:50.3,8/16/2021 10:03:51.1,2,2,NA,NA,NA,NA,NA,NA,NA,2021-08-16,27.79205,-175.819217,Day
C:\Users\mmrph\Desktop\author's Interns\PHR_wavfiles\WAVfiles\210816\20210816_073724.wav,1/24/23 13:30,HMS,Croak,8/16/2021 10:03:52.0,8/16/2021 10:03:52.3,2,NA,NA,NA,NA,NA,NA,NA,NA,2021-08-16,27.79205,-175.819217,Day
C:\Users\mmrph\Desktop\author's Interns\PHR_wavfiles\WAVfiles\210816\20210816_073724.wav,1/24/23 13:30,HMS,Growl,8/16/2021 10:03:53.0,8/16/2021 10:03:56.5,3,NA,NA,NA,NA,NA,NA,NA,NA,2021-08-16,27.79205,-175.819217,Day
C:\Users\mmrph\Desktop\author's Interns\PHR_wavfiles\WAVfiles\210816\20210816_073724.wav,1/24/23 13:30,HMS,Moan,8/16/2021 10:04:01.9,8/16/2021 10:04:03.0,2,NA,NA,NA,NA,NA,NA,NA,NA,2021-08-16,27.79205,-175.819217,Day
C:\Users\mmrph\Desktop\author's Interns\PHR_wavfiles\WAVfiles\210816\20210816_073724.wav,1/24/23 13:30,HMS,MoanGrowl,8/16/2021 10:04:03.4,8/16/2021 10:04:08.2,2,NA,NA,NA,NA,NA,NA,NA,NA,2021-08-16,27.79205,-175.819217,Day
C:\Users\mmrph\Desktop\author's Interns\PHR_wavfiles\WAVfiles\210816\20210816_073724.wav,1/24/23 13:31,HMS,Whoop,8/16/2021 10:04:11.2,8/16/2021 10:04:11.9,1,2,NA,NA,NA,NA,NA,NA,NA,2021-08-16,27.79205,-175.819217,Day
C:\Users\mmrph\Desktop\author's Interns\PHR_wavfiles\WAVfiles\210816\20210816_073724.wav,1/24/23 13:31,HMS,Growl,8/16/2021 10:04:16.8,8/16/2021 10:04:18.1,1,NA,NA,NA,NA,NA,NA,NA,NA,2021-08-16,27.79205,-175.819217,Day
C:\Users\mmrph\Desktop\author's Interns\PHR_wavfiles\WAVfiles\210816\20210816_073724.wav,1/24/23 13:31,HMS,Croak,8/16/2021 10:04:19.8,8/16/2021 10:04:20.1,1,NA,NA,NA,NA,NA,NA,NA,NA,2021-08-16,27.79205,-175.819217,Day
C:\Users\mmrph\Desktop\author's Interns\PHR_wavfiles\WAVfiles\210816\20210816_103723.wav,1/24/23 13:40,HMS,Growl,8/16/2021 11:00:08.1,8/16/2021 11:00:12.5,2,NA,NA,NA,NA,NA,NA,NA,NA,2021-08-16,27.79205,-175.819217,Day
C:\Users\mmrph\Desktop\author's Interns\PHR_wavfiles\WAVfiles\210816\20210816_103723.wav,1/24/23 13:40,HMS,Croak,8/16/2021 11:00:13.9,8/16/2021 11:00:14.2,2,NA,NA,NA,NA,NA,NA,NA,NA,2021-08-16,27.79205,-175.819217,Day
C:\Users\mmrph\Desktop\author's Interns\PHR_wavfiles\WAVfiles\210816\20210816_103723.wav,1/24/23 13:41,HMS,Growl,8/16/2021 11:00:14.8,8/16/2021 11:00:19.6,3,NA,NA,NA,NA,NA,NA,NA,NA,2021-08-16,27.79205,-175.819217,Day
C:\Users\mmrph\Desktop\author's Interns\PHR_wavfiles\WAVfiles\210816\20210816_103723.wav,1/24/23 13:41,HMS,Whoop,8/16/2021 11:00:20.0,8/16/2021 11:00:20.3,2,2,NA,NA,NA,NA,NA,NA,NA,2021-08-16,27.79205,-175.819217,Day
C:\Users\mmrph\Desktop\author's Interns\PHR_wavfiles\WAVfiles\210816\20210816_103723.wav,1/24/23 13:41,HMS,Growl,8/16/2021 11:00:21.0,8/16/2021 11:00:21.7,1,NA,NA,NA,NA,NA,NA,NA,NA,2021-08-16,27.79205,-175.819217,Day
C:\Users\mmrph\Desktop\author's Interns\PHR_wavfiles\WAVfiles\210816\20210816_103723.wav,1/24/23 13:41,HMS,Croak,8/16/2021 11:00:23.5,8/16/2021 11:00:23.7,2,NA,NA,NA,NA,NA,NA,NA,NA,2021-08-16,27.79205,-175.819217,Day
C:\Users\mmrph\Desktop\author's Interns\PHR_wavfiles\WAVfiles\210816\20210816_103723.wav,1/24/23 13:41,HMS,Whoop,8/16/2021 11:00:24.1,8/16/2021 11:00:24.6,1,2,NA,NA,NA,NA,NA,NA,NA,2021-08-16,27.79205,-175.819217,Day
C:\Users\mmrph\Desktop\author's Interns\PHR_wavfiles\WAVfiles\210816\20210816_103723.wav,1/24/23 13:41,HMS,Growl,8/16/2021 11:00:28.3,8/16/2021 11:00:30.5,1,NA,NA,NA,NA,NA,NA,NA,NA,2021-08-16,27.79205,-175.819217,Day
C:\Users\mmrph\Desktop\author's Interns\PHR_wavfiles\WAVfiles\210816\20210816_103723.wav,1/24/23 13:42,HMS,Growl,8/16/2021 11:02:59.6,8/16/2021 11:03:04.2,1,NA,NA,NA,NA,NA,NA,NA,NA,2021-08-16,27.79205,-175.819217,Day
C:\Users\mmrph\Desktop\author's Interns\PHR_wavfiles\WAVfiles\210816\20210816_103723.wav,1/24/23 13:42,HMS,Growl,8/16/2021 11:03:07.6,8/16/2021 11:03:11.1,1,NA,NA,NA,NA,NA,NA,NA,NA,2021-08-16,27.79205,-175.819217,Day
C:\Users\mmrph\Desktop\author's Interns\PHR_wavfiles\WAVfiles\210816\20210816_103723.wav,1/24/23 13:42,HMS,Growl,8/16/2021 11:03:16.3,8/16/2021 11:03:20.2,1,NA,NA,NA,NA,NA,NA,NA,NA,2021-08-16,27.79205,-175.819217,Day
C:\Users\mmrph\Desktop\author's Interns\PHR_wavfiles\WAVfiles\210816\20210816_103723.wav,1/24/23 13:42,HMS,Growl,8/16/2021 11:03:21.1,8/16/2021 11:03:24.8,1,NA,NA,NA,NA,NA,NA,NA,NA,2021-08-16,27.79205,-175.819217,Day
C:\Users\mmrph\Desktop\author's Interns\PHR_wavfiles\WAVfiles\210816\20210816_103723.wav,1/24/23 13:43,HMS,Growl,8/16/2021 12:02:08.2,8/16/2021 12:02:11.0,1,NA,NA,NA,NA,NA,ascending,NA,NA,2021-08-16,27.79205,-175.819217,Day
C:\Users\mmrph\Desktop\author's Interns\PHR_wavfiles\WAVfiles\210816\20210816_103723.wav,1/24/23 13:43,HMS,Croak,8/16/2021 12:02:11.8,8/16/2021 12:02:12.1,1,NA,NA,NA,NA,NA,NA,NA,NA,2021-08-16,27.79205,-175.819217,Day
C:\Users\mmrph\Desktop\author's Interns\PHR_wavfiles\WAVfiles\210816\20210816_103723.wav,1/24/23 13:43,HMS,Growl,8/16/2021 12:02:14.3,8/16/2021 12:02:18.0,1,NA,NA,NA,NA,NA,NA,NA,NA,2021-08-16,27.79205,-175.819217,Day
C:\Users\mmrph\Desktop\author's Interns\PHR_wavfiles\WAVfiles\210816\20210816_103723.wav,1/24/23 13:43,HMS,Growl,8/16/2021 12:02:30.6,8/16/2021 12:02:34.6,1,NA,NA,NA,NA,NA,NA,NA,NA,2021-08-16,27.79205,-175.819217,Day
C:\Users\mmrph\Desktop\author's Interns\PHR_wavfiles\WAVfiles\210816\20210816_103723.wav,1/24/23 13:43,HMS,Growl,8/16/2021 12:02:35.8,8/16/2021 12:02:39.7,1,NA,NA,NA,NA,NA,NA,NA,NA,2021-08-16,27.79205,-175.819217,Day
C:\Users\mmrph\Desktop\author's Interns\PHR_wavfiles\WAVfiles\210816\20210816_103723.wav,1/24/23 13:44,HMS,Growl,8/16/2021 12:02:49.9,8/16/2021 12:02:50.5,1,NA,NA,NA,NA,NA,NA,NA,NA,2021-08-16,27.79205,-175.819217,Day
C:\Users\mmrph\Desktop\author's Interns\PHR_wavfiles\WAVfiles\210816\20210816_103723.wav,1/24/23 13:44,HMS,Growl,8/16/2021 12:02:50.5,8/16/2021 12:03:54.8,2,NA,NA,NA,NA,NA,NA,NA,NA,2021-08-16,27.79205,-175.819217,Day
C:\Users\mmrph\Desktop\author's Interns\PHR_wavfiles\WAVfiles\210816\20210816_103723.wav,1/24/23 13:44,HMS,Whoop,8/16/2021 12:03:56.4,8/16/2021 12:03:56.6,2,1,NA,NA,NA,NA,NA,NA,NA,2021-08-16,27.79205,-175.819217,Day
C:\Users\mmrph\Desktop\author's Interns\PHR_wavfiles\WAVfiles\210816\20210816_103723.wav,1/24/23 13:45,HMS,Growl,8/16/2021 12:03:56.6,8/16/2021 12:04:02.1,1,NA,NA,NA,NA,NA,NA,NA,NA,2021-08-16,27.79205,-175.819217,Day
C:\Users\mmrph\Desktop\author's Interns\PHR_wavfiles\WAVfiles\210816\20210816_103723.wav,1/24/23 13:45,HMS,Whoop,8/16/2021 12:04:03.5,8/16/2021 12:04:03.7,1,1,NA,NA,NA,NA,NA,NA,NA,2021-08-16,27.79205,-175.819217,Day
C:\Users\mmrph\Desktop\author's Interns\PHR_wavfiles\WAVfiles\210816\20210816_103723.wav,1/24/23 13:45,HMS,Growl,8/16/2021 12:04:09.0,8/16/2021 12:04:13.2,2,NA,NA,NA,NA,NA,NA,NA,NA,2021-08-16,27.79205,-175.819217,Day
C:\Users\mmrph\Desktop\author's Interns\PHR_wavfiles\WAVfiles\210816\20210816_103723.wav,1/24/23 13:45,HMS,Whoop,8/16/2021 12:04:13.7,8/16/2021 12:04:14.2,1,2,NA,NA,NA,NA,NA,NA,NA,2021-08-16,27.79205,-175.819217,Day
C:\Users\mmrph\Desktop\author's Interns\PHR_wavfiles\WAVfiles\210816\20210816_103723.wav,1/24/23 13:45,HMS,Growl,8/16/2021 12:04:19.4,8/16/2021 12:04:20.0,1,NA,NA,NA,NA,NA,NA,NA,NA,2021-08-16,27.79205,-175.819217,Day
C:\Users\mmrph\Desktop\author's Interns\PHR_wavfiles\WAVfiles\210816\20210816_103723.wav,1/24/23 13:45,HMS,Growl,8/16/2021 12:04:25.2,8/16/2021 12:04:29.6,2,NA,NA,NA,NA,NA,NA,NA,NA,2021-08-16,27.79205,-175.819217,Day
C:\Users\mmrph\Desktop\author's Interns\PHR_wavfiles\WAVfiles\210816\20210816_103723.wav,1/24/23 13:46,HMS,Croak,8/16/2021 12:04:31.2,8/16/2021 12:04:31.6,1,NA,NA,NA,NA,NA,NA,NA,NA,2021-08-16,27.79205,-175.819217,Day
C:\Users\mmrph\Desktop\author's Interns\PHR_wavfiles\WAVfiles\210816\20210816_103723.wav,1/24/23 13:46,HMS,Growl,8/16/2021 12:04:32.2,8/16/2021 12:04:37.5,2,NA,NA,NA,NA,NA,NA,NA,NA,2021-08-16,27.79205,-175.819217,Day
C:\Users\mmrph\Desktop\author's Interns\PHR_wavfiles\WAVfiles\210816\20210816_103723.wav,1/24/23 13:46,HMS,Growl,8/16/2021 12:04:38.5,8/16/2021 12:04:44.0,2,NA,NA,NA,NA,NA,NA,NA,NA,2021-08-16,27.79205,-175.819217,Day
F:\2021\5643\20210816_103723.wav,9/28/23 10:48,HMS,Growl,8/16/2021 13:01:22.8,8/16/2021 13:01:29.9,2,NA,NA,NA,NA,NA,NA,NA,NA,2021-08-16,27.79205,-175.819217,Day
F:\2021\5643\20210816_103723.wav,9/28/23 10:48,HMS,Croak,8/16/2021 13:01:30.5,8/16/2021 13:01:30.6,2,NA,NA,NA,NA,NA,NA,NA,NA,2021-08-16,27.79205,-175.819217,Day
F:\2021\5643\20210816_103723.wav,9/28/23 11:14,HMS,Croak,8/16/2021 13:01:32.8,8/16/2021 13:01:33.0,1,NA,NA,NA,NA,NA,NA,NA,NA,2021-08-16,27.79205,-175.819217,Day
F:\2021\5643\20210816_103723.wav,9/28/23 11:15,HMS,Growl,8/16/2021 13:01:37.5,8/16/2021 13:01:39.3,2,NA,NA,NA,NA,NA,ascending growl,NA,NA,2021-08-16,27.79205,-175.819217,Day
F:\2021\5643\20210816_103723.wav,9/28/23 11:15,HMS,Croak,8/16/2021 13:01:40.4,8/16/2021 13:01:40.6,2,NA,NA,NA,NA,NA,NA,NA,NA,2021-08-16,27.79205,-175.819217,Day
F:\2021\5643\20210816_103723.wav,9/28/23 11:15,HMS,Growl,8/16/2021 13:01:42.5,8/16/2021 13:01:46.4,2,NA,NA,NA,NA,NA,NA,NA,NA,2021-08-16,27.79205,-175.819217,Day
F:\2021\5643\20210816_103723.wav,9/28/23 11:15,HMS,Croak,8/16/2021 13:01:47.6,8/16/2021 13:01:48.0,2,NA,NA,NA,NA,NA,NA,NA,NA,2021-08-16,27.79205,-175.819217,Day
F:\2021\5643\20210816_103723.wav,9/28/23 11:15,HMS,Growl,8/16/2021 13:01:48.6,8/16/2021 13:01:53.6,2,NA,NA,NA,NA,NA,NA,NA,NA,2021-08-16,27.79205,-175.819217,Day
F:\2021\5643\20210816_103723.wav,9/28/23 11:16,HMS,Growl,8/16/2021 13:01:54.6,8/16/2021 13:01:59.8,2,NA,NA,NA,NA,NA,NA,NA,NA,2021-08-16,27.79205,-175.819217,Day
F:\2021\5643\20210816_103723.wav,9/28/23 11:16,HMS,Croak,8/16/2021 13:02:01.6,8/16/2021 13:02:01.9,2,NA,NA,NA,NA,NA,NA,NA,NA,2021-08-16,27.79205,-175.819217,Day
F:\2021\5643\20210816_103723.wav,9/28/23 11:16,HMS,Croak,8/16/2021 13:02:07.1,8/16/2021 13:02:07.4,2,NA,NA,NA,NA,NA,NA,NA,NA,2021-08-16,27.79205,-175.819217,Day
F:\2021\5643\20210816_103723.wav,9/28/23 11:17,HMS,Growl,8/16/2021 13:02:13.3,8/16/2021 13:02:18.0,2,NA,NA,NA,NA,NA,NA,NA,NA,2021-08-16,27.79205,-175.819217,Day
F:\2021\5643\20210816_103723.wav,9/28/23 11:17,HMS,Growl,8/16/2021 13:03:19.0,8/16/2021 13:03:26.9,2,NA,NA,NA,NA,NA,NA,NA,NA,2021-08-16,27.79205,-175.819217,Day
F:\2021\5643\20210816_103723.wav,9/28/23 11:17,HMS,Croak,8/16/2021 13:03:27.4,8/16/2021 13:03:27.6,2,NA,NA,NA,NA,NA,NA,NA,NA,2021-08-16,27.79205,-175.819217,Day
F:\2021\5643\20210816_103723.wav,9/28/23 11:18,HMS,Croak,8/16/2021 13:03:30.0,8/16/2021 13:03:30.3,2,NA,NA,NA,NA,NA,NA,NA,NA,2021-08-16,27.79205,-175.819217,Day
F:\2021\5643\20210816_103723.wav,9/28/23 11:18,HMS,Growl,8/16/2021 13:03:32.5,8/16/2021 13:03:35.8,2,NA,NA,NA,NA,NA,NA,NA,NA,2021-08-16,27.79205,-175.819217,Day
F:\2021\5643\20210816_103723.wav,9/28/23 11:18,HMS,Croak,8/16/2021 13:03:38.3,8/16/2021 13:03:38.6,2,NA,NA,NA,NA,NA,NA,NA,NA,2021-08-16,27.79205,-175.819217,Day
F:\2021\5643\20210816_103723.wav,9/28/23 11:18,HMS,Growl,8/16/2021 13:04:51.0,8/16/2021 13:04:54.7,2,NA,NA,NA,NA,NA,NA,NA,NA,2021-08-16,27.79205,-175.819217,Day
F:\2021\5643\20210816_103723.wav,9/28/23 11:19,HMS,Croak,8/16/2021 13:04:55.5,8/16/2021 13:04:56.0,2,NA,NA,NA,NA,NA,NA,NA,NA,2021-08-16,27.79205,-175.819217,Day
F:\2021\5643\20210816_103723.wav,9/28/23 11:19,HMS,Growl,8/16/2021 13:04:58.7,8/16/2021 13:05:03.3,2,NA,NA,NA,NA,NA,NA,NA,NA,2021-08-16,27.79205,-175.819217,Day
F:\2021\5643\20210816_133722.wav,9/28/23 11:21,HMS,Growl,8/16/2021 14:00:12.6,8/16/2021 14:00:22.0,2,NA,NA,NA,NA,NA,NA,NA,NA,2021-08-16,27.79205,-175.819217,Day
F:\2021\5643\20210816_133722.wav,9/28/23 11:21,HMS,Croak,8/16/2021 14:00:22.6,8/16/2021 14:00:22.8,2,NA,NA,NA,NA,NA,NA,NA,NA,2021-08-16,27.79205,-175.819217,Day
F:\2021\5643\20210816_133722.wav,9/28/23 11:21,HMS,Croak,8/16/2021 14:00:24.9,8/16/2021 14:00:25.1,2,NA,NA,NA,NA,NA,NA,NA,NA,2021-08-16,27.79205,-175.819217,Day
F:\2021\5643\20210816_133722.wav,9/28/23 11:22,HMS,Croak,8/16/2021 14:00:26.8,8/16/2021 14:00:27.2,2,NA,NA,NA,NA,NA,NA,NA,NA,2021-08-16,27.79205,-175.819217,Day
F:\2021\5643\20210816_133722.wav,9/28/23 11:22,HMS,Growl,8/16/2021 14:00:27.8,8/16/2021 14:00:31.2,2,NA,NA,NA,NA,NA,NA,NA,NA,2021-08-16,27.79205,-175.819217,Day
F:\2021\5643\20210816_133722.wav,9/28/23 11:22,HMS,Whoop,8/16/2021 14:00:31.4,8/16/2021 14:00:31.8,1,2,NA,NA,NA,NA,NA,NA,NA,2021-08-16,27.79205,-175.819217,Day
F:\2021\5643\20210816_133722.wav,9/28/23 11:23,HMS,Whoop,8/16/2021 14:00:33.1,8/16/2021 14:00:34.0,2,4,NA,NA,NA,NA,NA,NA,NA,2021-08-16,27.79205,-175.819217,Day
F:\2021\5643\20210816_133722.wav,9/28/23 11:23,HMS,Growl,8/16/2021 14:00:38.3,8/16/2021 14:00:39.3,2,NA,NA,NA,NA,NA,NA,NA,NA,2021-08-16,27.79205,-175.819217,Day
F:\2021\5643\20210816_133722.wav,9/28/23 11:23,HMS,Whoop,8/16/2021 14:00:41.5,8/16/2021 14:00:42.2,2,2,NA,NA,NA,NA,NA,NA,NA,2021-08-16,27.79205,-175.819217,Day
F:\2021\5643\20210816_133722.wav,9/28/23 11:23,HMS,Moan,8/16/2021 14:00:43.7,8/16/2021 14:00:45.4,2,NA,NA,NA,NA,NA,NA,NA,NA,2021-08-16,27.79205,-175.819217,Day
F:\2021\5643\20210816_133722.wav,9/28/23 11:23,HMS,MoanGrowl,8/16/2021 14:00:45.5,8/16/2021 14:00:50.4,2,NA,NA,NA,NA,NA,NA,NA,NA,2021-08-16,27.79205,-175.819217,Day
F:\2021\5643\20210816_133722.wav,9/28/23 11:24,HMS,Growl,8/16/2021 14:02:25.6,8/16/2021 14:02:33.6,2,NA,NA,NA,NA,NA,NA,NA,NA,2021-08-16,27.79205,-175.819217,Day
F:\2021\5643\20210816_133722.wav,9/28/23 11:24,HMS,Croak,8/16/2021 14:02:33.8,8/16/2021 14:02:34.1,2,NA,NA,NA,NA,NA,NA,NA,NA,2021-08-16,27.79205,-175.819217,Day
F:\2021\5643\20210816_133722.wav,9/28/23 11:24,HMS,Croak,8/16/2021 14:02:35.7,8/16/2021 14:02:35.9,2,NA,NA,NA,NA,NA,NA,NA,NA,2021-08-16,27.79205,-175.819217,Day
F:\2021\5643\20210816_133722.wav,9/28/23 11:25,HMS,Growl,8/16/2021 14:02:37.7,8/16/2021 14:02:40.4,2,NA,NA,NA,NA,NA,NA,NA,NA,2021-08-16,27.79205,-175.819217,Day
F:\2021\5643\20210816_133722.wav,9/28/23 11:25,HMS,Whoop,8/16/2021 14:02:40.4,8/16/2021 14:02:41.3,2,4,NA,NA,NA,NA,NA,NA,NA,2021-08-16,27.79205,-175.819217,Day
F:\2021\5643\20210816_133722.wav,9/28/23 11:25,HMS,Growl,8/16/2021 14:02:45.1,8/16/2021 14:02:45.9,2,NA,NA,NA,NA,NA,NA,NA,NA,2021-08-16,27.79205,-175.819217,Day
F:\2021\5643\20210816_133722.wav,9/28/23 11:25,HMS,Growl,8/16/2021 14:02:52.2,8/16/2021 14:02:57.3,2,NA,NA,NA,NA,NA,NA,NA,NA,2021-08-16,27.79205,-175.819217,Day
F:\2021\5643\20210816_133722.wav,9/28/23 11:25,HMS,Growl,8/16/2021 14:04:18.0,8/16/2021 14:04:27.1,2,NA,NA,NA,NA,NA,NA,NA,NA,2021-08-16,27.79205,-175.819217,Day
F:\2021\5643\20210816_133722.wav,9/28/23 11:26,HMS,Croak,8/16/2021 14:04:27.5,8/16/2021 14:04:27.7,2,NA,NA,NA,NA,NA,NA,NA,NA,2021-08-16,27.79205,-175.819217,Day
F:\2021\5643\20210816_133722.wav,9/28/23 11:26,HMS,Croak,8/16/2021 14:04:29.6,8/16/2021 14:04:29.7,2,NA,NA,NA,NA,NA,NA,NA,NA,2021-08-16,27.79205,-175.819217,Day
F:\2021\5643\20210816_133722.wav,9/28/23 11:26,HMS,Whoop,8/16/2021 14:04:32.9,8/16/2021 14:04:33.4,1,2,NA,NA,NA,NA,NA,NA,NA,2021-08-16,27.79205,-175.819217,Day
F:\2021\5643\20210816_133722.wav,9/28/23 11:26,HMS,Growl,8/16/2021 14:04:34.1,8/16/2021 14:04:34.7,2,NA,NA,NA,NA,NA,NA,NA,NA,2021-08-16,27.79205,-175.819217,Day
F:\2021\5643\20210816_133722.wav,9/28/23 11:26,HMS,Growl,8/16/2021 14:04:35.3,8/16/2021 14:04:39.0,2,NA,NA,NA,NA,NA,NA,NA,NA,2021-08-16,27.79205,-175.819217,Day
F:\2021\5643\20210816_133722.wav,9/28/23 11:26,HMS,Growl,8/16/2021 14:04:39.9,8/16/2021 14:04:43.6,2,NA,NA,NA,NA,NA,NA,NA,NA,2021-08-16,27.79205,-175.819217,Day
F:\2021\5643\20210816_133722.wav,9/28/23 11:27,HMS,Croak,8/16/2021 14:04:45.4,8/16/2021 14:04:45.7,2,NA,NA,NA,NA,NA,NA,NA,NA,2021-08-16,27.79205,-175.819217,Day
F:\2021\5643\20210816_133722.wav,9/28/23 11:28,HMS,Growl,8/16/2021 15:01:02.9,8/16/2021 15:01:07.1,2,NA,NA,NA,NA,NA,NA,NA,NA,2021-08-16,27.79205,-175.819217,Day
F:\2021\5643\20210816_133722.wav,9/28/23 11:28,HMS,Croak,8/16/2021 15:01:08.0,8/16/2021 15:01:08.4,2,NA,NA,NA,NA,NA,NA,NA,NA,2021-08-16,27.79205,-175.819217,Day
F:\2021\5643\20210816_133722.wav,9/28/23 11:28,HMS,Growl,8/16/2021 15:01:10.9,8/16/2021 15:01:16.3,2,NA,NA,NA,NA,NA,NA,NA,NA,2021-08-16,27.79205,-175.819217,Day
F:\2021\5643\20210816_133722.wav,9/28/23 11:28,HMS,Whoop,8/16/2021 15:01:16.6,8/16/2021 15:01:17.0,1,2,NA,NA,NA,NA,NA,NA,NA,2021-08-16,27.79205,-175.819217,Day
F:\2021\5643\20210816_133722.wav,9/28/23 11:28,HMS,Croak,8/16/2021 15:01:19.3,8/16/2021 15:01:19.5,1,NA,NA,NA,NA,NA,NA,NA,NA,2021-08-16,27.79205,-175.819217,Day
F:\2021\5643\20210816_133722.wav,9/28/23 11:28,HMS,Growl,8/16/2021 15:01:24.1,8/16/2021 15:01:26.6,2,NA,NA,NA,NA,NA,NA,NA,NA,2021-08-16,27.79205,-175.819217,Day
F:\2021\5643\20210816_133722.wav,9/28/23 11:29,HMS,Croak,8/16/2021 15:01:28.4,8/16/2021 15:01:28.6,1,NA,NA,NA,NA,NA,NA,NA,NA,2021-08-16,27.79205,-175.819217,Day
F:\2021\5643\20210816_133722.wav,9/28/23 11:30,HMS,Growl,8/16/2021 15:02:48.1,8/16/2021 15:02:56.6,2,NA,NA,NA,NA,NA,NA,NA,NA,2021-08-16,27.79205,-175.819217,Day
F:\2021\5643\20210816_133722.wav,9/28/23 11:30,HMS,Croak,8/16/2021 15:02:57.0,8/16/2021 15:02:57.3,2,NA,NA,NA,NA,NA,NA,NA,NA,2021-08-16,27.79205,-175.819217,Day
F:\2021\5643\20210816_133722.wav,9/28/23 11:30,HMS,Croak,8/16/2021 15:02:59.5,8/16/2021 15:02:59.7,1,NA,NA,NA,NA,NA,NA,NA,NA,2021-08-16,27.79205,-175.819217,Day
F:\2021\5643\20210816_133722.wav,9/28/23 11:31,HMS,Croak,8/16/2021 15:03:01.7,8/16/2021 15:03:02.2,2,NA,NA,NA,NA,NA,NA,NA,NA,2021-08-16,27.79205,-175.819217,Day
F:\2021\5643\20210816_133722.wav,9/28/23 11:31,HMS,Growl,8/16/2021 15:03:02.6,8/16/2021 15:03:06.2,2,NA,NA,NA,NA,NA,NA,NA,NA,2021-08-16,27.79205,-175.819217,Day
F:\2021\5643\20210816_133722.wav,9/28/23 11:31,HMS,Growl,8/16/2021 15:03:07.0,8/16/2021 15:03:13.1,2,NA,NA,NA,NA,NA,NA,NA,NA,2021-08-16,27.79205,-175.819217,Day
F:\2021\5643\20210816_133722.wav,9/28/23 11:31,HMS,Croak,8/16/2021 15:03:14.1,8/16/2021 15:03:14.3,2,NA,NA,NA,NA,NA,NA,NA,NA,2021-08-16,27.79205,-175.819217,Day
F:\2021\5643\20210816_133722.wav,9/28/23 11:31,HMS,Croak,8/16/2021 15:03:17.9,8/16/2021 15:03:18.1,2,NA,NA,NA,NA,NA,NA,NA,NA,2021-08-16,27.79205,-175.819217,Day
F:\2021\5643\20210816_133722.wav,9/28/23 11:31,HMS,Growl,8/16/2021 15:03:23.6,8/16/2021 15:03:25.5,2,NA,NA,NA,NA,NA,ascending growl,NA,NA,2021-08-16,27.79205,-175.819217,Day
F:\2021\5643\20210816_133722.wav,9/28/23 11:32,HMS,Growl,8/16/2021 15:04:47.2,8/16/2021 15:04:55.2,2,NA,NA,NA,NA,NA,NA,NA,NA,2021-08-16,27.79205,-175.819217,Day
F:\2021\5643\20210816_133722.wav,9/28/23 11:32,HMS,Croak,8/16/2021 15:04:55.7,8/16/2021 15:04:55.9,2,NA,NA,NA,NA,NA,NA,NA,NA,2021-08-16,27.79205,-175.819217,Day
F:\2021\5643\20210816_133722.wav,9/28/23 11:32,HMS,Croak,8/16/2021 15:04:58.1,8/16/2021 15:04:58.3,1,NA,NA,NA,NA,NA,NA,NA,NA,2021-08-16,27.79205,-175.819217,Day
F:\2021\5643\20210816_133722.wav,10/3/23 11:56,HMS,Growl,8/16/2021 16:00:01.4,8/16/2021 16:00:05.2,2,NA,NA,NA,NA,NA,NA,NA,NA,2021-08-16,27.79205,-175.819217,Day
F:\2021\5643\20210816_133722.wav,10/3/23 11:57,HMS,Growl,8/16/2021 16:00:05.9,8/16/2021 16:00:10.4,1,NA,NA,NA,NA,NA,"2 seals present, calls overlapping",NA,NA,2021-08-16,27.79205,-175.819217,Day
F:\2021\5643\20210816_133722.wav,10/3/23 11:57,HMS,Whoop,8/16/2021 16:00:06.1,8/16/2021 16:00:06.3,1,1,NA,NA,NA,NA,NA,NA,NA,2021-08-16,27.79205,-175.819217,Day
F:\2021\5643\20210816_133722.wav,10/3/23 11:57,HMS,Whoop,8/16/2021 16:00:09.4,8/16/2021 16:00:09.6,1,1,NA,NA,NA,NA,NA,NA,NA,2021-08-16,27.79205,-175.819217,Day
F:\2021\5643\20210816_133722.wav,10/3/23 11:57,HMS,Growl,8/16/2021 16:00:15.5,8/16/2021 16:00:16.3,1,NA,NA,NA,NA,NA,NA,NA,NA,2021-08-16,27.79205,-175.819217,Day
F:\2021\5643\20210816_133722.wav,10/3/23 11:58,HMS,Whoop,8/16/2021 16:00:17.4,8/16/2021 16:00:17.9,1,2,NA,NA,NA,NA,NA,NA,NA,2021-08-16,27.79205,-175.819217,Day
F:\2021\5643\20210816_133722.wav,10/3/23 11:58,HMS,Croak,8/16/2021 16:00:18.3,8/16/2021 16:00:18.7,2,NA,NA,NA,NA,NA,NA,NA,NA,2021-08-16,27.79205,-175.819217,Day
F:\2021\5643\20210816_133722.wav,10/3/23 11:58,HMS,Growl,8/16/2021 16:00:19.2,8/16/2021 16:00:21.6,2,NA,NA,NA,NA,NA,"2 seals, growls overlapping",NA,NA,2021-08-16,27.79205,-175.819217,Day
F:\2021\5643\20210816_133722.wav,10/3/23 11:58,HMS,Growl,8/16/2021 16:00:19.3,8/16/2021 16:00:25.1,1,NA,NA,NA,NA,NA,NA,NA,NA,2021-08-16,27.79205,-175.819217,Day
F:\2021\5643\20210816_133722.wav,10/3/23 11:59,HMS,Growl,8/16/2021 16:00:50.3,8/16/2021 16:00:54.4,2,NA,NA,NA,NA,NA,ascending growl,NA,NA,2021-08-16,27.79205,-175.819217,Day
F:\2021\5643\20210816_133722.wav,10/3/23 11:59,HMS,Growl,8/16/2021 16:00:57.2,8/16/2021 16:00:57.7,2,NA,NA,NA,NA,NA,NA,NA,NA,2021-08-16,27.79205,-175.819217,Day
F:\2021\5643\20210816_133722.wav,10/3/23 11:59,HMS,Croak,8/16/2021 16:00:58.9,8/16/2021 16:00:59.1,2,NA,NA,NA,NA,NA,NA,NA,NA,2021-08-16,27.79205,-175.819217,Day
F:\2021\5643\20210816_133722.wav,10/3/23 11:59,HMS,Growl,8/16/2021 16:01:05.9,8/16/2021 16:01:11.2,2,NA,NA,NA,NA,NA,NA,NA,NA,2021-08-16,27.79205,-175.819217,Day
F:\2021\5643\20210816_133722.wav,10/3/23 12:00,HMS,Whoop,8/16/2021 16:01:11.4,8/16/2021 16:01:12.2,1,3,NA,NA,NA,NA,"2 seals, calls overlapping",NA,NA,2021-08-16,27.79205,-175.819217,Day
F:\2021\5643\20210816_133722.wav,10/3/23 12:00,HMS,Croak,8/16/2021 16:01:13.0,8/16/2021 16:01:13.3,2,NA,NA,NA,NA,NA,NA,NA,NA,2021-08-16,27.79205,-175.819217,Day
F:\2021\5643\20210816_133722.wav,10/3/23 12:00,HMS,Growl,8/16/2021 16:01:13.9,8/16/2021 16:01:18.7,2,NA,NA,NA,NA,NA,NA,NA,NA,2021-08-16,27.79205,-175.819217,Day
F:\2021\5643\20210816_133722.wav,10/3/23 12:00,HMS,Whoop,8/16/2021 16:01:19.1,8/16/2021 16:01:19.5,1,2,NA,NA,NA,NA,NA,NA,NA,2021-08-16,27.79205,-175.819217,Day
F:\2021\5643\20210816_133722.wav,10/3/23 12:00,HMS,Growl,8/16/2021 16:01:21.4,8/16/2021 16:01:29.7,1,NA,NA,NA,NA,NA,calls overlapping again,NA,NA,2021-08-16,27.79205,-175.819217,Day
F:\2021\5643\20210816_133722.wav,10/3/23 12:01,HMS,Croak,8/16/2021 16:01:23.3,8/16/2021 16:01:23.5,1,NA,NA,NA,NA,NA,NA,NA,NA,2021-08-16,27.79205,-175.819217,Day
F:\2021\5643\20210816_133722.wav,10/3/23 12:02,HMS,Growl,8/16/2021 16:01:30.3,8/16/2021 16:01:34.1,1,NA,NA,NA,NA,NA,"2 seals, calls overlapping",NA,NA,2021-08-16,27.79205,-175.819217,Day
F:\2021\5643\20210816_133722.wav,10/3/23 12:02,HMS,Croak,8/16/2021 16:01:31.7,8/16/2021 16:01:32.1,2,NA,NA,NA,NA,NA,NA,NA,NA,2021-08-16,27.79205,-175.819217,Day
F:\2021\5643\20210816_133722.wav,10/3/23 12:02,HMS,Croak,8/16/2021 16:01:33.0,8/16/2021 16:01:33.2,2,NA,NA,NA,NA,NA,NA,NA,NA,2021-08-16,27.79205,-175.819217,Day
F:\2021\5643\20210816_133722.wav,10/3/23 12:02,HMS,Growl,8/16/2021 16:01:35.4,8/16/2021 16:01:37.9,2,NA,NA,NA,NA,NA,NA,NA,NA,2021-08-16,27.79205,-175.819217,Day
F:\2021\5643\20210816_133722.wav,10/3/23 12:02,HMS,Growl,8/16/2021 16:01:45.6,8/16/2021 16:01:47.6,1,NA,NA,NA,NA,NA,NA,NA,NA,2021-08-16,27.79205,-175.819217,Day
F:\2021\5643\20210816_133722.wav,10/3/23 12:03,HMS,Growl,8/16/2021 16:02:21.9,8/16/2021 16:02:27.2,2,NA,NA,NA,NA,NA,weird growl,NA,NA,2021-08-16,27.79205,-175.819217,Day
F:\2021\5643\20210816_133722.wav,10/3/23 12:03,HMS,Growl,8/16/2021 16:02:28.8,8/16/2021 16:02:29.6,2,NA,NA,NA,NA,NA,NA,NA,NA,2021-08-16,27.79205,-175.819217,Day
F:\2021\5643\20210816_133722.wav,10/3/23 12:03,HMS,Croak,8/16/2021 16:02:30.2,8/16/2021 16:02:30.4,2,NA,NA,NA,NA,NA,NA,NA,NA,2021-08-16,27.79205,-175.819217,Day
F:\2021\5643\20210816_133722.wav,10/3/23 12:03,HMS,Whoop,8/16/2021 16:02:34.9,8/16/2021 16:02:35.3,1,2,NA,NA,NA,NA,NA,NA,NA,2021-08-16,27.79205,-175.819217,Day
F:\2021\5643\20210816_133722.wav,10/3/23 12:03,HMS,Growl,8/16/2021 16:02:36.5,8/16/2021 16:02:40.6,3,NA,NA,NA,NA,NA,NA,NA,NA,2021-08-16,27.79205,-175.819217,Day
F:\2021\5643\20210816_133722.wav,10/3/23 12:03,HMS,Growl,8/16/2021 16:02:41.8,8/16/2021 16:02:45.3,3,NA,NA,NA,NA,NA,overlapping calls,NA,NA,2021-08-16,27.79205,-175.819217,Day
F:\2021\5643\20210816_133722.wav,10/3/23 12:03,HMS,Growl,8/16/2021 16:02:41.9,8/16/2021 16:02:51.0,1,NA,NA,NA,NA,NA,NA,NA,NA,2021-08-16,27.79205,-175.819217,Day
F:\2021\5643\20210816_133722.wav,10/3/23 12:04,HMS,Croak,8/16/2021 16:02:49.8,8/16/2021 16:02:50.0,2,NA,NA,NA,NA,NA,NA,NA,NA,2021-08-16,27.79205,-175.819217,Day
F:\2021\5643\20210816_133722.wav,10/3/23 12:04,HMS,Growl,8/16/2021 16:02:55.2,8/16/2021 16:02:59.0,1,NA,NA,NA,NA,NA,overlapping calls,NA,NA,2021-08-16,27.79205,-175.819217,Day
F:\2021\5643\20210816_133722.wav,10/3/23 12:04,HMS,Croak,8/16/2021 16:02:55.9,8/16/2021 16:02:56.3,2,NA,NA,NA,NA,NA,NA,NA,NA,2021-08-16,27.79205,-175.819217,Day
F:\2021\5643\20210816_133722.wav,10/3/23 12:04,HMS,Whoop,8/16/2021 16:02:57.6,8/16/2021 16:02:57.7,1,1,NA,NA,NA,NA,NA,NA,NA,2021-08-16,27.79205,-175.819217,Day
F:\2021\5643\20210816_133722.wav,10/3/23 12:04,HMS,Croak,8/16/2021 16:02:58.6,8/16/2021 16:02:58.9,2,NA,NA,NA,NA,NA,NA,NA,NA,2021-08-16,27.79205,-175.819217,Day
F:\2021\5643\20210816_133722.wav,10/3/23 12:05,HMS,Growl,8/16/2021 16:02:59.6,8/16/2021 16:03:02.1,2,NA,NA,NA,NA,NA,NA,NA,NA,2021-08-16,27.79205,-175.819217,Day
F:\2021\5643\20210816_133722.wav,10/3/23 12:05,HMS,Growl,8/16/2021 16:03:11.5,8/16/2021 16:03:15.1,1,NA,NA,NA,NA,NA,NA,NA,NA,2021-08-16,27.79205,-175.819217,Day
F:\2021\5643\20210816_133722.wav,10/3/23 12:05,HMS,Growl,8/16/2021 16:04:06.1,8/16/2021 16:04:09.4,1,NA,NA,NA,NA,NA,very faint,NA,NA,2021-08-16,27.79205,-175.819217,Day
F:\2021\5643\20210816_133722.wav,10/3/23 12:06,HMS,Growl,8/16/2021 16:04:20.6,8/16/2021 16:04:23.3,1,NA,NA,NA,NA,NA,very faint,NA,NA,2021-08-16,27.79205,-175.819217,Day
F:\2021\5643\20210816_133722.wav,10/3/23 12:06,HMS,Growl,8/16/2021 16:04:30.5,8/16/2021 16:04:36.7,2,NA,NA,NA,NA,NA,NA,NA,NA,2021-08-16,27.79205,-175.819217,Day
F:\2021\5643\20210816_133722.wav,10/3/23 12:06,HMS,Croak,8/16/2021 16:04:37.0,8/16/2021 16:04:37.2,2,NA,NA,NA,NA,NA,NA,NA,NA,2021-08-16,27.79205,-175.819217,Day
F:\2021\5643\20210816_133722.wav,10/3/23 12:06,HMS,Whoop,8/16/2021 16:04:39.1,8/16/2021 16:04:39.7,1,2,NA,NA,NA,NA,NA,NA,NA,2021-08-16,27.79205,-175.819217,Day
F:\2021\5643\20210816_133722.wav,10/3/23 12:06,HMS,Croak,8/16/2021 16:04:40.1,8/16/2021 16:04:40.5,2,NA,NA,NA,NA,NA,NA,NA,NA,2021-08-16,27.79205,-175.819217,Day
F:\2021\5643\20210816_133722.wav,10/3/23 12:06,HMS,Growl,8/16/2021 16:04:41.3,8/16/2021 16:04:44.9,2,NA,NA,NA,NA,NA,NA,NA,NA,2021-08-16,27.79205,-175.819217,Day
F:\2021\5643\20210816_133722.wav,10/3/23 12:07,HMS,Croak,8/16/2021 16:04:49.0,8/16/2021 16:04:49.2,1,NA,NA,NA,NA,NA,NA,NA,NA,2021-08-16,27.79205,-175.819217,Day
F:\2021\5643\20210816_133722.wav,10/3/23 12:07,HMS,Growl,8/16/2021 16:04:56.3,8/16/2021 16:04:57.6,2,NA,NA,NA,NA,NA,NA,NA,NA,2021-08-16,27.79205,-175.819217,Day
F:\2021\5643\20210816_133722.wav,10/3/23 12:07,HMS,Whoop,8/16/2021 16:04:58.0,8/16/2021 16:04:58.6,1,2,NA,NA,NA,NA,NA,NA,NA,2021-08-16,27.79205,-175.819217,Day
F:\2021\5643\20210816_133722.wav,10/3/23 12:07,HMS,Croak,8/16/2021 16:04:58.8,8/16/2021 16:04:59.2,3,NA,NA,NA,NA,NA,NA,NA,NA,2021-08-16,27.79205,-175.819217,Day
F:\2021\5643\20210816_163721.wav,10/3/23 12:08,HMS,Growl,8/16/2021 17:02:43.7,8/16/2021 17:02:48.6,1,NA,NA,NA,NA,NA,faint growls,NA,NA,2021-08-16,27.79205,-175.819217,Day
F:\2021\5643\20210816_163721.wav,10/3/23 12:08,HMS,Growl,8/16/2021 17:02:52.8,8/16/2021 17:02:55.1,1,NA,NA,NA,NA,NA,NA,NA,NA,2021-08-16,27.79205,-175.819217,Day
F:\2021\5643\20210816_163721.wav,10/3/23 12:08,HMS,Growl,8/16/2021 17:02:55.4,8/16/2021 17:02:57.9,1,NA,NA,NA,NA,NA,NA,NA,NA,2021-08-16,27.79205,-175.819217,Day
F:\2021\5643\20210816_163721.wav,10/3/23 12:08,HMS,MoanGrowl,8/16/2021 17:03:05.1,8/16/2021 17:03:09.8,1,NA,NA,NA,NA,NA,NA,NA,NA,2021-08-16,27.79205,-175.819217,Day
F:\2021\5643\20210816_163721.wav,10/3/23 12:09,HMS,Growl,8/16/2021 17:04:36.3,8/16/2021 17:04:39.4,1,NA,NA,NA,NA,NA,NA,NA,NA,2021-08-16,27.79205,-175.819217,Day
F:\2021\5643\20210816_163721.wav,10/3/23 12:09,HMS,Growl,8/16/2021 18:01:07.7,8/16/2021 18:01:15.1,3,NA,NA,NA,NA,NA,NA,NA,NA,2021-08-16,27.79205,-175.819217,Day
F:\2021\5643\20210816_163721.wav,10/3/23 12:09,HMS,Growl,8/16/2021 18:01:15.6,8/16/2021 18:01:20.3,3,NA,NA,NA,NA,NA,NA,NA,NA,2021-08-16,27.79205,-175.819217,Day
F:\2021\5643\20210816_163721.wav,10/3/23 12:09,HMS,Croak,8/16/2021 18:01:21.7,8/16/2021 18:01:22.0,2,NA,NA,NA,NA,NA,NA,NA,NA,2021-08-16,27.79205,-175.819217,Day
F:\2021\5643\20210816_163721.wav,10/3/23 12:10,HMS,Croak,8/16/2021 18:01:25.6,8/16/2021 18:01:26.0,3,NA,NA,NA,NA,NA,NA,NA,NA,2021-08-16,27.79205,-175.819217,Day
F:\2021\5643\20210816_163721.wav,10/3/23 12:10,HMS,Croak,8/16/2021 18:01:27.6,8/16/2021 18:01:27.7,1,NA,NA,NA,NA,NA,NA,NA,NA,2021-08-16,27.79205,-175.819217,Day
F:\2021\5643\20210816_163721.wav,10/3/23 12:47,HMS,Growl,8/16/2021 18:01:33.5,8/16/2021 18:01:35.0,2,NA,NA,NA,NA,NA,NA,NA,NA,2021-08-16,27.79205,-175.819217,Day
F:\2021\5643\20210816_163721.wav,10/3/23 12:47,HMS,Croak,8/16/2021 18:01:35.6,8/16/2021 18:01:35.8,2,NA,NA,NA,NA,NA,NA,NA,NA,2021-08-16,27.79205,-175.819217,Day
F:\2021\5643\20210816_163721.wav,10/3/23 12:48,HMS,Growl,8/16/2021 18:01:37.7,8/16/2021 18:01:41.9,2,NA,NA,NA,NA,NA,NA,NA,NA,2021-08-16,27.79205,-175.819217,Day
F:\2021\5643\20210816_163721.wav,10/3/23 12:48,HMS,Whoop,8/16/2021 18:01:42.3,8/16/2021 18:01:42.8,1,2,NA,NA,NA,NA,NA,NA,NA,2021-08-16,27.79205,-175.819217,Day
F:\2021\5643\20210816_163721.wav,10/3/23 12:48,HMS,Croak,8/16/2021 18:01:44.8,8/16/2021 18:01:44.9,1,NA,NA,NA,NA,NA,NA,NA,NA,2021-08-16,27.79205,-175.819217,Day
F:\2021\5643\20210816_163721.wav,10/3/23 12:48,HMS,Growl,8/16/2021 18:01:55.6,8/16/2021 18:01:57.6,2,NA,NA,NA,NA,NA,NA,NA,NA,2021-08-16,27.79205,-175.819217,Day
F:\2021\5643\20210816_163721.wav,10/3/23 12:48,HMS,Croak,8/16/2021 18:01:59.4,8/16/2021 18:01:59.9,1,NA,NA,NA,NA,NA,NA,NA,NA,2021-08-16,27.79205,-175.819217,Day
F:\2021\5643\20210816_163721.wav,10/3/23 12:49,HMS,Growl,8/16/2021 18:02:48.5,8/16/2021 18:02:56.5,3,NA,NA,NA,NA,NA,NA,NA,NA,2021-08-16,27.79205,-175.819217,Day
F:\2021\5643\20210816_163721.wav,10/3/23 12:49,HMS,Croak,8/16/2021 18:03:00.3,8/16/2021 18:03:00.6,3,NA,NA,NA,NA,NA,NA,NA,NA,2021-08-16,27.79205,-175.819217,Day
F:\2021\5643\20210816_163721.wav,10/3/23 12:49,HMS,Growl,8/16/2021 18:03:07.0,8/16/2021 18:03:07.7,3,NA,NA,NA,NA,NA,NA,NA,NA,2021-08-16,27.79205,-175.819217,Day
F:\2021\5643\20210816_163721.wav,10/3/23 12:49,HMS,Growl,8/16/2021 18:03:08.4,8/16/2021 18:03:13.0,3,NA,NA,NA,NA,NA,NA,NA,NA,2021-08-16,27.79205,-175.819217,Day
F:\2021\5643\20210816_163721.wav,10/3/23 12:49,HMS,Growl,8/16/2021 18:03:14.3,8/16/2021 18:03:17.7,3,NA,NA,NA,NA,NA,NA,NA,NA,2021-08-16,27.79205,-175.819217,Day
F:\2021\5643\20210816_163721.wav,10/3/23 12:50,HMS,Croak,8/16/2021 18:03:21.9,8/16/2021 18:03:22.1,1,NA,NA,NA,NA,NA,NA,NA,NA,2021-08-16,27.79205,-175.819217,Day
F:\2021\5643\20210816_163721.wav,10/3/23 12:50,HMS,Growl,8/16/2021 18:03:27.9,8/16/2021 18:03:29.6,2,NA,NA,NA,NA,NA,NA,NA,NA,2021-08-16,27.79205,-175.819217,Day
F:\2021\5643\20210816_163721.wav,10/3/23 12:50,HMS,Croak,8/16/2021 18:03:30.6,8/16/2021 18:03:30.7,2,NA,NA,NA,NA,NA,NA,NA,NA,2021-08-16,27.79205,-175.819217,Day
F:\2021\5643\20210816_163721.wav,10/3/23 12:50,HMS,Growl,8/16/2021 18:04:09.0,8/16/2021 18:04:13.4,1,NA,NA,NA,NA,NA,faint growls,NA,NA,2021-08-16,27.79205,-175.819217,Day
F:\2021\5643\20210816_163721.wav,10/3/23 12:50,HMS,Growl,8/16/2021 18:04:18.6,8/16/2021 18:04:21.1,1,NA,NA,NA,NA,NA,NA,NA,NA,2021-08-16,27.79205,-175.819217,Day
F:\2021\5643\20210816_163721.wav,10/3/23 12:50,HMS,Growl,8/16/2021 18:04:23.1,8/16/2021 18:04:23.9,1,NA,NA,NA,NA,NA,NA,NA,NA,2021-08-16,27.79205,-175.819217,Day
F:\2021\5643\20210816_163721.wav,10/3/23 12:50,HMS,Growl,8/16/2021 18:04:28.4,8/16/2021 18:04:31.5,1,NA,NA,NA,NA,NA,NA,NA,NA,2021-08-16,27.79205,-175.819217,Day
F:\2021\5643\20210816_163721.wav,10/3/23 12:51,HMS,MoanGrowl,8/16/2021 18:04:37.4,8/16/2021 18:04:48.7,1,NA,NA,NA,NA,NA,NA,NA,NA,2021-08-16,27.79205,-175.819217,Day
F:\2021\5643\20210816_163721.wav,10/3/23 12:51,HMS,Croak,8/16/2021 18:04:48.9,8/16/2021 18:04:49.2,3,NA,NA,NA,NA,NA,NA,NA,NA,2021-08-16,27.79205,-175.819217,Day
F:\2021\5643\20210816_163721.wav,10/3/23 12:51,HMS,Growl,8/16/2021 18:04:51.9,8/16/2021 18:04:53.8,2,NA,NA,NA,NA,NA,NA,NA,NA,2021-08-16,27.79205,-175.819217,Day
F:\2021\5643\20210816_163721.wav,10/3/23 12:51,HMS,Croak,8/16/2021 18:04:55.9,8/16/2021 18:04:56.1,2,NA,NA,NA,NA,NA,NA,NA,NA,2021-08-16,27.79205,-175.819217,Day
F:\2021\5643\20210816_163721.wav,10/3/23 12:51,HMS,Growl,8/16/2021 19:01:16.1,8/16/2021 19:01:23.3,3,NA,NA,NA,NA,NA,NA,NA,NA,2021-08-16,27.79205,-175.819217,Day
F:\2021\5643\20210816_163721.wav,10/3/23 12:52,HMS,Growl,8/16/2021 19:01:23.8,8/16/2021 19:01:29.1,3,NA,NA,NA,NA,NA,NA,NA,NA,2021-08-16,27.79205,-175.819217,Day
F:\2021\5643\20210816_163721.wav,10/3/23 12:52,HMS,Croak,8/16/2021 19:01:30.7,8/16/2021 19:01:30.9,2,NA,NA,NA,NA,NA,NA,NA,NA,2021-08-16,27.79205,-175.819217,Day
F:\2021\5643\20210816_163721.wav,10/3/23 12:52,HMS,Croak,8/16/2021 19:01:34.4,8/16/2021 19:01:34.8,3,NA,NA,NA,NA,NA,NA,NA,NA,2021-08-16,27.79205,-175.819217,Day
F:\2021\5643\20210816_163721.wav,10/3/23 12:52,HMS,Croak,8/16/2021 19:01:36.6,8/16/2021 19:01:36.7,2,NA,NA,NA,NA,NA,NA,NA,NA,2021-08-16,27.79205,-175.819217,Day
F:\2021\5643\20210816_163721.wav,10/3/23 12:52,HMS,Croak,8/16/2021 19:01:42.1,8/16/2021 19:01:42.5,2,NA,NA,NA,NA,NA,NA,NA,NA,2021-08-16,27.79205,-175.819217,Day
F:\2021\5643\20210816_163721.wav,10/3/23 12:52,HMS,Croak,8/16/2021 19:01:42.7,8/16/2021 19:01:42.9,2,NA,NA,NA,NA,NA,NA,NA,NA,2021-08-16,27.79205,-175.819217,Day
F:\2021\5643\20210816_163721.wav,10/3/23 12:52,HMS,Growl,8/16/2021 19:01:43.6,8/16/2021 19:01:46.9,2,NA,NA,NA,NA,NA,NA,NA,NA,2021-08-16,27.79205,-175.819217,Day
F:\2021\5643\20210816_163721.wav,10/3/23 12:53,HMS,Croak,8/16/2021 19:01:47.3,8/16/2021 19:01:47.5,1,NA,NA,NA,NA,NA,NA,NA,NA,2021-08-16,27.79205,-175.819217,Day
F:\2021\5643\20210816_163721.wav,10/3/23 12:53,HMS,Growl,8/16/2021 19:02:59.2,8/16/2021 19:03:07.6,3,NA,NA,NA,NA,NA,NA,NA,NA,2021-08-16,27.79205,-175.819217,Day
F:\2021\5643\20210816_163721.wav,10/3/23 12:53,HMS,Croak,8/16/2021 19:03:08.0,8/16/2021 19:03:08.2,3,NA,NA,NA,NA,NA,NA,NA,NA,2021-08-16,27.79205,-175.819217,Day
F:\2021\5643\20210816_163721.wav,10/3/23 12:53,HMS,Croak,8/16/2021 19:03:11.6,8/16/2021 19:03:11.9,2,NA,NA,NA,NA,NA,NA,NA,NA,2021-08-16,27.79205,-175.819217,Day
F:\2021\5643\20210816_163721.wav,10/3/23 12:53,HMS,Whoop,8/16/2021 19:03:17.3,8/16/2021 19:03:17.9,1,2,NA,NA,NA,NA,NA,NA,NA,2021-08-16,27.79205,-175.819217,Day
F:\2021\5643\20210816_163721.wav,10/3/23 12:54,HMS,Croak,8/16/2021 19:03:18.3,8/16/2021 19:03:18.9,2,NA,NA,NA,NA,NA,NA,NA,NA,2021-08-16,27.79205,-175.819217,Day
F:\2021\5643\20210816_163721.wav,10/3/23 12:54,HMS,Growl,8/16/2021 19:03:19.5,8/16/2021 19:03:23.4,3,NA,NA,NA,NA,NA,NA,NA,NA,2021-08-16,27.79205,-175.819217,Day
F:\2021\5643\20210816_163721.wav,10/3/23 12:54,HMS,Whoop,8/16/2021 19:03:24.5,8/16/2021 19:03:25.3,1,3,NA,NA,NA,NA,NA,NA,NA,2021-08-16,27.79205,-175.819217,Day
F:\2021\5643\20210816_163721.wav,10/3/23 12:54,HMS,Growl,8/16/2021 19:03:30.2,8/16/2021 19:03:30.9,2,NA,NA,NA,NA,NA,NA,NA,NA,2021-08-16,27.79205,-175.819217,Day
F:\2021\5643\20210816_163721.wav,10/3/23 12:54,HMS,Growl,8/16/2021 19:03:31.3,8/16/2021 19:03:31.9,1,NA,NA,NA,NA,NA,NA,NA,NA,2021-08-16,27.79205,-175.819217,Day
F:\2021\5643\20210816_163721.wav,10/3/23 12:54,HMS,Growl,8/16/2021 19:03:34.1,8/16/2021 19:03:37.0,2,NA,NA,NA,NA,NA,NA,NA,NA,2021-08-16,27.79205,-175.819217,Day
F:\2021\5643\20210816_163721.wav,10/3/23 12:55,HMS,Growl,8/16/2021 19:04:49.3,8/16/2021 19:04:56.7,3,NA,NA,NA,NA,NA,NA,NA,NA,2021-08-16,27.79205,-175.819217,Day
F:\2021\5643\20210816_163721.wav,10/3/23 12:55,HMS,Croak,8/16/2021 19:04:57.1,8/16/2021 19:04:57.4,3,NA,NA,NA,NA,NA,NA,NA,NA,2021-08-16,27.79205,-175.819217,Day
F:\2021\5643\20210816_193720.wav,10/3/23 12:55,HMS,Croak,8/16/2021 20:00:04.2,8/16/2021 20:00:04.4,2,NA,NA,NA,NA,NA,NA,NA,NA,2021-08-16,27.79205,-175.819217,Day
F:\2021\5643\20210816_193720.wav,10/3/23 12:56,HMS,Croak,8/16/2021 20:00:08.0,8/16/2021 20:00:08.3,2,NA,NA,NA,NA,NA,NA,NA,NA,2021-08-16,27.79205,-175.819217,Day
F:\2021\5643\20210816_193720.wav,10/3/23 12:56,HMS,Growl,8/16/2021 20:00:15.0,8/16/2021 20:00:15.7,2,NA,NA,NA,NA,NA,NA,NA,NA,2021-08-16,27.79205,-175.819217,Day
F:\2021\5643\20210816_193720.wav,10/3/23 12:56,HMS,Croak,8/16/2021 20:00:16.1,8/16/2021 20:00:16.4,2,NA,NA,NA,NA,NA,NA,NA,NA,2021-08-16,27.79205,-175.819217,Day
F:\2021\5643\20210816_193720.wav,10/3/23 12:56,HMS,Growl,8/16/2021 20:00:17.9,8/16/2021 20:00:20.0,2,NA,NA,NA,NA,NA,NA,NA,NA,2021-08-16,27.79205,-175.819217,Day
F:\2021\5643\20210816_193720.wav,10/3/23 12:56,HMS,Growl,8/16/2021 20:01:36.3,8/16/2021 20:01:43.7,3,NA,NA,NA,NA,NA,NA,NA,NA,2021-08-16,27.79205,-175.819217,Day
F:\2021\5643\20210816_193720.wav,10/3/23 12:56,HMS,Croak,8/16/2021 20:01:44.1,8/16/2021 20:01:44.3,3,NA,NA,NA,NA,NA,NA,NA,NA,2021-08-16,27.79205,-175.819217,Day
F:\2021\5643\20210816_193720.wav,10/3/23 12:56,HMS,Croak,8/16/2021 20:01:47.7,8/16/2021 20:01:48.1,2,NA,NA,NA,NA,NA,NA,NA,NA,2021-08-16,27.79205,-175.819217,Day
F:\2021\5643\20210816_193720.wav,10/3/23 12:57,HMS,Whoop,8/16/2021 20:01:48.9,8/16/2021 20:01:49.7,1,3,NA,NA,NA,NA,NA,NA,NA,2021-08-16,27.79205,-175.819217,Day
F:\2021\5643\20210816_193720.wav,10/3/23 12:57,HMS,Croak,8/16/2021 20:01:49.9,8/16/2021 20:01:50.4,3,NA,NA,NA,NA,NA,NA,NA,NA,2021-08-16,27.79205,-175.819217,Day
F:\2021\5643\20210816_193720.wav,10/3/23 12:57,HMS,Growl,8/16/2021 20:01:51.0,8/16/2021 20:01:55.0,3,NA,NA,NA,NA,NA,NA,NA,NA,2021-08-16,27.79205,-175.819217,Day
F:\2021\5643\20210816_193720.wav,10/3/23 12:57,HMS,Growl,8/16/2021 20:01:56.4,8/16/2021 20:01:59.0,3,NA,NA,NA,NA,NA,NA,NA,NA,2021-08-16,27.79205,-175.819217,Day
F:\2021\5643\20210816_193720.wav,10/3/23 12:57,HMS,Croak,8/16/2021 20:02:06.2,8/16/2021 20:02:06.4,1,NA,NA,NA,NA,NA,NA,NA,NA,2021-08-16,27.79205,-175.819217,Day
F:\2021\5643\20210816_193720.wav,10/3/23 12:57,HMS,Growl,8/16/2021 20:02:13.3,8/16/2021 20:02:14.7,1,NA,NA,NA,NA,NA,NA,NA,NA,2021-08-16,27.79205,-175.819217,Day
F:\2021\5643\20210816_193720.wav,10/3/23 12:58,HMS,Croak,8/16/2021 20:02:15.2,8/16/2021 20:02:15.6,2,NA,NA,NA,NA,NA,NA,NA,NA,2021-08-16,27.79205,-175.819217,Day
F:\2021\5643\20210816_193720.wav,10/3/23 12:58,HMS,Growl,8/16/2021 20:02:17.2,8/16/2021 20:02:20.4,2,NA,NA,NA,NA,NA,NA,NA,NA,2021-08-16,27.79205,-175.819217,Day
F:\2021\5643\20210816_193720.wav,10/3/23 12:58,HMS,Growl,8/16/2021 20:03:27.8,8/16/2021 20:03:34.5,3,NA,NA,NA,NA,NA,NA,NA,NA,2021-08-16,27.79205,-175.819217,Day
F:\2021\5643\20210816_193720.wav,10/3/23 12:58,HMS,Croak,8/16/2021 20:03:34.9,8/16/2021 20:03:35.2,3,NA,NA,NA,NA,NA,NA,NA,NA,2021-08-16,27.79205,-175.819217,Day
F:\2021\5643\20210816_193720.wav,10/3/23 12:59,HMS,Whoop,8/16/2021 20:03:38.4,8/16/2021 20:03:38.6,1,1,NA,NA,NA,NA,NA,NA,NA,2021-08-16,27.79205,-175.819217,Day
F:\2021\5643\20210816_193720.wav,10/3/23 12:59,HMS,Croak,8/16/2021 20:03:38.7,8/16/2021 20:03:39.3,3,NA,NA,NA,NA,NA,NA,NA,NA,2021-08-16,27.79205,-175.819217,Day
F:\2021\5643\20210816_193720.wav,10/3/23 12:59,HMS,Whoop,8/16/2021 20:03:44.0,8/16/2021 20:03:44.2,1,1,NA,NA,NA,NA,NA,NA,NA,2021-08-16,27.79205,-175.819217,Day
F:\2021\5643\20210816_193720.wav,10/3/23 12:59,HMS,Croak,8/16/2021 20:03:44.4,8/16/2021 20:03:45.0,3,NA,NA,NA,NA,NA,NA,NA,NA,2021-08-16,27.79205,-175.819217,Day
F:\2021\5643\20210816_193720.wav,10/3/23 13:00,HMS,Growl,8/16/2021 20:03:45.5,8/16/2021 20:03:48.8,3,NA,NA,NA,NA,NA,NA,NA,NA,2021-08-16,27.79205,-175.819217,Day
F:\2021\5643\20210816_193720.wav,10/3/23 13:00,HMS,Whoop,8/16/2021 20:03:49.0,8/16/2021 20:03:49.4,1,2,NA,NA,NA,NA,NA,NA,NA,2021-08-16,27.79205,-175.819217,Day
F:\2021\5643\20210816_193720.wav,10/3/23 13:00,HMS,Croak,8/16/2021 20:03:49.4,8/16/2021 20:03:50.1,3,NA,NA,NA,NA,NA,NA,NA,NA,2021-08-16,27.79205,-175.819217,Day
F:\2021\5643\20210816_193720.wav,10/3/23 13:00,HMS,Growl,8/16/2021 20:03:58.2,8/16/2021 20:03:59.6,2,NA,NA,NA,NA,NA,weird growl,NA,NA,2021-08-16,27.79205,-175.819217,Day
F:\2021\5643\20210816_193720.wav,10/3/23 13:00,HMS,Whoop,8/16/2021 20:04:00.4,8/16/2021 20:04:01.4,1,3,NA,NA,NA,NA,NA,NA,NA,2021-08-16,27.79205,-175.819217,Day
F:\2021\5643\20210816_193720.wav,10/3/23 13:00,HMS,Croak,8/16/2021 20:04:01.6,8/16/2021 20:04:02.1,2,NA,NA,NA,NA,NA,NA,NA,NA,2021-08-16,27.79205,-175.819217,Day
F:\2021\5643\20210816_193720.wav,10/3/23 13:00,HMS,Growl,8/16/2021 20:04:02.7,8/16/2021 20:04:07.8,2,NA,NA,NA,NA,NA,NA,NA,NA,2021-08-16,27.79205,-175.819217,Day
F:\2021\5643\20210816_193720.wav,10/3/23 13:01,HMS,Croak,8/16/2021 20:04:12.5,8/16/2021 20:04:12.6,1,NA,NA,NA,NA,NA,NA,NA,NA,2021-08-16,27.79205,-175.819217,Day
F:\2021\5643\20210816_193720.wav,10/3/23 13:01,HMS,Growl,8/16/2021 20:04:18.4,8/16/2021 20:04:20.8,1,NA,NA,NA,NA,NA,NA,NA,NA,2021-08-16,27.79205,-175.819217,Day
F:\2021\5643\20210816_193720.wav,10/3/23 13:01,HMS,Growl,8/16/2021 21:00:01.9,8/16/2021 21:00:07.7,2,NA,NA,NA,NA,NA,NA,NA,NA,2021-08-16,27.79205,-175.819217,Night
F:\2021\5643\20210816_193720.wav,10/3/23 13:01,HMS,Growl,8/16/2021 21:00:08.2,8/16/2021 21:00:13.8,2,NA,NA,NA,NA,NA,NA,NA,NA,2021-08-16,27.79205,-175.819217,Night
F:\2021\5643\20210816_193720.wav,10/3/23 13:07,HMS,Croak,8/16/2021 21:00:15.3,8/16/2021 21:00:15.4,2,NA,NA,NA,NA,NA,NA,NA,NA,2021-08-16,27.79205,-175.819217,Night
F:\2021\5643\20210816_193720.wav,10/3/23 13:08,HMS,Growl,8/16/2021 21:00:19.3,8/16/2021 21:00:20.3,2,NA,NA,NA,NA,NA,NA,NA,NA,2021-08-16,27.79205,-175.819217,Night
F:\2021\5643\20210816_193720.wav,10/3/23 13:08,HMS,Croak,8/16/2021 21:00:22.4,8/16/2021 21:00:22.6,2,NA,NA,NA,NA,NA,NA,NA,NA,2021-08-16,27.79205,-175.819217,Night
F:\2021\5643\20210816_193720.wav,10/3/23 13:08,HMS,Croak,8/16/2021 21:00:29.6,8/16/2021 21:00:30.2,2,NA,NA,NA,NA,NA,NA,NA,NA,2021-08-16,27.79205,-175.819217,Night
F:\2021\5643\20210816_193720.wav,10/3/23 13:08,HMS,Growl,8/16/2021 21:00:30.6,8/16/2021 21:00:35.1,2,NA,NA,NA,NA,NA,NA,NA,NA,2021-08-16,27.79205,-175.819217,Night
F:\2021\5643\20210816_193720.wav,10/3/23 13:08,HMS,Whoop,8/16/2021 21:00:35.4,8/16/2021 21:00:36.0,1,2,NA,NA,NA,NA,NA,NA,NA,2021-08-16,27.79205,-175.819217,Night
F:\2021\5643\20210816_193720.wav,10/3/23 13:09,HMS,Growl,8/16/2021 21:02:10.8,8/16/2021 21:02:12.2,1,NA,NA,NA,NA,NA,faint growls,NA,NA,2021-08-16,27.79205,-175.819217,Night
F:\2021\5643\20210816_193720.wav,10/3/23 13:09,HMS,Growl,8/16/2021 21:02:26.1,8/16/2021 21:02:29.4,1,NA,NA,NA,NA,NA,NA,NA,NA,2021-08-16,27.79205,-175.819217,Night
F:\2021\5643\20210816_193720.wav,10/3/23 13:10,HMS,Growl,8/16/2021 22:00:27.3,8/16/2021 22:00:35.1,3,NA,NA,NA,NA,NA,NA,NA,NA,2021-08-16,27.79205,-175.819217,Night
F:\2021\5643\20210816_193720.wav,10/3/23 13:10,HMS,Croak,8/16/2021 22:00:35.6,8/16/2021 22:00:35.8,3,NA,NA,NA,NA,NA,NA,NA,NA,2021-08-16,27.79205,-175.819217,Night
F:\2021\5643\20210816_193720.wav,10/3/23 13:10,HMS,Croak,8/16/2021 22:00:39.2,8/16/2021 22:00:39.7,3,NA,NA,NA,NA,NA,NA,NA,NA,2021-08-16,27.79205,-175.819217,Night
F:\2021\5643\20210816_193720.wav,10/3/23 13:10,HMS,Growl,8/16/2021 22:00:40.5,8/16/2021 22:00:43.9,3,NA,NA,NA,NA,NA,NA,NA,NA,2021-08-16,27.79205,-175.819217,Night
F:\2021\5643\20210816_193720.wav,10/3/23 13:10,HMS,Whoop,8/16/2021 22:00:45.5,8/16/2021 22:00:46.4,1,3,NA,NA,NA,NA,NA,NA,NA,2021-08-16,27.79205,-175.819217,Night
F:\2021\5643\20210816_193720.wav,10/3/23 13:11,HMS,Croak,8/16/2021 22:00:49.4,8/16/2021 22:00:49.6,1,NA,NA,NA,NA,NA,NA,NA,NA,2021-08-16,27.79205,-175.819217,Night
F:\2021\5643\20210816_193720.wav,10/3/23 13:11,HMS,Growl,8/16/2021 22:00:51.3,8/16/2021 22:00:52.0,2,NA,NA,NA,NA,NA,NA,NA,NA,2021-08-16,27.79205,-175.819217,Night
F:\2021\5643\20210816_193720.wav,10/3/23 13:11,HMS,Croak,8/16/2021 22:00:53.6,8/16/2021 22:00:53.9,1,NA,NA,NA,NA,NA,NA,NA,NA,2021-08-16,27.79205,-175.819217,Night
F:\2021\5643\20210816_193720.wav,10/3/23 13:11,HMS,Growl,8/16/2021 22:01:02.5,8/16/2021 22:01:04.1,2,NA,NA,NA,NA,NA,NA,NA,NA,2021-08-16,27.79205,-175.819217,Night
F:\2021\5643\20210816_193720.wav,10/3/23 13:11,HMS,Whoop,8/16/2021 22:01:04.1,8/16/2021 22:01:06.5,1,2,NA,NA,NA,NA,NA,NA,NA,2021-08-16,27.79205,-175.819217,Night
F:\2021\5643\20210816_193720.wav,10/3/23 13:12,HMS,Growl,8/16/2021 22:03:09.2,8/16/2021 22:03:15.8,2,NA,NA,NA,NA,NA,NA,NA,NA,2021-08-16,27.79205,-175.819217,Night
F:\2021\5643\20210816_193720.wav,10/3/23 13:12,HMS,Croak,8/16/2021 22:03:15.8,8/16/2021 22:03:16.5,2,NA,NA,NA,NA,NA,NA,NA,NA,2021-08-16,27.79205,-175.819217,Night
F:\2021\5643\20210816_193720.wav,10/3/23 13:12,HMS,Croak,8/16/2021 22:03:19.7,8/16/2021 22:03:20.1,2,NA,NA,NA,NA,NA,NA,NA,NA,2021-08-16,27.79205,-175.819217,Night
F:\2021\5643\20210816_193720.wav,10/3/23 13:12,HMS,Whoop,8/16/2021 22:03:20.1,8/16/2021 22:03:21.6,1,2,NA,NA,NA,NA,NA,NA,NA,2021-08-16,27.79205,-175.819217,Night
F:\2021\5643\20210816_193720.wav,10/3/23 13:12,HMS,Croak,8/16/2021 22:03:22.2,8/16/2021 22:03:22.6,2,NA,NA,NA,NA,NA,NA,NA,NA,2021-08-16,27.79205,-175.819217,Night
F:\2021\5643\20210816_193720.wav,10/3/23 13:12,HMS,Growl,8/16/2021 22:03:23.2,8/16/2021 22:03:27.4,2,NA,NA,NA,NA,NA,NA,NA,NA,2021-08-16,27.79205,-175.819217,Night
F:\2021\5643\20210816_193720.wav,10/3/23 13:12,HMS,Growl,8/16/2021 22:03:28.4,8/16/2021 22:03:32.4,2,NA,NA,NA,NA,NA,NA,NA,NA,2021-08-16,27.79205,-175.819217,Night
F:\2021\5643\20210816_193720.wav,10/3/23 13:13,HMS,Growl,8/16/2021 22:04:36.1,8/16/2021 22:04:40.6,3,NA,NA,NA,NA,NA,weird growl,NA,NA,2021-08-16,27.79205,-175.819217,Night
F:\2021\5643\20210816_193720.wav,10/3/23 13:13,HMS,Growl,8/16/2021 22:04:42.8,8/16/2021 22:04:43.5,3,NA,NA,NA,NA,NA,NA,NA,NA,2021-08-16,27.79205,-175.819217,Night
F:\2021\5643\20210816_193720.wav,10/3/23 13:13,HMS,Croak,8/16/2021 22:04:44.3,8/16/2021 22:04:44.5,2,NA,NA,NA,NA,NA,NA,NA,NA,2021-08-16,27.79205,-175.819217,Night
F:\2021\5643\20210816_193720.wav,10/3/23 13:13,HMS,Growl,8/16/2021 22:04:50.4,8/16/2021 22:04:55.2,3,NA,NA,NA,NA,NA,NA,NA,NA,2021-08-16,27.79205,-175.819217,Night
F:\2021\5643\20210816_193720.wav,10/3/23 13:13,HMS,Whoop,8/16/2021 22:04:55.7,8/16/2021 22:04:56.3,1,2,NA,NA,NA,NA,NA,NA,NA,2021-08-16,27.79205,-175.819217,Night
F:\2021\5643\20210816_193720.wav,10/3/23 13:13,HMS,Croak,8/16/2021 22:04:57.3,8/16/2021 22:04:57.7,3,NA,NA,NA,NA,NA,NA,NA,NA,2021-08-16,27.79205,-175.819217,Night
F:\2021\5643\20210816_193720.wav,10/3/23 13:14,HMS,Growl,8/16/2021 22:04:58.2,8/16/2021 22:05:03.1,3,NA,NA,NA,NA,NA,author end,NA,NA,2021-08-16,27.79205,-175.819217,Night
F:\2021\5643\20210816_223719.wav,10/5/23 8:44,HMS,Growl,8/16/2021 23:01:24.4,8/16/2021 23:01:26.1,1,NA,NA,NA,NA,NA,author starting,NA,NA,2021-08-16,27.79205,-175.819217,Night
F:\2021\5643\20210816_223719.wav,10/5/23 8:45,HMS,Growl,8/16/2021 23:01:31.4,8/16/2021 23:01:34.1,1,NA,NA,NA,NA,NA,NA,NA,NA,2021-08-16,27.79205,-175.819217,Night
F:\2021\5643\20210816_223719.wav,10/5/23 8:47,HMS,Growl,8/16/2021 23:04:16.5,8/16/2021 23:04:17.8,1,NA,NA,NA,NA,NA,NA,NA,NA,2021-08-16,27.79205,-175.819217,Night
F:\2021\5643\20210816_223719.wav,10/5/23 8:47,HMS,Growl,8/16/2021 23:04:20.3,8/16/2021 23:04:22.4,1,NA,NA,NA,NA,NA,NA,NA,NA,2021-08-16,27.79205,-175.819217,Night
F:\2021\5643\20210818_223707.wav,10/5/23 8:50,HMS,Growl,8/19/2021 0:00:34.8,8/19/2021 0:00:41.6,1,NA,NA,NA,NA,NA,NA,NA,NA,2021-08-19,27.79205,-175.819217,Night
F:\2021\5643\20210818_223707.wav,10/5/23 8:50,HMS,Croak,8/19/2021 0:00:44.1,8/19/2021 0:00:44.3,1,NA,NA,NA,NA,NA,NA,NA,NA,2021-08-19,27.79205,-175.819217,Night
F:\2021\5643\20210818_223707.wav,10/5/23 8:50,HMS,Croak,8/19/2021 0:00:46.0,8/19/2021 0:00:46.4,2,NA,NA,NA,NA,NA,NA,NA,NA,2021-08-19,27.79205,-175.819217,Night
F:\2021\5643\20210818_223707.wav,10/5/23 8:50,HMS,Croak,8/19/2021 0:00:53.6,8/19/2021 0:00:53.8,1,NA,NA,NA,NA,NA,NA,NA,NA,2021-08-19,27.79205,-175.819217,Night
F:\2021\5643\20210818_223707.wav,10/5/23 8:51,HMS,Growl,8/19/2021 0:00:54.6,8/19/2021 0:00:58.0,2,NA,NA,NA,NA,NA,NA,NA,NA,2021-08-19,27.79205,-175.819217,Night
F:\2021\5643\20210818_223707.wav,10/5/23 8:51,HMS,Growl,8/19/2021 0:00:59.2,8/19/2021 0:01:02.3,2,NA,NA,NA,NA,NA,NA,NA,NA,2021-08-19,27.79205,-175.819217,Night
F:\2021\5643\20210818_223707.wav,10/5/23 8:52,HMS,Croak,8/19/2021 0:01:08.2,8/19/2021 0:01:08.5,1,NA,NA,NA,NA,NA,NA,NA,NA,2021-08-19,27.79205,-175.819217,Night
F:\2021\5643\20210818_223707.wav,10/5/23 8:53,HMS,Growl,8/19/2021 0:02:21.1,8/19/2021 0:02:29.5,1,NA,NA,NA,NA,NA,NA,NA,NA,2021-08-19,27.79205,-175.819217,Night
F:\2021\5643\20210818_223707.wav,10/5/23 8:54,HMS,Growl,8/19/2021 0:02:30.1,8/19/2021 0:02:34.6,1,NA,NA,NA,NA,NA,NA,NA,NA,2021-08-19,27.79205,-175.819217,Night
F:\2021\5643\20210818_223707.wav,10/5/23 8:54,HMS,Croak,8/19/2021 0:02:36.5,8/19/2021 0:02:36.7,1,NA,NA,NA,NA,NA,NA,NA,NA,2021-08-19,27.79205,-175.819217,Night
F:\2021\5643\20210818_223707.wav,10/5/23 8:54,HMS,Growl,8/19/2021 0:02:40.7,8/19/2021 0:02:43.2,1,NA,NA,NA,NA,NA,NA,NA,NA,2021-08-19,27.79205,-175.819217,Night
F:\2021\5643\20210818_223707.wav,10/5/23 8:54,HMS,Croak,8/19/2021 0:02:44.4,8/19/2021 0:02:44.7,1,NA,NA,NA,NA,NA,NA,NA,NA,2021-08-19,27.79205,-175.819217,Night
F:\2021\5643\20210818_223707.wav,10/5/23 8:54,HMS,Growl,8/19/2021 0:02:51.9,8/19/2021 0:02:55.8,1,NA,NA,NA,NA,NA,NA,NA,NA,2021-08-19,27.79205,-175.819217,Night
F:\2021\5643\20210818_223707.wav,10/5/23 8:55,HMS,Whoop,8/19/2021 0:02:56.2,8/19/2021 0:02:56.3,1,1,NA,NA,NA,NA,NA,NA,NA,2021-08-19,27.79205,-175.819217,Night
F:\2021\5643\20210818_223707.wav,10/5/23 8:55,HMS,Croak,8/19/2021 0:02:57.4,8/19/2021 0:02:57.8,1,NA,NA,NA,NA,NA,NA,NA,NA,2021-08-19,27.79205,-175.819217,Night
F:\2021\5643\20210818_223707.wav,10/5/23 8:56,HMS,Growl,8/19/2021 0:04:08.3,8/19/2021 0:04:14.7,1,NA,NA,NA,NA,NA,NA,NA,NA,2021-08-19,27.79205,-175.819217,Night
F:\2021\5643\20210818_223707.wav,10/5/23 8:56,HMS,Growl,8/19/2021 0:04:15.6,8/19/2021 0:04:20.2,1,NA,NA,NA,NA,NA,NA,NA,NA,2021-08-19,27.79205,-175.819217,Night
F:\2021\5643\20210818_223707.wav,10/5/23 8:56,HMS,Croak,8/19/2021 0:04:21.4,8/19/2021 0:04:21.7,1,NA,NA,NA,NA,NA,NA,NA,NA,2021-08-19,27.79205,-175.819217,Night
F:\2021\5643\20210818_223707.wav,10/5/23 8:56,HMS,Growl,8/19/2021 0:04:25.1,8/19/2021 0:04:26.5,1,NA,NA,NA,NA,NA,NA,NA,NA,2021-08-19,27.79205,-175.819217,Night
F:\2021\5643\20210818_223707.wav,10/5/23 8:57,HMS,Croak,8/19/2021 0:04:28.3,8/19/2021 0:04:28.4,1,NA,NA,NA,NA,NA,NA,NA,NA,2021-08-19,27.79205,-175.819217,Night
F:\2021\5643\20210818_223707.wav,10/5/23 8:58,HMS,Croak,8/19/2021 0:04:37.1,8/19/2021 0:04:37.4,2,NA,NA,NA,NA,NA,NA,NA,NA,2021-08-19,27.79205,-175.819217,Night
F:\2021\5643\20210818_223707.wav,10/5/23 8:58,HMS,Growl,8/19/2021 0:04:38.2,8/19/2021 0:04:41.1,2,NA,NA,NA,NA,NA,NA,NA,NA,2021-08-19,27.79205,-175.819217,Night
F:\2021\5643\20210818_223707.wav,10/5/23 8:58,HMS,Croak,8/19/2021 0:04:42.7,8/19/2021 0:04:42.9,1,NA,NA,NA,NA,NA,NA,NA,NA,2021-08-19,27.79205,-175.819217,Night
F:\2021\5643\20210818_223707.wav,10/5/23 9:00,HMS,Growl,8/19/2021 1:00:54.4,8/19/2021 1:00:59.4,2,NA,NA,NA,NA,NA,NA,NA,NA,2021-08-19,27.79205,-175.819217,Night
F:\2021\5643\20210818_223707.wav,10/5/23 9:01,HMS,Croak,8/19/2021 1:01:00.1,8/19/2021 1:01:00.3,1,NA,NA,NA,NA,NA,NA,NA,NA,2021-08-19,27.79205,-175.819217,Night
F:\2021\5643\20210818_223707.wav,10/5/23 9:01,HMS,Growl,8/19/2021 1:01:01.3,8/19/2021 1:01:03.8,2,NA,NA,NA,NA,NA,NA,NA,NA,2021-08-19,27.79205,-175.819217,Night
F:\2021\5643\20210818_223707.wav,10/5/23 9:02,HMS,Croak,8/19/2021 1:01:04.6,8/19/2021 1:01:04.8,1,NA,NA,NA,NA,NA,NA,NA,NA,2021-08-19,27.79205,-175.819217,Night
F:\2021\5643\20210818_223707.wav,10/5/23 9:02,HMS,Whoop,8/19/2021 1:01:05.2,8/19/2021 1:01:05.5,1,2,NA,NA,NA,NA,NA,NA,NA,2021-08-19,27.79205,-175.819217,Night
F:\2021\5643\20210818_223707.wav,10/5/23 9:02,HMS,Moan,8/19/2021 1:01:08.9,8/19/2021 1:01:09.8,2,NA,NA,NA,NA,NA,NA,NA,NA,2021-08-19,27.79205,-175.819217,Night
F:\2021\5643\20210818_223707.wav,10/5/23 9:02,HMS,Moan,8/19/2021 1:01:10.2,8/19/2021 1:01:10.7,1,NA,NA,NA,NA,NA,NA,NA,NA,2021-08-19,27.79205,-175.819217,Night
F:\2021\5643\20210818_223707.wav,10/5/23 9:03,HMS,Growl,8/19/2021 1:01:14.5,8/19/2021 1:01:17.6,1,NA,NA,NA,NA,NA,NA,NA,NA,2021-08-19,27.79205,-175.819217,Night
F:\2021\5643\20210818_223707.wav,10/5/23 9:03,HMS,Whoop,8/19/2021 1:01:17.9,8/19/2021 1:01:18.8,2,3,NA,NA,NA,NA,NA,NA,NA,2021-08-19,27.79205,-175.819217,Night
F:\2021\5643\20210818_223707.wav,10/5/23 9:03,HMS,Croak,8/19/2021 1:01:25.3,8/19/2021 1:01:25.7,1,NA,NA,NA,NA,NA,NA,NA,NA,2021-08-19,27.79205,-175.819217,Night
F:\2021\5643\20210818_223707.wav,10/5/23 9:04,HMS,Whoop,8/19/2021 1:01:26.5,8/19/2021 1:01:27.4,2,3,NA,NA,NA,NA,NA,NA,NA,2021-08-19,27.79205,-175.819217,Night
F:\2021\5643\20210818_223707.wav,10/5/23 9:05,HMS,Croak,8/19/2021 1:01:27.7,8/19/2021 1:01:28.1,1,NA,NA,NA,NA,NA,NA,NA,NA,2021-08-19,27.79205,-175.819217,Night
F:\2021\5643\20210818_223707.wav,10/5/23 9:05,HMS,Growl,8/19/2021 1:01:28.9,8/19/2021 1:01:32.3,1,NA,NA,NA,NA,NA,NA,NA,NA,2021-08-19,27.79205,-175.819217,Night
F:\2021\5643\20210818_223707.wav,10/5/23 9:05,HMS,Growl,8/19/2021 1:01:33.4,8/19/2021 1:01:36.5,1,NA,NA,NA,NA,NA,NA,NA,NA,2021-08-19,27.79205,-175.819217,Night
F:\2021\5643\20210818_223707.wav,10/5/23 9:08,HMS,Whoop,8/19/2021 1:01:39.7,8/19/2021 1:01:39.9,1,1,NA,NA,NA,NA,NA,NA,NA,2021-08-19,27.79205,-175.819217,Night
F:\2021\5643\20210818_223707.wav,10/5/23 9:08,HMS,Growl,8/19/2021 1:01:46.8,8/19/2021 1:01:48.4,1,NA,NA,NA,NA,NA,NA,NA,NA,2021-08-19,27.79205,-175.819217,Night
F:\2021\5643\20210818_223707.wav,10/5/23 9:08,HMS,Croak,8/19/2021 1:01:49.0,8/19/2021 1:01:49.4,1,NA,NA,NA,NA,NA,NA,NA,NA,2021-08-19,27.79205,-175.819217,Night
F:\2021\5643\20210818_223707.wav,10/5/23 9:08,HMS,Growl,8/19/2021 1:01:56.6,8/19/2021 1:01:59.5,1,NA,NA,NA,NA,NA,NA,NA,NA,2021-08-19,27.79205,-175.819217,Night
F:\2021\5643\20210818_223707.wav,10/5/23 9:09,HMS,Whoop,8/19/2021 1:02:00.2,8/19/2021 1:02:00.3,1,1,NA,NA,NA,NA,NA,NA,NA,2021-08-19,27.79205,-175.819217,Night
F:\2021\5643\20210818_223707.wav,10/5/23 9:09,HMS,Moan,8/19/2021 1:02:04.8,8/19/2021 1:02:05.3,2,NA,NA,NA,NA,NA,NA,NA,NA,2021-08-19,27.79205,-175.819217,Night
F:\2021\5643\20210818_223707.wav,10/5/23 9:11,HMS,Moan,8/19/2021 1:02:05.6,8/19/2021 1:02:07.2,2,NA,NA,NA,NA,NA,NA,NA,NA,2021-08-19,27.79205,-175.819217,Night
F:\2021\5643\20210818_223707.wav,10/5/23 9:13,HMS,Moan,8/19/2021 1:03:30.3,8/19/2021 1:03:34.9,2,NA,NA,NA,NA,NA,NA,NA,NA,2021-08-19,27.79205,-175.819217,Night
F:\2021\5643\20210818_223707.wav,10/5/23 9:13,HMS,Croak,8/19/2021 1:03:35.3,8/19/2021 1:03:35.5,1,NA,NA,NA,NA,NA,NA,NA,NA,2021-08-19,27.79205,-175.819217,Night
F:\2021\5643\20210818_223707.wav,10/5/23 9:13,HMS,Growl,8/19/2021 1:03:36.1,8/19/2021 1:03:38.7,2,NA,NA,NA,NA,NA,NA,NA,NA,2021-08-19,27.79205,-175.819217,Night
F:\2021\5643\20210818_223707.wav,10/5/23 9:13,HMS,Croak,8/19/2021 1:03:40.0,8/19/2021 1:03:40.2,1,NA,NA,NA,NA,NA,NA,NA,NA,2021-08-19,27.79205,-175.819217,Night
F:\2021\5643\20210818_223707.wav,10/5/23 9:14,HMS,Whoop,8/19/2021 1:03:43.7,8/19/2021 1:03:44.4,1,3,NA,NA,NA,NA,NA,NA,NA,2021-08-19,27.79205,-175.819217,Night
F:\2021\5643\20210818_223707.wav,10/5/23 9:14,HMS,Croak,8/19/2021 1:03:44.6,8/19/2021 1:03:45.0,1,NA,NA,NA,NA,NA,NA,NA,NA,2021-08-19,27.79205,-175.819217,Night
F:\2021\5643\20210818_223707.wav,10/5/23 9:14,HMS,Whoop,8/19/2021 1:03:45.6,8/19/2021 1:03:45.7,1,1,NA,NA,NA,NA,NA,NA,NA,2021-08-19,27.79205,-175.819217,Night
F:\2021\5643\20210818_223707.wav,10/5/23 9:14,HMS,Croak,8/19/2021 1:03:46.6,8/19/2021 1:03:46.9,1,NA,NA,NA,NA,NA,NA,NA,NA,2021-08-19,27.79205,-175.819217,Night
F:\2021\5643\20210818_223707.wav,10/5/23 9:15,HMS,Growl,8/19/2021 1:03:47.5,8/19/2021 1:03:49.1,2,NA,NA,NA,NA,NA,NA,NA,NA,2021-08-19,27.79205,-175.819217,Night
F:\2021\5643\20210818_223707.wav,10/5/23 9:15,HMS,Moan,8/19/2021 1:03:54.7,8/19/2021 1:03:55.5,1,NA,NA,NA,NA,NA,NA,NA,NA,2021-08-19,27.79205,-175.819217,Night
F:\2021\5643\20210818_223707.wav,10/5/23 9:15,HMS,MoanGrowl,8/19/2021 1:03:55.6,8/19/2021 1:03:58.6,1,NA,NA,NA,NA,NA,NA,NA,NA,2021-08-19,27.79205,-175.819217,Night
F:\2021\5643\20210819_013706.wav,10/5/23 9:19,HMS,Growl,8/19/2021 2:00:00.2,8/19/2021 2:00:04.8,2,NA,NA,NA,NA,NA,NA,NA,NA,2021-08-19,27.79205,-175.819217,Night
F:\2021\5643\20210819_013706.wav,10/5/23 9:19,HMS,Growl,8/19/2021 2:00:05.2,8/19/2021 2:00:08.7,2,NA,NA,NA,NA,NA,NA,NA,NA,2021-08-19,27.79205,-175.819217,Night
F:\2021\5643\20210819_013706.wav,10/5/23 9:19,HMS,Croak,8/19/2021 2:00:09.6,8/19/2021 2:00:09.8,2,NA,NA,NA,NA,NA,NA,NA,NA,2021-08-19,27.79205,-175.819217,Night
F:\2021\5643\20210819_013706.wav,10/5/23 9:19,HMS,Croak,8/19/2021 2:00:13.6,8/19/2021 2:00:14.1,2,NA,NA,NA,NA,NA,NA,NA,NA,2021-08-19,27.79205,-175.819217,Night
F:\2021\5643\20210819_013706.wav,10/5/23 9:20,HMS,Whoop,8/19/2021 2:00:15.4,8/19/2021 2:00:15.5,2,1,NA,NA,NA,NA,NA,NA,NA,2021-08-19,27.79205,-175.819217,Night
F:\2021\5643\20210819_013706.wav,10/5/23 9:21,HMS,Croak,8/19/2021 2:00:16.0,8/19/2021 2:00:16.3,2,NA,NA,NA,NA,NA,NA,NA,NA,2021-08-19,27.79205,-175.819217,Night
F:\2021\5643\20210819_013706.wav,10/5/23 9:24,HMS,Whoop,8/19/2021 2:00:19.7,8/19/2021 2:00:19.9,1,1,NA,NA,NA,NA,overlapping calls,NA,NA,2021-08-19,27.79205,-175.819217,Night
F:\2021\5643\20210819_013706.wav,10/5/23 9:24,HMS,Growl,8/19/2021 2:00:19.4,8/19/2021 2:00:22.7,2,NA,NA,NA,NA,NA,NA,NA,NA,2021-08-19,27.79205,-175.819217,Night
F:\2021\5643\20210819_013706.wav,10/5/23 9:25,HMS,Growl,8/19/2021 2:00:23.2,8/19/2021 2:00:24.1,2,NA,NA,NA,NA,NA,NA,NA,NA,2021-08-19,27.79205,-175.819217,Night
F:\2021\5643\20210819_013706.wav,10/5/23 9:25,HMS,Growl,8/19/2021 2:00:27.3,8/19/2021 2:00:30.8,2,NA,NA,NA,NA,NA,overlapping calls,NA,NA,2021-08-19,27.79205,-175.819217,Night
F:\2021\5643\20210819_013706.wav,10/5/23 9:26,HMS,Growl,8/19/2021 2:00:30.8,8/19/2021 2:00:31.9,2,NA,NA,NA,NA,NA,NA,NA,NA,2021-08-19,27.79205,-175.819217,Night
F:\2021\5643\20210819_013706.wav,10/5/23 9:26,HMS,Croak,8/19/2021 2:00:32.4,8/19/2021 2:00:32.7,2,NA,NA,NA,NA,NA,NA,NA,NA,2021-08-19,27.79205,-175.819217,Night
F:\2021\5643\20210819_013706.wav,10/5/23 9:26,HMS,Growl,8/19/2021 2:00:34.1,8/19/2021 2:00:37.4,2,NA,NA,NA,NA,NA,NA,NA,NA,2021-08-19,27.79205,-175.819217,Night
F:\2021\5643\20210819_013706.wav,10/5/23 9:27,HMS,Whoop,8/19/2021 2:00:37.8,8/19/2021 2:00:38.0,1,1,NA,NA,NA,NA,NA,NA,NA,2021-08-19,27.79205,-175.819217,Night
F:\2021\5643\20210819_013706.wav,10/5/23 9:27,HMS,Whoop,8/19/2021 2:00:39.1,8/19/2021 2:00:39.3,1,1,NA,NA,NA,NA,NA,NA,NA,2021-08-19,27.79205,-175.819217,Night
F:\2021\5643\20210819_013706.wav,10/5/23 9:28,HMS,Croak,8/19/2021 2:00:39.8,8/19/2021 2:00:40.2,2,NA,NA,NA,NA,NA,NA,NA,NA,2021-08-19,27.79205,-175.819217,Night
F:\2021\5643\20210819_013706.wav,10/5/23 9:28,HMS,Growl,8/19/2021 2:00:41.0,8/19/2021 2:00:43.9,2,NA,NA,NA,NA,NA,NA,NA,NA,2021-08-19,27.79205,-175.819217,Night
F:\2021\5643\20210819_013706.wav,10/5/23 9:29,HMS,Croak,8/19/2021 2:00:47.3,8/19/2021 2:00:47.5,1,NA,NA,NA,NA,NA,NA,NA,NA,2021-08-19,27.79205,-175.819217,Night
F:\2021\5643\20210819_013706.wav,10/5/23 9:29,HMS,Growl,8/19/2021 2:00:56.9,8/19/2021 2:01:00.2,2,NA,NA,NA,NA,NA,NA,NA,NA,2021-08-19,27.79205,-175.819217,Night
F:\2021\5643\20210819_013706.wav,10/5/23 9:31,HMS,Croak,8/19/2021 2:01:00.5,8/19/2021 2:01:00.7,1,NA,NA,NA,NA,NA,NA,NA,NA,2021-08-19,27.79205,-175.819217,Night
F:\2021\5643\20210819_013706.wav,10/5/23 9:31,HMS,Growl,8/19/2021 2:02:10.3,8/19/2021 2:02:15.9,2,NA,NA,NA,NA,NA,NA,NA,NA,2021-08-19,27.79205,-175.819217,Night
F:\2021\5643\20210819_013706.wav,10/5/23 9:32,HMS,Croak,8/19/2021 2:02:16.8,8/19/2021 2:02:17.1,2,NA,NA,NA,NA,NA,NA,NA,NA,2021-08-19,27.79205,-175.819217,Night
F:\2021\5643\20210819_013706.wav,10/5/23 9:32,HMS,Croak,8/19/2021 2:02:19.4,8/19/2021 2:02:19.7,2,NA,NA,NA,NA,NA,NA,NA,NA,2021-08-19,27.79205,-175.819217,Night
F:\2021\5643\20210819_013706.wav,10/5/23 9:32,HMS,Croak,8/19/2021 2:02:21.4,8/19/2021 2:02:21.7,2,NA,NA,NA,NA,NA,NA,NA,NA,2021-08-19,27.79205,-175.819217,Night
F:\2021\5643\20210819_013706.wav,10/5/23 9:32,HMS,Growl,8/19/2021 2:02:22.3,8/19/2021 2:02:25.1,2,NA,NA,NA,NA,NA,NA,NA,NA,2021-08-19,27.79205,-175.819217,Night
F:\2021\5643\20210819_013706.wav,10/5/23 9:32,HMS,Croak,8/19/2021 2:02:27.6,8/19/2021 2:02:27.8,2,NA,NA,NA,NA,NA,NA,NA,NA,2021-08-19,27.79205,-175.819217,Night
F:\2021\5643\20210819_013706.wav,10/5/23 9:33,HMS,Growl,8/19/2021 2:02:29.3,8/19/2021 2:02:31.7,2,NA,NA,NA,NA,NA,NA,NA,NA,2021-08-19,27.79205,-175.819217,Night
F:\2021\5643\20210819_013706.wav,10/5/23 9:34,HMS,Whoop,8/19/2021 2:02:32.9,8/19/2021 2:02:33.1,1,1,NA,NA,NA,NA,NA,NA,NA,2021-08-19,27.79205,-175.819217,Night
F:\2021\5643\20210819_013706.wav,10/5/23 9:34,HMS,Whoop,8/19/2021 2:02:35.8,8/19/2021 2:02:36.2,2,2,NA,NA,NA,NA,NA,NA,NA,2021-08-19,27.79205,-175.819217,Night
F:\2021\5643\20210819_013706.wav,10/5/23 9:34,HMS,Croak,8/19/2021 2:02:36.3,8/19/2021 2:02:36.7,2,NA,NA,NA,NA,NA,NA,NA,NA,2021-08-19,27.79205,-175.819217,Night
F:\2021\5643\20210819_013706.wav,10/5/23 9:34,HMS,Whoop,8/19/2021 2:02:37.4,8/19/2021 2:02:38.3,2,4,NA,NA,NA,NA,NA,NA,NA,2021-08-19,27.79205,-175.819217,Night
F:\2021\5643\20210819_013706.wav,10/5/23 9:34,HMS,Croak,8/19/2021 2:02:38.6,8/19/2021 2:02:39.0,2,NA,NA,NA,NA,NA,NA,NA,NA,2021-08-19,27.79205,-175.819217,Night
F:\2021\5643\20210819_013706.wav,10/5/23 9:35,HMS,Growl,8/19/2021 2:02:39.7,8/19/2021 2:02:43.0,2,NA,NA,NA,NA,NA,looks like overlapping calls,NA,NA,2021-08-19,27.79205,-175.819217,Night
F:\2021\5643\20210819_013706.wav,10/5/23 9:35,HMS,Growl,8/19/2021 2:02:41.2,8/19/2021 2:02:44.3,2,NA,NA,NA,NA,NA,NA,NA,NA,2021-08-19,27.79205,-175.819217,Night
F:\2021\5643\20210819_013706.wav,10/5/23 9:35,HMS,Growl,8/19/2021 2:02:44.9,8/19/2021 2:02:46.3,2,NA,NA,NA,NA,NA,NA,NA,NA,2021-08-19,27.79205,-175.819217,Night
F:\2021\5643\20210819_013706.wav,10/5/23 9:35,HMS,Croak,8/19/2021 2:02:46.9,8/19/2021 2:02:47.1,2,NA,NA,NA,NA,NA,NA,NA,NA,2021-08-19,27.79205,-175.819217,Night
F:\2021\5643\20210819_013706.wav,10/5/23 9:35,HMS,Croak,8/19/2021 2:02:47.4,8/19/2021 2:02:47.6,2,NA,NA,NA,NA,NA,NA,NA,NA,2021-08-19,27.79205,-175.819217,Night
F:\2021\5643\20210819_013706.wav,10/5/23 9:36,HMS,Growl,8/19/2021 2:02:51.4,8/19/2021 2:02:55.9,2,NA,NA,NA,NA,NA,NA,NA,NA,2021-08-19,27.79205,-175.819217,Night
F:\2021\5643\20210819_013706.wav,10/5/23 9:36,HMS,Whoop,8/19/2021 2:02:56.3,8/19/2021 2:02:57.3,2,4,NA,NA,NA,NA,NA,NA,NA,2021-08-19,27.79205,-175.819217,Night
F:\2021\5643\20210819_013706.wav,10/5/23 9:36,HMS,Croak,8/19/2021 2:02:58.2,8/19/2021 2:02:58.4,1,NA,NA,NA,NA,NA,NA,NA,NA,2021-08-19,27.79205,-175.819217,Night
F:\2021\5643\20210819_013706.wav,10/5/23 9:37,HMS,Croak,8/19/2021 2:03:02.3,8/19/2021 2:03:02.7,2,NA,NA,NA,NA,NA,NA,NA,NA,2021-08-19,27.79205,-175.819217,Night
F:\2021\5643\20210819_013706.wav,10/5/23 9:37,HMS,Croak,8/19/2021 2:03:03.5,8/19/2021 2:03:03.8,2,NA,NA,NA,NA,NA,NA,NA,NA,2021-08-19,27.79205,-175.819217,Night
F:\2021\5643\20210819_013706.wav,10/5/23 9:37,HMS,Growl,8/19/2021 2:03:08.9,8/19/2021 2:03:12.1,2,NA,NA,NA,NA,NA,NA,NA,NA,2021-08-19,27.79205,-175.819217,Night
F:\2021\5643\20210819_013706.wav,10/5/23 9:37,HMS,Whoop,8/19/2021 2:03:12.7,8/19/2021 2:03:12.8,1,1,NA,NA,NA,NA,NA,NA,NA,2021-08-19,27.79205,-175.819217,Night
F:\2021\5643\20210819_013706.wav,10/5/23 9:39,HMS,Growl,8/19/2021 2:04:12.7,8/19/2021 2:04:19.4,2,NA,NA,NA,NA,NA,NA,NA,NA,2021-08-19,27.79205,-175.819217,Night
F:\2021\5643\20210819_013706.wav,10/5/23 9:40,HMS,Croak,8/19/2021 2:04:19.8,8/19/2021 2:04:20.0,2,NA,NA,NA,NA,NA,NA,NA,NA,2021-08-19,27.79205,-175.819217,Night
F:\2021\5643\20210819_013706.wav,10/5/23 9:40,HMS,Croak,8/19/2021 2:04:22.0,8/19/2021 2:04:22.3,2,NA,NA,NA,NA,NA,NA,NA,NA,2021-08-19,27.79205,-175.819217,Night
F:\2021\5643\20210819_013706.wav,10/5/23 9:40,HMS,Croak,8/19/2021 2:04:24.5,8/19/2021 2:04:24.8,2,NA,NA,NA,NA,NA,NA,NA,NA,2021-08-19,27.79205,-175.819217,Night
F:\2021\5643\20210819_013706.wav,10/5/23 9:40,HMS,Growl,8/19/2021 2:04:25.3,8/19/2021 2:04:28.4,2,NA,NA,NA,NA,NA,NA,NA,NA,2021-08-19,27.79205,-175.819217,Night
F:\2021\5643\20210819_013706.wav,10/5/23 9:41,HMS,Whoop,8/19/2021 2:04:30.1,8/19/2021 2:04:30.3,1,1,NA,NA,NA,NA,NA,NA,NA,2021-08-19,27.79205,-175.819217,Night
F:\2021\5643\20210819_013706.wav,10/5/23 9:42,HMS,Croak,8/19/2021 2:04:37.5,8/19/2021 2:04:37.9,2,NA,NA,NA,NA,NA,NA,NA,NA,2021-08-19,27.79205,-175.819217,Night
F:\2021\5643\20210819_013706.wav,10/5/23 9:42,HMS,Whoop,8/19/2021 2:04:38.6,8/19/2021 2:04:39.0,2,2,NA,NA,NA,NA,NA,NA,NA,2021-08-19,27.79205,-175.819217,Night
F:\2021\5643\20210819_013706.wav,10/5/23 9:42,HMS,Croak,8/19/2021 2:04:39.4,8/19/2021 2:04:39.7,2,NA,NA,NA,NA,NA,NA,NA,NA,2021-08-19,27.79205,-175.819217,Night
F:\2021\5643\20210819_013706.wav,10/5/23 9:42,HMS,Growl,8/19/2021 2:04:40.2,8/19/2021 2:04:43.1,2,NA,NA,NA,NA,NA,NA,NA,NA,2021-08-19,27.79205,-175.819217,Night
F:\2021\5643\20210819_013706.wav,10/5/23 9:43,HMS,Croak,8/19/2021 2:04:43.1,8/19/2021 2:04:46.1,1,NA,NA,NA,NA,NA,NA,NA,NA,2021-08-19,27.79205,-175.819217,Night
F:\2021\5643\20210819_013706.wav,10/5/23 9:43,HMS,Growl,8/19/2021 2:04:50.4,8/19/2021 2:04:57.1,1,NA,NA,NA,NA,NA,NA,NA,NA,2021-08-19,27.79205,-175.819217,Night
F:\2021\5643\20210819_013706.wav,10/5/23 9:43,HMS,Growl,8/19/2021 2:04:57.8,8/19/2021 2:05:02.3,1,NA,NA,NA,NA,NA,overlapping calls,NA,NA,2021-08-19,27.79205,-175.819217,Night
F:\2021\5643\20210819_013706.wav,10/5/23 9:44,HMS,Whoop,8/19/2021 2:04:58.2,8/19/2021 2:04:58.8,2,2,NA,NA,NA,NA,overlapping with last growl,NA,NA,2021-08-19,27.79205,-175.819217,Night
F:\2021\5643\20210819_013706.wav,10/5/23 9:46,HMS,Growl,8/19/2021 3:00:47.3,8/19/2021 3:00:52.6,2,NA,NA,NA,NA,NA,NA,NA,NA,2021-08-19,27.79205,-175.819217,Night
F:\2021\5643\20210819_013706.wav,10/5/23 9:46,HMS,Croak,8/19/2021 3:00:55.4,8/19/2021 3:00:55.8,2,NA,NA,NA,NA,NA,NA,NA,NA,2021-08-19,27.79205,-175.819217,Night
F:\2021\5643\20210819_013706.wav,10/5/23 9:46,HMS,Croak,8/19/2021 3:00:56.8,8/19/2021 3:00:57.0,2,NA,NA,NA,NA,NA,NA,NA,NA,2021-08-19,27.79205,-175.819217,Night
F:\2021\5643\20210819_013706.wav,10/5/23 9:46,HMS,Growl,8/19/2021 3:00:59.0,8/19/2021 3:01:02.5,1,NA,NA,NA,NA,NA,NA,NA,NA,2021-08-19,27.79205,-175.819217,Night
F:\2021\5643\20210819_013706.wav,10/5/23 9:47,HMS,Growl,8/19/2021 3:01:04.3,8/19/2021 3:01:08.6,2,NA,NA,NA,NA,NA,NA,NA,NA,2021-08-19,27.79205,-175.819217,Night
F:\2021\5643\20210819_013706.wav,10/5/23 9:47,HMS,Whoop,8/19/2021 3:01:09.1,8/19/2021 3:01:10.2,2,4,NA,NA,NA,NA,NA,NA,NA,2021-08-19,27.79205,-175.819217,Night
F:\2021\5643\20210819_013706.wav,10/5/23 9:48,HMS,Croak,8/19/2021 3:01:10.8,8/19/2021 3:01:11.2,2,NA,NA,NA,NA,NA,NA,NA,NA,2021-08-19,27.79205,-175.819217,Night
F:\2021\5643\20210819_013706.wav,10/5/23 9:48,HMS,Growl,8/19/2021 3:01:11.8,8/19/2021 3:01:15.5,2,NA,NA,NA,NA,NA,overlapping calls,NA,NA,2021-08-19,27.79205,-175.819217,Night
F:\2021\5643\20210819_013706.wav,10/5/23 9:48,HMS,Growl,8/19/2021 3:01:14.1,8/19/2021 3:01:17.1,1,NA,NA,NA,NA,NA,NA,NA,NA,2021-08-19,27.79205,-175.819217,Night
F:\2021\5643\20210819_013706.wav,10/5/23 9:48,HMS,Croak,8/19/2021 3:01:18.8,8/19/2021 3:01:19.1,1,NA,NA,NA,NA,NA,NA,NA,NA,2021-08-19,27.79205,-175.819217,Night
F:\2021\5643\20210819_013706.wav,10/5/23 9:48,HMS,Growl,8/19/2021 3:01:20.0,8/19/2021 3:01:24.1,1,NA,NA,NA,NA,NA,overlapping calls,NA,NA,2021-08-19,27.79205,-175.819217,Night
F:\2021\5643\20210819_013706.wav,10/5/23 9:49,HMS,Croak,8/19/2021 3:01:20.3,8/19/2021 3:01:20.5,1,NA,NA,NA,NA,NA,NA,NA,NA,2021-08-19,27.79205,-175.819217,Night
F:\2021\5643\20210819_013706.wav,10/5/23 9:49,HMS,Growl,8/19/2021 3:01:29.2,8/19/2021 3:01:30.5,2,NA,NA,NA,NA,NA,NA,NA,NA,2021-08-19,27.79205,-175.819217,Night
F:\2021\5643\20210819_013706.wav,10/5/23 9:49,HMS,Croak,8/19/2021 3:01:31.0,8/19/2021 3:01:31.4,2,NA,NA,NA,NA,NA,NA,NA,NA,2021-08-19,27.79205,-175.819217,Night
F:\2021\5643\20210819_013706.wav,10/5/23 9:49,HMS,Growl,8/19/2021 3:01:34.2,8/19/2021 3:01:37.8,2,NA,NA,NA,NA,NA,NA,NA,NA,2021-08-19,27.79205,-175.819217,Night
F:\2021\5643\20210819_013706.wav,10/5/23 9:50,HMS,Whoop,8/19/2021 3:01:38.2,8/19/2021 3:01:38.3,1,1,NA,NA,NA,NA,NA,NA,NA,2021-08-19,27.79205,-175.819217,Night
F:\2021\5643\20210819_013706.wav,10/5/23 9:50,HMS,Croak,8/19/2021 3:01:40.8,8/19/2021 3:01:41.0,1,NA,NA,NA,NA,NA,NA,NA,NA,2021-08-19,27.79205,-175.819217,Night
F:\2021\5643\20210819_013706.wav,10/5/23 9:51,HMS,Growl,8/19/2021 3:03:03.7,8/19/2021 3:03:10.7,1,NA,NA,NA,NA,NA,NA,NA,NA,2021-08-19,27.79205,-175.819217,Night
F:\2021\5643\20210819_013706.wav,10/5/23 9:52,HMS,Whoop,8/19/2021 3:03:11.1,8/19/2021 3:03:11.2,1,1,NA,NA,NA,NA,NA,NA,NA,2021-08-19,27.79205,-175.819217,Night
F:\2021\5643\20210819_013706.wav,10/5/23 9:52,HMS,Croak,8/19/2021 3:03:14.2,8/19/2021 3:03:14.6,1,NA,NA,NA,NA,NA,NA,NA,NA,2021-08-19,27.79205,-175.819217,Night
F:\2021\5643\20210819_013706.wav,10/5/23 9:52,HMS,Growl,8/19/2021 3:03:15.6,8/19/2021 3:03:18.6,2,NA,NA,NA,NA,NA,NA,NA,NA,2021-08-19,27.79205,-175.819217,Night
F:\2021\5643\20210819_013706.wav,10/5/23 9:52,HMS,Croak,8/19/2021 3:03:19.0,8/19/2021 3:03:19.3,2,NA,NA,NA,NA,NA,NA,NA,NA,2021-08-19,27.79205,-175.819217,Night
F:\2021\5643\20210819_013706.wav,10/5/23 9:52,HMS,Growl,8/19/2021 3:03:19.9,8/19/2021 3:03:25.2,2,NA,NA,NA,NA,NA,NA,NA,NA,2021-08-19,27.79205,-175.819217,Night
F:\2021\5643\20210819_013706.wav,10/5/23 9:53,HMS,Croak,8/19/2021 3:03:27.6,8/19/2021 3:03:28.0,2,NA,NA,NA,NA,NA,NA,NA,NA,2021-08-19,27.79205,-175.819217,Night
F:\2021\5643\20210819_013706.wav,10/5/23 9:53,HMS,Croak,8/19/2021 3:03:28.8,8/19/2021 3:03:28.9,2,NA,NA,NA,NA,NA,NA,NA,NA,2021-08-19,27.79205,-175.819217,Night
F:\2021\5643\20210819_013706.wav,10/5/23 9:54,HMS,MoanGrowl,8/19/2021 3:03:31.2,8/19/2021 3:03:37.4,1,NA,NA,NA,NA,NA,NA,NA,NA,2021-08-19,27.79205,-175.819217,Night
F:\2021\5643\20210819_013706.wav,10/5/23 9:54,HMS,Growl,8/19/2021 3:03:35.5,8/19/2021 3:03:39.7,2,NA,NA,NA,NA,NA,NA,NA,NA,2021-08-19,27.79205,-175.819217,Night
F:\2021\5643\20210819_013706.wav,10/5/23 9:54,HMS,Whoop,8/19/2021 3:03:40.0,8/19/2021 3:03:40.7,2,3,NA,NA,NA,NA,NA,NA,NA,2021-08-19,27.79205,-175.819217,Night
F:\2021\5643\20210819_013706.wav,10/5/23 9:54,HMS,Croak,8/19/2021 3:03:46.8,8/19/2021 3:03:47.1,2,NA,NA,NA,NA,NA,NA,NA,NA,2021-08-19,27.79205,-175.819217,Night
F:\2021\5643\20210819_013706.wav,10/5/23 9:55,HMS,Croak,8/19/2021 3:03:47.7,8/19/2021 3:03:48.0,2,NA,NA,NA,NA,NA,NA,NA,NA,2021-08-19,27.79205,-175.819217,Night
F:\2021\5643\20210819_013706.wav,10/5/23 9:55,HMS,Growl,8/19/2021 3:03:48.3,8/19/2021 3:03:49.4,2,NA,NA,NA,NA,NA,NA,NA,NA,2021-08-19,27.79205,-175.819217,Night
F:\2021\5643\20210819_013706.wav,10/5/23 9:55,HMS,Croak,8/19/2021 3:03:50.5,8/19/2021 3:03:50.7,1,NA,NA,NA,NA,NA,NA,NA,NA,2021-08-19,27.79205,-175.819217,Night
F:\2021\5643\20210819_013706.wav,10/5/23 9:55,HMS,Growl,8/19/2021 3:03:51.8,8/19/2021 3:03:54.1,2,NA,NA,NA,NA,NA,NA,NA,NA,2021-08-19,27.79205,-175.819217,Night
F:\2021\5643\20210819_013706.wav,10/5/23 9:55,HMS,Growl,8/19/2021 3:03:59.1,8/19/2021 3:04:02.6,2,NA,NA,NA,NA,NA,NA,NA,NA,2021-08-19,27.79205,-175.819217,Night
F:\2021\5643\20210819_013706.wav,10/5/23 9:56,HMS,Whoop,8/19/2021 3:04:02.9,8/19/2021 3:04:03.1,1,1,NA,NA,NA,NA,NA,NA,NA,2021-08-19,27.79205,-175.819217,Night
F:\2021\5643\20210819_013706.wav,10/5/23 9:57,HMS,Croak,8/19/2021 4:00:02.9,8/19/2021 4:00:03.3,2,NA,NA,NA,NA,NA,NA,NA,NA,2021-08-19,27.79205,-175.819217,Night
F:\2021\5643\20210819_013706.wav,10/5/23 9:57,HMS,Croak,8/19/2021 4:00:03.9,8/19/2021 4:00:04.3,2,NA,NA,NA,NA,NA,NA,NA,NA,2021-08-19,27.79205,-175.819217,Night
F:\2021\5643\20210819_013706.wav,10/5/23 9:57,HMS,Growl,8/19/2021 4:00:06.5,8/19/2021 4:00:10.1,2,NA,NA,NA,NA,NA,NA,NA,NA,2021-08-19,27.79205,-175.819217,Night
F:\2021\5643\20210819_013706.wav,10/5/23 9:57,HMS,Croak,8/19/2021 4:00:13.2,8/19/2021 4:00:13.5,1,NA,NA,NA,NA,NA,NA,NA,NA,2021-08-19,27.79205,-175.819217,Night
F:\2021\5643\20210819_013706.wav,10/5/23 9:58,HMS,Growl,8/19/2021 4:00:39.3,8/19/2021 4:00:42.9,1,NA,NA,NA,NA,NA,NA,NA,NA,2021-08-19,27.79205,-175.819217,Night
F:\2021\5643\20210819_013706.wav,10/5/23 9:58,HMS,Croak,8/19/2021 4:00:47.1,8/19/2021 4:00:47.4,1,NA,NA,NA,NA,NA,NA,NA,NA,2021-08-19,27.79205,-175.819217,Night
F:\2021\5643\20210819_013706.wav,10/5/23 9:58,HMS,Growl,8/19/2021 4:00:58.1,8/19/2021 4:01:00.6,1,NA,NA,NA,NA,NA,NA,NA,NA,2021-08-19,27.79205,-175.819217,Night
F:\2021\5643\20210819_013706.wav,10/5/23 9:58,HMS,Croak,8/19/2021 4:01:01.6,8/19/2021 4:01:02.0,1,NA,NA,NA,NA,NA,NA,NA,NA,2021-08-19,27.79205,-175.819217,Night
F:\2021\5643\20210819_013706.wav,10/5/23 9:59,HMS,Croak,8/19/2021 4:01:06.8,8/19/2021 4:01:07.2,1,NA,NA,NA,NA,NA,NA,NA,NA,2021-08-19,27.79205,-175.819217,Night
F:\2021\5643\20210819_013706.wav,10/5/23 9:59,HMS,Growl,8/19/2021 4:01:08.2,8/19/2021 4:01:11.6,1,NA,NA,NA,NA,NA,NA,NA,NA,2021-08-19,27.79205,-175.819217,Night
F:\2021\5643\20210819_013706.wav,10/5/23 9:59,HMS,Growl,8/19/2021 4:01:34.4,8/19/2021 4:01:39.3,1,NA,NA,NA,NA,NA,NA,NA,NA,2021-08-19,27.79205,-175.819217,Night
F:\2021\5643\20210819_013706.wav,10/5/23 9:59,HMS,Growl,8/19/2021 4:01:42.9,8/19/2021 4:01:49.2,2,NA,NA,NA,NA,NA,NA,NA,NA,2021-08-19,27.79205,-175.819217,Night
F:\2021\5643\20210819_013706.wav,10/5/23 9:59,HMS,Croak,8/19/2021 4:01:49.7,8/19/2021 4:01:49.9,2,NA,NA,NA,NA,NA,NA,NA,NA,2021-08-19,27.79205,-175.819217,Night
F:\2021\5643\20210819_013706.wav,10/5/23 9:59,HMS,Croak,8/19/2021 4:01:52.4,8/19/2021 4:01:52.7,2,NA,NA,NA,NA,NA,NA,NA,NA,2021-08-19,27.79205,-175.819217,Night
F:\2021\5643\20210819_013706.wav,10/5/23 10:00,HMS,Croak,8/19/2021 4:01:56.6,8/19/2021 4:01:56.9,2,NA,NA,NA,NA,NA,NA,NA,NA,2021-08-19,27.79205,-175.819217,Night
F:\2021\5643\20210819_013706.wav,10/5/23 10:00,HMS,Growl,8/19/2021 4:01:58.2,8/19/2021 4:02:01.0,2,NA,NA,NA,NA,NA,NA,NA,NA,2021-08-19,27.79205,-175.819217,Night
F:\2021\5643\20210819_013706.wav,10/5/23 10:01,HMS,Growl,8/19/2021 4:02:02.6,8/19/2021 4:02:05.6,2,NA,NA,NA,NA,NA,NA,NA,NA,2021-08-19,27.79205,-175.819217,Night
F:\2021\5643\20210819_013706.wav,10/5/23 10:01,HMS,Moan,8/19/2021 4:02:11.2,8/19/2021 4:02:12.5,2,NA,NA,NA,NA,NA,NA,NA,NA,2021-08-19,27.79205,-175.819217,Night
F:\2021\5643\20210819_013706.wav,10/5/23 10:01,HMS,MoanGrowl,8/19/2021 4:02:12.8,8/19/2021 4:02:16.2,2,NA,NA,NA,NA,NA,NA,NA,NA,2021-08-19,27.79205,-175.819217,Night
F:\2021\5643\20210819_013706.wav,10/5/23 10:02,HMS,Whoop,8/19/2021 4:02:16.7,8/19/2021 4:02:17.3,2,2,NA,NA,NA,NA,NA,NA,NA,2021-08-19,27.79205,-175.819217,Night
F:\2021\5643\20210819_043705.wav,10/5/23 10:06,HMS,Growl,8/19/2021 5:00:02.7,8/19/2021 5:00:08.5,2,NA,NA,NA,NA,NA,NA,NA,NA,2021-08-19,27.79205,-175.819217,Night
F:\2021\5643\20210819_043705.wav,10/5/23 10:06,HMS,Croak,8/19/2021 5:00:09.1,8/19/2021 5:00:09.3,2,NA,NA,NA,NA,NA,NA,NA,NA,2021-08-19,27.79205,-175.819217,Night
F:\2021\5643\20210819_043705.wav,10/5/23 10:06,HMS,Croak,8/19/2021 5:00:12.5,8/19/2021 5:00:12.7,2,NA,NA,NA,NA,NA,NA,NA,NA,2021-08-19,27.79205,-175.819217,Night
F:\2021\5643\20210819_043705.wav,10/5/23 10:07,HMS,Growl,8/19/2021 5:00:14.8,8/19/2021 5:00:18.1,2,NA,NA,NA,NA,NA,NA,NA,NA,2021-08-19,27.79205,-175.819217,Night
F:\2021\5643\20210819_043705.wav,10/5/23 10:07,HMS,Whoop,8/19/2021 5:00:18.6,8/19/2021 5:00:18.7,1,1,NA,NA,NA,NA,NA,NA,NA,2021-08-19,27.79205,-175.819217,Night
F:\2021\5643\20210819_043705.wav,10/5/23 10:07,HMS,Croak,8/19/2021 5:00:20.9,8/19/2021 5:00:21.0,1,NA,NA,NA,NA,NA,NA,NA,NA,2021-08-19,27.79205,-175.819217,Night
F:\2021\5643\20210819_043705.wav,10/5/23 10:07,HMS,Croak,8/19/2021 5:00:27.5,8/19/2021 5:00:27.8,2,NA,NA,NA,NA,NA,NA,NA,NA,2021-08-19,27.79205,-175.819217,Night
F:\2021\5643\20210819_043705.wav,10/5/23 10:07,HMS,Growl,8/19/2021 5:00:28.3,8/19/2021 5:00:31.0,2,NA,NA,NA,NA,NA,NA,NA,NA,2021-08-19,27.79205,-175.819217,Night
F:\2021\5643\20210819_043705.wav,10/5/23 10:09,HMS,Croak,8/19/2021 5:00:34.6,8/19/2021 5:00:34.8,1,NA,NA,NA,NA,NA,NA,NA,NA,2021-08-19,27.79205,-175.819217,Night
F:\2021\5643\20210819_043705.wav,10/5/23 10:10,HMS,Croak,8/19/2021 5:01:44.9,8/19/2021 5:01:45.3,1,NA,NA,NA,NA,NA,NA,NA,NA,2021-08-19,27.79205,-175.819217,Night
F:\2021\5643\20210819_043705.wav,10/5/23 10:10,HMS,Growl,8/19/2021 5:01:47.4,8/19/2021 5:01:49.8,1,NA,NA,NA,NA,NA,NA,NA,NA,2021-08-19,27.79205,-175.819217,Night
F:\2021\5643\20210819_043705.wav,10/5/23 10:11,HMS,Growl,8/19/2021 5:01:55.6,8/19/2021 5:01:59.9,3,NA,NA,NA,NA,NA,NA,NA,NA,2021-08-19,27.79205,-175.819217,Night
F:\2021\5643\20210819_043705.wav,10/5/23 10:12,HMS,Croak,8/19/2021 5:02:01.7,8/19/2021 5:02:02.0,3,NA,NA,NA,NA,NA,NA,NA,NA,2021-08-19,27.79205,-175.819217,Night
F:\2021\5643\20210819_043705.wav,10/5/23 10:12,HMS,Croak,8/19/2021 5:02:02.6,8/19/2021 5:02:02.8,3,NA,NA,NA,NA,NA,NA,NA,NA,2021-08-19,27.79205,-175.819217,Night
F:\2021\5643\20210819_043705.wav,10/5/23 10:12,HMS,Growl,8/19/2021 5:02:05.8,8/19/2021 5:02:09.5,3,NA,NA,NA,NA,NA,NA,NA,NA,2021-08-19,27.79205,-175.819217,Night
F:\2021\5643\20210819_043705.wav,10/5/23 10:12,HMS,Whoop,8/19/2021 5:02:09.7,8/19/2021 5:02:10.4,3,3,NA,NA,NA,NA,NA,NA,NA,2021-08-19,27.79205,-175.819217,Night
F:\2021\5643\20210819_043705.wav,10/5/23 10:13,HMS,Croak,8/19/2021 5:02:10.9,8/19/2021 5:02:11.2,3,NA,NA,NA,NA,NA,NA,NA,NA,2021-08-19,27.79205,-175.819217,Night
F:\2021\5643\20210819_043705.wav,10/5/23 10:13,HMS,Growl,8/19/2021 5:02:11.6,8/19/2021 5:02:16.4,3,NA,NA,NA,NA,NA,NA,NA,NA,2021-08-19,27.79205,-175.819217,Night
F:\2021\5643\20210819_043705.wav,10/5/23 10:13,HMS,Whoop,8/19/2021 5:02:17.7,8/19/2021 5:02:18.6,3,3,NA,NA,NA,NA,this is somewhere between a whoop and a croak...,NA,NA,2021-08-19,27.79205,-175.819217,Night
F:\2021\5643\20210819_043705.wav,10/5/23 10:13,HMS,Croak,8/19/2021 5:02:20.4,8/19/2021 5:02:20.6,3,NA,NA,NA,NA,NA,NA,NA,NA,2021-08-19,27.79205,-175.819217,Night
F:\2021\5643\20210819_043705.wav,10/5/23 10:13,HMS,Growl,8/19/2021 5:02:26.6,8/19/2021 5:02:28.1,3,NA,NA,NA,NA,NA,NA,NA,NA,2021-08-19,27.79205,-175.819217,Night
F:\2021\5643\20210819_043705.wav,10/5/23 10:14,HMS,Whoop,8/19/2021 5:02:29.3,8/19/2021 5:02:29.8,3,2,NA,NA,NA,NA,NA,NA,NA,2021-08-19,27.79205,-175.819217,Night
F:\2021\5643\20210819_043705.wav,10/5/23 10:16,HMS,Growl,8/19/2021 5:04:03.4,8/19/2021 5:04:10.6,3,NA,NA,NA,NA,NA,NA,NA,NA,2021-08-19,27.79205,-175.819217,Night
F:\2021\5643\20210819_043705.wav,10/5/23 10:16,HMS,Croak,8/19/2021 5:04:11.0,8/19/2021 5:04:11.3,3,NA,NA,NA,NA,NA,NA,NA,NA,2021-08-19,27.79205,-175.819217,Night
F:\2021\5643\20210819_043705.wav,10/5/23 10:16,HMS,Croak,8/19/2021 5:04:13.7,8/19/2021 5:04:14.0,3,NA,NA,NA,NA,NA,NA,NA,NA,2021-08-19,27.79205,-175.819217,Night
F:\2021\5643\20210819_043705.wav,10/5/23 10:16,HMS,Growl,8/19/2021 5:04:10.7,8/19/2021 5:04:16.5,1,NA,NA,NA,NA,NA,overlapping calls,NA,NA,2021-08-19,27.79205,-175.819217,Night
F:\2021\5643\20210819_043705.wav,10/5/23 10:17,HMS,Croak,8/19/2021 5:04:18.3,8/19/2021 5:04:18.6,3,NA,NA,NA,NA,NA,NA,NA,NA,2021-08-19,27.79205,-175.819217,Night
F:\2021\5643\20210819_043705.wav,10/5/23 10:17,HMS,Whoop,8/19/2021 5:04:19.2,8/19/2021 5:04:19.3,2,1,NA,NA,NA,NA,NA,NA,NA,2021-08-19,27.79205,-175.819217,Night
F:\2021\5643\20210819_043705.wav,10/5/23 10:17,HMS,Croak,8/19/2021 5:04:19.9,8/19/2021 5:04:20.3,3,NA,NA,NA,NA,NA,NA,NA,NA,2021-08-19,27.79205,-175.819217,Night
F:\2021\5643\20210819_043705.wav,10/5/23 10:17,HMS,Growl,8/19/2021 5:04:20.8,8/19/2021 5:04:23.6,3,NA,NA,NA,NA,NA,NA,NA,NA,2021-08-19,27.79205,-175.819217,Night
F:\2021\5643\20210819_043705.wav,10/5/23 10:17,HMS,Growl,8/19/2021 5:04:24.6,8/19/2021 5:04:27.2,3,NA,NA,NA,NA,NA,NA,NA,NA,2021-08-19,27.79205,-175.819217,Night
F:\2021\5643\20210819_043705.wav,10/5/23 10:18,HMS,Whoop,8/19/2021 5:04:27.5,8/19/2021 5:04:28.0,2,2,NA,NA,NA,NA,NA,NA,NA,2021-08-19,27.79205,-175.819217,Night
F:\2021\5643\20210819_043705.wav,10/5/23 10:19,HMS,Croak,8/19/2021 5:04:30.6,8/19/2021 5:04:30.9,3,NA,NA,NA,NA,NA,NA,NA,NA,2021-08-19,27.79205,-175.819217,Night
F:\2021\5643\20210819_043705.wav,10/5/23 10:19,HMS,Whoop,8/19/2021 5:04:31.3,8/19/2021 5:04:31.7,2,2,NA,NA,NA,NA,NA,NA,NA,2021-08-19,27.79205,-175.819217,Night
F:\2021\5643\20210819_043705.wav,10/5/23 10:19,HMS,Croak,8/19/2021 5:04:34.3,8/19/2021 5:04:34.7,1,NA,NA,NA,NA,NA,NA,NA,NA,2021-08-19,27.79205,-175.819217,Night
F:\2021\5643\20210819_043705.wav,10/5/23 10:19,HMS,Growl,8/19/2021 5:04:35.4,8/19/2021 5:04:39.3,1,NA,NA,NA,NA,NA,overlapping calls,NA,NA,2021-08-19,27.79205,-175.819217,Night
F:\2021\5643\20210819_043705.wav,10/5/23 10:19,HMS,Growl,8/19/2021 5:04:36.8,8/19/2021 5:04:38.2,2,NA,NA,NA,NA,NA,NA,NA,NA,2021-08-19,27.79205,-175.819217,Night
F:\2021\5643\20210819_043705.wav,10/5/23 10:20,HMS,Whoop,8/19/2021 5:04:39.1,8/19/2021 5:04:40.0,3,3,NA,NA,NA,NA,NA,NA,NA,2021-08-19,27.79205,-175.819217,Night
F:\2021\5643\20210819_043705.wav,10/5/23 10:20,HMS,Croak,8/19/2021 5:04:40.2,8/19/2021 5:04:40.7,3,NA,NA,NA,NA,NA,NA,NA,NA,2021-08-19,27.79205,-175.819217,Night
F:\2021\5643\20210819_043705.wav,10/5/23 10:20,HMS,Growl,8/19/2021 5:04:40.5,8/19/2021 5:04:43.3,1,NA,NA,NA,NA,NA,overlapping calls,NA,NA,2021-08-19,27.79205,-175.819217,Night
F:\2021\5643\20210819_043705.wav,10/5/23 10:20,HMS,Growl,8/19/2021 5:04:41.5,8/19/2021 5:04:45.0,3,NA,NA,NA,NA,NA,NA,NA,NA,2021-08-19,27.79205,-175.819217,Night
F:\2021\5643\20210819_043705.wav,10/5/23 10:20,HMS,Growl,8/19/2021 5:04:46.0,8/19/2021 5:04:50.0,3,NA,NA,NA,NA,NA,NA,NA,NA,2021-08-19,27.79205,-175.819217,Night
F:\2021\5643\20210819_043705.wav,10/5/23 10:20,HMS,Whoop,8/19/2021 5:04:50.5,8/19/2021 5:04:50.9,2,2,NA,NA,NA,NA,NA,NA,NA,2021-08-19,27.79205,-175.819217,Night
F:\2021\5643\20210819_043705.wav,10/5/23 10:21,HMS,Croak,8/19/2021 5:04:53.9,8/19/2021 5:04:54.1,3,NA,NA,NA,NA,NA,NA,NA,NA,2021-08-19,27.79205,-175.819217,Night
F:\2021\5643\20210819_043705.wav,10/5/23 10:21,HMS,Whoop,8/19/2021 5:04:54.6,8/19/2021 5:04:55.0,2,2,NA,NA,NA,NA,NA,NA,NA,2021-08-19,27.79205,-175.819217,Night
F:\2021\5643\20210819_043705.wav,10/5/23 10:31,HMS,Growl,8/19/2021 6:00:07.5,8/19/2021 6:00:12.2,1,NA,NA,NA,NA,NA,NA,NA,NA,2021-08-19,27.79205,-175.819217,Night
F:\2021\5643\20210819_043705.wav,10/5/23 10:31,HMS,Growl,8/19/2021 6:00:13.2,8/19/2021 6:00:16.2,1,NA,NA,NA,NA,NA,NA,NA,NA,2021-08-19,27.79205,-175.819217,Night
F:\2021\5643\20210819_043705.wav,10/5/23 10:32,HMS,Croak,8/19/2021 6:00:21.5,8/19/2021 6:00:21.8,1,NA,NA,NA,NA,NA,NA,NA,NA,2021-08-19,27.79205,-175.819217,Night
F:\2021\5643\20210819_043705.wav,10/5/23 10:32,HMS,Growl,8/19/2021 6:00:27.1,8/19/2021 6:00:29.1,1,NA,NA,NA,NA,NA,NA,NA,NA,2021-08-19,27.79205,-175.819217,Night
F:\2021\5643\20210819_043705.wav,10/5/23 10:33,HMS,Croak,8/19/2021 6:00:32.7,8/19/2021 6:00:33.1,1,NA,NA,NA,NA,NA,NA,NA,NA,2021-08-19,27.79205,-175.819217,Night
F:\2021\5643\20210819_043705.wav,10/5/23 10:33,HMS,Growl,8/19/2021 6:00:34.0,8/19/2021 6:00:36.2,1,NA,NA,NA,NA,NA,NA,NA,NA,2021-08-19,27.79205,-175.819217,Night
F:\2021\5643\20210819_043705.wav,10/5/23 10:33,HMS,Croak,8/19/2021 6:00:38.7,8/19/2021 6:00:39.1,1,NA,NA,NA,NA,NA,NA,NA,NA,2021-08-19,27.79205,-175.819217,Night
F:\2021\5643\20210819_043705.wav,10/5/23 10:34,HMS,Growl,8/19/2021 6:01:07.9,8/19/2021 6:01:12.0,1,NA,NA,NA,NA,NA,NA,NA,NA,2021-08-19,27.79205,-175.819217,Night
F:\2021\5643\20210819_043705.wav,10/5/23 10:34,HMS,Croak,8/19/2021 6:01:13.7,8/19/2021 6:01:14.1,1,NA,NA,NA,NA,NA,NA,NA,NA,2021-08-19,27.79205,-175.819217,Night
F:\2021\5643\20210819_043705.wav,10/5/23 10:34,HMS,Growl,8/19/2021 6:01:21.2,8/19/2021 6:01:24.2,1,NA,NA,NA,NA,NA,NA,NA,NA,2021-08-19,27.79205,-175.819217,Night
F:\2021\5643\20210819_043705.wav,10/5/23 10:34,HMS,Croak,8/19/2021 6:01:25.6,8/19/2021 6:01:25.9,1,NA,NA,NA,NA,NA,NA,NA,NA,2021-08-19,27.79205,-175.819217,Night
F:\2021\5643\20210819_043705.wav,10/5/23 10:35,HMS,Growl,8/19/2021 6:01:26.8,8/19/2021 6:01:30.9,1,NA,NA,NA,NA,NA,NA,NA,NA,2021-08-19,27.79205,-175.819217,Night
F:\2021\5643\20210819_043705.wav,10/5/23 10:35,HMS,Croak,8/19/2021 6:01:33.9,8/19/2021 6:01:34.0,1,NA,NA,NA,NA,NA,NA,NA,NA,2021-08-19,27.79205,-175.819217,Night
F:\2021\5643\20210819_043705.wav,10/5/23 10:36,HMS,Croak,8/19/2021 6:01:39.7,8/19/2021 6:01:40.0,1,NA,NA,NA,NA,NA,NA,NA,NA,2021-08-19,27.79205,-175.819217,Night
F:\2021\5643\20210819_043705.wav,10/5/23 10:36,HMS,Growl,8/19/2021 6:01:40.8,8/19/2021 6:01:44.3,1,NA,NA,NA,NA,NA,NA,NA,NA,2021-08-19,27.79205,-175.819217,Night
F:\2021\5643\20210819_043705.wav,10/5/23 10:36,HMS,Croak,8/19/2021 6:01:46.1,8/19/2021 6:01:46.4,1,NA,NA,NA,NA,NA,NA,NA,NA,2021-08-19,27.79205,-175.819217,Night
F:\2021\5643\20210819_043705.wav,10/5/23 10:36,HMS,Croak,8/19/2021 6:01:54.6,8/19/2021 6:01:54.9,1,NA,NA,NA,NA,NA,NA,NA,NA,2021-08-19,27.79205,-175.819217,Night
F:\2021\5643\20210819_043705.wav,10/5/23 10:36,HMS,Growl,8/19/2021 6:01:55.6,8/19/2021 6:01:59.1,1,NA,NA,NA,NA,NA,NA,NA,NA,2021-08-19,27.79205,-175.819217,Night
F:\2021\5643\20210819_043705.wav,10/5/23 10:37,HMS,Growl,8/19/2021 6:02:00.1,8/19/2021 6:02:03.9,1,NA,NA,NA,NA,NA,NA,NA,NA,2021-08-19,27.79205,-175.819217,Night
F:\2021\5643\20210819_043705.wav,10/5/23 10:38,HMS,Growl,8/19/2021 6:02:04.0,8/19/2021 6:02:06.3,1,NA,NA,NA,NA,NA,overlapping with monk seals,NA,NA,2021-08-19,27.79205,-175.819217,Night
F:\2021\5643\20210819_043705.wav,10/5/23 10:38,HMS,Croak,8/19/2021 6:02:15.6,8/19/2021 6:02:16.1,1,NA,NA,NA,NA,NA,NA,NA,NA,2021-08-19,27.79205,-175.819217,Night
F:\2021\5643\20210819_043705.wav,10/5/23 10:38,HMS,Croak,8/19/2021 6:02:16.5,8/19/2021 6:02:16.9,1,NA,NA,NA,NA,NA,NA,NA,NA,2021-08-19,27.79205,-175.819217,Night
F:\2021\5643\20210819_043705.wav,10/5/23 10:38,HMS,Growl,8/19/2021 6:02:18.3,8/19/2021 6:02:21.1,1,NA,NA,NA,NA,NA,NA,NA,NA,2021-08-19,27.79205,-175.819217,Night
F:\2021\5643\20210819_043705.wav,10/5/23 10:38,HMS,Growl,8/19/2021 6:02:26.4,8/19/2021 6:02:29.6,1,NA,NA,NA,NA,NA,NA,NA,NA,2021-08-19,27.79205,-175.819217,Night
F:\2021\5643\20210819_043705.wav,10/5/23 10:39,HMS,Growl,8/19/2021 6:02:31.3,8/19/2021 6:02:34.8,1,NA,NA,NA,NA,NA,NA,NA,NA,2021-08-19,27.79205,-175.819217,Night
F:\2021\5643\20210819_043705.wav,10/5/23 10:39,HMS,Croak,8/19/2021 6:02:36.0,8/19/2021 6:02:36.4,1,NA,NA,NA,NA,NA,NA,NA,NA,2021-08-19,27.79205,-175.819217,Night
F:\2021\5643\20210819_043705.wav,10/5/23 10:40,HMS,Croak,8/19/2021 6:02:37.8,8/19/2021 6:02:38.1,1,NA,NA,NA,NA,NA,NA,NA,NA,2021-08-19,27.79205,-175.819217,Night
F:\2021\5643\20210819_043705.wav,10/5/23 10:40,HMS,Growl,8/19/2021 6:02:39.2,8/19/2021 6:02:42.7,1,NA,NA,NA,NA,NA,NA,NA,NA,2021-08-19,27.79205,-175.819217,Night
F:\2021\5643\20210819_043705.wav,10/5/23 10:43,HMS,Growl,8/19/2021 6:03:26.3,8/19/2021 6:03:30.1,1,NA,NA,NA,NA,NA,NA,NA,NA,2021-08-19,27.79205,-175.819217,Night
F:\2021\5643\20210819_043705.wav,10/5/23 10:44,HMS,Growl,8/19/2021 6:03:45.1,8/19/2021 6:03:46.1,1,NA,NA,NA,NA,NA,NA,NA,NA,2021-08-19,27.79205,-175.819217,Night
F:\2021\5643\20210819_043705.wav,10/5/23 10:45,HMS,Croak,8/19/2021 6:03:46.6,8/19/2021 6:03:47.0,1,NA,NA,NA,NA,NA,NA,NA,NA,2021-08-19,27.79205,-175.819217,Night
F:\2021\5643\20210819_043705.wav,10/5/23 10:45,HMS,Growl,8/19/2021 6:03:48.9,8/19/2021 6:03:52.0,1,NA,NA,NA,NA,NA,NA,NA,NA,2021-08-19,27.79205,-175.819217,Night
F:\2021\5643\20210819_043705.wav,10/5/23 10:45,HMS,Whoop,8/19/2021 6:03:52.6,8/19/2021 6:03:52.7,1,1,NA,NA,NA,NA,NA,NA,NA,2021-08-19,27.79205,-175.819217,Night
F:\2021\5643\20210819_043705.wav,10/5/23 10:48,HMS,Whoop,8/19/2021 7:00:02.9,8/19/2021 7:00:03.3,1,4,NA,NA,NA,NA,NA,NA,NA,2021-08-19,27.79205,-175.819217,Night
F:\2021\5643\20210819_043705.wav,10/5/23 10:48,HMS,Whoop,8/19/2021 7:00:05.4,8/19/2021 7:00:05.8,1,2,NA,NA,NA,NA,NA,NA,NA,2021-08-19,27.79205,-175.819217,Night
F:\2021\5643\20210819_043705.wav,10/5/23 10:48,HMS,Croak,8/19/2021 7:00:09.4,8/19/2021 7:00:09.7,1,NA,NA,NA,NA,NA,NA,NA,NA,2021-08-19,27.79205,-175.819217,Night
F:\2021\5643\20210819_043705.wav,10/5/23 10:48,HMS,Croak,8/19/2021 7:00:10.2,8/19/2021 7:00:10.5,1,NA,NA,NA,NA,NA,NA,NA,NA,2021-08-19,27.79205,-175.819217,Night
F:\2021\5643\20210819_043705.wav,10/5/23 10:48,HMS,Growl,8/19/2021 7:00:12.1,8/19/2021 7:00:14.0,1,NA,NA,NA,NA,NA,NA,NA,NA,2021-08-19,27.79205,-175.819217,Night
F:\2021\5643\20210819_043705.wav,10/5/23 10:49,HMS,Whoop,8/19/2021 7:00:14.1,8/19/2021 7:00:14.6,1,4,NA,NA,NA,NA,NA,NA,NA,2021-08-19,27.79205,-175.819217,Night
F:\2021\5643\20210819_043705.wav,10/5/23 10:49,HMS,Croak,8/19/2021 7:00:15.0,8/19/2021 7:00:15.2,1,NA,NA,NA,NA,NA,NA,NA,NA,2021-08-19,27.79205,-175.819217,Night
F:\2021\5643\20210819_043705.wav,10/5/23 10:50,HMS,Growl,8/19/2021 7:01:12.4,8/19/2021 7:01:18.1,1,NA,NA,NA,NA,NA,NA,NA,NA,2021-08-19,27.79205,-175.819217,Night
F:\2021\5643\20210819_043705.wav,10/5/23 10:51,HMS,Whoop,8/19/2021 7:01:19.5,8/19/2021 7:01:20.1,1,4,NA,NA,NA,NA,NA,NA,NA,2021-08-19,27.79205,-175.819217,Night
F:\2021\5643\20210819_043705.wav,10/5/23 10:51,HMS,Whoop,8/19/2021 7:01:22.0,8/19/2021 7:01:22.2,1,2,NA,NA,NA,NA,NA,NA,NA,2021-08-19,27.79205,-175.819217,Night
F:\2021\5643\20210819_043705.wav,10/5/23 10:51,HMS,Moan,8/19/2021 7:01:22.5,8/19/2021 7:01:23.1,1,NA,NA,NA,NA,NA,NA,NA,NA,2021-08-19,27.79205,-175.819217,Night
F:\2021\5643\20210819_043705.wav,10/5/23 10:51,HMS,Growl,8/19/2021 7:01:23.4,8/19/2021 7:01:24.5,1,NA,NA,NA,NA,NA,NA,NA,NA,2021-08-19,27.79205,-175.819217,Night
F:\2021\5643\20210819_043705.wav,10/5/23 10:51,HMS,Whoop,8/19/2021 7:01:24.7,8/19/2021 7:01:25.3,1,4,NA,NA,NA,NA,NA,NA,NA,2021-08-19,27.79205,-175.819217,Night
F:\2021\5643\20210819_043705.wav,10/5/23 10:54,HMS,Croak,8/19/2021 7:01:30.3,8/19/2021 7:01:30.6,1,NA,NA,NA,NA,NA,NA,NA,NA,2021-08-19,27.79205,-175.819217,Night
F:\2021\5643\20210819_043705.wav,10/5/23 10:54,HMS,Croak,8/19/2021 7:01:31.2,8/19/2021 7:01:31.5,1,NA,NA,NA,NA,NA,NA,NA,NA,2021-08-19,27.79205,-175.819217,Night
F:\2021\5643\20210819_043705.wav,10/5/23 10:54,HMS,Growl,8/19/2021 7:01:33.2,8/19/2021 7:01:36.2,1,NA,NA,NA,NA,NA,NA,NA,NA,2021-08-19,27.79205,-175.819217,Night
F:\2021\5643\20210819_043705.wav,10/5/23 10:54,HMS,Growl,8/19/2021 7:01:44.8,8/19/2021 7:01:46.4,1,NA,NA,NA,NA,NA,NA,NA,NA,2021-08-19,27.79205,-175.819217,Night
F:\2021\5643\20210819_043705.wav,10/5/23 10:54,HMS,Growl,8/19/2021 7:02:16.5,8/19/2021 7:02:18.5,1,NA,NA,NA,NA,NA,NA,NA,NA,2021-08-19,27.79205,-175.819217,Night
F:\2021\5643\20210819_043705.wav,10/5/23 10:54,HMS,Growl,8/19/2021 7:02:56.4,8/19/2021 7:03:01.2,1,NA,NA,NA,NA,NA,NA,NA,NA,2021-08-19,27.79205,-175.819217,Night
F:\2021\5643\20210819_043705.wav,10/5/23 10:55,HMS,Growl,8/19/2021 7:03:02.1,8/19/2021 7:03:05.1,1,NA,NA,NA,NA,NA,NA,NA,NA,2021-08-19,27.79205,-175.819217,Night
F:\2021\5643\20210819_043705.wav,10/5/23 10:55,HMS,Growl,8/19/2021 7:03:06.0,8/19/2021 7:03:09.7,1,NA,NA,NA,NA,NA,NA,NA,NA,2021-08-19,27.79205,-175.819217,Night
F:\2021\5643\20210819_043705.wav,10/5/23 10:55,HMS,Croak,8/19/2021 7:03:10.5,8/19/2021 7:03:10.6,1,NA,NA,NA,NA,NA,NA,NA,NA,2021-08-19,27.79205,-175.819217,Night
F:\2021\5643\20210819_043705.wav,10/5/23 10:55,HMS,Croak,8/19/2021 7:03:13.2,8/19/2021 7:03:13.4,1,NA,NA,NA,NA,NA,NA,NA,NA,2021-08-19,27.79205,-175.819217,Night
F:\2021\5643\20210819_043705.wav,10/5/23 10:56,HMS,Croak,8/19/2021 7:03:17.3,8/19/2021 7:03:17.4,1,NA,NA,NA,NA,NA,NA,NA,NA,2021-08-19,27.79205,-175.819217,Night
F:\2021\5643\20210819_043705.wav,10/5/23 10:56,HMS,Growl,8/19/2021 7:03:18.6,8/19/2021 7:03:21.5,1,NA,NA,NA,NA,NA,NA,NA,NA,2021-08-19,27.79205,-175.819217,Night
F:\2021\5643\20210819_043705.wav,10/5/23 10:57,HMS,Croak,8/19/2021 7:03:31.6,8/19/2021 7:03:31.9,1,NA,NA,NA,NA,NA,NA,NA,NA,2021-08-19,27.79205,-175.819217,Night
F:\2021\5643\20210819_043705.wav,10/5/23 10:57,HMS,Growl,8/19/2021 7:03:32.7,8/19/2021 7:03:35.7,1,NA,NA,NA,NA,NA,NA,NA,NA,2021-08-19,27.79205,-175.819217,Night
F:\2021\5643\20210819_043705.wav,10/5/23 10:57,HMS,Croak,8/19/2021 7:03:39.6,8/19/2021 7:03:40.1,1,NA,NA,NA,NA,NA,NA,NA,NA,2021-08-19,27.79205,-175.819217,Night
F:\2021\5643\20210819_043705.wav,10/5/23 10:57,HMS,Croak,8/19/2021 7:03:48.6,8/19/2021 7:03:48.8,1,NA,NA,NA,NA,NA,NA,NA,NA,2021-08-19,27.79205,-175.819217,Night
F:\2021\5643\20210819_043705.wav,10/5/23 10:57,HMS,Growl,8/19/2021 7:03:49.7,8/19/2021 7:03:53.3,1,NA,NA,NA,NA,NA,NA,NA,NA,2021-08-19,27.79205,-175.819217,Night
F:\2021\5643\20210819_043705.wav,10/5/23 10:57,HMS,Growl,8/19/2021 7:03:54.5,8/19/2021 7:03:57.9,1,NA,NA,NA,NA,NA,NA,NA,NA,2021-08-19,27.79205,-175.819217,Night
F:\2021\5643\20210819_043705.wav,10/5/23 10:58,HMS,Croak,8/19/2021 7:04:05.7,8/19/2021 7:04:06.0,1,NA,NA,NA,NA,NA,NA,NA,NA,2021-08-19,27.79205,-175.819217,Night
F:\2021\5643\20210819_043705.wav,10/5/23 10:58,HMS,Moan,8/19/2021 7:04:10.5,8/19/2021 7:04:12.1,1,NA,NA,NA,NA,NA,NA,NA,NA,2021-08-19,27.79205,-175.819217,Night
F:\2021\5643\20210819_043705.wav,10/5/23 10:58,HMS,MoanGrowl,8/19/2021 7:04:13.0,8/19/2021 7:04:16.7,1,NA,NA,NA,NA,NA,NA,NA,NA,2021-08-19,27.79205,-175.819217,Night
F:\2021\5643\20210819_043705.wav,10/5/23 10:59,HMS,Croak,8/19/2021 7:04:29.4,8/19/2021 7:04:29.8,1,NA,NA,NA,NA,NA,NA,NA,NA,2021-08-19,27.79205,-175.819217,Night
F:\2021\5643\20210819_043705.wav,10/5/23 10:59,HMS,Croak,8/19/2021 7:04:31.7,8/19/2021 7:04:31.9,1,NA,NA,NA,NA,NA,NA,NA,NA,2021-08-19,27.79205,-175.819217,Night
F:\2021\5643\20210819_043705.wav,10/5/23 10:59,HMS,Whoop,8/19/2021 7:04:34.6,8/19/2021 7:04:34.9,1,2,NA,NA,NA,NA,NA,NA,NA,2021-08-19,27.79205,-175.819217,Night
F:\2021\5643\20210819_043705.wav,10/5/23 10:59,HMS,Whoop,8/19/2021 7:04:37.4,8/19/2021 7:04:38.3,1,4,NA,NA,NA,NA,NA,NA,NA,2021-08-19,27.79205,-175.819217,Night
F:\2021\5643\20210819_043705.wav,10/5/23 11:00,HMS,Growl,8/19/2021 7:04:43.1,8/19/2021 7:04:46.5,1,NA,NA,NA,NA,NA,NA,NA,NA,2021-08-19,27.79205,-175.819217,Night
F:\2021\5643\20210819_043705.wav,10/5/23 11:00,HMS,Growl,8/19/2021 7:04:47.4,8/19/2021 7:04:51.1,1,NA,NA,NA,NA,NA,NA,NA,NA,2021-08-19,27.79205,-175.819217,Night
F:\2021\5643\20210819_043705.wav,10/5/23 11:00,HMS,Growl,8/19/2021 7:04:51.4,8/19/2021 7:04:53.9,1,NA,NA,NA,NA,NA,NA,NA,NA,2021-08-19,27.79205,-175.819217,Night
F:\2021\5643\20210819_043705.wav,10/5/23 11:00,HMS,Croak,8/19/2021 7:04:55.6,8/19/2021 7:04:55.7,1,NA,NA,NA,NA,NA,author ending,NA,NA,2021-08-19,27.79205,-175.819217,Night
F:\2021\5643\20210819_073704.wav,10/10/23 12:52,HMS,Growl,8/19/2021 8:00:29.1,8/19/2021 8:00:34.6,2,NA,NA,NA,NA,NA,author start,NA,NA,2021-08-19,27.79205,-175.819217,Day
F:\2021\5643\20210819_073704.wav,10/10/23 12:52,HMS,Croak,8/19/2021 8:00:35.0,8/19/2021 8:00:35.3,2,NA,NA,NA,NA,NA,NA,NA,NA,2021-08-19,27.79205,-175.819217,Day
F:\2021\5643\20210819_073704.wav,10/10/23 12:53,HMS,Croak,8/19/2021 8:00:38.2,8/19/2021 8:00:38.5,2,NA,NA,NA,NA,NA,NA,NA,NA,2021-08-19,27.79205,-175.819217,Day
F:\2021\5643\20210819_073704.wav,10/10/23 12:53,HMS,Growl,8/19/2021 8:00:38.8,8/19/2021 8:00:40.3,2,NA,NA,NA,NA,NA,NA,NA,NA,2021-08-19,27.79205,-175.819217,Day
F:\2021\5643\20210819_073704.wav,10/10/23 12:53,HMS,Croak,8/19/2021 8:00:41.5,8/19/2021 8:00:41.8,2,NA,NA,NA,NA,NA,NA,NA,NA,2021-08-19,27.79205,-175.819217,Day
F:\2021\5643\20210819_073704.wav,10/10/23 12:53,HMS,Croak,8/19/2021 8:00:44.0,8/19/2021 8:00:44.4,2,NA,NA,NA,NA,NA,NA,NA,NA,2021-08-19,27.79205,-175.819217,Day
F:\2021\5643\20210819_073704.wav,10/10/23 12:53,HMS,Growl,8/19/2021 8:00:44.8,8/19/2021 8:00:47.8,2,NA,NA,NA,NA,NA,NA,NA,NA,2021-08-19,27.79205,-175.819217,Day
F:\2021\5643\20210819_073704.wav,10/10/23 12:54,HMS,MoanGrowl,8/19/2021 8:00:55.0,8/19/2021 8:00:58.6,2,NA,NA,NA,NA,NA,NA,NA,NA,2021-08-19,27.79205,-175.819217,Day
F:\2021\5643\20210819_073704.wav,10/10/23 12:54,HMS,Whoop,8/19/2021 8:00:59.6,8/19/2021 8:01:00.2,1,2,NA,NA,NA,NA,NA,NA,NA,2021-08-19,27.79205,-175.819217,Day
F:\2021\5643\20210819_073704.wav,10/10/23 12:54,HMS,Growl,8/19/2021 8:01:00.8,8/19/2021 8:01:04.0,1,NA,NA,NA,NA,NA,NA,NA,NA,2021-08-19,27.79205,-175.819217,Day
F:\2021\5643\20210819_073704.wav,10/10/23 12:55,HMS,MoanGrowl,8/19/2021 8:01:11.8,8/19/2021 8:01:17.0,1,NA,NA,NA,NA,NA,NA,NA,NA,2021-08-19,27.79205,-175.819217,Day
F:\2021\5643\20210819_073704.wav,10/10/23 12:55,HMS,Growl,8/19/2021 8:01:18.8,8/19/2021 8:01:23.1,1,NA,NA,NA,NA,NA,NA,NA,NA,2021-08-19,27.79205,-175.819217,Day
F:\2021\5643\20210819_073704.wav,10/10/23 12:55,HMS,Croak,8/19/2021 8:01:31.4,8/19/2021 8:01:31.9,1,NA,NA,NA,NA,NA,NA,NA,NA,2021-08-19,27.79205,-175.819217,Day
F:\2021\5643\20210819_073704.wav,10/10/23 12:55,HMS,Growl,8/19/2021 8:01:32.7,8/19/2021 8:01:36.4,1,NA,NA,NA,NA,NA,NA,NA,NA,2021-08-19,27.79205,-175.819217,Day
F:\2021\5643\20210819_073704.wav,10/10/23 12:55,HMS,Growl,8/19/2021 8:03:12.9,8/19/2021 8:03:17.2,1,NA,NA,NA,NA,NA,very quiet,NA,NA,2021-08-19,27.79205,-175.819217,Day
F:\2021\5643\20210819_073704.wav,10/10/23 12:55,HMS,Croak,8/19/2021 8:03:17.8,8/19/2021 8:03:18.3,1,NA,NA,NA,NA,NA,NA,NA,NA,2021-08-19,27.79205,-175.819217,Day
F:\2021\5643\20210819_073704.wav,10/10/23 12:56,HMS,Growl,8/19/2021 8:03:20.8,8/19/2021 8:03:26.0,1,NA,NA,NA,NA,NA,NA,NA,NA,2021-08-19,27.79205,-175.819217,Day
F:\2021\5643\20210819_073704.wav,10/10/23 12:56,HMS,Growl,8/19/2021 8:03:32.2,8/19/2021 8:03:35.5,1,NA,NA,NA,NA,NA,NA,NA,NA,2021-08-19,27.79205,-175.819217,Day
F:\2021\5643\20210819_073704.wav,10/10/23 12:56,HMS,Growl,8/19/2021 8:03:57.0,8/19/2021 8:04:05.1,2,NA,NA,NA,NA,NA,NA,NA,NA,2021-08-19,27.79205,-175.819217,Day
F:\2021\5643\20210819_073704.wav,10/10/23 12:56,HMS,Growl,8/19/2021 8:04:05.6,8/19/2021 8:04:09.9,2,NA,NA,NA,NA,NA,NA,NA,NA,2021-08-19,27.79205,-175.819217,Day
F:\2021\5643\20210819_073704.wav,10/10/23 12:56,HMS,Croak,8/19/2021 8:04:11.3,8/19/2021 8:04:11.5,2,NA,NA,NA,NA,NA,NA,NA,NA,2021-08-19,27.79205,-175.819217,Day
F:\2021\5643\20210819_073704.wav,10/10/23 12:56,HMS,Croak,8/19/2021 8:04:15.3,8/19/2021 8:04:15.7,2,NA,NA,NA,NA,NA,NA,NA,NA,2021-08-19,27.79205,-175.819217,Day
F:\2021\5643\20210819_073704.wav,10/10/23 12:57,HMS,Growl,8/19/2021 8:04:25.5,8/19/2021 8:04:26.5,2,NA,NA,NA,NA,NA,NA,NA,NA,2021-08-19,27.79205,-175.819217,Day
F:\2021\5643\20210819_073704.wav,10/10/23 12:57,HMS,Croak,8/19/2021 8:04:26.8,8/19/2021 8:04:27.0,2,NA,NA,NA,NA,NA,NA,NA,NA,2021-08-19,27.79205,-175.819217,Day
F:\2021\5643\20210819_073704.wav,10/10/23 12:57,HMS,Growl,8/19/2021 8:04:28.4,8/19/2021 8:04:31.1,2,NA,NA,NA,NA,NA,NA,NA,NA,2021-08-19,27.79205,-175.819217,Day
F:\2021\5643\20210819_073704.wav,10/10/23 12:58,HMS,Growl,8/19/2021 8:04:44.8,8/19/2021 8:04:48.9,1,NA,NA,NA,NA,NA,NA,NA,NA,2021-08-19,27.79205,-175.819217,Day
F:\2021\5643\20210819_073704.wav,10/10/23 12:59,HMS,Growl,8/19/2021 8:04:52.8,8/19/2021 8:04:57.5,1,NA,NA,NA,NA,NA,NA,NA,NA,2021-08-19,27.79205,-175.819217,Day
F:\2021\5643\20210819_073704.wav,10/10/23 12:59,HMS,Growl,8/19/2021 9:00:00.9,8/19/2021 9:00:06.9,2,NA,NA,NA,NA,NA,NA,NA,NA,2021-08-19,27.79205,-175.819217,Day
F:\2021\5643\20210819_073704.wav,10/10/23 12:59,HMS,Croak,8/19/2021 9:00:07.4,8/19/2021 9:00:07.6,2,NA,NA,NA,NA,NA,NA,NA,NA,2021-08-19,27.79205,-175.819217,Day
F:\2021\5643\20210819_073704.wav,10/10/23 12:59,HMS,Croak,8/19/2021 9:00:10.7,8/19/2021 9:00:11.0,2,NA,NA,NA,NA,NA,NA,NA,NA,2021-08-19,27.79205,-175.819217,Day
F:\2021\5643\20210819_073704.wav,10/10/23 12:59,HMS,Croak,8/19/2021 9:00:13.5,8/19/2021 9:00:13.9,2,NA,NA,NA,NA,NA,NA,NA,NA,2021-08-19,27.79205,-175.819217,Day
F:\2021\5643\20210819_073704.wav,10/10/23 12:59,HMS,Growl,8/19/2021 9:00:14.5,8/19/2021 9:00:17.4,2,NA,NA,NA,NA,NA,NA,NA,NA,2021-08-19,27.79205,-175.819217,Day
F:\2021\5643\20210819_073704.wav,10/10/23 12:59,HMS,Growl,8/19/2021 9:00:19.3,8/19/2021 9:00:22.8,2,NA,NA,NA,NA,NA,NA,NA,NA,2021-08-19,27.79205,-175.819217,Day
F:\2021\5643\20210819_073704.wav,10/10/23 13:00,HMS,Croak,8/19/2021 9:00:29.1,8/19/2021 9:00:29.4,1,NA,NA,NA,NA,NA,NA,NA,NA,2021-08-19,27.79205,-175.819217,Day
F:\2021\5643\20210819_073704.wav,10/10/23 13:00,HMS,Growl,8/19/2021 9:01:11.1,8/19/2021 9:01:17.4,1,NA,NA,NA,NA,NA,NA,NA,NA,2021-08-19,27.79205,-175.819217,Day
F:\2021\5643\20210819_073704.wav,10/10/23 13:00,HMS,Croak,8/19/2021 9:01:17.9,8/19/2021 9:01:18.1,1,NA,NA,NA,NA,NA,NA,NA,NA,2021-08-19,27.79205,-175.819217,Day
F:\2021\5643\20210819_073704.wav,10/10/23 13:00,HMS,Growl,8/19/2021 9:01:22.0,8/19/2021 9:01:24.8,1,NA,NA,NA,NA,NA,NA,NA,NA,2021-08-19,27.79205,-175.819217,Day
F:\2021\5643\20210819_073704.wav,10/10/23 13:00,HMS,Growl,8/19/2021 9:01:25.3,8/19/2021 9:01:27.4,1,NA,NA,NA,NA,NA,NA,NA,NA,2021-08-19,27.79205,-175.819217,Day
F:\2021\5643\20210819_073704.wav,10/10/23 13:01,HMS,Moan,8/19/2021 9:01:32.8,8/19/2021 9:01:33.8,2,NA,NA,NA,NA,NA,NA,NA,NA,2021-08-19,27.79205,-175.819217,Day
F:\2021\5643\20210819_073704.wav,10/10/23 13:01,HMS,MoanGrowl,8/19/2021 9:01:33.9,8/19/2021 9:01:38.9,2,NA,NA,NA,NA,NA,NA,NA,NA,2021-08-19,27.79205,-175.819217,Day
F:\2021\5643\20210819_073704.wav,10/10/23 13:01,HMS,Croak,8/19/2021 9:01:42.2,8/19/2021 9:01:42.5,1,NA,NA,NA,NA,NA,NA,NA,NA,2021-08-19,27.79205,-175.819217,Day
F:\2021\5643\20210819_073704.wav,10/10/23 13:01,HMS,Growl,8/19/2021 9:01:47.9,8/19/2021 9:01:52.2,1,NA,NA,NA,NA,NA,NA,NA,NA,2021-08-19,27.79205,-175.819217,Day
F:\2021\5643\20210819_073704.wav,10/10/23 13:01,HMS,Croak,8/19/2021 9:01:54.4,8/19/2021 9:01:54.7,2,NA,NA,NA,NA,NA,NA,NA,NA,2021-08-19,27.79205,-175.819217,Day
F:\2021\5643\20210819_073704.wav,10/10/23 13:02,HMS,Growl,8/19/2021 9:03:29.5,8/19/2021 9:03:36.9,2,NA,NA,NA,NA,NA,NA,NA,NA,2021-08-19,27.79205,-175.819217,Day
F:\2021\5643\20210819_073704.wav,10/10/23 13:02,HMS,Croak,8/19/2021 9:03:37.3,8/19/2021 9:03:37.4,2,NA,NA,NA,NA,NA,NA,NA,NA,2021-08-19,27.79205,-175.819217,Day
F:\2021\5643\20210819_073704.wav,10/10/23 13:02,HMS,Croak,8/19/2021 9:03:40.5,8/19/2021 9:03:40.8,2,NA,NA,NA,NA,NA,NA,NA,NA,2021-08-19,27.79205,-175.819217,Day
F:\2021\5643\20210819_073704.wav,10/10/23 13:02,HMS,Growl,8/19/2021 9:03:42.1,8/19/2021 9:03:45.1,2,NA,NA,NA,NA,NA,NA,NA,NA,2021-08-19,27.79205,-175.819217,Day
F:\2021\5643\20210819_073704.wav,10/10/23 13:02,HMS,Whoop,8/19/2021 9:03:46.2,8/19/2021 9:03:46.8,1,2,NA,NA,NA,NA,NA,NA,NA,2021-08-19,27.79205,-175.819217,Day
F:\2021\5643\20210819_073704.wav,10/10/23 13:02,HMS,MoanGrowl,8/19/2021 9:03:53.0,8/19/2021 9:03:56.8,3,NA,NA,NA,NA,NA,NA,NA,NA,2021-08-19,27.79205,-175.819217,Day
F:\2021\5643\20210819_073704.wav,10/10/23 13:03,HMS,Whoop,8/19/2021 9:03:57.9,8/19/2021 9:03:59.2,1,4,NA,NA,NA,NA,NA,NA,NA,2021-08-19,27.79205,-175.819217,Day
F:\2021\5643\20210819_073704.wav,10/10/23 13:03,HMS,Growl,8/19/2021 9:03:59.4,8/19/2021 9:03:59.9,2,NA,NA,NA,NA,NA,NA,NA,NA,2021-08-19,27.79205,-175.819217,Day
F:\2021\5643\20210819_073704.wav,10/10/23 13:03,HMS,Croak,8/19/2021 9:04:00.3,8/19/2021 9:04:00.5,2,NA,NA,NA,NA,NA,NA,NA,NA,2021-08-19,27.79205,-175.819217,Day
F:\2021\5643\20210819_073704.wav,10/10/23 13:04,HMS,Growl,8/19/2021 10:00:50.1,8/19/2021 10:00:57.3,2,NA,NA,NA,NA,NA,NA,NA,NA,2021-08-19,27.79205,-175.819217,Day
F:\2021\5643\20210819_073704.wav,10/10/23 13:04,HMS,Growl,8/19/2021 10:00:57.6,8/19/2021 10:01:01.7,2,NA,NA,NA,NA,NA,NA,NA,NA,2021-08-19,27.79205,-175.819217,Day
F:\2021\5643\20210819_073704.wav,10/10/23 13:04,HMS,Croak,8/19/2021 10:01:02.6,8/19/2021 10:01:02.9,2,NA,NA,NA,NA,NA,NA,NA,NA,2021-08-19,27.79205,-175.819217,Day
F:\2021\5643\20210819_073704.wav,10/10/23 13:04,HMS,Growl,8/19/2021 10:01:07.4,8/19/2021 10:01:08.0,2,NA,NA,NA,NA,NA,NA,NA,NA,2021-08-19,27.79205,-175.819217,Day
F:\2021\5643\20210819_073704.wav,10/10/23 13:04,HMS,Croak,8/19/2021 10:01:09.6,8/19/2021 10:01:09.8,2,NA,NA,NA,NA,NA,NA,NA,NA,2021-08-19,27.79205,-175.819217,Day
F:\2021\5643\20210819_073704.wav,10/10/23 13:05,HMS,Croak,8/19/2021 10:01:14.9,8/19/2021 10:01:15.2,2,NA,NA,NA,NA,NA,NA,NA,NA,2021-08-19,27.79205,-175.819217,Day
F:\2021\5643\20210819_073704.wav,10/10/23 13:05,HMS,Growl,8/19/2021 10:01:19.0,8/19/2021 10:01:20.3,2,NA,NA,NA,NA,NA,NA,NA,NA,2021-08-19,27.79205,-175.819217,Day
F:\2021\5643\20210819_073704.wav,10/10/23 13:05,HMS,Croak,8/19/2021 10:01:20.6,8/19/2021 10:01:20.8,2,NA,NA,NA,NA,NA,NA,NA,NA,2021-08-19,27.79205,-175.819217,Day
F:\2021\5643\20210819_073704.wav,10/10/23 13:05,HMS,Growl,8/19/2021 10:01:22.9,8/19/2021 10:01:26.1,2,NA,NA,NA,NA,NA,NA,NA,NA,2021-08-19,27.79205,-175.819217,Day
F:\2021\5643\20210819_073704.wav,10/10/23 13:05,HMS,Croak,8/19/2021 10:01:28.7,8/19/2021 10:01:29.0,2,NA,NA,NA,NA,NA,NA,NA,NA,2021-08-19,27.79205,-175.819217,Day
F:\2021\5643\20210819_073704.wav,10/10/23 13:05,HMS,Growl,8/19/2021 10:01:34.1,8/19/2021 10:01:39.5,1,NA,NA,NA,NA,NA,very quiet,NA,NA,2021-08-19,27.79205,-175.819217,Day
F:\2021\5643\20210819_073704.wav,10/10/23 13:06,HMS,Growl,8/19/2021 10:01:41.8,8/19/2021 10:01:42.7,1,NA,NA,NA,NA,NA,NA,NA,NA,2021-08-19,27.79205,-175.819217,Day
F:\2021\5643\20210819_073704.wav,10/10/23 13:06,HMS,Growl,8/19/2021 10:01:49.2,8/19/2021 10:01:54.4,1,NA,NA,NA,NA,NA,NA,NA,NA,2021-08-19,27.79205,-175.819217,Day
F:\2021\5643\20210819_073704.wav,10/10/23 13:06,HMS,Growl,8/19/2021 10:01:57.5,8/19/2021 10:02:02.4,1,NA,NA,NA,NA,NA,NA,NA,NA,2021-08-19,27.79205,-175.819217,Day
F:\2021\5643\20210819_073704.wav,10/10/23 13:06,HMS,Moan,8/19/2021 10:02:09.5,8/19/2021 10:02:10.8,1,NA,NA,NA,NA,NA,NA,NA,NA,2021-08-19,27.79205,-175.819217,Day
F:\2021\5643\20210819_073704.wav,10/10/23 13:06,HMS,MoanGrowl,8/19/2021 10:02:11.0,8/19/2021 10:02:16.6,1,NA,NA,NA,NA,NA,NA,NA,NA,2021-08-19,27.79205,-175.819217,Day
F:\2021\5643\20210819_073704.wav,10/10/23 13:06,HMS,Growl,8/19/2021 10:03:20.1,8/19/2021 10:03:27.2,2,NA,NA,NA,NA,NA,NA,NA,NA,2021-08-19,27.79205,-175.819217,Day
F:\2021\5643\20210819_073704.wav,10/10/23 13:07,HMS,Growl,8/19/2021 10:03:29.7,8/19/2021 10:03:30.4,2,NA,NA,NA,NA,NA,NA,NA,NA,2021-08-19,27.79205,-175.819217,Day
F:\2021\5643\20210819_073704.wav,10/10/23 13:07,HMS,Croak,8/19/2021 10:03:36.7,8/19/2021 10:03:37.1,2,NA,NA,NA,NA,NA,NA,NA,NA,2021-08-19,27.79205,-175.819217,Day
F:\2021\5643\20210819_073704.wav,10/10/23 13:07,HMS,Croak,8/19/2021 10:03:37.3,8/19/2021 10:03:37.5,2,NA,NA,NA,NA,NA,NA,NA,NA,2021-08-19,27.79205,-175.819217,Day
F:\2021\5643\20210819_073704.wav,10/10/23 13:07,HMS,Growl,8/19/2021 10:03:38.5,8/19/2021 10:03:41.3,2,NA,NA,NA,NA,NA,NA,NA,NA,2021-08-19,27.79205,-175.819217,Day
F:\2021\5643\20210819_073704.wav,10/10/23 13:07,HMS,Croak,8/19/2021 10:03:41.6,8/19/2021 10:03:41.8,2,NA,NA,NA,NA,NA,NA,NA,NA,2021-08-19,27.79205,-175.819217,Day
F:\2021\5643\20210819_073704.wav,10/10/23 13:07,HMS,Growl,8/19/2021 10:03:42.4,8/19/2021 10:03:45.1,2,NA,NA,NA,NA,NA,NA,NA,NA,2021-08-19,27.79205,-175.819217,Day
F:\2021\5643\20210819_073704.wav,10/10/23 13:08,HMS,Growl,8/19/2021 10:03:45.5,8/19/2021 10:03:50.6,1,NA,NA,NA,NA,NA,two seals? varying distances of calls,NA,NA,2021-08-19,27.79205,-175.819217,Day
F:\2021\5643\20210819_073704.wav,10/10/23 13:08,HMS,Growl,8/19/2021 10:03:51.1,8/19/2021 10:03:56.5,1,NA,NA,NA,NA,NA,NA,NA,NA,2021-08-19,27.79205,-175.819217,Day
F:\2021\5643\20210819_073704.wav,10/10/23 13:08,HMS,Growl,8/19/2021 10:03:57.5,8/19/2021 10:04:00.7,1,NA,NA,NA,NA,NA,NA,NA,NA,2021-08-19,27.79205,-175.819217,Day
F:\2021\5643\20210819_073704.wav,10/10/23 13:08,HMS,Growl,8/19/2021 10:04:00.9,8/19/2021 10:04:04.8,2,NA,NA,NA,NA,NA,NA,NA,NA,2021-08-19,27.79205,-175.819217,Day
F:\2021\5643\20210819_073704.wav,10/10/23 13:08,HMS,Growl,8/19/2021 10:04:15.2,8/19/2021 10:04:17.2,1,NA,NA,NA,NA,NA,NA,NA,NA,2021-08-19,27.79205,-175.819217,Day
F:\2021\5643\20210819_103703.wav,10/10/23 13:11,HMS,Moan,8/19/2021 11:01:00.0,8/19/2021 11:01:01.1,1,NA,NA,NA,NA,NA,NA,NA,NA,2021-08-19,27.79205,-175.819217,Day
F:\2021\5643\20210819_103703.wav,10/10/23 13:11,HMS,MoanGrowl,8/19/2021 11:01:01.3,8/19/2021 11:01:05.6,1,NA,NA,NA,NA,NA,NA,NA,NA,2021-08-19,27.79205,-175.819217,Day
F:\2021\5643\20210819_103703.wav,10/10/23 13:12,HMS,Growl,8/19/2021 11:02:35.5,8/19/2021 11:02:39.4,1,NA,NA,NA,NA,NA,NA,NA,NA,2021-08-19,27.79205,-175.819217,Day
F:\2021\5643\20210819_103703.wav,10/10/23 13:12,HMS,Growl,8/19/2021 11:02:40.3,8/19/2021 11:02:40.9,1,NA,NA,NA,NA,NA,NA,NA,NA,2021-08-19,27.79205,-175.819217,Day
F:\2021\5643\20210819_103703.wav,10/10/23 13:12,HMS,Growl,8/19/2021 11:02:44.8,8/19/2021 11:02:49.9,1,NA,NA,NA,NA,NA,NA,NA,NA,2021-08-19,27.79205,-175.819217,Day
F:\2021\5643\20210819_103703.wav,10/10/23 13:12,HMS,Growl,8/19/2021 11:02:51.0,8/19/2021 11:02:55.0,1,NA,NA,NA,NA,NA,NA,NA,NA,2021-08-19,27.79205,-175.819217,Day
F:\2021\5643\20210819_103703.wav,10/10/23 13:12,HMS,Growl,8/19/2021 11:04:06.7,8/19/2021 11:04:11.9,1,NA,NA,NA,NA,NA,NA,NA,NA,2021-08-19,27.79205,-175.819217,Day
F:\2021\5643\20210819_103703.wav,10/10/23 13:13,HMS,Croak,8/19/2021 11:04:12.8,8/19/2021 11:04:13.2,1,NA,NA,NA,NA,NA,NA,NA,NA,2021-08-19,27.79205,-175.819217,Day
F:\2021\5643\20210819_103703.wav,10/10/23 13:13,HMS,Growl,8/19/2021 11:04:15.9,8/19/2021 11:04:20.1,1,NA,NA,NA,NA,NA,NA,NA,NA,2021-08-19,27.79205,-175.819217,Day
F:\2021\5643\20210819_103703.wav,10/10/23 13:13,HMS,Moan,8/19/2021 11:04:27.8,8/19/2021 11:04:29.3,1,NA,NA,NA,NA,NA,NA,NA,NA,2021-08-19,27.79205,-175.819217,Day
F:\2021\5643\20210819_103703.wav,10/10/23 13:13,HMS,MoanGrowl,8/19/2021 11:04:29.5,8/19/2021 11:04:36.2,1,NA,NA,NA,NA,NA,NA,NA,NA,2021-08-19,27.79205,-175.819217,Day
F:\2021\5643\20210819_103703.wav,10/10/23 13:13,HMS,Croak,8/19/2021 11:04:55.7,8/19/2021 11:04:56.2,1,NA,NA,NA,NA,NA,NA,NA,NA,2021-08-19,27.79205,-175.819217,Day
F:\2021\5643\20210819_103703.wav,10/10/23 14:03,HMS,Growl,8/19/2021 12:03:42.5,8/19/2021 12:03:43.1,1,NA,NA,NA,NA,NA,NA,NA,NA,2021-08-19,27.79205,-175.819217,Day
F:\2021\5643\20210819_103703.wav,10/10/23 14:03,HMS,Growl,8/19/2021 12:03:43.2,8/19/2021 12:03:43.7,1,NA,NA,NA,NA,NA,NA,NA,NA,2021-08-19,27.79205,-175.819217,Day
F:\2021\5643\20210819_103703.wav,10/10/23 14:03,HMS,Growl,8/19/2021 12:03:44.3,8/19/2021 12:03:44.5,1,NA,NA,NA,NA,NA,NA,NA,NA,2021-08-19,27.79205,-175.819217,Day
F:\2021\5643\20210819_103703.wav,10/10/23 14:03,HMS,Growl,8/19/2021 12:03:45.3,8/19/2021 12:03:46.7,1,NA,NA,NA,NA,NA,NA,NA,NA,2021-08-19,27.79205,-175.819217,Day
F:\2021\5643\20210819_103703.wav,10/10/23 14:14,HMS,Growl,8/19/2021 12:04:01.8,8/19/2021 12:04:04.3,1,NA,NA,NA,NA,NA,NA,NA,NA,2021-08-19,27.79205,-175.819217,Day
F:\2021\5643\20210819_103703.wav,10/10/23 14:14,HMS,Whoop,8/19/2021 12:04:05.6,8/19/2021 12:04:06.8,2,4,NA,NA,NA,NA,NA,NA,NA,2021-08-19,27.79205,-175.819217,Day
F:\2021\5643\20210819_103703.wav,10/10/23 14:14,HMS,Growl,8/19/2021 12:04:07.3,8/19/2021 12:04:08.9,1,NA,NA,NA,NA,NA,NA,NA,NA,2021-08-19,27.79205,-175.819217,Day
F:\2021\5643\20210819_103703.wav,10/10/23 14:14,HMS,Whoop,8/19/2021 12:04:14.8,8/19/2021 12:04:15.3,2,2,NA,NA,NA,NA,NA,NA,NA,2021-08-19,27.79205,-175.819217,Day
F:\2021\5643\20210819_103703.wav,10/10/23 14:14,HMS,Whoop,8/19/2021 12:04:17.6,8/19/2021 12:04:18.6,1,3,NA,NA,NA,NA,NA,NA,NA,2021-08-19,27.79205,-175.819217,Day
F:\2021\5643\20210819_103703.wav,10/10/23 14:15,HMS,Whoop,8/19/2021 12:04:43.7,8/19/2021 12:04:44.0,1,1,NA,NA,NA,NA,NA,NA,NA,2021-08-19,27.79205,-175.819217,Day
F:\2021\5643\20210819_103703.wav,10/10/23 14:15,HMS,Whoop,8/19/2021 12:04:46.2,8/19/2021 12:04:46.7,1,2,NA,NA,NA,NA,NA,NA,NA,2021-08-19,27.79205,-175.819217,Day
F:\2021\5643\20210819_103703.wav,10/10/23 14:15,HMS,Whoop,8/19/2021 12:04:59.1,8/19/2021 12:04:59.5,1,2,NA,NA,NA,NA,NA,NA,NA,2021-08-19,27.79205,-175.819217,Day
F:\2021\5643\20210819_103703.wav,10/10/23 14:18,HMS,Croak,8/19/2021 13:02:13.7,8/19/2021 13:02:14.2,1,NA,NA,NA,NA,NA,NA,NA,NA,2021-08-19,27.79205,-175.819217,Day
F:\2021\5643\20210819_103703.wav,10/10/23 14:18,HMS,Whoop,8/19/2021 13:03:39.8,8/19/2021 13:03:39.9,1,1,NA,NA,NA,NA,NA,NA,NA,2021-08-19,27.79205,-175.819217,Day
F:\2021\5643\20210819_103703.wav,10/10/23 14:18,HMS,Whoop,8/19/2021 13:03:47.7,8/19/2021 13:03:47.9,1,1,NA,NA,NA,NA,NA,NA,NA,2021-08-19,27.79205,-175.819217,Day
F:\2021\5643\20210819_103703.wav,10/10/23 14:18,HMS,Whoop,8/19/2021 13:03:54.1,8/19/2021 13:03:54.3,1,1,NA,NA,NA,NA,NA,NA,NA,2021-08-19,27.79205,-175.819217,Day
F:\2021\5643\20210819_103703.wav,10/10/23 14:18,HMS,Growl,8/19/2021 13:04:12.4,8/19/2021 13:04:13.1,1,NA,NA,NA,NA,NA,NA,NA,NA,2021-08-19,27.79205,-175.819217,Day
F:\2021\5643\20210819_103703.wav,10/10/23 14:19,HMS,Croak,8/19/2021 13:04:23.1,8/19/2021 13:04:23.3,1,NA,NA,NA,NA,NA,NA,NA,NA,2021-08-19,27.79205,-175.819217,Day
F:\2021\5643\20210819_103703.wav,10/10/23 14:19,HMS,Croak,8/19/2021 13:04:25.4,8/19/2021 13:04:25.5,1,NA,NA,NA,NA,NA,NA,NA,NA,2021-08-19,27.79205,-175.819217,Day
F:\2021\5643\20210819_103703.wav,10/10/23 14:19,HMS,Croak,8/19/2021 13:04:31.3,8/19/2021 13:04:31.5,1,NA,NA,NA,NA,NA,NA,NA,NA,2021-08-19,27.79205,-175.819217,Day
F:\2021\5643\20210819_103703.wav,10/10/23 14:19,HMS,Croak,8/19/2021 13:04:31.6,8/19/2021 13:04:31.8,1,NA,NA,NA,NA,NA,NA,NA,NA,2021-08-19,27.79205,-175.819217,Day
F:\2021\5643\20210819_103703.wav,10/10/23 14:19,HMS,Growl,8/19/2021 13:04:51.7,8/19/2021 13:04:52.2,1,NA,NA,NA,NA,NA,NA,NA,NA,2021-08-19,27.79205,-175.819217,Day
F:\2021\5643\20210819_103703.wav,10/10/23 14:19,HMS,Croak,8/19/2021 13:04:55.7,8/19/2021 13:04:55.9,1,NA,NA,NA,NA,NA,NA,NA,NA,2021-08-19,27.79205,-175.819217,Day
F:\2021\5643\20210819_103703.wav,10/10/23 14:19,HMS,Croak,8/19/2021 13:04:56.2,8/19/2021 13:04:56.5,1,NA,NA,NA,NA,NA,NA,NA,NA,2021-08-19,27.79205,-175.819217,Day
F:\2021\5643\20210819_133702.wav,10/10/23 14:20,HMS,Croak,8/19/2021 14:00:50.3,8/19/2021 14:00:50.5,2,NA,NA,NA,NA,NA,NA,NA,NA,2021-08-19,27.79205,-175.819217,Day
F:\2021\5643\20210819_133702.wav,10/10/23 14:20,HMS,Croak,8/19/2021 14:00:56.6,8/19/2021 14:00:56.8,1,NA,NA,NA,NA,NA,NA,NA,NA,2021-08-19,27.79205,-175.819217,Day
F:\2021\5643\20210819_133702.wav,10/10/23 14:20,HMS,Whoop,8/19/2021 14:00:57.9,8/19/2021 14:00:58.2,1,2,NA,NA,NA,NA,NA,NA,NA,2021-08-19,27.79205,-175.819217,Day
F:\2021\5643\20210819_133702.wav,10/10/23 14:21,HMS,Croak,8/19/2021 14:01:17.9,8/19/2021 14:01:18.2,1,NA,NA,NA,NA,NA,NA,NA,NA,2021-08-19,27.79205,-175.819217,Day
F:\2021\5643\20210819_133702.wav,10/10/23 14:21,HMS,Growl,8/19/2021 14:01:23.4,8/19/2021 14:01:24.1,1,NA,NA,NA,NA,NA,NA,NA,NA,2021-08-19,27.79205,-175.819217,Day
F:\2021\5643\20210819_133702.wav,10/10/23 14:21,HMS,Whoop,8/19/2021 14:01:24.5,8/19/2021 14:01:24.7,1,1,NA,NA,NA,NA,NA,NA,NA,2021-08-19,27.79205,-175.819217,Day
F:\2021\5643\20210819_133702.wav,10/10/23 14:21,HMS,Croak,8/19/2021 14:02:35.8,8/19/2021 14:02:35.9,1,NA,NA,NA,NA,NA,NA,NA,NA,2021-08-19,27.79205,-175.819217,Day
F:\2021\5643\20210819_133702.wav,10/10/23 14:21,HMS,Croak,8/19/2021 14:02:52.2,8/19/2021 14:02:52.4,1,NA,NA,NA,NA,NA,NA,NA,NA,2021-08-19,27.79205,-175.819217,Day
F:\2021\5643\20210819_133702.wav,10/10/23 14:22,HMS,Croak,8/19/2021 14:02:57.3,8/19/2021 14:02:57.6,1,NA,NA,NA,NA,NA,NA,NA,NA,2021-08-19,27.79205,-175.819217,Day
F:\2021\5643\20210819_133702.wav,10/10/23 14:22,HMS,Croak,8/19/2021 14:03:22.2,8/19/2021 14:03:22.4,1,NA,NA,NA,NA,NA,NA,NA,NA,2021-08-19,27.79205,-175.819217,Day
F:\2021\5643\20210819_133702.wav,10/10/23 14:22,HMS,Croak,8/19/2021 14:03:26.5,8/19/2021 14:03:26.7,1,NA,NA,NA,NA,NA,NA,NA,NA,2021-08-19,27.79205,-175.819217,Day
F:\2021\5643\20210819_133702.wav,10/10/23 14:22,HMS,Croak,8/19/2021 14:04:00.3,8/19/2021 14:04:00.6,1,NA,NA,NA,NA,NA,NA,NA,NA,2021-08-19,27.79205,-175.819217,Day
F:\2021\5643\20210819_133702.wav,10/10/23 14:22,HMS,Growl,8/19/2021 14:04:27.8,8/19/2021 14:04:29.4,1,NA,NA,NA,NA,NA,NA,NA,NA,2021-08-19,27.79205,-175.819217,Day
F:\2021\5643\20210819_133702.wav,10/10/23 14:23,HMS,Croak,8/19/2021 15:00:30.9,8/19/2021 15:00:31.2,1,NA,NA,NA,NA,NA,NA,NA,NA,2021-08-19,27.79205,-175.819217,Day
F:\2021\5643\20210819_133702.wav,10/10/23 14:23,HMS,Croak,8/19/2021 15:00:52.0,8/19/2021 15:00:52.2,1,NA,NA,NA,NA,NA,NA,NA,NA,2021-08-19,27.79205,-175.819217,Day
F:\2021\5643\20210819_133702.wav,10/10/23 14:23,HMS,Croak,8/19/2021 15:02:35.8,8/19/2021 15:02:36.0,1,NA,NA,NA,NA,NA,NA,NA,NA,2021-08-19,27.79205,-175.819217,Day
F:\2021\5643\20210819_133702.wav,10/10/23 14:23,HMS,Croak,8/19/2021 15:02:53.2,8/19/2021 15:02:53.5,1,NA,NA,NA,NA,NA,low quality,NA,NA,2021-08-19,27.79205,-175.819217,Day
F:\2021\5643\20210819_133702.wav,10/10/23 14:24,HMS,Croak,8/19/2021 15:04:12.0,8/19/2021 15:04:12.1,1,NA,NA,NA,NA,NA,NA,NA,NA,2021-08-19,27.79205,-175.819217,Day
F:\2021\5643\20210819_133702.wav,10/10/23 14:24,HMS,Croak,8/19/2021 15:04:12.2,8/19/2021 15:04:12.5,1,NA,NA,NA,NA,NA,NA,NA,NA,2021-08-19,27.79205,-175.819217,Day
F:\2021\5643\20210819_133702.wav,10/10/23 14:25,HMS,Growl,8/19/2021 16:00:03.5,8/19/2021 16:00:04.1,2,NA,NA,NA,NA,NA,NA,NA,NA,2021-08-19,27.79205,-175.819217,Day
F:\2021\5643\20210819_133702.wav,10/10/23 14:25,HMS,Growl,8/19/2021 16:00:06.9,8/19/2021 16:00:11.4,3,NA,NA,NA,NA,NA,NA,NA,NA,2021-08-19,27.79205,-175.819217,Day
F:\2021\5643\20210819_133702.wav,10/10/23 14:25,HMS,Whoop,8/19/2021 16:00:11.6,8/19/2021 16:00:12.8,2,3,NA,NA,NA,NA,NA,NA,NA,2021-08-19,27.79205,-175.819217,Day
F:\2021\5643\20210819_133702.wav,10/10/23 14:25,HMS,Whoop,8/19/2021 16:00:13.9,8/19/2021 16:00:14.1,1,1,NA,NA,NA,NA,NA,NA,NA,2021-08-19,27.79205,-175.819217,Day
F:\2021\5643\20210819_133702.wav,10/10/23 14:25,HMS,Croak,8/19/2021 16:00:15.5,8/19/2021 16:00:15.7,1,NA,NA,NA,NA,NA,NA,NA,NA,2021-08-19,27.79205,-175.819217,Day
F:\2021\5643\20210819_133702.wav,10/10/23 14:25,HMS,Growl,8/19/2021 16:00:17.2,8/19/2021 16:00:17.8,1,NA,NA,NA,NA,NA,author end,NA,NA,2021-08-19,27.79205,-175.819217,Day
G:\2021\5643\20210819_133702.wav,10/24/23 11:45,HMS,Croak,8/19/2021 16:00:18.2,8/19/2021 16:00:18.5,2,NA,NA,NA,NA,NA,author start,NA,NA,2021-08-19,27.79205,-175.819217,Day
G:\2021\5643\20210819_133702.wav,10/24/23 11:46,HMS,Growl,8/19/2021 16:01:43.3,8/19/2021 16:01:45.0,2,NA,NA,NA,NA,NA,NA,NA,NA,2021-08-19,27.79205,-175.819217,Day
G:\2021\5643\20210819_133702.wav,10/24/23 11:46,HMS,Croak,8/19/2021 16:01:45.3,8/19/2021 16:01:45.5,2,NA,NA,NA,NA,NA,NA,NA,NA,2021-08-19,27.79205,-175.819217,Day
G:\2021\5643\20210819_133702.wav,10/24/23 11:46,HMS,Growl,8/19/2021 16:01:47.4,8/19/2021 16:01:51.9,2,NA,NA,NA,NA,NA,NA,NA,NA,2021-08-19,27.79205,-175.819217,Day
G:\2021\5643\20210819_133702.wav,10/24/23 11:46,HMS,Whoop,8/19/2021 16:01:52.1,8/19/2021 16:01:52.5,2,2,NA,NA,NA,NA,NA,NA,NA,2021-08-19,27.79205,-175.819217,Day
G:\2021\5643\20210819_133702.wav,10/24/23 11:46,HMS,Whoop,8/19/2021 16:01:53.7,8/19/2021 16:01:54.6,2,4,NA,NA,NA,NA,NA,NA,NA,2021-08-19,27.79205,-175.819217,Day
G:\2021\5643\20210819_133702.wav,10/24/23 11:46,HMS,Growl,8/19/2021 16:01:57.5,8/19/2021 16:01:58.1,2,NA,NA,NA,NA,NA,NA,NA,NA,2021-08-19,27.79205,-175.819217,Day
G:\2021\5643\20210819_133702.wav,10/24/23 11:47,HMS,Whoop,8/19/2021 16:01:58.4,8/19/2021 16:01:59.5,2,4,NA,NA,NA,NA,NA,NA,NA,2021-08-19,27.79205,-175.819217,Day
G:\2021\5643\20210819_133702.wav,10/24/23 11:47,HMS,Croak,8/19/2021 16:01:59.6,8/19/2021 16:02:00.1,2,NA,NA,NA,NA,NA,NA,NA,NA,2021-08-19,27.79205,-175.819217,Day
G:\2021\5643\20210819_133702.wav,10/24/23 11:47,HMS,Growl,8/19/2021 16:02:00.5,8/19/2021 16:02:05.2,2,NA,NA,NA,NA,NA,NA,NA,NA,2021-08-19,27.79205,-175.819217,Day
G:\2021\5643\20210819_133702.wav,10/24/23 11:48,HMS,Growl,8/19/2021 16:02:11.3,8/19/2021 16:02:12.0,2,NA,NA,NA,NA,NA,NA,NA,NA,2021-08-19,27.79205,-175.819217,Day
G:\2021\5643\20210819_133702.wav,10/24/23 11:48,HMS,Croak,8/19/2021 16:02:12.4,8/19/2021 16:02:12.8,2,NA,NA,NA,NA,NA,NA,NA,NA,2021-08-19,27.79205,-175.819217,Day
G:\2021\5643\20210819_133702.wav,10/24/23 11:48,HMS,Growl,8/19/2021 16:02:14.5,8/19/2021 16:02:17.0,2,NA,NA,NA,NA,NA,NA,NA,NA,2021-08-19,27.79205,-175.819217,Day
G:\2021\5643\20210819_133702.wav,10/24/23 11:48,HMS,Growl,8/19/2021 16:02:43.1,8/19/2021 16:02:47.4,1,NA,NA,NA,NA,NA,NA,NA,NA,2021-08-19,27.79205,-175.819217,Day
G:\2021\5643\20210819_133702.wav,10/24/23 11:48,HMS,Croak,8/19/2021 16:02:48.0,8/19/2021 16:02:48.3,2,NA,NA,NA,NA,NA,NA,NA,NA,2021-08-19,27.79205,-175.819217,Day
G:\2021\5643\20210819_133702.wav,10/24/23 11:49,HMS,Growl,8/19/2021 16:02:50.1,8/19/2021 16:02:53.0,2,NA,NA,NA,NA,NA,NA,NA,NA,2021-08-19,27.79205,-175.819217,Day
G:\2021\5643\20210819_133702.wav,10/24/23 11:49,HMS,Croak,8/19/2021 16:02:53.7,8/19/2021 16:02:53.9,2,NA,NA,NA,NA,NA,NA,NA,NA,2021-08-19,27.79205,-175.819217,Day
G:\2021\5643\20210819_133702.wav,10/24/23 11:49,HMS,Croak,8/19/2021 16:02:56.5,8/19/2021 16:02:57.0,1,NA,NA,NA,NA,NA,NA,NA,NA,2021-08-19,27.79205,-175.819217,Day
G:\2021\5643\20210819_133702.wav,10/24/23 11:49,HMS,Whoop,8/19/2021 16:02:57.6,8/19/2021 16:02:57.7,1,1,NA,NA,NA,NA,NA,NA,NA,2021-08-19,27.79205,-175.819217,Day
G:\2021\5643\20210819_133702.wav,10/24/23 11:49,HMS,Croak,8/19/2021 16:02:58.4,8/19/2021 16:02:58.8,1,NA,NA,NA,NA,NA,NA,NA,NA,2021-08-19,27.79205,-175.819217,Day
G:\2021\5643\20210819_133702.wav,10/24/23 11:49,HMS,Growl,8/19/2021 16:02:59.2,8/19/2021 16:03:02.3,2,NA,NA,NA,NA,NA,NA,NA,NA,2021-08-19,27.79205,-175.819217,Day
G:\2021\5643\20210819_133702.wav,10/24/23 11:49,HMS,Growl,8/19/2021 16:03:03.7,8/19/2021 16:03:06.6,2,NA,NA,NA,NA,NA,NA,NA,NA,2021-08-19,27.79205,-175.819217,Day
G:\2021\5643\20210819_133702.wav,10/24/23 11:50,HMS,Moan,8/19/2021 16:03:13.0,8/19/2021 16:03:14.3,2,NA,NA,NA,NA,NA,NA,NA,NA,2021-08-19,27.79205,-175.819217,Day
G:\2021\5643\20210819_133702.wav,10/24/23 11:50,HMS,MoanGrowl,8/19/2021 16:03:14.4,8/19/2021 16:03:19.7,2,NA,NA,NA,NA,NA,NA,NA,NA,2021-08-19,27.79205,-175.819217,Day
G:\2021\5643\20210819_133702.wav,10/24/23 11:50,HMS,Croak,8/19/2021 16:03:22.9,8/19/2021 16:03:23.3,2,NA,NA,NA,NA,NA,NA,NA,NA,2021-08-19,27.79205,-175.819217,Day
G:\2021\5643\20210819_133702.wav,10/24/23 11:50,HMS,Growl,8/19/2021 16:03:31.2,8/19/2021 16:03:35.7,2,NA,NA,NA,NA,NA,NA,NA,NA,2021-08-19,27.79205,-175.819217,Day
G:\2021\5643\20210819_133702.wav,10/24/23 11:51,HMS,Growl,8/19/2021 16:03:36.8,8/19/2021 16:03:37.4,2,NA,NA,NA,NA,NA,NA,NA,NA,2021-08-19,27.79205,-175.819217,Day
G:\2021\5643\20210819_133702.wav,10/24/23 11:51,HMS,Croak,8/19/2021 16:03:38.2,8/19/2021 16:03:38.4,2,NA,NA,NA,NA,NA,NA,NA,NA,2021-08-19,27.79205,-175.819217,Day
G:\2021\5643\20210819_133702.wav,10/24/23 11:51,HMS,Growl,8/19/2021 16:03:42.3,8/19/2021 16:03:46.7,2,NA,NA,NA,NA,NA,NA,NA,NA,2021-08-19,27.79205,-175.819217,Day
G:\2021\5643\20210819_133702.wav,10/24/23 11:51,HMS,Whoop,8/19/2021 16:03:47.0,8/19/2021 16:03:47.8,2,3,NA,NA,NA,NA,NA,NA,NA,2021-08-19,27.79205,-175.819217,Day
G:\2021\5643\20210819_133702.wav,10/24/23 11:51,HMS,Growl,8/19/2021 16:03:52.2,8/19/2021 16:03:52.9,2,NA,NA,NA,NA,NA,NA,NA,NA,2021-08-19,27.79205,-175.819217,Day
G:\2021\5643\20210819_133702.wav,10/24/23 11:52,HMS,Croak,8/19/2021 16:03:53.2,8/19/2021 16:03:53.5,2,NA,NA,NA,NA,NA,NA,NA,NA,2021-08-19,27.79205,-175.819217,Day
G:\2021\5643\20210819_133702.wav,10/24/23 11:52,HMS,Growl,8/19/2021 16:03:55.7,8/19/2021 16:03:58.5,2,NA,NA,NA,NA,NA,NA,NA,NA,2021-08-19,27.79205,-175.819217,Day
G:\2021\5643\20210819_163701.wav,10/24/23 11:53,HMS,Whoop,8/19/2021 17:00:03.0,8/19/2021 17:00:03.2,2,1,NA,NA,NA,NA,NA,NA,NA,2021-08-19,27.79205,-175.819217,Day
G:\2021\5643\20210819_163701.wav,10/24/23 11:53,HMS,Croak,8/19/2021 17:00:06.7,8/19/2021 17:00:07.0,3,NA,NA,NA,NA,NA,NA,NA,NA,2021-08-19,27.79205,-175.819217,Day
G:\2021\5643\20210819_163701.wav,10/24/23 11:53,HMS,Whoop,8/19/2021 17:00:09.6,8/19/2021 17:00:10.5,2,2,NA,NA,NA,NA,NA,NA,NA,2021-08-19,27.79205,-175.819217,Day
G:\2021\5643\20210819_163701.wav,10/24/23 11:53,HMS,Growl,8/19/2021 17:00:10.8,8/19/2021 17:00:11.4,3,NA,NA,NA,NA,NA,NA,NA,NA,2021-08-19,27.79205,-175.819217,Day
G:\2021\5643\20210819_163701.wav,10/24/23 11:54,HMS,Growl,8/19/2021 17:00:12.0,8/19/2021 17:00:16.5,3,NA,NA,NA,NA,NA,NA,NA,NA,2021-08-19,27.79205,-175.819217,Day
G:\2021\5643\20210819_163701.wav,10/24/23 11:54,HMS,Whoop,8/19/2021 17:00:17.5,8/19/2021 17:00:17.6,1,1,NA,NA,NA,NA,NA,NA,NA,2021-08-19,27.79205,-175.819217,Day
G:\2021\5643\20210819_163701.wav,10/24/23 11:54,HMS,Croak,8/19/2021 17:00:23.2,8/19/2021 17:00:23.4,2,NA,NA,NA,NA,NA,NA,NA,NA,2021-08-19,27.79205,-175.819217,Day
G:\2021\5643\20210819_163701.wav,10/24/23 11:54,HMS,Whoop,8/19/2021 17:00:24.5,8/19/2021 17:00:24.6,1,1,NA,NA,NA,NA,NA,NA,NA,2021-08-19,27.79205,-175.819217,Day
G:\2021\5643\20210819_163701.wav,10/24/23 11:54,HMS,Growl,8/19/2021 17:00:34.9,8/19/2021 17:00:37.6,3,NA,NA,NA,NA,NA,NA,NA,NA,2021-08-19,27.79205,-175.819217,Day
G:\2021\5643\20210819_163701.wav,10/24/23 11:54,HMS,Croak,8/19/2021 17:00:39.1,8/19/2021 17:00:39.4,3,NA,NA,NA,NA,NA,NA,NA,NA,2021-08-19,27.79205,-175.819217,Day
G:\2021\5643\20210819_163701.wav,10/24/23 11:54,HMS,Croak,8/19/2021 17:00:40.2,8/19/2021 17:00:40.4,3,NA,NA,NA,NA,NA,NA,NA,NA,2021-08-19,27.79205,-175.819217,Day
G:\2021\5643\20210819_163701.wav,10/24/23 11:55,HMS,Growl,8/19/2021 17:01:46.6,8/19/2021 17:01:54.2,3,NA,NA,NA,NA,NA,NA,NA,NA,2021-08-19,27.79205,-175.819217,Day
G:\2021\5643\20210819_163701.wav,10/24/23 11:55,HMS,Growl,8/19/2021 17:01:54.7,8/19/2021 17:01:59.4,3,NA,NA,NA,NA,NA,NA,NA,NA,2021-08-19,27.79205,-175.819217,Day
G:\2021\5643\20210819_163701.wav,10/24/23 11:55,HMS,Croak,8/19/2021 17:02:00.9,8/19/2021 17:02:01.2,2,NA,NA,NA,NA,NA,NA,NA,NA,2021-08-19,27.79205,-175.819217,Day
G:\2021\5643\20210819_163701.wav,10/24/23 11:55,HMS,Growl,8/19/2021 17:02:04.9,8/19/2021 17:02:05.9,2,NA,NA,NA,NA,NA,NA,NA,NA,2021-08-19,27.79205,-175.819217,Day
G:\2021\5643\20210819_163701.wav,10/24/23 11:55,HMS,Croak,8/19/2021 17:02:07.9,8/19/2021 17:02:08.2,2,NA,NA,NA,NA,NA,NA,NA,NA,2021-08-19,27.79205,-175.819217,Day
G:\2021\5643\20210819_163701.wav,10/24/23 11:55,HMS,Growl,8/19/2021 17:02:14.6,8/19/2021 17:02:15.9,2,NA,NA,NA,NA,NA,NA,NA,NA,2021-08-19,27.79205,-175.819217,Day
G:\2021\5643\20210819_163701.wav,10/24/23 11:55,HMS,Croak,8/19/2021 17:02:16.4,8/19/2021 17:02:16.7,2,NA,NA,NA,NA,NA,NA,NA,NA,2021-08-19,27.79205,-175.819217,Day
G:\2021\5643\20210819_163701.wav,10/24/23 11:55,HMS,Growl,8/19/2021 17:02:18.2,8/19/2021 17:02:20.8,2,NA,NA,NA,NA,NA,NA,NA,NA,2021-08-19,27.79205,-175.819217,Day
G:\2021\5643\20210819_163701.wav,10/24/23 11:57,HMS,Growl,8/19/2021 17:03:42.9,8/19/2021 17:03:50.7,3,NA,NA,NA,NA,NA,NA,NA,NA,2021-08-19,27.79205,-175.819217,Day
G:\2021\5643\20210819_163701.wav,10/24/23 11:57,HMS,Croak,8/19/2021 17:03:51.0,8/19/2021 17:03:51.3,3,NA,NA,NA,NA,NA,NA,NA,NA,2021-08-19,27.79205,-175.819217,Day
G:\2021\5643\20210819_163701.wav,10/24/23 11:58,HMS,Croak,8/19/2021 17:03:53.1,8/19/2021 17:03:53.3,3,NA,NA,NA,NA,NA,NA,NA,NA,2021-08-19,27.79205,-175.819217,Day
G:\2021\5643\20210819_163701.wav,10/24/23 11:58,HMS,Growl,8/19/2021 17:03:57.4,8/19/2021 17:03:58.2,3,NA,NA,NA,NA,NA,NA,NA,NA,2021-08-19,27.79205,-175.819217,Day
G:\2021\5643\20210819_163701.wav,10/24/23 11:58,HMS,Growl,8/19/2021 17:03:58.7,8/19/2021 17:04:02.5,3,NA,NA,NA,NA,NA,NA,NA,NA,2021-08-19,27.79205,-175.819217,Day
G:\2021\5643\20210819_163701.wav,10/24/23 11:58,HMS,Whoop,8/19/2021 17:04:03.9,8/19/2021 17:04:04.7,1,3,NA,NA,NA,NA,NA,NA,NA,2021-08-19,27.79205,-175.819217,Day
G:\2021\5643\20210819_163701.wav,10/24/23 11:59,HMS,Croak,8/19/2021 17:04:07.9,8/19/2021 17:04:08.0,1,NA,NA,NA,NA,NA,NA,NA,NA,2021-08-19,27.79205,-175.819217,Day
G:\2021\5643\20210819_163701.wav,10/24/23 11:59,HMS,Growl,8/19/2021 17:04:09.0,8/19/2021 17:04:09.7,2,NA,NA,NA,NA,NA,NA,NA,NA,2021-08-19,27.79205,-175.819217,Day
G:\2021\5643\20210819_163701.wav,10/24/23 11:59,HMS,Growl,8/19/2021 17:04:10.1,8/19/2021 17:04:10.6,2,NA,NA,NA,NA,NA,NA,NA,NA,2021-08-19,27.79205,-175.819217,Day
G:\2021\5643\20210819_163701.wav,10/24/23 11:59,HMS,Croak,8/19/2021 17:04:13.4,8/19/2021 17:04:13.7,1,NA,NA,NA,NA,NA,NA,NA,NA,2021-08-19,27.79205,-175.819217,Day
G:\2021\5643\20210819_163701.wav,10/24/23 12:00,HMS,Croak,8/19/2021 17:04:24.8,8/19/2021 17:04:25.1,1,NA,NA,NA,NA,NA,NA,NA,NA,2021-08-19,27.79205,-175.819217,Day
G:\2021\5643\20210819_163701.wav,10/24/23 12:00,HMS,Croak,8/19/2021 17:04:33.6,8/19/2021 17:04:33.7,1,NA,NA,NA,NA,NA,NA,NA,NA,2021-08-19,27.79205,-175.819217,Day
G:\2021\5643\20210819_163701.wav,10/24/23 12:01,HMS,Croak,8/19/2021 17:04:35.2,8/19/2021 17:04:35.4,1,NA,NA,NA,NA,NA,NA,NA,NA,2021-08-19,27.79205,-175.819217,Day
G:\2021\5643\20210819_163701.wav,10/24/23 12:01,HMS,Croak,8/19/2021 17:04:55.3,8/19/2021 17:04:55.6,1,NA,NA,NA,NA,NA,NA,NA,NA,2021-08-19,27.79205,-175.819217,Day
G:\2021\5643\20210819_163701.wav,10/24/23 12:01,HMS,Growl,8/19/2021 18:01:24.1,8/19/2021 18:01:31.1,1,NA,NA,NA,NA,NA,NA,NA,NA,2021-08-19,27.79205,-175.819217,Day
G:\2021\5643\20210819_163701.wav,10/24/23 12:02,HMS,Croak,8/19/2021 18:01:31.4,8/19/2021 18:01:31.7,1,NA,NA,NA,NA,NA,NA,NA,NA,2021-08-19,27.79205,-175.819217,Day
G:\2021\5643\20210819_163701.wav,10/24/23 12:02,HMS,Growl,8/19/2021 18:01:32.8,8/19/2021 18:01:36.4,1,NA,NA,NA,NA,NA,NA,NA,NA,2021-08-19,27.79205,-175.819217,Day
G:\2021\5643\20210819_163701.wav,10/24/23 12:02,HMS,Croak,8/19/2021 18:01:39.8,8/19/2021 18:01:40.1,1,NA,NA,NA,NA,NA,NA,NA,NA,2021-08-19,27.79205,-175.819217,Day
G:\2021\5643\20210819_163701.wav,10/24/23 12:02,HMS,Croak,8/19/2021 18:01:45.2,8/19/2021 18:01:45.6,1,NA,NA,NA,NA,NA,NA,NA,NA,2021-08-19,27.79205,-175.819217,Day
G:\2021\5643\20210819_163701.wav,10/24/23 12:03,HMS,Growl,8/19/2021 18:03:48.6,8/19/2021 18:03:53.9,1,NA,NA,NA,NA,NA,NA,NA,NA,2021-08-19,27.79205,-175.819217,Day
G:\2021\5643\20210819_163701.wav,10/24/23 12:03,HMS,Growl,8/19/2021 18:03:55.9,8/19/2021 18:03:56.8,1,NA,NA,NA,NA,NA,NA,NA,NA,2021-08-19,27.79205,-175.819217,Day
G:\2021\5643\20210819_163701.wav,10/24/23 12:03,HMS,Growl,8/19/2021 18:04:03.1,8/19/2021 18:04:08.3,1,NA,NA,NA,NA,NA,NA,NA,NA,2021-08-19,27.79205,-175.819217,Day
G:\2021\5643\20210819_163701.wav,10/24/23 12:03,HMS,Whoop,8/19/2021 18:04:08.6,8/19/2021 18:04:08.8,1,1,NA,NA,NA,NA,NA,NA,NA,2021-08-19,27.79205,-175.819217,Day
G:\2021\5643\20210819_163701.wav,10/24/23 12:04,HMS,Croak,8/19/2021 18:04:10.0,8/19/2021 18:04:10.4,1,NA,NA,NA,NA,NA,NA,NA,NA,2021-08-19,27.79205,-175.819217,Day
G:\2021\5643\20210819_163701.wav,10/24/23 12:04,HMS,Growl,8/19/2021 18:04:11.1,8/19/2021 18:04:15.3,1,NA,NA,NA,NA,NA,NA,NA,NA,2021-08-19,27.79205,-175.819217,Day
G:\2021\5643\20210819_163701.wav,10/24/23 12:04,HMS,Growl,8/19/2021 18:04:16.0,8/19/2021 18:04:20.3,1,NA,NA,NA,NA,NA,NA,NA,NA,2021-08-19,27.79205,-175.819217,Day
G:\2021\5643\20210819_163701.wav,10/24/23 12:04,HMS,Croak,8/19/2021 18:04:23.4,8/19/2021 18:04:23.9,1,NA,NA,NA,NA,NA,NA,NA,NA,2021-08-19,27.79205,-175.819217,Day
G:\2021\5643\20210819_163701.wav,10/24/23 12:04,HMS,Growl,8/19/2021 18:04:48.9,8/19/2021 18:04:52.4,3,NA,NA,NA,NA,NA,NA,NA,NA,2021-08-19,27.79205,-175.819217,Day
G:\2021\5643\20210819_163701.wav,10/24/23 12:04,HMS,Croak,8/19/2021 18:04:53.0,8/19/2021 18:04:53.4,3,NA,NA,NA,NA,NA,NA,NA,NA,2021-08-19,27.79205,-175.819217,Day
G:\2021\5643\20210819_163701.wav,10/24/23 12:04,HMS,Growl,8/19/2021 18:04:55.2,8/19/2021 18:04:59.0,3,NA,NA,NA,NA,NA,NA,NA,NA,2021-08-19,27.79205,-175.819217,Day
G:\2021\5643\20210819_163701.wav,10/24/23 12:05,HMS,Whoop,8/19/2021 18:04:59.2,8/19/2021 18:04:59.7,2,2,NA,NA,NA,NA,NA,NA,NA,2021-08-19,27.79205,-175.819217,Day
G:\2021\5643\20210819_163701.wav,10/24/23 12:05,HMS,Growl,8/19/2021 19:00:32.1,8/19/2021 19:00:36.3,1,NA,NA,NA,NA,NA,NA,NA,NA,2021-08-19,27.79205,-175.819217,Day
G:\2021\5643\20210819_163701.wav,10/24/23 12:05,HMS,Croak,8/19/2021 19:00:36.6,8/19/2021 19:00:36.7,1,NA,NA,NA,NA,NA,NA,NA,NA,2021-08-19,27.79205,-175.819217,Day
G:\2021\5643\20210819_163701.wav,10/24/23 12:05,HMS,Croak,8/19/2021 19:00:38.8,8/19/2021 19:00:39.1,1,NA,NA,NA,NA,NA,NA,NA,NA,2021-08-19,27.79205,-175.819217,Day
G:\2021\5643\20210819_163701.wav,10/24/23 12:05,HMS,Croak,8/19/2021 19:00:40.5,8/19/2021 19:00:40.9,1,NA,NA,NA,NA,NA,NA,NA,NA,2021-08-19,27.79205,-175.819217,Day
G:\2021\5643\20210819_163701.wav,10/24/23 12:06,HMS,Growl,8/19/2021 19:00:41.3,8/19/2021 19:00:44.2,1,NA,NA,NA,NA,NA,NA,NA,NA,2021-08-19,27.79205,-175.819217,Day
G:\2021\5643\20210819_163701.wav,10/24/23 12:06,HMS,Whoop,8/19/2021 19:00:44.9,8/19/2021 19:00:45.1,1,1,NA,NA,NA,NA,NA,NA,NA,2021-08-19,27.79205,-175.819217,Day
G:\2021\5643\20210819_163701.wav,10/24/23 12:06,HMS,Croak,8/19/2021 19:00:47.4,8/19/2021 19:00:47.7,1,NA,NA,NA,NA,NA,NA,NA,NA,2021-08-19,27.79205,-175.819217,Day
G:\2021\5643\20210819_163701.wav,10/24/23 12:06,HMS,Growl,8/19/2021 19:00:48.9,8/19/2021 19:00:52.0,1,NA,NA,NA,NA,NA,NA,NA,NA,2021-08-19,27.79205,-175.819217,Day
G:\2021\5643\20210819_163701.wav,10/24/23 12:06,HMS,Whoop,8/19/2021 19:00:53.8,8/19/2021 19:00:54.5,1,2,NA,NA,NA,NA,NA,NA,NA,2021-08-19,27.79205,-175.819217,Day
G:\2021\5643\20210819_163701.wav,10/24/23 12:06,HMS,Croak,8/19/2021 19:00:55.0,8/19/2021 19:00:55.5,1,NA,NA,NA,NA,NA,NA,NA,NA,2021-08-19,27.79205,-175.819217,Day
G:\2021\5643\20210819_163701.wav,10/24/23 12:06,HMS,Whoop,8/19/2021 19:01:44.1,8/19/2021 19:01:44.5,1,2,NA,NA,NA,NA,NA,NA,NA,2021-08-19,27.79205,-175.819217,Day
G:\2021\5643\20210819_163701.wav,10/24/23 12:07,HMS,MoanGrowl,8/19/2021 19:01:46.3,8/19/2021 19:01:47.7,1,NA,NA,NA,NA,NA,NA,NA,NA,2021-08-19,27.79205,-175.819217,Day
G:\2021\5643\20210819_163701.wav,10/24/23 12:07,HMS,Whoop,8/19/2021 19:01:48.0,8/19/2021 19:01:48.7,1,4,NA,NA,NA,NA,NA,NA,NA,2021-08-19,27.79205,-175.819217,Day
G:\2021\5643\20210819_163701.wav,10/24/23 12:07,HMS,Whoop,8/19/2021 19:01:50.5,8/19/2021 19:01:51.0,1,2,NA,NA,NA,NA,NA,NA,NA,2021-08-19,27.79205,-175.819217,Day
G:\2021\5643\20210819_163701.wav,10/24/23 12:07,HMS,MoanGrowl,8/19/2021 19:01:51.8,8/19/2021 19:01:53.5,1,NA,NA,NA,NA,NA,NA,NA,NA,2021-08-19,27.79205,-175.819217,Day
G:\2021\5643\20210819_193700.wav,10/24/23 12:58,HMS,Croak,8/19/2021 20:00:48.5,8/19/2021 20:00:48.7,1,NA,NA,NA,NA,NA,NA,NA,NA,2021-08-19,27.79205,-175.819217,Day
G:\2021\5643\20210819_193700.wav,10/24/23 12:58,HMS,Growl,8/19/2021 20:00:52.3,8/19/2021 20:00:53.1,1,NA,NA,NA,NA,NA,NA,NA,NA,2021-08-19,27.79205,-175.819217,Day
G:\2021\5643\20210819_193700.wav,10/24/23 12:58,HMS,Growl,8/19/2021 20:01:56.2,8/19/2021 20:02:00.5,1,NA,NA,NA,NA,NA,NA,NA,NA,2021-08-19,27.79205,-175.819217,Day
G:\2021\5643\20210819_193700.wav,10/24/23 12:58,HMS,Croak,8/19/2021 20:02:04.2,8/19/2021 20:02:04.5,1,NA,NA,NA,NA,NA,NA,NA,NA,2021-08-19,27.79205,-175.819217,Day
G:\2021\5643\20210819_193700.wav,10/24/23 12:59,HMS,Croak,8/19/2021 20:02:06.4,8/19/2021 20:02:06.8,1,NA,NA,NA,NA,NA,NA,NA,NA,2021-08-19,27.79205,-175.819217,Day
G:\2021\5643\20210819_193700.wav,10/24/23 12:59,HMS,Growl,8/19/2021 20:02:07.5,8/19/2021 20:02:09.9,1,NA,NA,NA,NA,NA,NA,NA,NA,2021-08-19,27.79205,-175.819217,Day
G:\2021\5643\20210819_193700.wav,10/24/23 12:59,HMS,Growl,8/19/2021 20:02:15.1,8/19/2021 20:02:19.7,1,NA,NA,NA,NA,NA,NA,NA,NA,2021-08-19,27.79205,-175.819217,Day
G:\2021\5643\20210819_193700.wav,10/24/23 12:59,HMS,Growl,8/19/2021 20:02:24.1,8/19/2021 20:02:29.3,1,NA,NA,NA,NA,NA,NA,NA,NA,2021-08-19,27.79205,-175.819217,Day
G:\2021\5643\20210819_193700.wav,10/24/23 12:59,HMS,Growl,8/19/2021 20:04:09.6,8/19/2021 20:04:13.9,1,NA,NA,NA,NA,NA,NA,NA,NA,2021-08-19,27.79205,-175.819217,Day
G:\2021\5643\20210819_193700.wav,10/24/23 13:00,HMS,Growl,8/19/2021 20:04:29.6,8/19/2021 20:04:33.0,1,NA,NA,NA,NA,NA,NA,NA,NA,2021-08-19,27.79205,-175.819217,Day
G:\2021\5643\20210819_193700.wav,10/24/23 13:00,HMS,Growl,8/19/2021 20:04:34.1,8/19/2021 20:04:37.2,1,NA,NA,NA,NA,NA,NA,NA,NA,2021-08-19,27.79205,-175.819217,Day
G:\2021\5643\20210819_193700.wav,10/24/23 13:00,HMS,Whoop,8/19/2021 20:04:45.1,8/19/2021 20:04:45.6,1,2,NA,NA,NA,NA,NA,NA,NA,2021-08-19,27.79205,-175.819217,Day
G:\2021\5643\20210819_193700.wav,10/24/23 13:00,HMS,Growl,8/19/2021 20:04:50.8,8/19/2021 20:04:55.3,1,NA,NA,NA,NA,NA,NA,NA,NA,2021-08-19,27.79205,-175.819217,Day
G:\2021\5643\20210819_193700.wav,10/24/23 13:02,HMS,Growl,8/19/2021 21:00:10.1,8/19/2021 21:00:10.7,2,NA,NA,NA,NA,NA,NA,NA,NA,2021-08-19,27.79205,-175.819217,Night
G:\2021\5643\20210819_193700.wav,10/24/23 13:02,HMS,Croak,8/19/2021 21:02:54.9,8/19/2021 21:02:55.2,1,NA,NA,NA,NA,NA,NA,NA,NA,2021-08-19,27.79205,-175.819217,Night
G:\2021\5643\20210819_193700.wav,10/24/23 13:03,HMS,Growl,8/19/2021 21:04:48.3,8/19/2021 21:04:50.1,1,NA,NA,NA,NA,NA,NA,NA,NA,2021-08-19,27.79205,-175.819217,Night
G:\2021\5643\20210819_193700.wav,10/24/23 13:03,HMS,Growl,8/19/2021 22:00:47.2,8/19/2021 22:00:50.2,1,NA,NA,NA,NA,NA,NA,NA,NA,2021-08-19,27.79205,-175.819217,Night
G:\2021\5643\20210819_193700.wav,10/24/23 13:04,HMS,Growl,8/19/2021 22:03:06.0,8/19/2021 22:03:07.3,1,NA,NA,NA,NA,NA,NA,NA,NA,2021-08-19,27.79205,-175.819217,Night
G:\2021\5643\20210819_193700.wav,10/24/23 13:04,HMS,Growl,8/19/2021 22:03:08.2,8/19/2021 22:03:12.1,1,NA,NA,NA,NA,NA,NA,NA,NA,2021-08-19,27.79205,-175.819217,Night
G:\2021\5643\20210819_193700.wav,10/24/23 13:05,HMS,Growl,8/19/2021 22:03:14.3,8/19/2021 22:03:15.6,1,NA,NA,NA,NA,NA,NA,NA,NA,2021-08-19,27.79205,-175.819217,Night
G:\2021\5643\20210819_223659.wav,10/24/23 13:06,HMS,Growl,8/19/2021 23:01:52.5,8/19/2021 23:01:53.5,1,NA,NA,NA,NA,NA,NA,NA,NA,2021-08-19,27.79205,-175.819217,Night
G:\2021\5643\20210819_223659.wav,10/24/23 13:09,HMS,Croak,8/19/2021 23:02:31.9,8/19/2021 23:02:32.1,1,NA,NA,NA,NA,NA,NA,NA,NA,2021-08-19,27.79205,-175.819217,Night
G:\2021\5643\20210819_223659.wav,10/24/23 13:09,HMS,Croak,8/19/2021 23:02:36.8,8/19/2021 23:02:36.9,1,NA,NA,NA,NA,NA,NA,NA,NA,2021-08-19,27.79205,-175.819217,Night
G:\2021\5643\20210819_223659.wav,10/24/23 13:09,HMS,Croak,8/19/2021 23:02:50.3,8/19/2021 23:02:50.6,1,NA,NA,NA,NA,NA,NA,NA,NA,2021-08-19,27.79205,-175.819217,Night
G:\2021\5643\20210819_223659.wav,10/24/23 13:09,HMS,Croak,8/19/2021 23:04:07.6,8/19/2021 23:04:07.7,1,NA,NA,NA,NA,NA,NA,NA,NA,2021-08-19,27.79205,-175.819217,Night
G:\2021\5643\20210820_223653.wav,10/24/23 13:16,HMS,Growl,8/21/2021 0:01:26.7,8/21/2021 0:01:29.0,1,NA,NA,NA,NA,NA,NA,NA,NA,2021-08-21,27.79205,-175.819217,Night
G:\2021\5643\20210820_223653.wav,10/24/23 13:16,HMS,Growl,8/21/2021 0:02:30.7,8/21/2021 0:02:31.8,1,NA,NA,NA,NA,NA,NA,NA,NA,2021-08-21,27.79205,-175.819217,Night
G:\2021\5643\20210820_223653.wav,10/24/23 13:16,HMS,Growl,8/21/2021 0:02:53.9,8/21/2021 0:02:54.6,1,NA,NA,NA,NA,NA,NA,NA,NA,2021-08-21,27.79205,-175.819217,Night
G:\2021\5643\20210820_223653.wav,10/24/23 13:17,HMS,Croak,8/21/2021 0:04:41.7,8/21/2021 0:04:41.9,1,NA,NA,NA,NA,NA,NA,NA,NA,2021-08-21,27.79205,-175.819217,Night
G:\2021\5643\20210820_223653.wav,10/24/23 13:18,HMS,Croak,8/21/2021 1:00:05.5,8/21/2021 1:00:05.7,1,NA,NA,NA,NA,NA,NA,NA,NA,2021-08-21,27.79205,-175.819217,Night
G:\2021\5643\20210820_223653.wav,10/24/23 13:18,HMS,Growl,8/21/2021 1:00:16.6,8/21/2021 1:00:17.1,1,NA,NA,NA,NA,NA,NA,NA,NA,2021-08-21,27.79205,-175.819217,Night
G:\2021\5643\20210821_013652.wav,10/24/23 13:21,HMS,Croak,8/21/2021 3:00:15.5,8/21/2021 3:00:15.7,1,NA,NA,NA,NA,NA,NA,NA,NA,2021-08-21,27.79205,-175.819217,Night
G:\2021\5643\20210821_013652.wav,10/24/23 13:22,HMS,Croak,8/21/2021 4:00:18.7,8/21/2021 4:00:18.9,1,NA,NA,NA,NA,NA,NA,NA,NA,2021-08-21,27.79205,-175.819217,Night
G:\2021\5643\20210821_013652.wav,10/24/23 13:23,HMS,Growl,8/21/2021 4:04:44.5,8/21/2021 4:04:45.8,1,NA,NA,NA,NA,NA,NA,NA,NA,2021-08-21,27.79205,-175.819217,Night
G:\2021\5643\20210821_043651.wav,10/24/23 13:23,HMS,Growl,8/21/2021 5:01:14.8,8/21/2021 5:01:19.6,3,NA,NA,NA,NA,NA,NA,NA,NA,2021-08-21,27.79205,-175.819217,Night
G:\2021\5643\20210821_043651.wav,10/24/23 13:24,HMS,Croak,8/21/2021 5:01:20.8,8/21/2021 5:01:21.6,3,NA,NA,NA,NA,NA,NA,NA,NA,2021-08-21,27.79205,-175.819217,Night
G:\2021\5643\20210821_043651.wav,10/24/23 13:24,HMS,Croak,8/21/2021 5:01:22.1,8/21/2021 5:01:22.4,3,NA,NA,NA,NA,NA,NA,NA,NA,2021-08-21,27.79205,-175.819217,Night
G:\2021\5643\20210821_043651.wav,10/24/23 13:25,HMS,Growl,8/21/2021 5:01:25.6,8/21/2021 5:01:30.4,3,NA,NA,NA,NA,NA,NA,NA,NA,2021-08-21,27.79205,-175.819217,Night
G:\2021\5643\20210821_043651.wav,10/24/23 13:25,HMS,Whoop,8/21/2021 5:01:30.7,8/21/2021 5:01:31.1,3,2,NA,NA,NA,NA,NA,NA,NA,2021-08-21,27.79205,-175.819217,Night
G:\2021\5643\20210821_043651.wav,10/24/23 13:25,HMS,Whoop,8/21/2021 5:01:34.1,8/21/2021 5:01:35.3,3,4,NA,NA,NA,NA,NA,NA,NA,2021-08-21,27.79205,-175.819217,Night
G:\2021\5643\20210821_043651.wav,10/24/23 13:26,HMS,Croak,8/21/2021 5:01:35.5,8/21/2021 5:01:36.0,3,NA,NA,NA,NA,NA,NA,NA,NA,2021-08-21,27.79205,-175.819217,Night
G:\2021\5643\20210821_043651.wav,10/24/23 13:26,HMS,Growl,8/21/2021 5:01:36.6,8/21/2021 5:01:40.7,3,NA,NA,NA,NA,NA,NA,NA,NA,2021-08-21,27.79205,-175.819217,Night
G:\2021\5643\20210821_043651.wav,10/24/23 13:26,HMS,Croak,8/21/2021 5:01:43.1,8/21/2021 5:01:43.3,3,NA,NA,NA,NA,NA,NA,NA,NA,2021-08-21,27.79205,-175.819217,Night
G:\2021\5643\20210821_043651.wav,10/24/23 13:27,HMS,Whoop,8/21/2021 5:01:43.4,8/21/2021 5:01:44.2,3,2,NA,NA,NA,NA,NA,NA,NA,2021-08-21,27.79205,-175.819217,Night
G:\2021\5643\20210821_043651.wav,10/24/23 13:27,HMS,Moan,8/21/2021 5:01:45.6,8/21/2021 5:01:46.8,3,NA,NA,NA,NA,NA,NA,NA,NA,2021-08-21,27.79205,-175.819217,Night
G:\2021\5643\20210821_043651.wav,10/24/23 13:27,HMS,MoanGrowlRumble,8/21/2021 5:01:47.2,8/21/2021 5:01:51.5,3,NA,NA,NA,NA,NA,NA,NA,NA,2021-08-21,27.79205,-175.819217,Night
G:\2021\5643\20210821_043651.wav,10/24/23 13:27,HMS,Whoop,8/21/2021 5:01:51.6,8/21/2021 5:01:51.9,3,1,NA,NA,NA,NA,NA,NA,NA,2021-08-21,27.79205,-175.819217,Night
G:\2021\5643\20210821_043651.wav,10/24/23 13:28,HMS,Growl,8/21/2021 5:03:01.7,8/21/2021 5:03:06.7,1,NA,NA,NA,NA,NA,NA,NA,NA,2021-08-21,27.79205,-175.819217,Night
G:\2021\5643\20210821_043651.wav,10/24/23 13:28,HMS,Croak,8/21/2021 5:03:07.5,8/21/2021 5:03:07.7,1,NA,NA,NA,NA,NA,NA,NA,NA,2021-08-21,27.79205,-175.819217,Night
G:\2021\5643\20210821_043651.wav,10/24/23 13:28,HMS,Croak,8/21/2021 5:03:10.4,8/21/2021 5:03:10.5,1,NA,NA,NA,NA,NA,NA,NA,NA,2021-08-21,27.79205,-175.819217,Night
G:\2021\5643\20210821_043651.wav,10/24/23 13:28,HMS,Croak,8/21/2021 5:03:12.9,8/21/2021 5:03:13.4,1,NA,NA,NA,NA,NA,NA,NA,NA,2021-08-21,27.79205,-175.819217,Night
G:\2021\5643\20210821_043651.wav,10/24/23 13:28,HMS,Growl,8/21/2021 5:03:13.9,8/21/2021 5:03:16.3,1,NA,NA,NA,NA,NA,NA,NA,NA,2021-08-21,27.79205,-175.819217,Night
G:\2021\5643\20210821_043651.wav,10/24/23 13:28,HMS,Growl,8/21/2021 5:03:24.6,8/21/2021 5:03:25.1,1,NA,NA,NA,NA,NA,NA,NA,NA,2021-08-21,27.79205,-175.819217,Night
G:\2021\5643\20210821_043651.wav,10/24/23 13:28,HMS,Growl,8/21/2021 5:03:25.6,8/21/2021 5:03:29.6,1,NA,NA,NA,NA,NA,NA,NA,NA,2021-08-21,27.79205,-175.819217,Night
G:\2021\5643\20210821_043651.wav,10/24/23 13:28,HMS,Growl,8/21/2021 5:03:30.3,8/21/2021 5:03:34.4,1,NA,NA,NA,NA,NA,NA,NA,NA,2021-08-21,27.79205,-175.819217,Night
G:\2021\5643\20210821_043651.wav,10/24/23 13:28,HMS,Growl,8/21/2021 5:03:41.7,8/21/2021 5:03:45.7,1,NA,NA,NA,NA,NA,NA,NA,NA,2021-08-21,27.79205,-175.819217,Night
G:\2021\5643\20210821_043651.wav,10/24/23 13:29,HMS,Growl,8/21/2021 5:04:02.2,8/21/2021 5:04:05.3,2,NA,NA,NA,NA,NA,NA,NA,NA,2021-08-21,27.79205,-175.819217,Night
G:\2021\5643\20210821_043651.wav,10/24/23 13:29,HMS,Croak,8/21/2021 5:04:05.9,8/21/2021 5:04:06.3,2,NA,NA,NA,NA,NA,NA,NA,NA,2021-08-21,27.79205,-175.819217,Night
G:\2021\5643\20210821_043651.wav,10/24/23 13:29,HMS,Growl,8/21/2021 5:04:07.8,8/21/2021 5:04:11.3,2,NA,NA,NA,NA,NA,NA,NA,NA,2021-08-21,27.79205,-175.819217,Night
G:\2021\5643\20210821_043651.wav,10/24/23 13:29,HMS,Whoop,8/21/2021 5:04:13.6,8/21/2021 5:04:14.5,2,4,NA,NA,NA,NA,NA,NA,NA,2021-08-21,27.79205,-175.819217,Night
G:\2021\5643\20210821_043651.wav,10/24/23 13:29,HMS,Croak,8/21/2021 5:04:14.7,8/21/2021 5:04:15.2,2,NA,NA,NA,NA,NA,NA,NA,NA,2021-08-21,27.79205,-175.819217,Night
G:\2021\5643\20210821_043651.wav,10/24/23 13:29,HMS,Croak,8/21/2021 5:04:15.7,8/21/2021 5:04:15.9,1,NA,NA,NA,NA,NA,NA,NA,NA,2021-08-21,27.79205,-175.819217,Night
G:\2021\5643\20210821_043651.wav,10/24/23 13:29,HMS,Growl,8/21/2021 5:04:16.6,8/21/2021 5:04:19.7,2,NA,NA,NA,NA,NA,NA,NA,NA,2021-08-21,27.79205,-175.819217,Night
G:\2021\5643\20210821_043651.wav,10/24/23 13:30,HMS,Whoop,8/21/2021 5:04:19.9,8/21/2021 5:04:20.3,2,2,NA,NA,NA,NA,NA,NA,NA,2021-08-21,27.79205,-175.819217,Night
G:\2021\5643\20210821_043651.wav,10/24/23 13:30,HMS,Croak,8/21/2021 5:04:23.1,8/21/2021 5:04:23.3,2,NA,NA,NA,NA,NA,NA,NA,NA,2021-08-21,27.79205,-175.819217,Night
G:\2021\5643\20210821_043651.wav,10/24/23 13:30,HMS,Whoop,8/21/2021 5:04:26.8,8/21/2021 5:04:27.6,1,3,NA,NA,NA,NA,NA,NA,NA,2021-08-21,27.79205,-175.819217,Night
G:\2021\5643\20210821_043651.wav,10/24/23 13:30,HMS,Growl,8/21/2021 5:04:27.8,8/21/2021 5:04:28.3,2,NA,NA,NA,NA,NA,NA,NA,NA,2021-08-21,27.79205,-175.819217,Night
G:\2021\5643\20210821_043651.wav,10/24/23 13:30,HMS,Growl,8/21/2021 5:04:29.0,8/21/2021 5:04:33.6,2,NA,NA,NA,NA,NA,NA,NA,NA,2021-08-21,27.79205,-175.819217,Night
G:\2021\5643\20210821_043651.wav,10/24/23 13:30,HMS,Growl,8/21/2021 5:04:34.9,8/21/2021 5:04:38.5,2,NA,NA,NA,NA,NA,NA,NA,NA,2021-08-21,27.79205,-175.819217,Night
G:\2021\5643\20210821_043651.wav,10/24/23 13:30,HMS,Croak,8/21/2021 5:04:42.4,8/21/2021 5:04:42.7,2,NA,NA,NA,NA,NA,NA,NA,NA,2021-08-21,27.79205,-175.819217,Night
G:\2021\5643\20210821_043651.wav,10/24/23 13:31,HMS,Whoop,8/21/2021 5:04:47.1,8/21/2021 5:04:48.0,2,3,NA,NA,NA,NA,NA,NA,NA,2021-08-21,27.79205,-175.819217,Night
G:\2021\5643\20210821_043651.wav,10/24/23 13:31,HMS,Growl,8/21/2021 5:04:48.3,8/21/2021 5:04:48.9,2,NA,NA,NA,NA,NA,NA,NA,NA,2021-08-21,27.79205,-175.819217,Night
G:\2021\5643\20210821_043651.wav,10/24/23 13:31,HMS,Growl,8/21/2021 5:04:49.6,8/21/2021 5:04:54.1,2,NA,NA,NA,NA,NA,NA,NA,NA,2021-08-21,27.79205,-175.819217,Night
G:\2021\5643\20210821_043651.wav,10/24/23 13:31,HMS,Croak,8/21/2021 5:04:58.5,8/21/2021 5:04:58.8,2,NA,NA,NA,NA,NA,NA,NA,NA,2021-08-21,27.79205,-175.819217,Night
G:\2021\5643\20210821_043651.wav,10/24/23 13:33,HMS,Croak,8/21/2021 6:00:42.4,8/21/2021 6:00:42.8,1,NA,NA,NA,NA,NA,NA,NA,NA,2021-08-21,27.79205,-175.819217,Night
G:\2021\5643\20210821_043651.wav,10/24/23 13:33,HMS,Croak,8/21/2021 6:00:49.4,8/21/2021 6:00:49.8,1,NA,NA,NA,NA,NA,NA,NA,NA,2021-08-21,27.79205,-175.819217,Night
G:\2021\5643\20210821_043651.wav,10/24/23 13:33,HMS,Croak,8/21/2021 6:00:50.3,8/21/2021 6:00:50.6,1,NA,NA,NA,NA,NA,NA,NA,NA,2021-08-21,27.79205,-175.819217,Night
G:\2021\5643\20210821_043651.wav,10/24/23 13:33,HMS,Croak,8/21/2021 6:00:50.8,8/21/2021 6:00:51.0,1,NA,NA,NA,NA,NA,NA,NA,NA,2021-08-21,27.79205,-175.819217,Night
G:\2021\5643\20210821_043651.wav,10/24/23 13:33,HMS,Growl,8/21/2021 6:00:51.2,8/21/2021 6:00:53.7,1,NA,NA,NA,NA,NA,NA,NA,NA,2021-08-21,27.79205,-175.819217,Night
G:\2021\5643\20210821_043651.wav,10/24/23 13:35,HMS,Moan,8/21/2021 6:00:56.5,8/21/2021 6:00:57.4,1,NA,NA,NA,NA,NA,NA,NA,NA,2021-08-21,27.79205,-175.819217,Night
G:\2021\5643\20210821_043651.wav,10/24/23 13:35,HMS,Growl,8/21/2021 6:01:00.8,8/21/2021 6:01:05.5,1,NA,NA,NA,NA,NA,NA,NA,NA,2021-08-21,27.79205,-175.819217,Night
G:\2021\5643\20210821_043651.wav,10/24/23 13:37,HMS,Growl,8/21/2021 6:02:21.9,8/21/2021 6:02:27.0,1,NA,NA,NA,NA,NA,NA,NA,NA,2021-08-21,27.79205,-175.819217,Night
G:\2021\5643\20210821_043651.wav,10/24/23 13:38,HMS,Growl,8/21/2021 6:02:28.9,8/21/2021 6:02:30.1,1,NA,NA,NA,NA,NA,NA,NA,NA,2021-08-21,27.79205,-175.819217,Night
G:\2021\5643\20210821_043651.wav,10/24/23 13:38,HMS,Growl,8/21/2021 6:02:36.4,8/21/2021 6:02:40.4,1,NA,NA,NA,NA,NA,NA,NA,NA,2021-08-21,27.79205,-175.819217,Night
G:\2021\5643\20210821_043651.wav,10/24/23 13:38,HMS,Croak,8/21/2021 6:02:41.7,8/21/2021 6:02:42.2,1,NA,NA,NA,NA,NA,NA,NA,NA,2021-08-21,27.79205,-175.819217,Night
G:\2021\5643\20210821_043651.wav,10/24/23 13:38,HMS,Growl,8/21/2021 6:02:42.9,8/21/2021 6:02:46.7,1,NA,NA,NA,NA,NA,NA,NA,NA,2021-08-21,27.79205,-175.819217,Night
G:\2021\5643\20210821_043651.wav,10/24/23 13:38,HMS,Growl,8/21/2021 6:02:49.9,8/21/2021 6:02:53.2,1,NA,NA,NA,NA,NA,NA,NA,NA,2021-08-21,27.79205,-175.819217,Night
G:\2021\5643\20210821_043651.wav,10/24/23 13:39,HMS,Growl,8/21/2021 6:02:53.2,8/21/2021 6:03:06.9,1,NA,NA,NA,NA,NA,weird growl,NA,NA,2021-08-21,27.79205,-175.819217,Night
G:\2021\5643\20210821_043651.wav,10/24/23 13:39,HMS,Growl,8/21/2021 6:03:10.7,8/21/2021 6:03:16.8,1,NA,NA,NA,NA,NA,NA,NA,NA,2021-08-21,27.79205,-175.819217,Night
G:\2021\5643\20210821_043651.wav,10/24/23 13:39,HMS,Growl,8/21/2021 6:03:21.4,8/21/2021 6:03:25.1,1,NA,NA,NA,NA,NA,NA,NA,NA,2021-08-21,27.79205,-175.819217,Night
G:\2021\5643\20210821_043651.wav,10/24/23 13:40,HMS,Whoop,8/21/2021 7:00:11.1,8/21/2021 7:00:11.4,2,2,NA,NA,NA,NA,NA,NA,NA,2021-08-21,27.79205,-175.819217,Night
G:\2021\5643\20210821_043651.wav,10/24/23 13:41,HMS,Whoop,8/21/2021 7:00:11.6,8/21/2021 7:00:12.0,1,2,NA,NA,NA,NA,NA,NA,NA,2021-08-21,27.79205,-175.819217,Night
G:\2021\5643\20210821_043651.wav,10/24/23 13:41,HMS,Growl,8/21/2021 7:00:14.5,8/21/2021 7:00:15.1,1,NA,NA,NA,NA,NA,NA,NA,NA,2021-08-21,27.79205,-175.819217,Night
G:\2021\5643\20210821_043651.wav,10/24/23 13:41,HMS,Whoop,8/21/2021 7:00:15.4,8/21/2021 7:00:16.1,1,4,NA,NA,NA,NA,NA,NA,NA,2021-08-21,27.79205,-175.819217,Night
G:\2021\5643\20210821_043651.wav,10/24/23 13:41,HMS,Growl,8/21/2021 7:00:17.9,8/21/2021 7:00:19.0,1,NA,NA,NA,NA,NA,NA,NA,NA,2021-08-21,27.79205,-175.819217,Night
G:\2021\5643\20210821_043651.wav,10/24/23 13:41,HMS,Croak,8/21/2021 7:00:19.7,8/21/2021 7:00:20.0,1,NA,NA,NA,NA,NA,NA,NA,NA,2021-08-21,27.79205,-175.819217,Night
G:\2021\5643\20210821_043651.wav,10/24/23 13:41,HMS,Whoop,8/21/2021 7:00:20.2,8/21/2021 7:00:20.5,1,2,NA,NA,NA,NA,NA,NA,NA,2021-08-21,27.79205,-175.819217,Night
G:\2021\5643\20210821_043651.wav,10/24/23 13:42,HMS,Whoop,8/21/2021 7:00:22.1,8/21/2021 7:00:22.6,2,4,NA,NA,NA,NA,NA,NA,NA,2021-08-21,27.79205,-175.819217,Night
G:\2021\5643\20210821_043651.wav,10/24/23 13:42,HMS,Whoop,8/21/2021 7:00:23.2,8/21/2021 7:00:23.9,1,4,NA,NA,NA,NA,NA,NA,NA,2021-08-21,27.79205,-175.819217,Night
G:\2021\5643\20210821_043651.wav,10/24/23 13:42,HMS,Whoop,8/21/2021 7:00:24.4,8/21/2021 7:00:25.4,1,7,NA,NA,NA,NA,NA,NA,NA,2021-08-21,27.79205,-175.819217,Night
G:\2021\5643\20210821_043651.wav,10/24/23 13:42,HMS,Whoop,8/21/2021 7:00:26.3,8/21/2021 7:00:27.6,1,7,NA,NA,NA,NA,NA,NA,NA,2021-08-21,27.79205,-175.819217,Night
G:\2021\5643\20210821_043651.wav,10/24/23 13:42,HMS,Growl,8/21/2021 7:00:35.7,8/21/2021 7:00:36.6,1,NA,NA,NA,NA,NA,NA,NA,NA,2021-08-21,27.79205,-175.819217,Night
G:\2021\5643\20210821_043651.wav,10/24/23 13:43,HMS,Whoop,8/21/2021 7:00:39.6,8/21/2021 7:00:39.9,1,3,NA,NA,NA,NA,NA,NA,NA,2021-08-21,27.79205,-175.819217,Night
G:\2021\5643\20210821_043651.wav,10/24/23 13:43,HMS,Whoop,8/21/2021 7:00:41.3,8/21/2021 7:00:41.8,1,3,NA,NA,NA,NA,NA,NA,NA,2021-08-21,27.79205,-175.819217,Night
G:\2021\5643\20210821_043651.wav,10/24/23 13:43,HMS,Whoop,8/21/2021 7:00:42.7,8/21/2021 7:00:43.1,1,3,NA,NA,NA,NA,NA,NA,NA,2021-08-21,27.79205,-175.819217,Night
G:\2021\5643\20210821_043651.wav,10/24/23 13:43,HMS,Growl,8/21/2021 7:00:45.3,8/21/2021 7:00:46.9,1,NA,NA,NA,NA,NA,NA,NA,NA,2021-08-21,27.79205,-175.819217,Night
G:\2021\5643\20210821_043651.wav,10/24/23 13:43,HMS,Whoop,8/21/2021 7:00:46.9,8/21/2021 7:00:47.6,1,4,NA,NA,NA,NA,NA,NA,NA,2021-08-21,27.79205,-175.819217,Night
G:\2021\5643\20210821_043651.wav,10/24/23 13:43,HMS,Whoop,8/21/2021 7:00:50.7,8/21/2021 7:00:51.4,1,4,NA,NA,NA,NA,NA,NA,NA,2021-08-21,27.79205,-175.819217,Night
G:\2021\5643\20210821_043651.wav,10/24/23 13:43,HMS,Whoop,8/21/2021 7:00:55.4,8/21/2021 7:00:56.1,1,3,NA,NA,NA,NA,NA,NA,NA,2021-08-21,27.79205,-175.819217,Night
G:\2021\5643\20210821_043651.wav,10/24/23 13:44,HMS,Growl,8/21/2021 7:02:00.5,8/21/2021 7:02:01.2,2,NA,NA,NA,NA,NA,NA,NA,NA,2021-08-21,27.79205,-175.819217,Night
G:\2021\5643\20210821_043651.wav,10/24/23 13:44,HMS,Croak,8/21/2021 7:02:01.4,8/21/2021 7:02:01.8,2,NA,NA,NA,NA,NA,NA,NA,NA,2021-08-21,27.79205,-175.819217,Night
G:\2021\5643\20210821_043651.wav,10/24/23 13:44,HMS,Growl,8/21/2021 7:02:02.9,8/21/2021 7:02:05.3,2,NA,NA,NA,NA,NA,NA,NA,NA,2021-08-21,27.79205,-175.819217,Night
G:\2021\5643\20210821_043651.wav,10/24/23 13:45,HMS,Croak,8/21/2021 7:02:05.7,8/21/2021 7:02:05.9,2,NA,NA,NA,NA,NA,NA,NA,NA,2021-08-21,27.79205,-175.819217,Night
G:\2021\5643\20210821_043651.wav,10/24/23 13:45,HMS,Croak,8/21/2021 7:02:08.6,8/21/2021 7:02:08.8,2,NA,NA,NA,NA,NA,NA,NA,NA,2021-08-21,27.79205,-175.819217,Night
G:\2021\5643\20210821_043651.wav,10/24/23 13:45,HMS,Growl,8/21/2021 7:02:09.8,8/21/2021 7:02:12.1,2,NA,NA,NA,NA,NA,NA,NA,NA,2021-08-21,27.79205,-175.819217,Night
G:\2021\5643\20210821_043651.wav,10/24/23 13:45,HMS,Whoop,8/21/2021 7:02:15.2,8/21/2021 7:02:15.8,1,2,NA,NA,NA,NA,NA,NA,NA,2021-08-21,27.79205,-175.819217,Night
G:\2021\5643\20210821_043651.wav,10/24/23 13:45,HMS,Moan,8/21/2021 7:02:17.3,8/21/2021 7:02:18.5,2,NA,NA,NA,NA,NA,NA,NA,NA,2021-08-21,27.79205,-175.819217,Night
G:\2021\5643\20210821_043651.wav,10/24/23 13:45,HMS,Moan,8/21/2021 7:02:18.7,8/21/2021 7:02:23.2,2,NA,NA,NA,NA,NA,NA,NA,NA,2021-08-21,27.79205,-175.819217,Night
G:\2021\5643\20210821_043651.wav,10/24/23 13:45,HMS,Whoop,8/21/2021 7:02:23.4,8/21/2021 7:02:24.1,1,3,NA,NA,NA,NA,NA,NA,NA,2021-08-21,27.79205,-175.819217,Night
G:\2021\5643\20210821_043651.wav,10/24/23 13:46,HMS,Growl,8/21/2021 7:02:41.8,8/21/2021 7:02:43.9,1,NA,NA,NA,NA,NA,NA,NA,NA,2021-08-21,27.79205,-175.819217,Night
G:\2021\5643\20210821_043651.wav,10/24/23 13:46,HMS,Croak,8/21/2021 7:02:44.5,8/21/2021 7:02:45.0,1,NA,NA,NA,NA,NA,NA,NA,NA,2021-08-21,27.79205,-175.819217,Night
G:\2021\5643\20210821_043651.wav,10/24/23 13:46,HMS,Growl,8/21/2021 7:02:46.9,8/21/2021 7:02:50.8,1,NA,NA,NA,NA,NA,NA,NA,NA,2021-08-21,27.79205,-175.819217,Night
G:\2021\5643\20210821_043651.wav,10/24/23 13:46,HMS,Growl,8/21/2021 7:02:54.6,8/21/2021 7:02:57.8,1,NA,NA,NA,NA,NA,NA,NA,NA,2021-08-21,27.79205,-175.819217,Night
G:\2021\5643\20210821_043651.wav,10/24/23 13:47,HMS,Growl,8/21/2021 7:03:03.3,8/21/2021 7:03:03.9,1,NA,NA,NA,NA,NA,NA,NA,NA,2021-08-21,27.79205,-175.819217,Night
G:\2021\5643\20210821_043651.wav,10/24/23 13:47,HMS,Growl,8/21/2021 7:03:13.1,8/21/2021 7:03:17.4,1,NA,NA,NA,NA,NA,NA,NA,NA,2021-08-21,27.79205,-175.819217,Night
G:\2021\5643\20210821_043651.wav,10/24/23 13:47,HMS,Growl,8/21/2021 7:03:18.5,8/21/2021 7:03:21.3,1,NA,NA,NA,NA,NA,NA,NA,NA,2021-08-21,27.79205,-175.819217,Night
G:\2021\5643\20210821_043651.wav,10/24/23 13:49,HMS,Croak,8/21/2021 7:04:55.0,8/21/2021 7:04:55.5,1,NA,NA,NA,NA,NA,NA,NA,NA,2021-08-21,27.79205,-175.819217,Night
G:\2021\5643\20210821_043651.wav,10/24/23 13:49,HMS,Whoop,8/21/2021 7:04:55.8,8/21/2021 7:04:56.4,1,3,NA,NA,NA,NA,NA,NA,NA,2021-08-21,27.79205,-175.819217,Night
G:\2021\5643\20210821_043651.wav,10/24/23 13:50,HMS,Croak,8/21/2021 7:04:56.7,8/21/2021 7:04:57.1,1,NA,NA,NA,NA,NA,NA,NA,NA,2021-08-21,27.79205,-175.819217,Night
G:\2021\5643\20210821_043651.wav,10/24/23 13:50,HMS,Growl,8/21/2021 7:04:57.8,8/21/2021 7:04:59.5,1,NA,NA,NA,NA,NA,NA,NA,NA,2021-08-21,27.79205,-175.819217,Night
G:\2021\5643\20210821_073651.wav,10/24/23 13:51,HMS,Whoop,8/21/2021 8:02:12.5,8/21/2021 8:02:13.1,1,3,NA,NA,NA,NA,NA,NA,NA,2021-08-21,27.79205,-175.819217,Day
G:\2021\5643\20210821_073651.wav,10/24/23 13:51,HMS,Growl,8/21/2021 8:02:15.1,8/21/2021 8:02:15.8,1,NA,NA,NA,NA,NA,NA,NA,NA,2021-08-21,27.79205,-175.819217,Day
G:\2021\5643\20210821_073651.wav,10/24/23 13:52,HMS,Whoop,8/21/2021 8:02:15.8,8/21/2021 8:02:16.5,1,4,NA,NA,NA,NA,NA,NA,NA,2021-08-21,27.79205,-175.819217,Day
G:\2021\5643\20210821_073651.wav,10/24/23 13:52,HMS,Growl,8/21/2021 8:02:36.0,8/21/2021 8:02:40.7,1,NA,NA,NA,NA,NA,NA,NA,NA,2021-08-21,27.79205,-175.819217,Day
G:\2021\5643\20210821_073651.wav,10/24/23 13:52,HMS,Growl,8/21/2021 8:02:42.0,8/21/2021 8:02:46.3,1,NA,NA,NA,NA,NA,NA,NA,NA,2021-08-21,27.79205,-175.819217,Day
G:\2021\5643\20210821_073651.wav,10/24/23 13:52,HMS,Growl,8/21/2021 8:04:29.9,8/21/2021 8:04:32.2,1,NA,NA,NA,NA,NA,NA,NA,NA,2021-08-21,27.79205,-175.819217,Day
G:\2021\5643\20210821_073651.wav,10/24/23 13:53,HMS,Growl,8/21/2021 8:04:33.2,8/21/2021 8:04:36.2,1,NA,NA,NA,NA,NA,NA,NA,NA,2021-08-21,27.79205,-175.819217,Day
G:\2021\5643\20210821_073651.wav,10/24/23 13:53,HMS,Growl,8/21/2021 8:04:45.5,8/21/2021 8:04:47.9,1,NA,NA,NA,NA,NA,NA,NA,NA,2021-08-21,27.79205,-175.819217,Day
G:\2021\5643\20210821_073651.wav,10/24/23 13:53,HMS,Growl,8/21/2021 8:04:48.9,8/21/2021 8:04:53.9,1,NA,NA,NA,NA,NA,NA,NA,NA,2021-08-21,27.79205,-175.819217,Day
G:\2021\5643\20210821_073651.wav,10/24/23 13:53,HMS,Whoop,8/21/2021 9:00:00.3,8/21/2021 9:00:01.2,2,4,NA,NA,NA,NA,NA,NA,NA,2021-08-21,27.79205,-175.819217,Day
G:\2021\5643\20210821_073651.wav,10/24/23 13:54,HMS,Croak,8/21/2021 9:00:07.2,8/21/2021 9:00:07.5,1,NA,NA,NA,NA,NA,NA,NA,NA,2021-08-21,27.79205,-175.819217,Day
G:\2021\5643\20210821_073651.wav,10/24/23 13:54,HMS,Growl,8/21/2021 9:02:04.5,8/21/2021 9:02:10.2,2,NA,NA,NA,NA,NA,NA,NA,NA,2021-08-21,27.79205,-175.819217,Day
G:\2021\5643\20210821_073651.wav,10/24/23 13:54,HMS,Growl,8/21/2021 9:02:10.4,8/21/2021 9:02:14.8,2,NA,NA,NA,NA,NA,NA,NA,NA,2021-08-21,27.79205,-175.819217,Day
G:\2021\5643\20210821_073651.wav,10/24/23 13:54,HMS,Croak,8/21/2021 9:02:15.8,8/21/2021 9:02:16.0,2,NA,NA,NA,NA,NA,NA,NA,NA,2021-08-21,27.79205,-175.819217,Day
G:\2021\5643\20210821_073651.wav,10/24/23 13:54,HMS,Growl,8/21/2021 9:02:20.6,8/21/2021 9:02:21.7,2,NA,NA,NA,NA,NA,NA,NA,NA,2021-08-21,27.79205,-175.819217,Day
G:\2021\5643\20210821_073651.wav,10/24/23 13:54,HMS,Croak,8/21/2021 9:02:23.4,8/21/2021 9:02:23.6,1,NA,NA,NA,NA,NA,NA,NA,NA,2021-08-21,27.79205,-175.819217,Day
G:\2021\5643\20210821_073651.wav,10/24/23 13:55,HMS,Growl,8/21/2021 9:02:32.9,8/21/2021 9:02:33.8,2,NA,NA,NA,NA,NA,NA,NA,NA,2021-08-21,27.79205,-175.819217,Day
G:\2021\5643\20210821_073651.wav,10/24/23 13:55,HMS,Croak,8/21/2021 9:02:34.2,8/21/2021 9:02:34.6,2,NA,NA,NA,NA,NA,NA,NA,NA,2021-08-21,27.79205,-175.819217,Day
G:\2021\5643\20210821_073651.wav,10/24/23 13:55,HMS,Growl,8/21/2021 9:02:36.5,8/21/2021 9:02:39.9,2,NA,NA,NA,NA,NA,NA,NA,NA,2021-08-21,27.79205,-175.819217,Day
G:\2021\5643\20210821_073651.wav,10/24/23 13:55,HMS,Croak,8/21/2021 9:02:42.5,8/21/2021 9:02:42.6,2,NA,NA,NA,NA,NA,NA,NA,NA,2021-08-21,27.79205,-175.819217,Day
G:\2021\5643\20210821_073651.wav,10/24/23 13:55,HMS,Growl,8/21/2021 9:02:54.1,8/21/2021 9:02:58.8,1,NA,NA,NA,NA,NA,2 seals present,NA,NA,2021-08-21,27.79205,-175.819217,Day
G:\2021\5643\20210821_073651.wav,10/24/23 13:56,HMS,Croak,8/21/2021 9:03:00.8,8/21/2021 9:03:01.2,1,NA,NA,NA,NA,NA,NA,NA,NA,2021-08-21,27.79205,-175.819217,Day
G:\2021\5643\20210821_073651.wav,10/24/23 13:56,HMS,Growl,8/21/2021 9:03:01.8,8/21/2021 9:03:05.0,1,NA,NA,NA,NA,NA,NA,NA,NA,2021-08-21,27.79205,-175.819217,Day
G:\2021\5643\20210821_073651.wav,10/24/23 13:56,HMS,Growl,8/21/2021 9:04:16.6,8/21/2021 9:04:24.3,2,NA,NA,NA,NA,NA,NA,NA,NA,2021-08-21,27.79205,-175.819217,Day
G:\2021\5643\20210821_073651.wav,10/24/23 13:56,HMS,Croak,8/21/2021 9:04:24.6,8/21/2021 9:04:24.9,2,NA,NA,NA,NA,NA,NA,NA,NA,2021-08-21,27.79205,-175.819217,Day
G:\2021\5643\20210821_073651.wav,10/24/23 13:56,HMS,Croak,8/21/2021 9:04:27.0,8/21/2021 9:04:27.3,2,NA,NA,NA,NA,NA,NA,NA,NA,2021-08-21,27.79205,-175.819217,Day
G:\2021\5643\20210821_073651.wav,10/24/23 13:57,HMS,Croak,8/21/2021 9:04:29.9,8/21/2021 9:04:30.4,2,NA,NA,NA,NA,NA,NA,NA,NA,2021-08-21,27.79205,-175.819217,Day
G:\2021\5643\20210821_073651.wav,10/24/23 13:57,HMS,Growl,8/21/2021 9:04:31.0,8/21/2021 9:04:33.7,2,NA,NA,NA,NA,NA,NA,NA,NA,2021-08-21,27.79205,-175.819217,Day
G:\2021\5643\20210821_073651.wav,10/24/23 13:57,HMS,Whoop,8/21/2021 9:04:34.4,8/21/2021 9:04:35.0,2,3,NA,NA,NA,NA,NA,NA,NA,2021-08-21,27.79205,-175.819217,Day
G:\2021\5643\20210821_073651.wav,10/24/23 13:57,HMS,Moan,8/21/2021 9:04:39.5,8/21/2021 9:04:39.9,2,NA,NA,NA,NA,NA,NA,NA,NA,2021-08-21,27.79205,-175.819217,Day
G:\2021\5643\20210821_073651.wav,10/24/23 13:58,HMS,Growl,8/21/2021 9:04:40.1,8/21/2021 9:04:43.1,2,NA,NA,NA,NA,NA,weird growl,NA,NA,2021-08-21,27.79205,-175.819217,Day
G:\2021\5643\20210821_073651.wav,10/24/23 13:58,HMS,Whoop,8/21/2021 9:04:44.5,8/21/2021 9:04:45.0,2,2,NA,NA,NA,NA,NA,NA,NA,2021-08-21,27.79205,-175.819217,Day
G:\2021\5643\20210821_073651.wav,10/24/23 13:58,HMS,Croak,8/21/2021 9:04:49.9,8/21/2021 9:04:50.2,2,NA,NA,NA,NA,NA,NA,NA,NA,2021-08-21,27.79205,-175.819217,Day
G:\2021\5643\20210821_073651.wav,10/24/23 14:06,HMS,Growl,8/21/2021 10:04:07.8,8/21/2021 10:04:08.4,1,NA,NA,NA,NA,NA,following boat noise,NA,NA,2021-08-21,27.79205,-175.819217,Day
G:\2021\5643\20210821_073651.wav,10/24/23 14:06,HMS,Growl,8/21/2021 10:04:08.8,8/21/2021 10:04:09.2,1,NA,NA,NA,NA,NA,NA,NA,NA,2021-08-21,27.79205,-175.819217,Day
G:\2021\5643\20210821_073651.wav,10/24/23 14:06,HMS,Growl,8/21/2021 10:04:10.7,8/21/2021 10:04:13.5,1,NA,NA,NA,NA,NA,NA,NA,NA,2021-08-21,27.79205,-175.819217,Day
G:\2021\5643\20210821_073651.wav,10/24/23 14:06,HMS,Growl,8/21/2021 10:04:19.7,8/21/2021 10:04:24.5,1,NA,NA,NA,NA,NA,NA,NA,NA,2021-08-21,27.79205,-175.819217,Day
G:\2021\5643\20210821_073651.wav,10/24/23 14:06,HMS,Growl,8/21/2021 10:04:32.1,8/21/2021 10:04:36.2,1,NA,NA,NA,NA,NA,NA,NA,NA,2021-08-21,27.79205,-175.819217,Day
G:\2021\5643\20210821_103650.wav,10/24/23 14:08,HMS,Croak,8/21/2021 11:00:03.7,8/21/2021 11:00:04.0,2,NA,NA,NA,NA,NA,NA,NA,NA,2021-08-21,27.79205,-175.819217,Day
G:\2021\5643\20210821_103650.wav,10/24/23 14:08,HMS,Growl,8/21/2021 11:00:07.5,8/21/2021 11:00:08.6,2,NA,NA,NA,NA,NA,NA,NA,NA,2021-08-21,27.79205,-175.819217,Day
G:\2021\5643\20210821_103650.wav,10/24/23 14:08,HMS,Croak,8/21/2021 11:00:10.3,8/21/2021 11:00:10.6,2,NA,NA,NA,NA,NA,NA,NA,NA,2021-08-21,27.79205,-175.819217,Day
G:\2021\5643\20210821_103650.wav,10/24/23 14:09,HMS,Growl,8/21/2021 11:00:11.1,8/21/2021 11:00:14.0,2,NA,NA,NA,NA,NA,NA,NA,NA,2021-08-21,27.79205,-175.819217,Day
G:\2021\5643\20210821_103650.wav,10/24/23 14:09,HMS,Whoop,8/21/2021 11:00:15.3,8/21/2021 11:00:15.8,2,2,NA,NA,NA,NA,NA,NA,NA,2021-08-21,27.79205,-175.819217,Day
G:\2021\5643\20210821_103650.wav,10/24/23 14:09,HMS,Moan,8/21/2021 11:00:21.0,8/21/2021 11:00:21.6,2,NA,NA,NA,NA,NA,NA,NA,NA,2021-08-21,27.79205,-175.819217,Day
G:\2021\5643\20210821_103650.wav,10/24/23 14:09,HMS,Growl,8/21/2021 11:00:21.6,8/21/2021 11:00:23.7,2,NA,NA,NA,NA,NA,NA,NA,NA,2021-08-21,27.79205,-175.819217,Day
G:\2021\5643\20210821_103650.wav,10/24/23 14:10,HMS,Whoop,8/21/2021 11:00:24.1,8/21/2021 11:00:24.2,2,1,NA,NA,NA,NA,NA,NA,NA,2021-08-21,27.79205,-175.819217,Day
G:\2021\5643\20210821_103650.wav,10/24/23 14:11,HMS,Growl,8/21/2021 11:03:39.7,8/21/2021 11:03:46.2,3,NA,NA,NA,NA,NA,NA,NA,NA,2021-08-21,27.79205,-175.819217,Day
G:\2021\5643\20210821_103650.wav,10/24/23 14:11,HMS,Croak,8/21/2021 11:03:47.0,8/21/2021 11:03:47.2,3,NA,NA,NA,NA,NA,NA,NA,NA,2021-08-21,27.79205,-175.819217,Day
G:\2021\5643\20210821_103650.wav,10/24/23 14:11,HMS,Croak,8/21/2021 11:03:50.1,8/21/2021 11:03:50.3,3,NA,NA,NA,NA,NA,NA,NA,NA,2021-08-21,27.79205,-175.819217,Day
G:\2021\5643\20210821_103650.wav,10/24/23 14:11,HMS,Growl,8/21/2021 11:03:47.9,8/21/2021 11:03:52.1,1,NA,NA,NA,NA,NA,2 seals present,NA,NA,2021-08-21,27.79205,-175.819217,Day
G:\2021\5643\20210821_103650.wav,10/24/23 14:11,HMS,Croak,8/21/2021 11:03:53.9,8/21/2021 11:03:54.2,3,NA,NA,NA,NA,NA,NA,NA,NA,2021-08-21,27.79205,-175.819217,Day
G:\2021\5643\20210821_103650.wav,10/24/23 14:11,HMS,Growl,8/21/2021 11:03:54.8,8/21/2021 11:03:58.0,3,NA,NA,NA,NA,NA,NA,NA,NA,2021-08-21,27.79205,-175.819217,Day
G:\2021\5643\20210821_103650.wav,10/24/23 14:12,HMS,Growl,8/21/2021 11:03:59.8,8/21/2021 11:04:03.7,1,NA,NA,NA,NA,NA,NA,NA,NA,2021-08-21,27.79205,-175.819217,Day
G:\2021\5643\20210821_103650.wav,10/24/23 14:12,HMS,Croak,8/21/2021 11:04:03.8,8/21/2021 11:04:04.0,2,NA,NA,NA,NA,NA,NA,NA,NA,2021-08-21,27.79205,-175.819217,Day
G:\2021\5643\20210821_103650.wav,10/24/23 14:12,HMS,Growl,8/21/2021 11:04:12.5,8/21/2021 11:04:16.2,2,NA,NA,NA,NA,NA,NA,NA,NA,2021-08-21,27.79205,-175.819217,Day
G:\2021\5643\20210821_103650.wav,10/24/23 14:15,HMS,Whoop,8/21/2021 11:04:16.5,8/21/2021 11:04:17.3,2,3,NA,NA,NA,NA,NA,NA,NA,2021-08-21,27.79205,-175.819217,Day
G:\2021\5643\20210821_103650.wav,10/24/23 14:33,HMS,Croak,8/21/2021 12:04:40.0,8/21/2021 12:04:40.2,1,NA,NA,NA,NA,NA,NA,NA,NA,2021-08-21,27.79205,-175.819217,Day
G:\2021\5643\20210821_103650.wav,10/24/23 14:33,HMS,Croak,8/21/2021 12:04:41.0,8/21/2021 12:04:41.2,1,NA,NA,NA,NA,NA,author end,NA,NA,2021-08-21,27.79205,-175.819217,Day
G:\2021\5643\20210821_133649.wav,10/26/23 9:14,HMS,Growl,8/21/2021 14:01:40.9,8/21/2021 14:01:49.3,3,NA,NA,NA,NA,NA,author starting (no calls found at hour 13:00),NA,NA,2021-08-21,27.79205,-175.819217,Day
G:\2021\5643\20210821_133649.wav,10/26/23 9:14,HMS,Croak,8/21/2021 14:01:49.8,8/21/2021 14:01:50.1,3,NA,NA,NA,NA,NA,NA,NA,NA,2021-08-21,27.79205,-175.819217,Day
G:\2021\5643\20210821_133649.wav,10/26/23 9:14,HMS,Croak,8/21/2021 14:01:52.3,8/21/2021 14:01:52.5,3,NA,NA,NA,NA,NA,NA,NA,NA,2021-08-21,27.79205,-175.819217,Day
G:\2021\5643\20210821_133649.wav,10/26/23 9:14,HMS,Growl,8/21/2021 14:01:53.9,8/21/2021 14:01:56.9,3,NA,NA,NA,NA,NA,NA,NA,NA,2021-08-21,27.79205,-175.819217,Day
G:\2021\5643\20210821_133649.wav,10/26/23 9:14,HMS,Whoop,8/21/2021 14:01:58.1,8/21/2021 14:01:58.3,2,1,NA,NA,NA,NA,NA,NA,NA,2021-08-21,27.79205,-175.819217,Day
G:\2021\5643\20210821_133649.wav,10/26/23 9:16,HMS,Croak,8/21/2021 14:02:02.0,8/21/2021 14:02:02.4,2,NA,NA,NA,NA,NA,NA,NA,NA,2021-08-21,27.79205,-175.819217,Day
G:\2021\5643\20210821_133649.wav,10/26/23 9:16,HMS,Growl,8/21/2021 14:02:08.0,8/21/2021 14:02:12.5,2,NA,NA,NA,NA,NA,NA,NA,NA,2021-08-21,27.79205,-175.819217,Day
G:\2021\5643\20210821_133649.wav,10/26/23 9:16,HMS,Whoop,8/21/2021 14:02:12.9,8/21/2021 14:02:13.1,2,1,NA,NA,NA,NA,NA,NA,NA,2021-08-21,27.79205,-175.819217,Day
G:\2021\5643\20210821_133649.wav,10/26/23 9:18,HMS,Growl,8/21/2021 14:03:51.5,8/21/2021 14:03:58.7,3,NA,NA,NA,NA,NA,NA,NA,NA,2021-08-21,27.79205,-175.819217,Day
G:\2021\5643\20210821_133649.wav,10/26/23 9:18,HMS,Croak,8/21/2021 14:03:59.2,8/21/2021 14:03:59.5,3,NA,NA,NA,NA,NA,NA,NA,NA,2021-08-21,27.79205,-175.819217,Day
G:\2021\5643\20210821_133649.wav,10/26/23 9:19,HMS,Whoop,8/21/2021 14:04:00.7,8/21/2021 14:04:01.2,2,3,NA,NA,NA,NA,NA,NA,NA,2021-08-21,27.79205,-175.819217,Day
G:\2021\5643\20210821_133649.wav,10/26/23 9:19,HMS,Croak,8/21/2021 14:04:01.6,8/21/2021 14:04:02.0,2,NA,NA,NA,NA,NA,NA,NA,NA,2021-08-21,27.79205,-175.819217,Day
G:\2021\5643\20210821_133649.wav,10/26/23 9:20,HMS,Growl,8/21/2021 14:04:02.5,8/21/2021 14:04:05.9,2,NA,NA,NA,NA,NA,NA,NA,NA,2021-08-21,27.79205,-175.819217,Day
G:\2021\5643\20210821_133649.wav,10/26/23 9:20,HMS,Croak,8/21/2021 14:04:09.2,8/21/2021 14:04:09.4,2,NA,NA,NA,NA,NA,NA,NA,NA,2021-08-21,27.79205,-175.819217,Day
G:\2021\5643\20210821_133649.wav,10/26/23 9:20,HMS,Whoop,8/21/2021 14:04:09.9,8/21/2021 14:04:10.3,2,2,NA,NA,NA,NA,NA,NA,NA,2021-08-21,27.79205,-175.819217,Day
G:\2021\5643\20210821_133649.wav,10/26/23 9:20,HMS,Croak,8/21/2021 14:04:13.5,8/21/2021 14:04:13.8,2,NA,NA,NA,NA,NA,NA,NA,NA,2021-08-21,27.79205,-175.819217,Day
G:\2021\5643\20210821_133649.wav,10/26/23 9:20,HMS,Growl,8/21/2021 14:04:19.3,8/21/2021 14:04:23.9,2,NA,NA,NA,NA,NA,NA,NA,NA,2021-08-21,27.79205,-175.819217,Day
G:\2021\5643\20210821_133649.wav,10/26/23 9:21,HMS,Croak,8/21/2021 14:04:25.9,8/21/2021 14:04:26.2,2,NA,NA,NA,NA,NA,NA,NA,NA,2021-08-21,27.79205,-175.819217,Day
G:\2021\5643\20210821_133649.wav,10/26/23 9:22,HMS,Growl,8/21/2021 15:00:11.1,8/21/2021 15:00:19.0,2,NA,NA,NA,NA,NA,NA,NA,NA,2021-08-21,27.79205,-175.819217,Day
G:\2021\5643\20210821_133649.wav,10/26/23 9:22,HMS,Croak,8/21/2021 15:00:19.4,8/21/2021 15:00:19.7,2,NA,NA,NA,NA,NA,NA,NA,NA,2021-08-21,27.79205,-175.819217,Day
G:\2021\5643\20210821_133649.wav,10/26/23 9:22,HMS,Croak,8/21/2021 15:00:21.3,8/21/2021 15:00:21.6,2,NA,NA,NA,NA,NA,NA,NA,NA,2021-08-21,27.79205,-175.819217,Day
G:\2021\5643\20210821_133649.wav,10/26/23 9:22,HMS,Growl,8/21/2021 15:00:23.3,8/21/2021 15:00:26.6,2,NA,NA,NA,NA,NA,NA,NA,NA,2021-08-21,27.79205,-175.819217,Day
G:\2021\5643\20210821_133649.wav,10/26/23 9:23,HMS,Whoop,8/21/2021 15:00:26.8,8/21/2021 15:00:27.2,1,2,NA,NA,NA,NA,NA,NA,NA,2021-08-21,27.79205,-175.819217,Day
G:\2021\5643\20210821_133649.wav,10/26/23 9:23,HMS,Croak,8/21/2021 15:00:29.4,8/21/2021 15:00:29.6,2,NA,NA,NA,NA,NA,NA,NA,NA,2021-08-21,27.79205,-175.819217,Day
G:\2021\5643\20210821_133649.wav,10/26/23 9:24,HMS,Growl,8/21/2021 15:00:30.9,8/21/2021 15:00:33.7,1,NA,NA,NA,NA,NA,NA,NA,NA,2021-08-21,27.79205,-175.819217,Day
G:\2021\5643\20210821_133649.wav,10/26/23 9:25,HMS,Whoop,8/21/2021 15:00:35.6,8/21/2021 15:00:36.1,1,2,NA,NA,NA,NA,NA,NA,NA,2021-08-21,27.79205,-175.819217,Day
G:\2021\5643\20210821_133649.wav,10/26/23 9:25,HMS,Croak,8/21/2021 15:00:37.0,8/21/2021 15:00:37.3,1,NA,NA,NA,NA,NA,NA,NA,NA,2021-08-21,27.79205,-175.819217,Day
G:\2021\5643\20210821_133649.wav,10/26/23 9:25,HMS,Growl,8/21/2021 15:00:39.7,8/21/2021 15:00:44.1,1,NA,NA,NA,NA,NA,NA,NA,NA,2021-08-21,27.79205,-175.819217,Day
G:\2021\5643\20210821_133649.wav,10/26/23 9:27,HMS,MoanGrowl,8/21/2021 15:00:51.6,8/21/2021 15:00:54.9,1,NA,NA,NA,NA,NA,NA,NA,NA,2021-08-21,27.79205,-175.819217,Day
G:\2021\5643\20210821_133649.wav,10/26/23 9:28,HMS,Moan,8/21/2021 15:01:00.7,8/21/2021 15:01:01.7,1,NA,NA,NA,NA,NA,NA,NA,NA,2021-08-21,27.79205,-175.819217,Day
G:\2021\5643\20210821_133649.wav,10/26/23 9:28,HMS,MoanGrowl,8/21/2021 15:01:02.2,8/21/2021 15:01:08.4,1,NA,NA,NA,NA,NA,NA,NA,NA,2021-08-21,27.79205,-175.819217,Day
G:\2021\5643\20210821_133649.wav,10/26/23 9:29,HMS,Croak,8/21/2021 15:01:19.7,8/21/2021 15:01:20.1,1,NA,NA,NA,NA,NA,NA,NA,NA,2021-08-21,27.79205,-175.819217,Day
G:\2021\5643\20210821_133649.wav,10/26/23 9:30,HMS,Growl,8/21/2021 15:01:49.8,8/21/2021 15:01:58.2,2,NA,NA,NA,NA,NA,NA,NA,NA,2021-08-21,27.79205,-175.819217,Day
G:\2021\5643\20210821_133649.wav,10/26/23 9:30,HMS,Croak,8/21/2021 15:01:58.7,8/21/2021 15:01:58.9,2,NA,NA,NA,NA,NA,NA,NA,NA,2021-08-21,27.79205,-175.819217,Day
G:\2021\5643\20210821_133649.wav,10/26/23 9:31,HMS,Whoop,8/21/2021 15:02:00.4,8/21/2021 15:02:00.8,2,2,NA,NA,NA,NA,NA,NA,NA,2021-08-21,27.79205,-175.819217,Day
G:\2021\5643\20210821_133649.wav,10/26/23 9:31,HMS,Croak,8/21/2021 15:02:01.4,8/21/2021 15:02:01.8,2,NA,NA,NA,NA,NA,NA,NA,NA,2021-08-21,27.79205,-175.819217,Day
G:\2021\5643\20210821_133649.wav,10/26/23 9:31,HMS,Growl,8/21/2021 15:02:02.4,8/21/2021 15:02:05.6,2,NA,NA,NA,NA,NA,NA,NA,NA,2021-08-21,27.79205,-175.819217,Day
G:\2021\5643\20210821_133649.wav,10/26/23 9:32,HMS,Croak,8/21/2021 15:02:08.4,8/21/2021 15:02:08.6,2,NA,NA,NA,NA,NA,NA,NA,NA,2021-08-21,27.79205,-175.819217,Day
G:\2021\5643\20210821_133649.wav,10/26/23 9:32,HMS,Croak,8/21/2021 15:02:13.9,8/21/2021 15:02:14.3,2,NA,NA,NA,NA,NA,NA,NA,NA,2021-08-21,27.79205,-175.819217,Day
G:\2021\5643\20210821_133649.wav,10/26/23 9:32,HMS,Whoop,8/21/2021 15:02:15.3,8/21/2021 15:02:15.8,1,2,NA,NA,NA,NA,NA,NA,NA,2021-08-21,27.79205,-175.819217,Day
G:\2021\5643\20210821_133649.wav,10/26/23 9:32,HMS,Moan,8/21/2021 15:02:20.7,8/21/2021 15:02:21.3,1,NA,NA,NA,NA,NA,NA,NA,NA,2021-08-21,27.79205,-175.819217,Day
G:\2021\5643\20210821_133649.wav,10/26/23 9:33,HMS,Growl,8/21/2021 15:03:06.5,8/21/2021 15:03:11.6,1,NA,NA,NA,NA,NA,NA,NA,NA,2021-08-21,27.79205,-175.819217,Day
G:\2021\5643\20210821_133649.wav,10/26/23 9:33,HMS,Croak,8/21/2021 15:03:12.5,8/21/2021 15:03:12.8,1,NA,NA,NA,NA,NA,NA,NA,NA,2021-08-21,27.79205,-175.819217,Day
G:\2021\5643\20210821_133649.wav,10/26/23 9:34,HMS,Croak,8/21/2021 15:03:16.3,8/21/2021 15:03:16.5,1,NA,NA,NA,NA,NA,NA,NA,NA,2021-08-21,27.79205,-175.819217,Day
G:\2021\5643\20210821_133649.wav,10/26/23 9:34,HMS,Growl,8/21/2021 15:03:18.0,8/21/2021 15:03:20.3,1,NA,NA,NA,NA,NA,NA,NA,NA,2021-08-21,27.79205,-175.819217,Day
G:\2021\5643\20210821_133649.wav,10/26/23 9:34,HMS,Croak,8/21/2021 15:03:23.0,8/21/2021 15:03:23.3,1,NA,NA,NA,NA,NA,NA,NA,NA,2021-08-21,27.79205,-175.819217,Day
G:\2021\5643\20210821_133649.wav,10/26/23 9:34,HMS,Croak,8/21/2021 15:03:29.1,8/21/2021 15:03:29.3,1,NA,NA,NA,NA,NA,NA,NA,NA,2021-08-21,27.79205,-175.819217,Day
G:\2021\5643\20210821_133649.wav,10/26/23 9:36,HMS,Growl,8/21/2021 15:03:30.2,8/21/2021 15:03:34.4,1,NA,NA,NA,NA,NA,NA,NA,NA,2021-08-21,27.79205,-175.819217,Day
G:\2021\5643\20210821_133649.wav,10/26/23 9:36,HMS,Growl,8/21/2021 15:03:36.1,8/21/2021 15:03:39.2,1,NA,NA,NA,NA,NA,NA,NA,NA,2021-08-21,27.79205,-175.819217,Day
G:\2021\5643\20210821_133649.wav,10/26/23 9:36,HMS,Growl,8/21/2021 15:03:46.5,8/21/2021 15:03:49.0,1,NA,NA,NA,NA,NA,NA,NA,NA,2021-08-21,27.79205,-175.819217,Day
G:\2021\5643\20210821_133649.wav,10/26/23 9:36,HMS,Croak,8/21/2021 15:03:50.0,8/21/2021 15:03:50.4,1,NA,NA,NA,NA,NA,NA,NA,NA,2021-08-21,27.79205,-175.819217,Day
G:\2021\5643\20210821_133649.wav,10/26/23 9:36,HMS,Growl,8/21/2021 15:03:55.3,8/21/2021 15:03:58.7,2,NA,NA,NA,NA,NA,NA,NA,NA,2021-08-21,27.79205,-175.819217,Day
G:\2021\5643\20210821_133649.wav,10/26/23 9:36,HMS,Croak,8/21/2021 15:03:59.6,8/21/2021 15:04:00.1,2,NA,NA,NA,NA,NA,NA,NA,NA,2021-08-21,27.79205,-175.819217,Day
G:\2021\5643\20210821_133649.wav,10/26/23 9:37,HMS,Growl,8/21/2021 15:04:03.0,8/21/2021 15:04:07.0,2,NA,NA,NA,NA,NA,NA,NA,NA,2021-08-21,27.79205,-175.819217,Day
G:\2021\5643\20210821_133649.wav,10/26/23 9:37,HMS,Whoop,8/21/2021 15:04:07.4,8/21/2021 15:04:07.5,1,1,NA,NA,NA,NA,NA,NA,NA,2021-08-21,27.79205,-175.819217,Day
G:\2021\5643\20210821_133649.wav,10/26/23 9:38,HMS,Whoop,8/21/2021 15:04:08.8,8/21/2021 15:04:09.8,2,4,NA,NA,NA,NA,interesting high pitched whoop at the end,NA,NA,2021-08-21,27.79205,-175.819217,Day
G:\2021\5643\20210821_133649.wav,10/26/23 9:38,HMS,Croak,8/21/2021 15:04:15.1,8/21/2021 15:04:15.4,2,NA,NA,NA,NA,NA,NA,NA,NA,2021-08-21,27.79205,-175.819217,Day
G:\2021\5643\20210821_133649.wav,10/26/23 9:38,HMS,Croak,8/21/2021 15:04:16.0,8/21/2021 15:04:16.3,2,NA,NA,NA,NA,NA,NA,NA,NA,2021-08-21,27.79205,-175.819217,Day
G:\2021\5643\20210821_133649.wav,10/26/23 9:38,HMS,Growl,8/21/2021 15:04:18.6,8/21/2021 15:04:22.0,2,NA,NA,NA,NA,NA,NA,NA,NA,2021-08-21,27.79205,-175.819217,Day
G:\2021\5643\20210821_133649.wav,10/26/23 9:39,HMS,Whoop,8/21/2021 15:04:22.4,8/21/2021 15:04:22.9,2,2,NA,NA,NA,NA,NA,NA,NA,2021-08-21,27.79205,-175.819217,Day
G:\2021\5643\20210821_133649.wav,10/26/23 9:41,Anthro,Ship/Small Boat,8/21/2021 15:55:44.6,8/21/2021 16:02:48.8,NA,NA,NA,NA,NA,NA,NA,NA,NA,2021-08-21,27.79205,-175.819217,Day
G:\2021\5643\20210821_133649.wav,10/26/23 9:43,HMS,Growl,8/21/2021 16:01:14.0,8/21/2021 16:01:17.4,1,NA,NA,NA,NA,NA,very masked by boat,NA,NA,2021-08-21,27.79205,-175.819217,Day
G:\2021\5643\20210821_133649.wav,10/26/23 9:44,HMS,Croak,8/21/2021 16:01:18.0,8/21/2021 16:01:18.3,1,NA,NA,NA,NA,NA,very masked by boat,NA,NA,2021-08-21,27.79205,-175.819217,Day
G:\2021\5643\20210821_133649.wav,10/26/23 9:44,HMS,Croak,8/21/2021 16:01:20.5,8/21/2021 16:01:20.9,1,NA,NA,NA,NA,NA,very masked by boat,NA,NA,2021-08-21,27.79205,-175.819217,Day
G:\2021\5643\20210821_133649.wav,10/26/23 9:44,HMS,Growl,8/21/2021 16:01:22.2,8/21/2021 16:01:25.8,1,NA,NA,NA,NA,NA,very mased by boat,NA,NA,2021-08-21,27.79205,-175.819217,Day
G:\2021\5643\20210821_133649.wav,10/26/23 9:45,HMS,Growl,8/21/2021 16:01:32.4,8/21/2021 16:01:35.7,1,NA,NA,NA,NA,NA,very masked by boat,NA,NA,2021-08-21,27.79205,-175.819217,Day
G:\2021\5643\20210821_133649.wav,10/26/23 9:45,HMS,Growl,8/21/2021 16:01:41.0,8/21/2021 16:01:45.1,1,NA,NA,NA,NA,NA,very masked by boat,NA,NA,2021-08-21,27.79205,-175.819217,Day
G:\2021\5643\20210821_133649.wav,10/26/23 9:45,HMS,Growl,8/21/2021 16:02:53.6,8/21/2021 16:02:53.6,1,NA,NA,NA,NA,NA,NA,NA,NA,2021-08-21,27.79205,-175.819217,Day
G:\2021\5643\20210821_133649.wav,10/26/23 9:46,HMS,Croak,8/21/2021 16:03:00.7,8/21/2021 16:03:00.9,1,NA,NA,NA,NA,NA,NA,NA,NA,2021-08-21,27.79205,-175.819217,Day
G:\2021\5643\20210821_133649.wav,10/26/23 9:46,HMS,Croak,8/21/2021 16:03:04.0,8/21/2021 16:03:04.2,1,NA,NA,NA,NA,NA,NA,NA,NA,2021-08-21,27.79205,-175.819217,Day
G:\2021\5643\20210821_133649.wav,10/26/23 9:46,HMS,Croak,8/21/2021 16:03:05.4,8/21/2021 16:03:05.6,1,NA,NA,NA,NA,NA,NA,NA,NA,2021-08-21,27.79205,-175.819217,Day
G:\2021\5643\20210821_133649.wav,10/26/23 9:46,HMS,Croak,8/21/2021 16:03:10.7,8/21/2021 16:03:10.9,1,NA,NA,NA,NA,NA,NA,NA,NA,2021-08-21,27.79205,-175.819217,Day
G:\2021\5643\20210821_133649.wav,10/26/23 9:47,HMS,Growl,8/21/2021 16:03:11.7,8/21/2021 16:03:14.6,2,NA,NA,NA,NA,NA,NA,NA,NA,2021-08-21,27.79205,-175.819217,Day
G:\2021\5643\20210821_133649.wav,10/26/23 9:47,HMS,Growl,8/21/2021 16:03:14.4,8/21/2021 16:03:22.3,2,NA,NA,NA,NA,NA,"overlapping calls, multiple seals",NA,NA,2021-08-21,27.79205,-175.819217,Day
G:\2021\5643\20210821_133649.wav,10/26/23 9:47,HMS,Growl,8/21/2021 16:03:22.6,8/21/2021 16:03:27.5,1,NA,NA,NA,NA,NA,NA,NA,NA,2021-08-21,27.79205,-175.819217,Day
G:\2021\5643\20210821_133649.wav,10/26/23 9:47,HMS,Croak,8/21/2021 16:03:22.6,8/21/2021 16:03:22.9,2,NA,NA,NA,NA,NA,overlapping calls,NA,NA,2021-08-21,27.79205,-175.819217,Day
G:\2021\5643\20210821_133649.wav,10/26/23 9:48,HMS,Croak,8/21/2021 16:03:25.2,8/21/2021 16:03:25.4,2,NA,NA,NA,NA,NA,overlapping calls,NA,NA,2021-08-21,27.79205,-175.819217,Day
G:\2021\5643\20210821_133649.wav,10/26/23 9:48,HMS,Growl,8/21/2021 16:03:26.1,8/21/2021 16:03:28.9,2,NA,NA,NA,NA,NA,overlapping calls,NA,NA,2021-08-21,27.79205,-175.819217,Day
G:\2021\5643\20210821_133649.wav,10/26/23 9:49,HMS,Whoop,8/21/2021 16:03:30.3,8/21/2021 16:03:30.4,1,1,NA,NA,NA,NA,NA,NA,NA,2021-08-21,27.79205,-175.819217,Day
G:\2021\5643\20210821_133649.wav,10/26/23 9:50,HMS,Croak,8/21/2021 16:03:33.3,8/21/2021 16:03:33.7,2,NA,NA,NA,NA,NA,NA,NA,NA,2021-08-21,27.79205,-175.819217,Day
G:\2021\5643\20210821_133649.wav,10/26/23 9:50,HMS,Growl,8/21/2021 16:03:39.0,8/21/2021 16:03:43.3,2,NA,NA,NA,NA,NA,NA,NA,NA,2021-08-21,27.79205,-175.819217,Day
G:\2021\5643\20210821_133649.wav,10/26/23 9:50,HMS,Growl,8/21/2021 16:03:39.9,8/21/2021 16:03:43.7,2,NA,NA,NA,NA,NA,overlapping calls,NA,NA,2021-08-21,27.79205,-175.819217,Day
G:\2021\5643\20210821_133649.wav,10/26/23 9:50,HMS,Whoop,8/21/2021 16:03:43.8,8/21/2021 16:03:44.4,2,2,NA,NA,NA,NA,NA,NA,NA,2021-08-21,27.79205,-175.819217,Day
G:\2021\5643\20210821_133649.wav,10/26/23 9:51,HMS,Whoop,8/21/2021 16:03:44.4,8/21/2021 16:03:45.3,1,3,NA,NA,NA,NA,i think multiple seals,NA,NA,2021-08-21,27.79205,-175.819217,Day
G:\2021\5643\20210821_133649.wav,10/26/23 9:51,HMS,Croak,8/21/2021 16:03:45.7,8/21/2021 16:03:46.1,2,NA,NA,NA,NA,NA,NA,NA,NA,2021-08-21,27.79205,-175.819217,Day
G:\2021\5643\20210821_163648.wav,10/26/23 9:52,HMS,Growl,8/21/2021 17:00:46.1,8/21/2021 17:00:51.2,1,NA,NA,NA,NA,NA,NA,NA,NA,2021-08-21,27.79205,-175.819217,Day
G:\2021\5643\20210821_163648.wav,10/26/23 9:52,HMS,Growl,8/21/2021 17:00:56.3,8/21/2021 17:00:59.4,1,NA,NA,NA,NA,NA,NA,NA,NA,2021-08-21,27.79205,-175.819217,Day
G:\2021\5643\20210821_163648.wav,10/26/23 9:54,HMS,Croak,8/21/2021 17:01:01.9,8/21/2021 17:01:02.1,1,NA,NA,NA,NA,NA,NA,NA,NA,2021-08-21,27.79205,-175.819217,Day
G:\2021\5643\20210821_163648.wav,10/26/23 9:54,HMS,Moan,8/21/2021 17:01:07.8,8/21/2021 17:01:09.0,1,NA,NA,NA,NA,NA,NA,NA,NA,2021-08-21,27.79205,-175.819217,Day
G:\2021\5643\20210821_163648.wav,10/26/23 9:54,HMS,MoanGrowl,8/21/2021 17:01:09.6,8/21/2021 17:01:14.9,1,NA,NA,NA,NA,NA,NA,NA,NA,2021-08-21,27.79205,-175.819217,Day
G:\2021\5643\20210821_163648.wav,10/26/23 9:54,HMS,Growl,8/21/2021 17:01:16.3,8/21/2021 17:01:20.3,1,NA,NA,NA,NA,NA,NA,NA,NA,2021-08-21,27.79205,-175.819217,Day
G:\2021\5643\20210821_163648.wav,10/26/23 9:55,HMS,Croak,8/21/2021 17:01:25.5,8/21/2021 17:01:25.9,1,NA,NA,NA,NA,NA,NA,NA,NA,2021-08-21,27.79205,-175.819217,Day
G:\2021\5643\20210821_163648.wav,10/26/23 9:55,HMS,Growl,8/21/2021 17:03:23.3,8/21/2021 17:03:26.8,1,NA,NA,NA,NA,NA,NA,NA,NA,2021-08-21,27.79205,-175.819217,Day
G:\2021\5643\20210821_163648.wav,10/26/23 9:55,HMS,Croak,8/21/2021 17:03:27.6,8/21/2021 17:03:27.8,1,NA,NA,NA,NA,NA,NA,NA,NA,2021-08-21,27.79205,-175.819217,Day
G:\2021\5643\20210821_163648.wav,10/26/23 9:56,HMS,Croak,8/21/2021 17:03:35.6,8/21/2021 17:03:35.8,1,NA,NA,NA,NA,NA,NA,NA,NA,2021-08-21,27.79205,-175.819217,Day
G:\2021\5643\20210821_163648.wav,10/26/23 9:56,HMS,Croak,8/21/2021 17:03:36.2,8/21/2021 17:03:36.4,1,NA,NA,NA,NA,NA,NA,NA,NA,2021-08-21,27.79205,-175.819217,Day
G:\2021\5643\20210821_163648.wav,10/26/23 9:56,HMS,Growl,8/21/2021 17:03:37.1,8/21/2021 17:03:39.4,1,NA,NA,NA,NA,NA,NA,NA,NA,2021-08-21,27.79205,-175.819217,Day
G:\2021\5643\20210821_163648.wav,10/26/23 9:56,HMS,Growl,8/21/2021 17:03:40.0,8/21/2021 17:03:41.9,1,NA,NA,NA,NA,NA,NA,NA,NA,2021-08-21,27.79205,-175.819217,Day
G:\2021\5643\20210821_163648.wav,10/26/23 9:57,HMS,Growl,8/21/2021 17:03:45.6,8/21/2021 17:03:46.9,2,NA,NA,NA,NA,NA,NA,NA,NA,2021-08-21,27.79205,-175.819217,Day
G:\2021\5643\20210821_163648.wav,10/26/23 9:57,HMS,Croak,8/21/2021 17:03:47.5,8/21/2021 17:03:47.8,2,NA,NA,NA,NA,NA,NA,NA,NA,2021-08-21,27.79205,-175.819217,Day
G:\2021\5643\20210821_163648.wav,10/26/23 9:57,HMS,Moan,8/21/2021 17:03:47.7,8/21/2021 17:03:48.3,1,NA,NA,NA,NA,NA,NA,NA,NA,2021-08-21,27.79205,-175.819217,Day
G:\2021\5643\20210821_163648.wav,10/26/23 9:57,HMS,MoanGrowl,8/21/2021 17:03:48.4,8/21/2021 17:03:50.6,1,NA,NA,NA,NA,NA,NA,NA,NA,2021-08-21,27.79205,-175.819217,Day
G:\2021\5643\20210821_163648.wav,10/26/23 9:58,HMS,Whoop,8/21/2021 17:03:50.8,8/21/2021 17:03:51.1,2,2,NA,NA,NA,NA,NA,NA,NA,2021-08-21,27.79205,-175.819217,Day
G:\2021\5643\20210821_163648.wav,10/26/23 9:58,HMS,Croak,8/21/2021 17:03:51.9,8/21/2021 17:03:52.3,2,NA,NA,NA,NA,NA,NA,NA,NA,2021-08-21,27.79205,-175.819217,Day
G:\2021\5643\20210821_163648.wav,10/26/23 9:58,HMS,Whoop,8/21/2021 17:03:52.7,8/21/2021 17:03:53.4,2,4,NA,NA,NA,NA,NA,NA,NA,2021-08-21,27.79205,-175.819217,Day
G:\2021\5643\20210821_163648.wav,10/26/23 9:58,HMS,Moan,8/21/2021 17:03:54.8,8/21/2021 17:03:56.1,2,NA,NA,NA,NA,NA,NA,NA,NA,2021-08-21,27.79205,-175.819217,Day
G:\2021\5643\20210821_163648.wav,10/26/23 9:59,HMS,Growl,8/21/2021 17:03:56.0,8/21/2021 17:03:56.6,1,NA,NA,NA,NA,NA,NA,NA,NA,2021-08-21,27.79205,-175.819217,Day
G:\2021\5643\20210821_163648.wav,10/26/23 9:59,HMS,Whoop,8/21/2021 17:03:57.4,8/21/2021 17:03:57.8,1,3,NA,NA,NA,NA,NA,NA,NA,2021-08-21,27.79205,-175.819217,Day
G:\2021\5643\20210821_163648.wav,10/26/23 10:00,HMS,Growl,8/21/2021 18:01:13.4,8/21/2021 18:01:17.6,1,NA,NA,NA,NA,NA,NA,NA,NA,2021-08-21,27.79205,-175.819217,Day
G:\2021\5643\20210821_163648.wav,10/26/23 10:00,HMS,Croak,8/21/2021 18:01:19.8,8/21/2021 18:01:20.3,1,NA,NA,NA,NA,NA,NA,NA,NA,2021-08-21,27.79205,-175.819217,Day
G:\2021\5643\20210821_163648.wav,10/26/23 10:01,HMS,Growl,8/21/2021 18:01:25.6,8/21/2021 18:01:29.7,1,NA,NA,NA,NA,NA,NA,NA,NA,2021-08-21,27.79205,-175.819217,Day
G:\2021\5643\20210821_163648.wav,10/26/23 10:02,HMS,MoanGrowl,8/21/2021 18:01:36.7,8/21/2021 18:01:41.4,1,NA,NA,NA,NA,NA,NA,NA,NA,2021-08-21,27.79205,-175.819217,Day
G:\2021\5643\20210821_163648.wav,10/26/23 10:03,HMS,Whoop,8/21/2021 18:01:41.8,8/21/2021 18:01:41.9,1,1,NA,NA,NA,NA,NA,NA,NA,2021-08-21,27.79205,-175.819217,Day
G:\2021\5643\20210821_163648.wav,10/26/23 10:03,HMS,Whoop,8/21/2021 18:01:43.6,8/21/2021 18:01:43.7,1,1,NA,NA,NA,NA,NA,NA,NA,2021-08-21,27.79205,-175.819217,Day
G:\2021\5643\20210821_163648.wav,10/26/23 10:03,HMS,Moan,8/21/2021 18:01:45.9,8/21/2021 18:01:47.2,1,NA,NA,NA,NA,NA,NA,NA,NA,2021-08-21,27.79205,-175.819217,Day
G:\2021\5643\20210821_163648.wav,10/26/23 10:03,HMS,Moan,8/21/2021 18:01:47.6,8/21/2021 18:01:52.9,1,NA,NA,NA,NA,NA,NA,NA,NA,2021-08-21,27.79205,-175.819217,Day
G:\2021\5643\20210821_163648.wav,10/26/23 10:12,HMS,Growl,8/21/2021 18:03:52.0,8/21/2021 18:03:58.4,1,NA,NA,NA,NA,NA,NA,NA,NA,2021-08-21,27.79205,-175.819217,Day
G:\2021\5643\20210821_163648.wav,10/26/23 10:12,HMS,Growl,8/21/2021 18:03:59.1,8/21/2021 18:04:03.0,1,NA,NA,NA,NA,NA,NA,NA,NA,2021-08-21,27.79205,-175.819217,Day
G:\2021\5643\20210821_163648.wav,10/26/23 10:13,HMS,Growl,8/21/2021 18:04:09.6,8/21/2021 18:04:11.8,1,NA,NA,NA,NA,NA,NA,NA,NA,2021-08-21,27.79205,-175.819217,Day
G:\2021\5643\20210821_163648.wav,10/26/23 10:13,HMS,Growl,8/21/2021 18:04:24.2,8/21/2021 18:04:26.9,1,NA,NA,NA,NA,NA,NA,NA,NA,2021-08-21,27.79205,-175.819217,Day
G:\2021\5643\20210821_163648.wav,10/26/23 10:13,HMS,Growl,8/21/2021 18:04:45.0,8/21/2021 18:04:48.3,1,NA,NA,NA,NA,NA,NA,NA,NA,2021-08-21,27.79205,-175.819217,Day
G:\2021\5643\20210821_163648.wav,10/26/23 10:15,HMS,Growl,8/21/2021 19:00:41.6,8/21/2021 19:00:45.0,1,NA,NA,NA,NA,NA,NA,NA,NA,2021-08-21,27.79205,-175.819217,Day
G:\2021\5643\20210821_163648.wav,10/26/23 10:15,HMS,Croak,8/21/2021 19:00:53.1,8/21/2021 19:00:53.4,1,NA,NA,NA,NA,NA,NA,NA,NA,2021-08-21,27.79205,-175.819217,Day
G:\2021\5643\20210821_163648.wav,10/26/23 10:15,HMS,Growl,8/21/2021 19:00:54.3,8/21/2021 19:00:56.5,1,NA,NA,NA,NA,NA,NA,NA,NA,2021-08-21,27.79205,-175.819217,Day
G:\2021\5643\20210821_163648.wav,10/26/23 10:16,HMS,Growl,8/21/2021 19:00:57.3,8/21/2021 19:00:59.4,1,NA,NA,NA,NA,NA,NA,NA,NA,2021-08-21,27.79205,-175.819217,Day
G:\2021\5643\20210821_193647.wav,10/26/23 10:17,HMS,Growl,8/21/2021 20:00:19.9,8/21/2021 20:00:24.1,1,NA,NA,NA,NA,NA,NA,NA,NA,2021-08-21,27.79205,-175.819217,Day
G:\2021\5643\20210821_193647.wav,10/26/23 10:18,HMS,Growl,8/21/2021 20:00:24.7,8/21/2021 20:00:27.2,1,NA,NA,NA,NA,NA,NA,NA,NA,2021-08-21,27.79205,-175.819217,Day
G:\2021\5643\20210821_193647.wav,10/26/23 10:18,HMS,Croak,8/21/2021 20:00:28.5,8/21/2021 20:00:28.7,1,NA,NA,NA,NA,NA,NA,NA,NA,2021-08-21,27.79205,-175.819217,Day
G:\2021\5643\20210821_193647.wav,10/26/23 10:19,HMS,Growl,8/21/2021 20:00:32.4,8/21/2021 20:00:35.4,1,NA,NA,NA,NA,NA,NA,NA,NA,2021-08-21,27.79205,-175.819217,Day
G:\2021\5643\20210821_193647.wav,10/26/23 10:19,HMS,Croak,8/21/2021 20:00:42.3,8/21/2021 20:00:42.6,1,NA,NA,NA,NA,NA,NA,NA,NA,2021-08-21,27.79205,-175.819217,Day
G:\2021\5643\20210821_193647.wav,10/26/23 10:19,HMS,Growl,8/21/2021 20:00:43.4,8/21/2021 20:00:45.4,1,NA,NA,NA,NA,NA,NA,NA,NA,2021-08-21,27.79205,-175.819217,Day
G:\2021\5643\20210821_193647.wav,10/26/23 10:19,HMS,Whoop,8/21/2021 20:00:45.6,8/21/2021 20:00:45.9,1,2,NA,NA,NA,NA,NA,NA,NA,2021-08-21,27.79205,-175.819217,Day
G:\2021\5643\20210821_193647.wav,10/26/23 10:20,HMS,Croak,8/21/2021 20:00:46.8,8/21/2021 20:00:47.1,1,NA,NA,NA,NA,NA,NA,NA,NA,2021-08-21,27.79205,-175.819217,Day
G:\2021\5643\20210821_193647.wav,10/26/23 10:20,HMS,Croak,8/21/2021 20:00:49.8,8/21/2021 20:00:50.1,1,NA,NA,NA,NA,NA,NA,NA,NA,2021-08-21,27.79205,-175.819217,Day
G:\2021\5643\20210821_193647.wav,10/26/23 10:20,HMS,Growl,8/21/2021 20:00:51.2,8/21/2021 20:00:53.4,1,NA,NA,NA,NA,NA,NA,NA,NA,2021-08-21,27.79205,-175.819217,Day
G:\2021\5643\20210821_193647.wav,10/26/23 10:20,HMS,Whoop,8/21/2021 20:00:53.7,8/21/2021 20:00:54.5,1,4,NA,NA,NA,NA,NA,NA,NA,2021-08-21,27.79205,-175.819217,Day
G:\2021\5643\20210821_193647.wav,10/26/23 10:21,HMS,Croak,8/21/2021 20:00:58.3,8/21/2021 20:00:58.6,2,NA,NA,NA,NA,NA,NA,NA,NA,2021-08-21,27.79205,-175.819217,Day
G:\2021\5643\20210821_193647.wav,10/26/23 10:21,HMS,Croak,8/21/2021 20:00:59.2,8/21/2021 20:00:59.5,2,NA,NA,NA,NA,NA,NA,NA,NA,2021-08-21,27.79205,-175.819217,Day
G:\2021\5643\20210821_193647.wav,10/26/23 10:21,HMS,Growl,8/21/2021 20:01:00.7,8/21/2021 20:01:02.5,2,NA,NA,NA,NA,NA,NA,NA,NA,2021-08-21,27.79205,-175.819217,Day
G:\2021\5643\20210821_193647.wav,10/26/23 10:22,HMS,Whoop,8/21/2021 20:01:03.5,8/21/2021 20:01:04.1,1,3,NA,NA,NA,NA,NA,NA,NA,2021-08-21,27.79205,-175.819217,Day
G:\2021\5643\20210821_193647.wav,10/26/23 10:23,HMS,Growl,8/21/2021 20:04:34.2,8/21/2021 20:04:40.4,2,NA,NA,NA,NA,NA,NA,NA,NA,2021-08-21,27.79205,-175.819217,Day
G:\2021\5643\20210821_193647.wav,10/26/23 10:23,HMS,Croak,8/21/2021 20:04:42.5,8/21/2021 20:04:42.8,2,NA,NA,NA,NA,NA,NA,NA,NA,2021-08-21,27.79205,-175.819217,Day
G:\2021\5643\20210821_193647.wav,10/26/23 10:24,HMS,Croak,8/21/2021 20:04:43.6,8/21/2021 20:04:43.8,1,NA,NA,NA,NA,NA,NA,NA,NA,2021-08-21,27.79205,-175.819217,Day
G:\2021\5643\20210821_193647.wav,10/26/23 10:24,HMS,Croak,8/21/2021 20:04:48.2,8/21/2021 20:04:48.6,1,NA,NA,NA,NA,NA,NA,NA,NA,2021-08-21,27.79205,-175.819217,Day
G:\2021\5643\20210821_193647.wav,10/26/23 10:24,HMS,Croak,8/21/2021 20:04:48.9,8/21/2021 20:04:49.2,1,NA,NA,NA,NA,NA,NA,NA,NA,2021-08-21,27.79205,-175.819217,Day
G:\2021\5643\20210821_193647.wav,10/26/23 10:24,HMS,Growl,8/21/2021 20:04:49.5,8/21/2021 20:04:51.6,2,NA,NA,NA,NA,NA,NA,NA,NA,2021-08-21,27.79205,-175.819217,Day
G:\2021\5643\20210821_193647.wav,10/26/23 10:24,HMS,Growl,8/21/2021 20:04:50.6,8/21/2021 20:04:52.7,1,NA,NA,NA,NA,NA,"overlapping calls, multiple monk seals",NA,NA,2021-08-21,27.79205,-175.819217,Day
G:\2021\5643\20210821_193647.wav,10/26/23 10:25,HMS,Croak,8/21/2021 20:04:52.6,8/21/2021 20:04:53.0,2,NA,NA,NA,NA,NA,NA,NA,NA,2021-08-21,27.79205,-175.819217,Day
G:\2021\5643\20210821_193647.wav,10/26/23 10:25,HMS,Croak,8/21/2021 20:04:56.1,8/21/2021 20:04:56.4,1,NA,NA,NA,NA,NA,NA,NA,NA,2021-08-21,27.79205,-175.819217,Day
G:\2021\5643\20210821_193647.wav,10/26/23 10:25,HMS,Growl,8/21/2021 20:04:58.4,8/21/2021 20:05:01.8,1,NA,NA,NA,NA,NA,NA,NA,NA,2021-08-21,27.79205,-175.819217,Day
G:\2021\5643\20210821_193647.wav,10/26/23 10:28,HMS,Growl,8/21/2021 21:01:35.8,8/21/2021 21:01:42.1,2,NA,NA,NA,NA,NA,NA,NA,NA,2021-08-21,27.79205,-175.819217,Night
G:\2021\5643\20210821_193647.wav,10/26/23 10:28,HMS,Croak,8/21/2021 21:01:44.5,8/21/2021 21:01:44.8,2,NA,NA,NA,NA,NA,NA,NA,NA,2021-08-21,27.79205,-175.819217,Night
G:\2021\5643\20210821_193647.wav,10/26/23 10:28,HMS,Croak,8/21/2021 21:01:45.3,8/21/2021 21:01:45.5,2,NA,NA,NA,NA,NA,NA,NA,NA,2021-08-21,27.79205,-175.819217,Night
G:\2021\5643\20210821_193647.wav,10/26/23 10:28,HMS,Croak,8/21/2021 21:01:48.6,8/21/2021 21:01:48.9,1,NA,NA,NA,NA,NA,NA,NA,NA,2021-08-21,27.79205,-175.819217,Night
G:\2021\5643\20210821_193647.wav,10/26/23 10:29,HMS,Croak,8/21/2021 21:01:54.5,8/21/2021 21:01:54.8,2,NA,NA,NA,NA,NA,NA,NA,NA,2021-08-21,27.79205,-175.819217,Night
G:\2021\5643\20210821_193647.wav,10/26/23 10:29,HMS,Croak,8/21/2021 21:01:55.1,8/21/2021 21:01:55.3,2,NA,NA,NA,NA,NA,NA,NA,NA,2021-08-21,27.79205,-175.819217,Night
G:\2021\5643\20210821_193647.wav,10/26/23 10:29,HMS,Growl,8/21/2021 21:01:56.0,8/21/2021 21:01:58.7,2,NA,NA,NA,NA,NA,NA,NA,NA,2021-08-21,27.79205,-175.819217,Night
G:\2021\5643\20210821_193647.wav,10/26/23 10:29,HMS,Croak,8/21/2021 21:01:59.2,8/21/2021 21:01:59.5,2,NA,NA,NA,NA,NA,NA,NA,NA,2021-08-21,27.79205,-175.819217,Night
G:\2021\5643\20210821_193647.wav,10/26/23 10:29,HMS,Whoop,8/21/2021 21:01:59.7,8/21/2021 21:01:59.8,2,1,NA,NA,NA,NA,NA,NA,NA,2021-08-21,27.79205,-175.819217,Night
G:\2021\5643\20210821_193647.wav,10/26/23 10:31,HMS,Croak,8/21/2021 21:02:01.4,8/21/2021 21:02:01.7,2,NA,NA,NA,NA,NA,NA,NA,NA,2021-08-21,27.79205,-175.819217,Night
G:\2021\5643\20210821_193647.wav,10/26/23 10:31,HMS,Growl,8/21/2021 21:02:03.6,8/21/2021 21:02:07.0,2,NA,NA,NA,NA,NA,NA,NA,NA,2021-08-21,27.79205,-175.819217,Night
G:\2021\5643\20210821_193647.wav,10/26/23 10:31,HMS,Croak,8/21/2021 21:02:15.4,8/21/2021 21:02:15.6,2,NA,NA,NA,NA,NA,NA,NA,NA,2021-08-21,27.79205,-175.819217,Night
G:\2021\5643\20210821_193647.wav,10/26/23 10:31,HMS,Growl,8/21/2021 21:02:23.5,8/21/2021 21:02:27.7,2,NA,NA,NA,NA,NA,NA,NA,NA,2021-08-21,27.79205,-175.819217,Night
G:\2021\5643\20210821_193647.wav,10/26/23 10:32,HMS,Whoop,8/21/2021 21:02:28.1,8/21/2021 21:02:28.7,2,2,NA,NA,NA,NA,NA,NA,NA,2021-08-21,27.79205,-175.819217,Night
G:\2021\5643\20210821_193647.wav,10/26/23 10:32,HMS,Growl,8/21/2021 21:03:53.8,8/21/2021 21:03:59.5,3,NA,NA,NA,NA,NA,NA,NA,NA,2021-08-21,27.79205,-175.819217,Night
G:\2021\5643\20210821_193647.wav,10/26/23 10:35,HMS,Croak,8/21/2021 21:04:00.2,8/21/2021 21:04:00.6,3,NA,NA,NA,NA,NA,NA,NA,NA,2021-08-21,27.79205,-175.819217,Night
G:\2021\5643\20210821_193647.wav,10/26/23 10:36,HMS,Croak,8/21/2021 21:04:01.2,8/21/2021 21:04:01.4,2,NA,NA,NA,NA,NA,NA,NA,NA,2021-08-21,27.79205,-175.819217,Night
G:\2021\5643\20210821_193647.wav,10/26/23 10:36,HMS,Croak,8/21/2021 21:04:05.4,8/21/2021 21:04:05.6,2,NA,NA,NA,NA,NA,NA,NA,NA,2021-08-21,27.79205,-175.819217,Night
G:\2021\5643\20210821_193647.wav,10/26/23 10:36,HMS,Croak,8/21/2021 21:04:12.7,8/21/2021 21:04:13.1,3,NA,NA,NA,NA,NA,NA,NA,NA,2021-08-21,27.79205,-175.819217,Night
G:\2021\5643\20210821_193647.wav,10/26/23 10:36,HMS,Croak,8/21/2021 21:04:13.5,8/21/2021 21:04:13.7,2,NA,NA,NA,NA,NA,NA,NA,NA,2021-08-21,27.79205,-175.819217,Night
G:\2021\5643\20210821_193647.wav,10/26/23 10:36,HMS,Growl,8/21/2021 21:04:15.1,8/21/2021 21:04:18.1,3,NA,NA,NA,NA,NA,NA,NA,NA,2021-08-21,27.79205,-175.819217,Night
G:\2021\5643\20210821_193647.wav,10/26/23 10:37,HMS,Whoop,8/21/2021 21:04:18.3,8/21/2021 21:04:18.8,2,2,NA,NA,NA,NA,NA,NA,NA,2021-08-21,27.79205,-175.819217,Night
G:\2021\5643\20210821_193647.wav,10/26/23 10:37,HMS,Croak,8/21/2021 21:04:21.4,8/21/2021 21:04:21.7,2,NA,NA,NA,NA,NA,NA,NA,NA,2021-08-21,27.79205,-175.819217,Night
G:\2021\5643\20210821_193647.wav,10/26/23 10:37,HMS,Growl,8/21/2021 21:04:23.1,8/21/2021 21:04:25.7,3,NA,NA,NA,NA,NA,NA,NA,NA,2021-08-21,27.79205,-175.819217,Night
G:\2021\5643\20210821_193647.wav,10/26/23 10:37,HMS,Whoop,8/21/2021 21:04:26.3,8/21/2021 21:04:26.4,2,1,NA,NA,NA,NA,NA,NA,NA,2021-08-21,27.79205,-175.819217,Night
G:\2021\5643\20210821_193647.wav,10/26/23 10:37,HMS,Croak,8/21/2021 21:04:28.7,8/21/2021 21:04:29.0,2,NA,NA,NA,NA,NA,NA,NA,NA,2021-08-21,27.79205,-175.819217,Night
G:\2021\5643\20210821_193647.wav,10/26/23 10:38,HMS,Whoop,8/21/2021 21:04:37.1,8/21/2021 21:04:37.7,2,2,NA,NA,NA,NA,NA,NA,NA,2021-08-21,27.79205,-175.819217,Night
G:\2021\5643\20210821_193647.wav,10/26/23 10:38,HMS,Croak,8/21/2021 21:04:37.8,8/21/2021 21:04:38.2,3,NA,NA,NA,NA,NA,NA,NA,NA,2021-08-21,27.79205,-175.819217,Night
G:\2021\5643\20210821_193647.wav,10/26/23 10:38,HMS,Growl,8/21/2021 21:04:38.8,8/21/2021 21:04:41.9,2,NA,NA,NA,NA,NA,NA,NA,NA,2021-08-21,27.79205,-175.819217,Night
G:\2021\5643\20210821_193647.wav,10/26/23 10:39,HMS,Whoop,8/21/2021 21:04:42.5,8/21/2021 21:04:43.0,1,2,NA,NA,NA,NA,NA,NA,NA,2021-08-21,27.79205,-175.819217,Night
G:\2021\5643\20210821_193647.wav,10/26/23 10:39,HMS,Croak,8/21/2021 21:04:44.5,8/21/2021 21:04:44.8,2,NA,NA,NA,NA,NA,NA,NA,NA,2021-08-21,27.79205,-175.819217,Night
G:\2021\5643\20210821_193647.wav,10/26/23 10:41,HMS,Growl,8/21/2021 22:00:39.6,8/21/2021 22:00:45.6,2,NA,NA,NA,NA,NA,NA,NA,NA,2021-08-21,27.79205,-175.819217,Night
G:\2021\5643\20210821_193647.wav,10/26/23 10:41,HMS,Growl,8/21/2021 22:00:47.9,8/21/2021 22:00:49.1,2,NA,NA,NA,NA,NA,NA,NA,NA,2021-08-21,27.79205,-175.819217,Night
G:\2021\5643\20210821_193647.wav,10/26/23 10:42,HMS,Croak,8/21/2021 22:00:50.0,8/21/2021 22:00:50.2,2,NA,NA,NA,NA,NA,NA,NA,NA,2021-08-21,27.79205,-175.819217,Night
G:\2021\5643\20210821_193647.wav,10/26/23 10:42,HMS,Growl,8/21/2021 22:00:56.8,8/21/2021 22:01:00.7,2,NA,NA,NA,NA,NA,NA,NA,NA,2021-08-21,27.79205,-175.819217,Night
G:\2021\5643\20210821_193647.wav,10/26/23 10:43,HMS,Whoop,8/21/2021 22:01:00.9,8/21/2021 22:01:01.8,2,3,NA,NA,NA,NA,NA,NA,NA,2021-08-21,27.79205,-175.819217,Night
G:\2021\5643\20210821_193647.wav,10/26/23 10:43,HMS,Whoop,8/21/2021 22:01:06.0,8/21/2021 22:01:06.2,1,1,NA,NA,NA,NA,NA,NA,NA,2021-08-21,27.79205,-175.819217,Night
G:\2021\5643\20210821_193647.wav,10/26/23 10:43,HMS,Croak,8/21/2021 22:01:07.8,8/21/2021 22:01:08.3,2,NA,NA,NA,NA,NA,NA,NA,NA,2021-08-21,27.79205,-175.819217,Night
G:\2021\5643\20210821_193647.wav,10/26/23 10:43,HMS,Croak,8/21/2021 22:01:08.8,8/21/2021 22:01:09.2,2,NA,NA,NA,NA,NA,NA,NA,NA,2021-08-21,27.79205,-175.819217,Night
G:\2021\5643\20210821_193647.wav,10/26/23 10:44,HMS,Moan,8/21/2021 22:01:12.2,8/21/2021 22:01:13.5,2,NA,NA,NA,NA,NA,weird call,NA,NA,2021-08-21,27.79205,-175.819217,Night
G:\2021\5643\20210821_193647.wav,10/26/23 10:45,HMS,Growl,8/21/2021 22:04:21.7,8/21/2021 22:04:27.7,2,NA,NA,NA,NA,NA,NA,NA,NA,2021-08-21,27.79205,-175.819217,Night
G:\2021\5643\20210821_193647.wav,10/26/23 10:45,HMS,Growl,8/21/2021 22:04:28.2,8/21/2021 22:04:31.9,2,NA,NA,NA,NA,NA,NA,NA,NA,2021-08-21,27.79205,-175.819217,Night
G:\2021\5643\20210821_193647.wav,10/26/23 10:46,HMS,Croak,8/21/2021 22:04:33.1,8/21/2021 22:04:33.4,2,NA,NA,NA,NA,NA,NA,NA,NA,2021-08-21,27.79205,-175.819217,Night
G:\2021\5643\20210821_193647.wav,10/26/23 10:46,HMS,Croak,8/21/2021 22:04:37.7,8/21/2021 22:04:38.2,2,NA,NA,NA,NA,NA,NA,NA,NA,2021-08-21,27.79205,-175.819217,Night
G:\2021\5643\20210821_193647.wav,10/26/23 10:46,HMS,Croak,8/21/2021 22:04:39.9,8/21/2021 22:04:40.2,2,NA,NA,NA,NA,NA,NA,NA,NA,2021-08-21,27.79205,-175.819217,Night
G:\2021\5643\20210821_193647.wav,10/26/23 10:46,HMS,Croak,8/21/2021 22:04:46.6,8/21/2021 22:04:47.0,2,NA,NA,NA,NA,NA,NA,NA,NA,2021-08-21,27.79205,-175.819217,Night
G:\2021\5643\20210821_193647.wav,10/26/23 10:46,HMS,Growl,8/21/2021 22:04:47.5,8/21/2021 22:04:49.7,2,NA,NA,NA,NA,NA,NA,NA,NA,2021-08-21,27.79205,-175.819217,Night
G:\2021\5643\20210821_193647.wav,10/26/23 10:47,HMS,Whoop,8/21/2021 22:04:50.0,8/21/2021 22:04:50.7,2,3,NA,NA,NA,NA,NA,NA,NA,2021-08-21,27.79205,-175.819217,Night
G:\2021\5643\20210821_193647.wav,10/26/23 10:47,HMS,Croak,8/21/2021 22:04:51.6,8/21/2021 22:04:51.8,2,NA,NA,NA,NA,NA,NA,NA,NA,2021-08-21,27.79205,-175.819217,Night
G:\2021\5643\20210821_193647.wav,10/26/23 10:47,HMS,Croak,8/21/2021 22:04:55.0,8/21/2021 22:04:55.3,2,NA,NA,NA,NA,NA,NA,NA,NA,2021-08-21,27.79205,-175.819217,Night
G:\2021\5643\20210821_223646.wav,10/26/23 11:48,HMS,Growl,8/21/2021 23:00:00.8,8/21/2021 23:00:06.8,3,NA,NA,NA,NA,NA,author start,NA,NA,2021-08-21,27.79205,-175.819217,Night
G:\2021\5643\20210821_223646.wav,10/26/23 11:48,HMS,Croak,8/21/2021 23:00:07.3,8/21/2021 23:00:07.6,3,NA,NA,NA,NA,NA,NA,NA,NA,2021-08-21,27.79205,-175.819217,Night
G:\2021\5643\20210821_223646.wav,10/26/23 11:48,HMS,Croak,8/21/2021 23:00:09.4,8/21/2021 23:00:09.7,3,NA,NA,NA,NA,NA,NA,NA,NA,2021-08-21,27.79205,-175.819217,Night
G:\2021\5643\20210821_223646.wav,10/26/23 11:48,HMS,Croak,8/21/2021 23:00:12.6,8/21/2021 23:00:12.9,3,NA,NA,NA,NA,NA,NA,NA,NA,2021-08-21,27.79205,-175.819217,Night
G:\2021\5643\20210821_223646.wav,10/26/23 11:49,HMS,Growl,8/21/2021 23:00:13.9,8/21/2021 23:00:16.7,3,NA,NA,NA,NA,NA,NA,NA,NA,2021-08-21,27.79205,-175.819217,Night
G:\2021\5643\20210821_223646.wav,10/26/23 11:49,HMS,Croak,8/21/2021 23:00:16.9,8/21/2021 23:00:17.1,3,NA,NA,NA,NA,NA,NA,NA,NA,2021-08-21,27.79205,-175.819217,Night
G:\2021\5643\20210821_223646.wav,10/26/23 11:49,HMS,Croak,8/21/2021 23:00:17.3,8/21/2021 23:00:17.7,3,NA,NA,NA,NA,NA,NA,NA,NA,2021-08-21,27.79205,-175.819217,Night
G:\2021\5643\20210821_223646.wav,10/26/23 11:49,HMS,Whoop,8/21/2021 23:00:18.5,8/21/2021 23:00:19.2,2,3,NA,NA,NA,NA,NA,NA,NA,2021-08-21,27.79205,-175.819217,Night
G:\2021\5643\20210821_223646.wav,10/26/23 11:49,HMS,Croak,8/21/2021 23:00:19.3,8/21/2021 23:00:19.7,3,NA,NA,NA,NA,NA,NA,NA,NA,2021-08-21,27.79205,-175.819217,Night
G:\2021\5643\20210821_223646.wav,10/26/23 11:50,HMS,Growl,8/21/2021 23:00:20.2,8/21/2021 23:00:23.1,3,NA,NA,NA,NA,NA,NA,NA,NA,2021-08-21,27.79205,-175.819217,Night
G:\2021\5643\20210821_223646.wav,10/26/23 11:50,HMS,Whoop,8/21/2021 23:00:23.3,8/21/2021 23:00:23.7,2,2,NA,NA,NA,NA,NA,NA,NA,2021-08-21,27.79205,-175.819217,Night
G:\2021\5643\20210821_223646.wav,10/26/23 11:50,HMS,Croak,8/21/2021 23:00:27.1,8/21/2021 23:00:27.4,2,NA,NA,NA,NA,NA,NA,NA,NA,2021-08-21,27.79205,-175.819217,Night
G:\2021\5643\20210821_223646.wav,10/26/23 11:50,HMS,Whoop,8/21/2021 23:00:29.6,8/21/2021 23:00:29.8,1,1,NA,NA,NA,NA,NA,NA,NA,2021-08-21,27.79205,-175.819217,Night
G:\2021\5643\20210821_223646.wav,10/26/23 11:50,HMS,Growl,8/21/2021 23:00:32.7,8/21/2021 23:00:36.1,2,NA,NA,NA,NA,NA,NA,NA,NA,2021-08-21,27.79205,-175.819217,Night
G:\2021\5643\20210821_223646.wav,10/26/23 11:51,HMS,Whoop,8/21/2021 23:00:36.3,8/21/2021 23:00:37.0,2,2,NA,NA,NA,NA,NA,NA,NA,2021-08-21,27.79205,-175.819217,Night
G:\2021\5643\20210821_223646.wav,10/26/23 11:51,HMS,Croak,8/21/2021 23:00:42.5,8/21/2021 23:00:42.7,2,NA,NA,NA,NA,NA,NA,NA,NA,2021-08-21,27.79205,-175.819217,Night
G:\2021\5643\20210821_223646.wav,10/26/23 11:51,HMS,Growl,8/21/2021 23:02:20.1,8/21/2021 23:02:25.1,2,NA,NA,NA,NA,NA,NA,NA,NA,2021-08-21,27.79205,-175.819217,Night
G:\2021\5643\20210821_223646.wav,10/26/23 11:51,HMS,Growl,8/21/2021 23:02:26.7,8/21/2021 23:02:28.0,2,NA,NA,NA,NA,NA,NA,NA,NA,2021-08-21,27.79205,-175.819217,Night
G:\2021\5643\20210821_223646.wav,10/26/23 11:51,HMS,Croak,8/21/2021 23:02:28.8,8/21/2021 23:02:29.0,2,NA,NA,NA,NA,NA,NA,NA,NA,2021-08-21,27.79205,-175.819217,Night
G:\2021\5643\20210821_223646.wav,10/26/23 11:51,HMS,Growl,8/21/2021 23:02:34.9,8/21/2021 23:02:38.8,2,NA,NA,NA,NA,NA,NA,NA,NA,2021-08-21,27.79205,-175.819217,Night
G:\2021\5643\20210821_223646.wav,10/26/23 11:52,HMS,Whoop,8/21/2021 23:02:39.0,8/21/2021 23:02:39.6,2,2,NA,NA,NA,NA,NA,NA,NA,2021-08-21,27.79205,-175.819217,Night
G:\2021\5643\20210821_223646.wav,10/26/23 11:52,HMS,Croak,8/21/2021 23:02:45.9,8/21/2021 23:02:46.5,2,NA,NA,NA,NA,NA,NA,NA,NA,2021-08-21,27.79205,-175.819217,Night
G:\2021\5643\20210821_223646.wav,10/26/23 11:52,HMS,Croak,8/21/2021 23:02:46.9,8/21/2021 23:02:47.3,2,NA,NA,NA,NA,NA,NA,NA,NA,2021-08-21,27.79205,-175.819217,Night
G:\2021\5643\20210821_223646.wav,10/26/23 11:53,HMS,Growl,8/21/2021 23:02:49.4,8/21/2021 23:02:52.7,2,NA,NA,NA,NA,NA,NA,NA,NA,2021-08-21,27.79205,-175.819217,Night
G:\2021\5643\20210821_223646.wav,10/26/23 11:54,HMS,Whoop,8/21/2021 23:02:52.9,8/21/2021 23:02:53.4,1,2,NA,NA,NA,NA,NA,NA,NA,2021-08-21,27.79205,-175.819217,Night
G:\2021\5643\20210821_223646.wav,10/26/23 11:54,HMS,Croak,8/21/2021 23:02:54.1,8/21/2021 23:02:54.4,2,NA,NA,NA,NA,NA,NA,NA,NA,2021-08-21,27.79205,-175.819217,Night
G:\2021\5643\20210821_223646.wav,10/26/23 11:54,HMS,Growl,8/21/2021 23:03:00.2,8/21/2021 23:03:00.7,2,NA,NA,NA,NA,NA,NA,NA,NA,2021-08-21,27.79205,-175.819217,Night
G:\2021\5643\20210821_223646.wav,10/26/23 11:54,HMS,Growl,8/21/2021 23:03:01.2,8/21/2021 23:03:04.5,2,NA,NA,NA,NA,NA,NA,NA,NA,2021-08-21,27.79205,-175.819217,Night
G:\2021\5643\20210821_223646.wav,10/26/23 11:55,HMS,Whoop,8/21/2021 23:03:04.9,8/21/2021 23:03:05.0,1,1,NA,NA,NA,NA,NA,NA,NA,2021-08-21,27.79205,-175.819217,Night
G:\2021\5643\20210821_223646.wav,10/26/23 11:55,HMS,Growl,8/21/2021 23:03:09.1,8/21/2021 23:03:10.5,1,NA,NA,NA,NA,NA,NA,NA,NA,2021-08-21,27.79205,-175.819217,Night
G:\2021\5643\20210822_223639.wav,10/26/23 11:57,HMS,Growl,8/23/2021 0:01:02.8,8/23/2021 0:01:05.3,1,NA,NA,NA,NA,NA,NA,NA,NA,2021-08-23,27.79205,-175.819217,Night
G:\2021\5643\20210822_223639.wav,10/26/23 11:58,HMS,Whoop,8/23/2021 1:00:02.0,8/23/2021 1:00:02.2,2,1,NA,NA,NA,NA,NA,NA,NA,2021-08-23,27.79205,-175.819217,Night
G:\2021\5643\20210822_223639.wav,10/26/23 11:58,HMS,Croak,8/23/2021 1:00:05.1,8/23/2021 1:00:05.3,2,NA,NA,NA,NA,NA,NA,NA,NA,2021-08-23,27.79205,-175.819217,Night
G:\2021\5643\20210822_223639.wav,10/26/23 11:58,HMS,Whoop,8/23/2021 1:00:10.6,8/23/2021 1:00:10.8,2,1,NA,NA,NA,NA,NA,NA,NA,2021-08-23,27.79205,-175.819217,Night
G:\2021\5643\20210822_223639.wav,10/26/23 11:58,HMS,Growl,8/23/2021 1:00:11.1,8/23/2021 1:00:11.7,2,NA,NA,NA,NA,NA,NA,NA,NA,2021-08-23,27.79205,-175.819217,Night
G:\2021\5643\20210822_223639.wav,10/26/23 11:59,HMS,Growl,8/23/2021 1:00:12.3,8/23/2021 1:00:14.8,2,NA,NA,NA,NA,NA,NA,NA,NA,2021-08-23,27.79205,-175.819217,Night
G:\2021\5643\20210822_223639.wav,10/26/23 11:59,HMS,Growl,8/23/2021 1:01:05.8,8/23/2021 1:01:13.7,2,NA,NA,NA,NA,NA,NA,NA,NA,2021-08-23,27.79205,-175.819217,Night
G:\2021\5643\20210822_223639.wav,10/26/23 11:59,HMS,Croak,8/23/2021 1:01:15.2,8/23/2021 1:01:15.5,2,NA,NA,NA,NA,NA,NA,NA,NA,2021-08-23,27.79205,-175.819217,Night
G:\2021\5643\20210822_223639.wav,10/26/23 12:00,HMS,Growl,8/23/2021 1:01:19.0,8/23/2021 1:01:20.4,2,NA,NA,NA,NA,NA,NA,NA,NA,2021-08-23,27.79205,-175.819217,Night
G:\2021\5643\20210822_223639.wav,10/26/23 12:00,HMS,Croak,8/23/2021 1:01:21.9,8/23/2021 1:01:22.2,2,NA,NA,NA,NA,NA,NA,NA,NA,2021-08-23,27.79205,-175.819217,Night
G:\2021\5643\20210822_223639.wav,10/26/23 12:00,HMS,Whoop,8/23/2021 1:01:27.6,8/23/2021 1:01:28.2,2,2,NA,NA,NA,NA,NA,NA,NA,2021-08-23,27.79205,-175.819217,Night
G:\2021\5643\20210822_223639.wav,10/26/23 12:00,HMS,Growl,8/23/2021 1:01:28.3,8/23/2021 1:01:29.0,2,NA,NA,NA,NA,NA,NA,NA,NA,2021-08-23,27.79205,-175.819217,Night
G:\2021\5643\20210822_223639.wav,10/26/23 12:00,HMS,Growl,8/23/2021 1:01:29.4,8/23/2021 1:01:33.3,2,NA,NA,NA,NA,NA,NA,NA,NA,2021-08-23,27.79205,-175.819217,Night
G:\2021\5643\20210822_223639.wav,10/26/23 12:01,HMS,Growl,8/23/2021 1:01:34.3,8/23/2021 1:01:37.8,2,NA,NA,NA,NA,NA,NA,NA,NA,2021-08-23,27.79205,-175.819217,Night
G:\2021\5643\20210822_223639.wav,10/26/23 12:02,HMS,Croak,8/23/2021 1:01:43.3,8/23/2021 1:01:43.5,1,NA,NA,NA,NA,NA,NA,NA,NA,2021-08-23,27.79205,-175.819217,Night
G:\2021\5643\20210822_223639.wav,10/26/23 12:02,HMS,Growl,8/23/2021 1:01:48.7,8/23/2021 1:01:50.5,2,NA,NA,NA,NA,NA,NA,NA,NA,2021-08-23,27.79205,-175.819217,Night
G:\2021\5643\20210822_223639.wav,10/26/23 12:02,HMS,Croak,8/23/2021 1:01:52.0,8/23/2021 1:01:52.3,2,NA,NA,NA,NA,NA,NA,NA,NA,2021-08-23,27.79205,-175.819217,Night
G:\2021\5643\20210822_223639.wav,10/26/23 12:02,HMS,Growl,8/23/2021 1:03:15.7,8/23/2021 1:03:19.7,3,NA,NA,NA,NA,NA,NA,NA,NA,2021-08-23,27.79205,-175.819217,Night
G:\2021\5643\20210822_223639.wav,10/26/23 12:02,HMS,Growl,8/23/2021 1:03:20.1,8/23/2021 1:03:20.8,2,NA,NA,NA,NA,NA,NA,NA,NA,2021-08-23,27.79205,-175.819217,Night
G:\2021\5643\20210822_223639.wav,10/26/23 12:03,HMS,Growl,8/23/2021 1:03:23.6,8/23/2021 1:03:28.7,2,NA,NA,NA,NA,NA,NA,NA,NA,2021-08-23,27.79205,-175.819217,Night
G:\2021\5643\20210822_223639.wav,10/26/23 12:03,HMS,Whoop,8/23/2021 1:03:28.9,8/23/2021 1:03:29.3,2,2,NA,NA,NA,NA,NA,NA,NA,2021-08-23,27.79205,-175.819217,Night
G:\2021\5643\20210822_223639.wav,10/26/23 12:03,HMS,Croak,8/23/2021 1:03:32.0,8/23/2021 1:03:32.3,2,NA,NA,NA,NA,NA,NA,NA,NA,2021-08-23,27.79205,-175.819217,Night
G:\2021\5643\20210822_223639.wav,10/26/23 12:03,HMS,Whoop,8/23/2021 1:03:36.6,8/23/2021 1:03:37.2,1,2,NA,NA,NA,NA,NA,NA,NA,2021-08-23,27.79205,-175.819217,Night
G:\2021\5643\20210822_223639.wav,10/26/23 12:03,HMS,Growl,8/23/2021 1:03:37.3,8/23/2021 1:03:38.1,2,NA,NA,NA,NA,NA,NA,NA,NA,2021-08-23,27.79205,-175.819217,Night
G:\2021\5643\20210822_223639.wav,10/26/23 12:03,HMS,Growl,8/23/2021 1:03:38.4,8/23/2021 1:03:41.2,2,NA,NA,NA,NA,NA,NA,NA,NA,2021-08-23,27.79205,-175.819217,Night
G:\2021\5643\20210823_013638.wav,10/26/23 12:04,HMS,Whoop,8/23/2021 2:00:03.2,8/23/2021 2:00:03.3,1,1,NA,NA,NA,NA,NA,NA,NA,2021-08-23,27.79205,-175.819217,Night
G:\2021\5643\20210823_013638.wav,10/26/23 12:05,HMS,Croak,8/23/2021 2:00:04.4,8/23/2021 2:00:04.7,1,NA,NA,NA,NA,NA,NA,NA,NA,2021-08-23,27.79205,-175.819217,Night
G:\2021\5643\20210823_013638.wav,10/26/23 12:05,HMS,Growl,8/23/2021 2:00:05.2,8/23/2021 2:00:08.8,1,NA,NA,NA,NA,NA,NA,NA,NA,2021-08-23,27.79205,-175.819217,Night
G:\2021\5643\20210823_013638.wav,10/26/23 12:05,HMS,Croak,8/23/2021 2:00:10.4,8/23/2021 2:00:10.7,1,NA,NA,NA,NA,NA,NA,NA,NA,2021-08-23,27.79205,-175.819217,Night
G:\2021\5643\20210823_013638.wav,10/26/23 12:05,HMS,Whoop,8/23/2021 2:00:11.1,8/23/2021 2:00:11.5,1,2,NA,NA,NA,NA,NA,NA,NA,2021-08-23,27.79205,-175.819217,Night
G:\2021\5643\20210823_013638.wav,10/26/23 12:05,HMS,MoanBridgeGrowl,8/23/2021 2:00:16.5,8/23/2021 2:00:21.5,2,NA,NA,NA,NA,NA,NA,NA,NA,2021-08-23,27.79205,-175.819217,Night
G:\2021\5643\20210823_013638.wav,10/26/23 12:06,HMS,Croak,8/23/2021 2:00:22.9,8/23/2021 2:00:23.1,1,NA,NA,NA,NA,NA,NA,NA,NA,2021-08-23,27.79205,-175.819217,Night
G:\2021\5643\20210823_013638.wav,10/26/23 12:06,HMS,Growl,8/23/2021 2:00:27.1,8/23/2021 2:00:28.9,1,NA,NA,NA,NA,NA,NA,NA,NA,2021-08-23,27.79205,-175.819217,Night
G:\2021\5643\20210823_013638.wav,10/26/23 12:08,HMS,Growl,8/23/2021 2:02:20.4,8/23/2021 2:02:26.8,1,NA,NA,NA,NA,NA,NA,NA,NA,2021-08-23,27.79205,-175.819217,Night
G:\2021\5643\20210823_013638.wav,10/26/23 12:08,HMS,Croak,8/23/2021 2:02:29.1,8/23/2021 2:02:29.5,1,NA,NA,NA,NA,NA,NA,NA,NA,2021-08-23,27.79205,-175.819217,Night
G:\2021\5643\20210823_013638.wav,10/26/23 12:08,HMS,Croak,8/23/2021 2:02:34.8,8/23/2021 2:02:35.1,1,NA,NA,NA,NA,NA,NA,NA,NA,2021-08-23,27.79205,-175.819217,Night
G:\2021\5643\20210823_013638.wav,10/26/23 12:08,HMS,Growl,8/23/2021 2:02:35.9,8/23/2021 2:02:39.0,1,NA,NA,NA,NA,NA,NA,NA,NA,2021-08-23,27.79205,-175.819217,Night
G:\2021\5643\20210823_013638.wav,10/26/23 12:08,HMS,Whoop,8/23/2021 2:02:39.2,8/23/2021 2:02:39.6,1,2,NA,NA,NA,NA,NA,NA,NA,2021-08-23,27.79205,-175.819217,Night
G:\2021\5643\20210823_013638.wav,10/26/23 12:08,HMS,Croak,8/23/2021 2:02:40.1,8/23/2021 2:02:40.5,1,NA,NA,NA,NA,NA,NA,NA,NA,2021-08-23,27.79205,-175.819217,Night
G:\2021\5643\20210823_013638.wav,10/26/23 12:09,HMS,Growl,8/23/2021 2:02:41.0,8/23/2021 2:02:44.7,1,NA,NA,NA,NA,NA,NA,NA,NA,2021-08-23,27.79205,-175.819217,Night
G:\2021\5643\20210823_013638.wav,10/26/23 12:09,HMS,Croak,8/23/2021 2:02:49.2,8/23/2021 2:02:49.4,1,NA,NA,NA,NA,NA,NA,NA,NA,2021-08-23,27.79205,-175.819217,Night
G:\2021\5643\20210823_013638.wav,10/26/23 12:09,HMS,Growl,8/23/2021 2:02:54.1,8/23/2021 2:02:55.6,1,NA,NA,NA,NA,NA,NA,NA,NA,2021-08-23,27.79205,-175.819217,Night
G:\2021\5643\20210823_013638.wav,10/26/23 12:09,HMS,Croak,8/23/2021 2:02:57.1,8/23/2021 2:02:57.4,1,NA,NA,NA,NA,NA,NA,NA,NA,2021-08-23,27.79205,-175.819217,Night
G:\2021\5643\20210823_013638.wav,10/26/23 12:09,HMS,Growl,8/23/2021 2:04:08.4,8/23/2021 2:04:15.9,1,NA,NA,NA,NA,NA,NA,NA,NA,2021-08-23,27.79205,-175.819217,Night
G:\2021\5643\20210823_013638.wav,10/26/23 12:09,HMS,Croak,8/23/2021 2:04:18.3,8/23/2021 2:04:18.7,1,NA,NA,NA,NA,NA,NA,NA,NA,2021-08-23,27.79205,-175.819217,Night
G:\2021\5643\20210823_013638.wav,10/26/23 12:09,HMS,Croak,8/23/2021 2:04:19.3,8/23/2021 2:04:19.6,1,NA,NA,NA,NA,NA,NA,NA,NA,2021-08-23,27.79205,-175.819217,Night
G:\2021\5643\20210823_013638.wav,10/26/23 12:09,HMS,Growl,8/23/2021 2:04:25.2,8/23/2021 2:04:29.7,1,NA,NA,NA,NA,NA,NA,NA,NA,2021-08-23,27.79205,-175.819217,Night
G:\2021\5643\20210823_013638.wav,10/26/23 12:10,HMS,Croak,8/23/2021 2:04:31.2,8/23/2021 2:04:31.5,1,NA,NA,NA,NA,NA,NA,NA,NA,2021-08-23,27.79205,-175.819217,Night
G:\2021\5643\20210823_013638.wav,10/26/23 12:10,HMS,Growl,8/23/2021 2:04:32.1,8/23/2021 2:04:36.9,1,NA,NA,NA,NA,NA,NA,NA,NA,2021-08-23,27.79205,-175.819217,Night
G:\2021\5643\20210823_013638.wav,10/26/23 12:10,HMS,Croak,8/23/2021 2:04:41.4,8/23/2021 2:04:41.6,1,NA,NA,NA,NA,NA,NA,NA,NA,2021-08-23,27.79205,-175.819217,Night
G:\2021\5643\20210823_013638.wav,10/26/23 12:10,HMS,Croak,8/23/2021 2:04:45.8,8/23/2021 2:04:46.1,1,NA,NA,NA,NA,NA,NA,NA,NA,2021-08-23,27.79205,-175.819217,Night
G:\2021\5643\20210823_013638.wav,10/26/23 12:10,HMS,Growl,8/23/2021 2:04:52.6,8/23/2021 2:04:56.9,1,NA,NA,NA,NA,NA,NA,NA,NA,2021-08-23,27.79205,-175.819217,Night
G:\2021\5643\20210823_013638.wav,10/26/23 12:12,HMS,Growl,8/23/2021 3:00:17.6,8/23/2021 3:00:20.4,1,NA,NA,NA,NA,NA,NA,NA,NA,2021-08-23,27.79205,-175.819217,Night
G:\2021\5643\20210823_013638.wav,10/26/23 12:12,HMS,Growl,8/23/2021 3:01:47.1,8/23/2021 3:01:49.8,1,NA,NA,NA,NA,NA,NA,NA,NA,2021-08-23,27.79205,-175.819217,Night
G:\2021\5643\20210823_013638.wav,10/26/23 12:13,HMS,Growl,8/23/2021 3:01:57.0,8/23/2021 3:02:08.0,1,NA,NA,NA,NA,NA,NA,NA,NA,2021-08-23,27.79205,-175.819217,Night
G:\2021\5643\20210823_013638.wav,10/26/23 12:13,HMS,Growl,8/23/2021 3:02:10.1,8/23/2021 3:02:13.5,1,NA,NA,NA,NA,NA,NA,NA,NA,2021-08-23,27.79205,-175.819217,Night
G:\2021\5643\20210823_013638.wav,10/26/23 12:14,HMS,Growl,8/23/2021 3:02:24.8,8/23/2021 3:02:32.4,1,NA,NA,NA,NA,NA,NA,NA,NA,2021-08-23,27.79205,-175.819217,Night
G:\2021\5643\20210823_013638.wav,10/26/23 12:15,HMS,Growl,8/23/2021 3:04:29.8,NA,1,NA,NA,NA,NA,NA,NA,NA,NA,2021-08-23,27.79205,-175.819217,Night
G:\2021\5643\20210823_013638.wav,10/26/23 12:15,HMS,Growl,8/23/2021 3:04:36.2,8/23/2021 3:04:39.3,1,NA,NA,NA,NA,NA,NA,NA,NA,2021-08-23,27.79205,-175.819217,Night
G:\2021\5643\20210823_013638.wav,10/26/23 12:15,HMS,Growl,8/23/2021 3:04:41.9,8/23/2021 3:04:46.7,1,NA,NA,NA,NA,NA,NA,NA,NA,2021-08-23,27.79205,-175.819217,Night
G:\2021\5643\20210823_013638.wav,10/26/23 12:15,HMS,Growl,8/23/2021 3:04:51.9,8/23/2021 3:04:52.7,1,NA,NA,NA,NA,NA,NA,NA,NA,2021-08-23,27.79205,-175.819217,Night
G:\2021\5643\20210823_013638.wav,10/26/23 12:49,HMS,Growl,8/23/2021 4:01:44.2,8/23/2021 4:01:51.8,2,NA,NA,NA,NA,NA,NA,NA,NA,2021-08-23,27.79205,-175.819217,Night
G:\2021\5643\20210823_013638.wav,10/26/23 12:49,HMS,Croak,8/23/2021 4:01:52.3,8/23/2021 4:01:52.6,2,NA,NA,NA,NA,NA,NA,NA,NA,2021-08-23,27.79205,-175.819217,Night
G:\2021\5643\20210823_013638.wav,10/26/23 12:49,HMS,Croak,8/23/2021 4:01:55.3,8/23/2021 4:01:55.6,2,NA,NA,NA,NA,NA,NA,NA,NA,2021-08-23,27.79205,-175.819217,Night
G:\2021\5643\20210823_013638.wav,10/26/23 12:49,HMS,Whoop,8/23/2021 4:01:56.1,8/23/2021 4:01:56.4,1,2,NA,NA,NA,NA,NA,NA,NA,2021-08-23,27.79205,-175.819217,Night
G:\2021\5643\20210823_013638.wav,10/26/23 12:49,HMS,Croak,8/23/2021 4:01:58.1,8/23/2021 4:01:58.5,2,NA,NA,NA,NA,NA,NA,NA,NA,2021-08-23,27.79205,-175.819217,Night
G:\2021\5643\20210823_013638.wav,10/26/23 12:50,HMS,Growl,8/23/2021 4:02:00.0,8/23/2021 4:02:02.5,2,NA,NA,NA,NA,NA,NA,NA,NA,2021-08-23,27.79205,-175.819217,Night
G:\2021\5643\20210823_013638.wav,10/26/23 12:51,HMS,Whoop,8/23/2021 4:02:02.6,8/23/2021 4:02:02.8,2,1,NA,NA,NA,NA,NA,NA,NA,2021-08-23,27.79205,-175.819217,Night
G:\2021\5643\20210823_013638.wav,10/26/23 12:51,HMS,Whoop,8/23/2021 4:02:04.9,8/23/2021 4:02:05.6,2,3,NA,NA,NA,NA,NA,NA,NA,2021-08-23,27.79205,-175.819217,Night
G:\2021\5643\20210823_013638.wav,10/26/23 12:51,HMS,Growl,8/23/2021 4:02:05.7,8/23/2021 4:02:06.2,2,NA,NA,NA,NA,NA,NA,NA,NA,2021-08-23,27.79205,-175.819217,Night
G:\2021\5643\20210823_013638.wav,10/26/23 12:51,HMS,Growl,8/23/2021 4:02:06.6,8/23/2021 4:02:09.8,2,NA,NA,NA,NA,NA,NA,NA,NA,2021-08-23,27.79205,-175.819217,Night
G:\2021\5643\20210823_013638.wav,10/26/23 12:52,HMS,Whoop,8/23/2021 4:02:10.8,8/23/2021 4:02:11.0,2,1,NA,NA,NA,NA,NA,NA,NA,2021-08-23,27.79205,-175.819217,Night
G:\2021\5643\20210823_013638.wav,10/26/23 12:52,HMS,Growl,8/23/2021 4:02:14.6,8/23/2021 4:02:15.4,2,NA,NA,NA,NA,NA,NA,NA,NA,2021-08-23,27.79205,-175.819217,Night
G:\2021\5643\20210823_013638.wav,10/26/23 12:53,HMS,Whoop,8/23/2021 4:02:16.7,8/23/2021 4:02:17.4,2,2,NA,NA,NA,NA,NA,NA,NA,2021-08-23,27.79205,-175.819217,Night
G:\2021\5643\20210823_013638.wav,10/26/23 12:53,HMS,Moan,8/23/2021 4:02:18.0,8/23/2021 4:02:19.6,2,NA,NA,NA,NA,NA,NA,NA,NA,2021-08-23,27.79205,-175.819217,Night
G:\2021\5643\20210823_013638.wav,10/26/23 12:53,HMS,MoanGrowl,8/23/2021 4:02:19.8,8/23/2021 4:02:23.5,2,NA,NA,NA,NA,NA,NA,NA,NA,2021-08-23,27.79205,-175.819217,Night
G:\2021\5643\20210823_013638.wav,10/26/23 12:54,HMS,Whoop,8/23/2021 4:02:25.6,8/23/2021 4:02:26.4,2,2,NA,NA,NA,NA,NA,NA,NA,2021-08-23,27.79205,-175.819217,Night
G:\2021\5643\20210823_013638.wav,10/26/23 12:54,HMS,Growl,8/23/2021 4:02:47.9,8/23/2021 4:02:53.8,1,NA,NA,NA,NA,NA,NA,NA,NA,2021-08-23,27.79205,-175.819217,Night
G:\2021\5643\20210823_013638.wav,10/26/23 12:55,HMS,Croak,8/23/2021 4:02:54.3,8/23/2021 4:02:54.5,1,NA,NA,NA,NA,NA,NA,NA,NA,2021-08-23,27.79205,-175.819217,Night
G:\2021\5643\20210823_013638.wav,10/26/23 12:55,HMS,Growl,8/23/2021 4:02:57.0,8/23/2021 4:02:57.6,1,NA,NA,NA,NA,NA,NA,NA,NA,2021-08-23,27.79205,-175.819217,Night
G:\2021\5643\20210823_013638.wav,10/26/23 12:55,HMS,Growl,8/23/2021 4:02:58.0,8/23/2021 4:03:00.6,1,NA,NA,NA,NA,NA,NA,NA,NA,2021-08-23,27.79205,-175.819217,Night
G:\2021\5643\20210823_013638.wav,10/26/23 12:55,HMS,Growl,8/23/2021 4:03:01.0,8/23/2021 4:03:03.2,1,NA,NA,NA,NA,NA,NA,NA,NA,2021-08-23,27.79205,-175.819217,Night
G:\2021\5643\20210823_013638.wav,10/26/23 12:55,HMS,Growl,8/23/2021 4:03:05.1,8/23/2021 4:03:07.6,1,NA,NA,NA,NA,NA,NA,NA,NA,2021-08-23,27.79205,-175.819217,Night
G:\2021\5643\20210823_013638.wav,10/26/23 12:55,HMS,Moan,8/23/2021 4:03:11.2,8/23/2021 4:03:12.6,1,NA,NA,NA,NA,NA,NA,NA,NA,2021-08-23,27.79205,-175.819217,Night
G:\2021\5643\20210823_013638.wav,10/26/23 12:55,HMS,MoanGrowl,8/23/2021 4:03:12.8,8/23/2021 4:03:18.0,1,NA,NA,NA,NA,NA,NA,NA,NA,2021-08-23,27.79205,-175.819217,Night
G:\2021\5643\20210823_043638.wav,10/26/23 12:56,HMS,Growl,8/23/2021 5:00:09.1,8/23/2021 5:00:12.3,1,NA,NA,NA,NA,NA,NA,NA,NA,2021-08-23,27.79205,-175.819217,Night
G:\2021\5643\20210823_043638.wav,10/26/23 12:59,HMS,Growl,8/23/2021 5:01:15.1,8/23/2021 5:01:18.8,1,NA,NA,NA,NA,NA,NA,NA,NA,2021-08-23,27.79205,-175.819217,Night
G:\2021\5643\20210823_043638.wav,10/26/23 12:59,HMS,Croak,8/23/2021 5:01:26.3,8/23/2021 5:01:26.6,1,NA,NA,NA,NA,NA,NA,NA,NA,2021-08-23,27.79205,-175.819217,Night
G:\2021\5643\20210823_043638.wav,10/26/23 13:00,HMS,Croak,8/23/2021 5:01:33.1,8/23/2021 5:01:33.6,1,NA,NA,NA,NA,NA,NA,NA,NA,2021-08-23,27.79205,-175.819217,Night
G:\2021\5643\20210823_043638.wav,10/26/23 13:00,HMS,Growl,8/23/2021 5:01:35.4,8/23/2021 5:01:37.9,1,NA,NA,NA,NA,NA,NA,NA,NA,2021-08-23,27.79205,-175.819217,Night
G:\2021\5643\20210823_043638.wav,10/26/23 13:00,HMS,Croak,8/23/2021 5:01:39.2,8/23/2021 5:01:39.7,1,NA,NA,NA,NA,NA,NA,NA,NA,2021-08-23,27.79205,-175.819217,Night
G:\2021\5643\20210823_043638.wav,10/26/23 13:01,HMS,Growl,8/23/2021 5:01:41.4,8/23/2021 5:01:49.4,2,NA,NA,NA,NA,NA,NA,NA,NA,2021-08-23,27.79205,-175.819217,Night
G:\2021\5643\20210823_043638.wav,10/26/23 13:01,HMS,Croak,8/23/2021 5:01:49.7,8/23/2021 5:01:50.0,2,NA,NA,NA,NA,NA,NA,NA,NA,2021-08-23,27.79205,-175.819217,Night
G:\2021\5643\20210823_043638.wav,10/26/23 13:01,HMS,Growl,8/23/2021 5:01:52.6,8/23/2021 5:01:53.2,2,NA,NA,NA,NA,NA,NA,NA,NA,2021-08-23,27.79205,-175.819217,Night
G:\2021\5643\20210823_043638.wav,10/26/23 13:01,HMS,Croak,8/23/2021 5:01:53.8,8/23/2021 5:01:54.1,2,NA,NA,NA,NA,NA,NA,NA,NA,2021-08-23,27.79205,-175.819217,Night
G:\2021\5643\20210823_043638.wav,10/26/23 13:01,HMS,Moan,8/23/2021 5:01:54.8,8/23/2021 5:01:55.4,1,NA,NA,NA,NA,NA,two seals present,NA,NA,2021-08-23,27.79205,-175.819217,Night
G:\2021\5643\20210823_043638.wav,10/26/23 13:02,HMS,Growl,8/23/2021 5:01:55.6,8/23/2021 5:01:57.4,1,NA,NA,NA,NA,NA,NA,NA,NA,2021-08-23,27.79205,-175.819217,Night
G:\2021\5643\20210823_043638.wav,10/26/23 13:02,HMS,Croak,8/23/2021 5:01:58.5,8/23/2021 5:01:58.9,2,NA,NA,NA,NA,NA,NA,NA,NA,2021-08-23,27.79205,-175.819217,Night
G:\2021\5643\20210823_043638.wav,10/26/23 13:02,HMS,Growl,8/23/2021 5:01:59.4,8/23/2021 5:02:02.5,2,NA,NA,NA,NA,NA,NA,NA,NA,2021-08-23,27.79205,-175.819217,Night
G:\2021\5643\20210823_043638.wav,10/26/23 13:02,HMS,Growl,8/23/2021 5:02:03.4,8/23/2021 5:02:06.9,2,NA,NA,NA,NA,NA,NA,NA,NA,2021-08-23,27.79205,-175.819217,Night
G:\2021\5643\20210823_043638.wav,10/26/23 13:02,HMS,Whoop,8/23/2021 5:02:08.9,8/23/2021 5:02:09.5,2,2,NA,NA,NA,NA,NA,NA,NA,2021-08-23,27.79205,-175.819217,Night
G:\2021\5643\20210823_043638.wav,10/26/23 13:02,HMS,Growl,8/23/2021 5:02:16.2,8/23/2021 5:02:17.1,2,NA,NA,NA,NA,NA,NA,NA,NA,2021-08-23,27.79205,-175.819217,Night
G:\2021\5643\20210823_043638.wav,10/26/23 13:02,HMS,Croak,8/23/2021 5:02:18.3,8/23/2021 5:02:18.6,2,NA,NA,NA,NA,NA,NA,NA,NA,2021-08-23,27.79205,-175.819217,Night
G:\2021\5643\20210823_043638.wav,10/26/23 13:03,HMS,Growl,8/23/2021 5:02:24.8,8/23/2021 5:02:28.3,2,NA,NA,NA,NA,NA,NA,NA,NA,2021-08-23,27.79205,-175.819217,Night
G:\2021\5643\20210823_043638.wav,10/26/23 13:03,HMS,Whoop,8/23/2021 5:02:28.5,8/23/2021 5:02:29.2,2,2,NA,NA,NA,NA,NA,NA,NA,2021-08-23,27.79205,-175.819217,Night
G:\2021\5643\20210823_043638.wav,10/26/23 13:03,HMS,Growl,8/23/2021 5:03:52.4,8/23/2021 5:03:56.6,1,NA,NA,NA,NA,NA,NA,NA,NA,2021-08-23,27.79205,-175.819217,Night
G:\2021\5643\20210823_043638.wav,10/26/23 13:03,HMS,Growl,8/23/2021 5:04:00.8,8/23/2021 5:04:04.3,1,NA,NA,NA,NA,NA,NA,NA,NA,2021-08-23,27.79205,-175.819217,Night
G:\2021\5643\20210823_043638.wav,10/26/23 13:03,HMS,Growl,8/23/2021 5:04:08.1,8/23/2021 5:04:11.9,1,NA,NA,NA,NA,NA,NA,NA,NA,2021-08-23,27.79205,-175.819217,Night
G:\2021\5643\20210823_043638.wav,10/26/23 13:03,HMS,MoanBridgeGrowl,8/23/2021 5:04:18.9,8/23/2021 5:04:23.3,1,NA,NA,NA,NA,NA,NA,NA,NA,2021-08-23,27.79205,-175.819217,Night
G:\2021\5643\20210823_043638.wav,10/26/23 13:04,HMS,Growl,8/23/2021 6:00:05.6,8/23/2021 6:00:06.5,2,NA,NA,NA,NA,NA,NA,NA,NA,2021-08-23,27.79205,-175.819217,Night
G:\2021\5643\20210823_043638.wav,10/26/23 13:04,HMS,Croak,8/23/2021 6:00:07.6,8/23/2021 6:00:07.8,2,NA,NA,NA,NA,NA,NA,NA,NA,2021-08-23,27.79205,-175.819217,Night
G:\2021\5643\20210823_043638.wav,10/26/23 13:04,HMS,Growl,8/23/2021 6:00:19.9,8/23/2021 6:00:23.7,2,NA,NA,NA,NA,NA,NA,NA,NA,2021-08-23,27.79205,-175.819217,Night
G:\2021\5643\20210823_043638.wav,10/26/23 13:05,HMS,Whoop,8/23/2021 6:00:24.0,8/23/2021 6:00:24.7,2,2,NA,NA,NA,NA,NA,NA,NA,2021-08-23,27.79205,-175.819217,Night
G:\2021\5643\20210823_043638.wav,10/26/23 13:05,HMS,Growl,8/23/2021 6:00:55.6,8/23/2021 6:00:59.7,1,NA,NA,NA,NA,NA,NA,NA,NA,2021-08-23,27.79205,-175.819217,Night
G:\2021\5643\20210823_043638.wav,10/26/23 13:05,HMS,Growl,8/23/2021 6:01:19.7,8/23/2021 6:01:23.1,1,NA,NA,NA,NA,NA,NA,NA,NA,2021-08-23,27.79205,-175.819217,Night
G:\2021\5643\20210823_043638.wav,10/26/23 13:05,HMS,Growl,8/23/2021 6:01:33.9,8/23/2021 6:01:37.2,1,NA,NA,NA,NA,NA,NA,NA,NA,2021-08-23,27.79205,-175.819217,Night
G:\2021\5643\20210823_043638.wav,10/26/23 13:06,HMS,Growl,8/23/2021 6:02:58.4,8/23/2021 6:03:02.9,2,NA,NA,NA,NA,NA,NA,NA,NA,2021-08-23,27.79205,-175.819217,Night
G:\2021\5643\20210823_043638.wav,10/26/23 13:06,HMS,Growl,8/23/2021 6:03:05.5,8/23/2021 6:03:06.5,2,NA,NA,NA,NA,NA,NA,NA,NA,2021-08-23,27.79205,-175.819217,Night
G:\2021\5643\20210823_043638.wav,10/26/23 13:06,HMS,Croak,8/23/2021 6:03:07.2,8/23/2021 6:03:07.5,2,NA,NA,NA,NA,NA,NA,NA,NA,2021-08-23,27.79205,-175.819217,Night
G:\2021\5643\20210823_043638.wav,10/26/23 13:06,HMS,Growl,8/23/2021 6:03:07.1,8/23/2021 6:03:09.6,1,NA,NA,NA,NA,NA,"two seals present, overlapping calls",NA,NA,2021-08-23,27.79205,-175.819217,Night
G:\2021\5643\20210823_043638.wav,10/26/23 13:06,HMS,Growl,8/23/2021 6:03:13.5,8/23/2021 6:03:17.1,2,NA,NA,NA,NA,NA,NA,NA,NA,2021-08-23,27.79205,-175.819217,Night
G:\2021\5643\20210823_043638.wav,10/26/23 13:06,HMS,Whoop,8/23/2021 6:03:17.2,8/23/2021 6:03:17.7,2,2,NA,NA,NA,NA,NA,NA,NA,2021-08-23,27.79205,-175.819217,Night
G:\2021\5643\20210823_043638.wav,10/26/23 13:07,HMS,Growl,8/23/2021 6:03:17.9,8/23/2021 6:03:21.6,1,NA,NA,NA,NA,NA,NA,NA,NA,2021-08-23,27.79205,-175.819217,Night
G:\2021\5643\20210823_043638.wav,10/26/23 13:07,HMS,Growl,8/23/2021 6:03:23.0,8/23/2021 6:03:26.7,1,NA,NA,NA,NA,NA,NA,NA,NA,2021-08-23,27.79205,-175.819217,Night
G:\2021\5643\20210823_043638.wav,10/26/23 13:07,HMS,Growl,8/23/2021 6:03:25.1,8/23/2021 6:03:25.7,2,NA,NA,NA,NA,NA,NA,NA,NA,2021-08-23,27.79205,-175.819217,Night
G:\2021\5643\20210823_043638.wav,10/26/23 13:07,HMS,Growl,8/23/2021 6:03:26.2,8/23/2021 6:03:26.8,2,NA,NA,NA,NA,NA,NA,NA,NA,2021-08-23,27.79205,-175.819217,Night
G:\2021\5643\20210823_043638.wav,10/26/23 13:07,HMS,Growl,8/23/2021 6:03:41.5,8/23/2021 6:03:43.1,1,NA,NA,NA,NA,NA,NA,NA,NA,2021-08-23,27.79205,-175.819217,Night
G:\2021\5643\20210823_043638.wav,10/26/23 13:07,HMS,Growl,8/23/2021 6:03:47.9,8/23/2021 6:03:51.8,1,NA,NA,NA,NA,NA,NA,NA,NA,2021-08-23,27.79205,-175.819217,Night
G:\2021\5643\20210823_043638.wav,10/26/23 13:07,HMS,Growl,8/23/2021 6:03:56.5,8/23/2021 6:03:57.9,1,NA,NA,NA,NA,NA,NA,NA,NA,2021-08-23,27.79205,-175.819217,Night
G:\2021\5643\20210823_043638.wav,10/26/23 13:09,HMS,Croak,8/23/2021 7:00:31.9,8/23/2021 7:00:32.2,1,NA,NA,NA,NA,NA,NA,NA,NA,2021-08-23,27.79205,-175.819217,Night
G:\2021\5643\20210823_043638.wav,10/26/23 13:09,HMS,Growl,8/23/2021 7:00:57.3,8/23/2021 7:01:01.2,1,NA,NA,NA,NA,NA,NA,NA,NA,2021-08-23,27.79205,-175.819217,Night
G:\2021\5643\20210823_043638.wav,10/26/23 13:09,HMS,Croak,8/23/2021 7:01:01.8,8/23/2021 7:01:02.1,1,NA,NA,NA,NA,NA,NA,NA,NA,2021-08-23,27.79205,-175.819217,Night
G:\2021\5643\20210823_043638.wav,10/26/23 13:09,HMS,Croak,8/23/2021 7:01:02.4,8/23/2021 7:01:02.8,1,NA,NA,NA,NA,NA,NA,NA,NA,2021-08-23,27.79205,-175.819217,Night
G:\2021\5643\20210823_043638.wav,10/26/23 13:09,HMS,Growl,8/23/2021 7:01:03.7,8/23/2021 7:01:07.9,1,NA,NA,NA,NA,NA,NA,NA,NA,2021-08-23,27.79205,-175.819217,Night
G:\2021\5643\20210823_043638.wav,10/26/23 13:09,HMS,Whoop,8/23/2021 7:01:09.6,8/23/2021 7:01:10.0,1,2,NA,NA,NA,NA,NA,NA,NA,2021-08-23,27.79205,-175.819217,Night
G:\2021\5643\20210823_043638.wav,10/26/23 13:10,HMS,Growl,8/23/2021 7:01:11.2,8/23/2021 7:01:16.0,1,NA,NA,NA,NA,NA,NA,NA,NA,2021-08-23,27.79205,-175.819217,Night
G:\2021\5643\20210823_043638.wav,10/26/23 13:10,HMS,Croak,8/23/2021 7:01:22.1,8/23/2021 7:01:22.5,1,NA,NA,NA,NA,NA,NA,NA,NA,2021-08-23,27.79205,-175.819217,Night
G:\2021\5643\20210823_043638.wav,10/26/23 13:10,HMS,Growl,8/23/2021 7:01:23.4,8/23/2021 7:01:27.5,1,NA,NA,NA,NA,NA,NA,NA,NA,2021-08-23,27.79205,-175.819217,Night
G:\2021\5643\20210823_043638.wav,10/26/23 13:10,HMS,Growl,8/23/2021 7:01:28.4,8/23/2021 7:01:31.5,1,NA,NA,NA,NA,NA,NA,NA,NA,2021-08-23,27.79205,-175.819217,Night
G:\2021\5643\20210823_043638.wav,10/26/23 13:10,HMS,Growl,8/23/2021 7:02:30.1,8/23/2021 7:02:33.9,1,NA,NA,NA,NA,NA,NA,NA,NA,2021-08-23,27.79205,-175.819217,Night
G:\2021\5643\20210823_043638.wav,10/26/23 13:11,HMS,Growl,8/23/2021 7:04:13.0,8/23/2021 7:04:18.3,1,NA,NA,NA,NA,NA,NA,NA,NA,2021-08-23,27.79205,-175.819217,Night
G:\2021\5643\20210823_043638.wav,10/26/23 13:11,HMS,Growl,8/23/2021 7:04:20.1,8/23/2021 7:04:21.0,1,NA,NA,NA,NA,NA,NA,NA,NA,2021-08-23,27.79205,-175.819217,Night
G:\2021\5643\20210823_043638.wav,10/26/23 13:11,HMS,Growl,8/23/2021 7:04:26.8,8/23/2021 7:04:30.9,1,NA,NA,NA,NA,NA,NA,NA,NA,2021-08-23,27.79205,-175.819217,Night
G:\2021\5643\20210823_043638.wav,10/26/23 13:11,HMS,Growl,8/23/2021 7:04:36.9,8/23/2021 7:04:37.6,1,NA,NA,NA,NA,NA,NA,NA,NA,2021-08-23,27.79205,-175.819217,Night
G:\2021\5643\20210823_043638.wav,10/26/23 13:11,HMS,Croak,8/23/2021 7:04:38.1,8/23/2021 7:04:38.6,1,NA,NA,NA,NA,NA,NA,NA,NA,2021-08-23,27.79205,-175.819217,Night
G:\2021\5643\20210823_043638.wav,10/26/23 13:11,HMS,Growl,8/23/2021 7:04:45.9,8/23/2021 7:04:51.0,1,NA,NA,NA,NA,NA,NA,NA,NA,2021-08-23,27.79205,-175.819217,Night
G:\2021\5643\20210823_043638.wav,10/26/23 13:11,HMS,Croak,8/23/2021 7:04:53.0,8/23/2021 7:04:53.4,1,NA,NA,NA,NA,NA,NA,NA,NA,2021-08-23,27.79205,-175.819217,Night
G:\2021\5643\20210823_043638.wav,10/26/23 13:11,HMS,Growl,8/23/2021 7:04:54.2,8/23/2021 7:04:59.2,1,NA,NA,NA,NA,NA,NA,NA,NA,2021-08-23,27.79205,-175.819217,Night
G:\2021\5643\20210823_073637.wav,10/26/23 13:12,HMS,Growl,8/23/2021 8:00:10.2,8/23/2021 8:00:15.0,2,NA,NA,NA,NA,NA,NA,NA,NA,2021-08-23,27.79205,-175.819217,Day
G:\2021\5643\20210823_073637.wav,10/26/23 13:12,HMS,Croak,8/23/2021 8:00:15.3,8/23/2021 8:00:15.5,2,NA,NA,NA,NA,NA,NA,NA,NA,2021-08-23,27.79205,-175.819217,Day
G:\2021\5643\20210823_073637.wav,10/26/23 13:13,HMS,Croak,8/23/2021 8:00:17.7,8/23/2021 8:00:17.9,2,NA,NA,NA,NA,NA,NA,NA,NA,2021-08-23,27.79205,-175.819217,Day
G:\2021\5643\20210823_073637.wav,10/26/23 13:13,HMS,Growl,8/23/2021 8:00:18.4,8/23/2021 8:00:20.4,2,NA,NA,NA,NA,NA,NA,NA,NA,2021-08-23,27.79205,-175.819217,Day
G:\2021\5643\20210823_073637.wav,10/26/23 13:13,HMS,Whoop,8/23/2021 8:00:21.0,8/23/2021 8:00:21.6,1,3,NA,NA,NA,NA,NA,NA,NA,2021-08-23,27.79205,-175.819217,Day
G:\2021\5643\20210823_073637.wav,10/26/23 13:13,HMS,Croak,8/23/2021 8:00:24.7,8/23/2021 8:00:24.9,2,NA,NA,NA,NA,NA,NA,NA,NA,2021-08-23,27.79205,-175.819217,Day
G:\2021\5643\20210823_073637.wav,10/26/23 13:15,HMS,Whoop,8/23/2021 8:00:26.7,8/23/2021 8:00:26.9,2,1,NA,NA,NA,NA,NA,NA,NA,2021-08-23,27.79205,-175.819217,Day
G:\2021\5643\20210823_073637.wav,10/26/23 13:15,HMS,Moan,8/23/2021 8:00:28.2,8/23/2021 8:00:29.1,2,NA,NA,NA,NA,NA,NA,NA,NA,2021-08-23,27.79205,-175.819217,Day
G:\2021\5643\20210823_073637.wav,10/26/23 13:16,HMS,MoanGrowl,8/23/2021 8:00:29.5,8/23/2021 8:00:33.3,2,NA,NA,NA,NA,NA,NA,NA,NA,2021-08-23,27.79205,-175.819217,Day
G:\2021\5643\20210823_073637.wav,10/26/23 13:16,HMS,Whoop,8/23/2021 8:00:33.4,8/23/2021 8:00:34.4,2,4,NA,NA,NA,NA,NA,NA,NA,2021-08-23,27.79205,-175.819217,Day
G:\2021\5643\20210823_073637.wav,10/26/23 13:16,HMS,Growl,8/23/2021 8:01:04.1,8/23/2021 8:01:09.7,1,NA,NA,NA,NA,NA,NA,NA,NA,2021-08-23,27.79205,-175.819217,Day
G:\2021\5643\20210823_073637.wav,10/26/23 13:16,HMS,Growl,8/23/2021 8:01:10.2,8/23/2021 8:01:13.7,1,NA,NA,NA,NA,NA,NA,NA,NA,2021-08-23,27.79205,-175.819217,Day
G:\2021\5643\20210823_073637.wav,10/26/23 13:17,HMS,Croak,8/23/2021 8:01:15.1,8/23/2021 8:01:15.3,1,NA,NA,NA,NA,NA,NA,NA,NA,2021-08-23,27.79205,-175.819217,Day
G:\2021\5643\20210823_073637.wav,10/26/23 13:17,HMS,Growl,8/23/2021 8:01:18.7,8/23/2021 8:01:21.9,1,NA,NA,NA,NA,NA,NA,NA,NA,2021-08-23,27.79205,-175.819217,Day
G:\2021\5643\20210823_073637.wav,10/26/23 13:18,HMS,Whoop,8/23/2021 8:01:22.4,8/23/2021 8:01:22.8,2,2,NA,NA,NA,NA,NA,NA,NA,2021-08-23,27.79205,-175.819217,Day
G:\2021\5643\20210823_073637.wav,10/26/23 13:18,HMS,Whoop,8/23/2021 8:01:23.3,8/23/2021 8:01:23.9,2,4,NA,NA,NA,NA,NA,NA,NA,2021-08-23,27.79205,-175.819217,Day
G:\2021\5643\20210823_073637.wav,10/26/23 13:18,HMS,Whoop,8/23/2021 8:01:25.2,8/23/2021 8:01:25.8,1,3,NA,NA,NA,NA,NA,NA,NA,2021-08-23,27.79205,-175.819217,Day
G:\2021\5643\20210823_073637.wav,10/26/23 13:18,HMS,Whoop,8/23/2021 8:01:26.2,8/23/2021 8:01:26.4,1,1,NA,NA,NA,NA,NA,NA,NA,2021-08-23,27.79205,-175.819217,Day
G:\2021\5643\20210823_073637.wav,10/26/23 13:18,HMS,Whoop,8/23/2021 8:01:27.0,8/23/2021 8:01:27.6,1,3,NA,NA,NA,NA,NA,NA,NA,2021-08-23,27.79205,-175.819217,Day
G:\2021\5643\20210823_073637.wav,10/26/23 13:19,HMS,Moan,8/23/2021 8:01:28.8,8/23/2021 8:01:29.5,1,NA,NA,NA,NA,NA,NA,NA,NA,2021-08-23,27.79205,-175.819217,Day
G:\2021\5643\20210823_073637.wav,10/26/23 13:19,HMS,Whoop,8/23/2021 8:01:29.9,8/23/2021 8:01:30.9,1,5,NA,NA,NA,NA,NA,NA,NA,2021-08-23,27.79205,-175.819217,Day
G:\2021\5643\20210823_073637.wav,10/26/23 13:19,HMS,Growl,8/23/2021 8:01:31.4,8/23/2021 8:01:35.0,1,NA,NA,NA,NA,NA,two seals present,NA,NA,2021-08-23,27.79205,-175.819217,Day
G:\2021\5643\20210823_073637.wav,10/26/23 13:20,HMS,Whoop,8/23/2021 8:01:31.8,8/23/2021 8:01:32.6,1,4,NA,NA,NA,NA,NA,NA,NA,2021-08-23,27.79205,-175.819217,Day
G:\2021\5643\20210823_073637.wav,10/26/23 13:20,HMS,Croak,8/23/2021 8:01:34.5,8/23/2021 8:01:34.7,1,NA,NA,NA,NA,NA,NA,NA,NA,2021-08-23,27.79205,-175.819217,Day
G:\2021\5643\20210823_073637.wav,10/26/23 13:20,HMS,Croak,8/23/2021 8:01:35.1,8/23/2021 8:01:35.3,1,NA,NA,NA,NA,NA,NA,NA,NA,2021-08-23,27.79205,-175.819217,Day
G:\2021\5643\20210823_073637.wav,10/26/23 13:20,HMS,Growl,8/23/2021 8:01:36.9,8/23/2021 8:01:37.7,1,NA,NA,NA,NA,NA,NA,NA,NA,2021-08-23,27.79205,-175.819217,Day
G:\2021\5643\20210823_073637.wav,10/26/23 13:20,HMS,Whoop,8/23/2021 8:01:38.4,8/23/2021 8:01:39.3,2,4,NA,NA,NA,NA,NA,NA,NA,2021-08-23,27.79205,-175.819217,Day
G:\2021\5643\20210823_073637.wav,10/26/23 13:20,HMS,Growl,8/23/2021 8:01:46.8,8/23/2021 8:01:47.8,1,NA,NA,NA,NA,NA,NA,NA,NA,2021-08-23,27.79205,-175.819217,Day
G:\2021\5643\20210823_073637.wav,10/26/23 13:21,HMS,Whoop,8/23/2021 8:02:52.7,8/23/2021 8:02:53.0,2,1,NA,NA,NA,NA,NA,NA,NA,2021-08-23,27.79205,-175.819217,Day
G:\2021\5643\20210823_073637.wav,10/26/23 13:21,HMS,Whoop,8/23/2021 8:02:54.5,8/23/2021 8:02:55.0,2,2,NA,NA,NA,NA,NA,NA,NA,2021-08-23,27.79205,-175.819217,Day
G:\2021\5643\20210823_073637.wav,10/26/23 13:21,HMS,Whoop,8/23/2021 8:02:57.0,8/23/2021 8:02:57.6,2,3,NA,NA,NA,NA,NA,NA,NA,2021-08-23,27.79205,-175.819217,Day
G:\2021\5643\20210823_073637.wav,10/26/23 13:21,HMS,Whoop,8/23/2021 8:03:00.5,8/23/2021 8:03:00.6,1,1,NA,NA,NA,NA,NA,NA,NA,2021-08-23,27.79205,-175.819217,Day
G:\2021\5643\20210823_073637.wav,10/26/23 13:21,HMS,Whoop,8/23/2021 8:03:02.8,8/23/2021 8:03:03.7,1,4,NA,NA,NA,NA,NA,NA,NA,2021-08-23,27.79205,-175.819217,Day
G:\2021\5643\20210823_073637.wav,10/26/23 13:21,HMS,Whoop,8/23/2021 8:03:06.3,8/23/2021 8:03:07.4,1,5,NA,NA,NA,NA,NA,NA,NA,2021-08-23,27.79205,-175.819217,Day
G:\2021\5643\20210823_073637.wav,10/26/23 13:21,HMS,Whoop,8/23/2021 8:03:10.2,8/23/2021 8:03:11.3,1,5,NA,NA,NA,NA,NA,NA,NA,2021-08-23,27.79205,-175.819217,Day
G:\2021\5643\20210823_073637.wav,10/26/23 13:22,HMS,Croak,8/23/2021 8:03:12.7,8/23/2021 8:03:13.1,1,NA,NA,NA,NA,NA,NA,NA,NA,2021-08-23,27.79205,-175.819217,Day
G:\2021\5643\20210823_073637.wav,10/26/23 13:22,HMS,Croak,8/23/2021 8:03:13.4,8/23/2021 8:03:13.7,1,NA,NA,NA,NA,NA,NA,NA,NA,2021-08-23,27.79205,-175.819217,Day
G:\2021\5643\20210823_073637.wav,10/26/23 13:22,HMS,Growl,8/23/2021 8:03:15.1,8/23/2021 8:03:16.5,1,NA,NA,NA,NA,NA,NA,NA,NA,2021-08-23,27.79205,-175.819217,Day
G:\2021\5643\20210823_073637.wav,10/26/23 13:22,HMS,Whoop,8/23/2021 8:03:16.9,8/23/2021 8:03:17.0,1,1,NA,NA,NA,NA,NA,NA,NA,2021-08-23,27.79205,-175.819217,Day
G:\2021\5643\20210823_073637.wav,10/26/23 13:22,HMS,Whoop,8/23/2021 8:03:17.9,8/23/2021 8:03:18.8,1,4,NA,NA,NA,NA,NA,NA,NA,2021-08-23,27.79205,-175.819217,Day
G:\2021\5643\20210823_073637.wav,10/26/23 13:22,HMS,Whoop,8/23/2021 8:04:00.9,8/23/2021 8:04:01.1,2,1,NA,NA,NA,NA,NA,NA,NA,2021-08-23,27.79205,-175.819217,Day
G:\2021\5643\20210823_073637.wav,10/26/23 13:23,HMS,Whoop,8/23/2021 8:04:02.1,8/23/2021 8:04:02.3,2,1,NA,NA,NA,NA,NA,NA,NA,2021-08-23,27.79205,-175.819217,Day
G:\2021\5643\20210823_073637.wav,10/26/23 13:23,HMS,Whoop,8/23/2021 8:04:02.8,8/23/2021 8:04:03.4,1,3,NA,NA,NA,NA,NA,NA,NA,2021-08-23,27.79205,-175.819217,Day
G:\2021\5643\20210823_073637.wav,10/26/23 13:28,HMS,Growl,8/23/2021 8:04:07.1,8/23/2021 8:04:10.7,1,NA,NA,NA,NA,NA,NA,NA,NA,2021-08-23,27.79205,-175.819217,Day
G:\2021\5643\20210823_073637.wav,10/26/23 13:28,HMS,Growl,8/23/2021 8:04:11.5,8/23/2021 8:04:14.9,1,NA,NA,NA,NA,NA,NA,NA,NA,2021-08-23,27.79205,-175.819217,Day
G:\2021\5643\20210823_073637.wav,10/26/23 13:28,HMS,Growl,8/23/2021 8:04:17.8,8/23/2021 8:04:25.7,1,NA,NA,NA,NA,NA,NA,NA,NA,2021-08-23,27.79205,-175.819217,Day
G:\2021\5643\20210823_073637.wav,10/26/23 13:28,HMS,Croak,8/23/2021 8:04:26.5,8/23/2021 8:04:26.8,1,NA,NA,NA,NA,NA,NA,NA,NA,2021-08-23,27.79205,-175.819217,Day
G:\2021\5643\20210823_073637.wav,10/26/23 13:28,HMS,Whoop,8/23/2021 8:04:26.9,8/23/2021 8:04:27.3,1,2,NA,NA,NA,NA,NA,NA,NA,2021-08-23,27.79205,-175.819217,Day
G:\2021\5643\20210823_073637.wav,10/26/23 13:28,HMS,Croak,8/23/2021 8:04:30.2,8/23/2021 8:04:30.5,1,NA,NA,NA,NA,NA,NA,NA,NA,2021-08-23,27.79205,-175.819217,Day
G:\2021\5643\20210823_073637.wav,10/26/23 13:28,HMS,Growl,8/23/2021 8:04:32.1,8/23/2021 8:04:35.0,1,NA,NA,NA,NA,NA,NA,NA,NA,2021-08-23,27.79205,-175.819217,Day
G:\2021\5643\20210823_073637.wav,10/26/23 13:29,HMS,Moan,8/23/2021 8:04:41.2,8/23/2021 8:04:42.5,1,NA,NA,NA,NA,NA,NA,NA,NA,2021-08-23,27.79205,-175.819217,Day
G:\2021\5643\20210823_073637.wav,10/26/23 13:29,HMS,MoanGrowl,8/23/2021 8:04:42.8,8/23/2021 8:04:48.1,2,NA,NA,NA,NA,NA,NA,NA,NA,2021-08-23,27.79205,-175.819217,Day
G:\2021\5643\20210823_073637.wav,10/26/23 13:30,HMS,Croak,8/23/2021 9:03:44.2,8/23/2021 9:03:44.5,2,NA,NA,NA,NA,NA,NA,NA,NA,2021-08-23,27.79205,-175.819217,Day
G:\2021\5643\20210823_073637.wav,10/26/23 13:33,HMS,Growl,8/23/2021 9:04:13.7,8/23/2021 9:04:14.7,3,NA,NA,NA,NA,NA,NA,NA,NA,2021-08-23,27.79205,-175.819217,Day
G:\2021\5643\20210823_073637.wav,10/26/23 13:33,HMS,Growl,8/23/2021 9:04:14.9,8/23/2021 9:04:15.3,3,NA,NA,NA,NA,NA,NA,NA,NA,2021-08-23,27.79205,-175.819217,Day
G:\2021\5643\20210823_073637.wav,10/26/23 13:33,HMS,Growl,8/23/2021 9:04:16.3,8/23/2021 9:04:19.5,3,NA,NA,NA,NA,NA,NA,NA,NA,2021-08-23,27.79205,-175.819217,Day
G:\2021\5643\20210823_073637.wav,10/26/23 13:34,HMS,Croak,8/23/2021 9:04:20.6,8/23/2021 9:04:20.8,2,NA,NA,NA,NA,NA,NA,NA,NA,2021-08-23,27.79205,-175.819217,Day
G:\2021\5643\20210823_073637.wav,10/26/23 13:34,HMS,Croak,8/23/2021 9:04:21.0,8/23/2021 9:04:21.2,2,NA,NA,NA,NA,NA,NA,NA,NA,2021-08-23,27.79205,-175.819217,Day
G:\2021\5643\20210823_073637.wav,10/26/23 13:34,HMS,Croak,8/23/2021 9:04:23.4,8/23/2021 9:04:23.7,2,NA,NA,NA,NA,NA,NA,NA,NA,2021-08-23,27.79205,-175.819217,Day
G:\2021\5643\20210823_073637.wav,10/26/23 13:34,HMS,Growl,8/23/2021 9:04:24.8,8/23/2021 9:04:28.4,3,NA,NA,NA,NA,NA,NA,NA,NA,2021-08-23,27.79205,-175.819217,Day
G:\2021\5643\20210823_073637.wav,10/26/23 13:34,HMS,Croak,8/23/2021 9:04:31.0,8/23/2021 9:04:31.4,2,NA,NA,NA,NA,NA,NA,NA,NA,2021-08-23,27.79205,-175.819217,Day
G:\2021\5643\20210823_073637.wav,10/26/23 13:34,HMS,Croak,8/23/2021 9:04:32.2,8/23/2021 9:04:32.5,2,NA,NA,NA,NA,NA,NA,NA,NA,2021-08-23,27.79205,-175.819217,Day
G:\2021\5643\20210823_073637.wav,10/26/23 13:35,HMS,Growl,8/23/2021 10:00:00.7,8/23/2021 10:00:04.5,1,NA,NA,NA,NA,NA,NA,NA,NA,2021-08-23,27.79205,-175.819217,Day
G:\2021\5643\20210823_073637.wav,10/26/23 13:36,HMS,Growl,8/23/2021 10:00:05.5,8/23/2021 10:00:09.8,1,NA,NA,NA,NA,NA,NA,NA,NA,2021-08-23,27.79205,-175.819217,Day
G:\2021\5643\20210823_073637.wav,10/26/23 13:36,HMS,Croak,8/23/2021 10:00:27.8,8/23/2021 10:00:28.1,1,NA,NA,NA,NA,NA,NA,NA,NA,2021-08-23,27.79205,-175.819217,Day
G:\2021\5643\20210823_073637.wav,10/26/23 13:36,HMS,Growl,8/23/2021 10:00:29.0,8/23/2021 10:00:32.7,1,NA,NA,NA,NA,NA,NA,NA,NA,2021-08-23,27.79205,-175.819217,Day
G:\2021\5643\20210823_073637.wav,10/26/23 13:36,HMS,Growl,8/23/2021 10:00:33.7,8/23/2021 10:00:37.3,1,NA,NA,NA,NA,NA,NA,NA,NA,2021-08-23,27.79205,-175.819217,Day
G:\2021\5643\20210823_073637.wav,10/26/23 13:36,HMS,MoanGrowl,8/23/2021 10:00:51.7,8/23/2021 10:00:55.8,1,NA,NA,NA,NA,NA,NA,NA,NA,2021-08-23,27.79205,-175.819217,Day
G:\2021\5643\20210823_073637.wav,10/26/23 13:37,HMS,Growl,8/23/2021 10:01:53.4,8/23/2021 10:01:59.0,1,NA,NA,NA,NA,NA,NA,NA,NA,2021-08-23,27.79205,-175.819217,Day
G:\2021\5643\20210823_073637.wav,10/26/23 13:37,HMS,Croak,8/23/2021 10:01:59.5,8/23/2021 10:01:59.8,1,NA,NA,NA,NA,NA,NA,NA,NA,2021-08-23,27.79205,-175.819217,Day
G:\2021\5643\20210823_073637.wav,10/26/23 13:37,HMS,Croak,8/23/2021 10:02:09.5,8/23/2021 10:02:09.9,1,NA,NA,NA,NA,NA,NA,NA,NA,2021-08-23,27.79205,-175.819217,Day
G:\2021\5643\20210823_073637.wav,10/26/23 13:37,HMS,Growl,8/23/2021 10:02:10.6,8/23/2021 10:02:13.4,1,NA,NA,NA,NA,NA,NA,NA,NA,2021-08-23,27.79205,-175.819217,Day
G:\2021\5643\20210823_073637.wav,10/26/23 13:37,HMS,Croak,8/23/2021 10:02:21.4,8/23/2021 10:02:21.6,1,NA,NA,NA,NA,NA,NA,NA,NA,2021-08-23,27.79205,-175.819217,Day
G:\2021\5643\20210823_073637.wav,10/26/23 13:37,HMS,Growl,8/23/2021 10:02:21.9,8/23/2021 10:02:22.7,1,NA,NA,NA,NA,NA,NA,NA,NA,2021-08-23,27.79205,-175.819217,Day
G:\2021\5643\20210823_073637.wav,10/26/23 13:37,HMS,Growl,8/23/2021 10:02:23.4,8/23/2021 10:02:24.1,1,NA,NA,NA,NA,NA,NA,NA,NA,2021-08-23,27.79205,-175.819217,Day
G:\2021\5643\20210823_073637.wav,10/26/23 13:38,HMS,Growl,8/23/2021 10:02:28.3,8/23/2021 10:02:31.9,1,NA,NA,NA,NA,NA,NA,NA,NA,2021-08-23,27.79205,-175.819217,Day
G:\2021\5643\20210823_073637.wav,10/26/23 13:38,HMS,Growl,8/23/2021 10:02:41.1,8/23/2021 10:02:42.1,1,NA,NA,NA,NA,NA,NA,NA,NA,2021-08-23,27.79205,-175.819217,Day
G:\2021\5643\20210823_073637.wav,10/26/23 13:38,HMS,Growl,8/23/2021 10:02:42.7,8/23/2021 10:02:43.3,1,NA,NA,NA,NA,NA,NA,NA,NA,2021-08-23,27.79205,-175.819217,Day
G:\2021\5643\20210823_073637.wav,10/26/23 13:38,HMS,Growl,8/23/2021 10:02:46.3,8/23/2021 10:02:49.8,1,NA,NA,NA,NA,NA,NA,NA,NA,2021-08-23,27.79205,-175.819217,Day
G:\2021\5643\20210823_073637.wav,10/26/23 13:38,HMS,Croak,8/23/2021 10:02:58.2,8/23/2021 10:02:58.6,1,NA,NA,NA,NA,NA,NA,NA,NA,2021-08-23,27.79205,-175.819217,Day
G:\2021\5643\20210823_073637.wav,10/26/23 13:38,HMS,Growl,8/23/2021 10:02:59.5,8/23/2021 10:03:02.5,1,NA,NA,NA,NA,NA,NA,NA,NA,2021-08-23,27.79205,-175.819217,Day
G:\2021\5643\20210823_073637.wav,10/26/23 13:38,HMS,Croak,8/23/2021 10:04:01.1,8/23/2021 10:04:01.4,1,NA,NA,NA,NA,NA,NA,NA,NA,2021-08-23,27.79205,-175.819217,Day
G:\2021\5643\20210823_073637.wav,10/26/23 13:38,HMS,Growl,8/23/2021 10:04:50.4,8/23/2021 10:04:52.8,1,NA,NA,NA,NA,NA,NA,NA,NA,2021-08-23,27.79205,-175.819217,Day
G:\2021\5643\20210823_073637.wav,10/26/23 13:39,HMS,Growl,8/23/2021 10:04:53.3,8/23/2021 10:04:54.0,1,NA,NA,NA,NA,NA,NA,NA,NA,2021-08-23,27.79205,-175.819217,Day
G:\2021\5643\20210823_073637.wav,10/26/23 13:39,HMS,Growl,8/23/2021 10:04:56.2,8/23/2021 10:04:59.7,1,NA,NA,NA,NA,NA,NA,NA,NA,2021-08-23,27.79205,-175.819217,Day
G:\2021\5643\20210823_103637.wav,10/26/23 13:40,HMS,Growl,8/23/2021 11:03:10.0,8/23/2021 11:03:12.4,3,NA,NA,NA,NA,NA,NA,NA,NA,2021-08-23,27.79205,-175.819217,Day
G:\2021\5643\20210823_103637.wav,10/26/23 13:41,HMS,Croak,8/23/2021 11:03:13.1,8/23/2021 11:03:13.6,3,NA,NA,NA,NA,NA,NA,NA,NA,2021-08-23,27.79205,-175.819217,Day
G:\2021\5643\20210823_103637.wav,10/26/23 13:41,HMS,Growl,8/23/2021 11:03:15.6,8/23/2021 11:03:19.7,3,NA,NA,NA,NA,NA,NA,NA,NA,2021-08-23,27.79205,-175.819217,Day
G:\2021\5643\20210823_103637.wav,10/26/23 13:42,HMS,Whoop,8/23/2021 11:03:21.2,8/23/2021 11:03:22.0,2,3,NA,NA,NA,NA,NA,NA,NA,2021-08-23,27.79205,-175.819217,Day
G:\2021\5643\20210823_103637.wav,10/26/23 13:42,HMS,Croak,8/23/2021 11:03:22.4,8/23/2021 11:03:22.9,3,NA,NA,NA,NA,NA,NA,NA,NA,2021-08-23,27.79205,-175.819217,Day
G:\2021\5643\20210823_103637.wav,10/26/23 13:42,HMS,Growl,8/23/2021 11:03:23.4,8/23/2021 11:03:26.7,3,NA,NA,NA,NA,NA,NA,NA,NA,2021-08-23,27.79205,-175.819217,Day
G:\2021\5643\20210823_103637.wav,10/26/23 13:42,HMS,Croak,8/23/2021 11:03:29.3,8/23/2021 11:03:29.6,2,NA,NA,NA,NA,NA,NA,NA,NA,2021-08-23,27.79205,-175.819217,Day
G:\2021\5643\20210823_103637.wav,10/26/23 13:42,HMS,Growl,8/23/2021 11:03:34.1,8/23/2021 11:03:35.2,2,NA,NA,NA,NA,NA,NA,NA,NA,2021-08-23,27.79205,-175.819217,Day
G:\2021\5643\20210823_103637.wav,10/26/23 13:42,HMS,Whoop,8/23/2021 11:03:35.8,8/23/2021 11:03:36.3,1,2,NA,NA,NA,NA,NA,NA,NA,2021-08-23,27.79205,-175.819217,Day
G:\2021\5643\20210823_103637.wav,10/26/23 13:43,HMS,Croak,8/23/2021 11:03:36.4,8/23/2021 11:03:36.6,1,NA,NA,NA,NA,NA,NA,NA,NA,2021-08-23,27.79205,-175.819217,Day
G:\2021\5643\20210823_103637.wav,10/26/23 13:43,HMS,Croak,8/23/2021 11:03:36.8,8/23/2021 11:03:37.2,3,NA,NA,NA,NA,NA,NA,NA,NA,2021-08-23,27.79205,-175.819217,Day
G:\2021\5643\20210823_103637.wav,10/26/23 13:43,HMS,Growl,8/23/2021 11:03:37.7,8/23/2021 11:03:41.8,3,NA,NA,NA,NA,NA,NA,NA,NA,2021-08-23,27.79205,-175.819217,Day
G:\2021\5643\20210823_103637.wav,10/26/23 13:43,HMS,Growl,8/23/2021 11:03:43.4,8/23/2021 11:03:46.7,3,NA,NA,NA,NA,NA,NA,NA,NA,2021-08-23,27.79205,-175.819217,Day
G:\2021\5643\20210823_103637.wav,10/26/23 13:44,HMS,Whoop,8/23/2021 11:03:48.4,8/23/2021 11:03:48.5,1,1,NA,NA,NA,NA,NA,NA,NA,2021-08-23,27.79205,-175.819217,Day
G:\2021\5643\20210823_103637.wav,10/26/23 13:44,HMS,Croak,8/23/2021 11:03:52.1,8/23/2021 11:03:52.4,2,NA,NA,NA,NA,NA,NA,NA,NA,2021-08-23,27.79205,-175.819217,Day
G:\2021\5643\20210823_103637.wav,10/26/23 13:44,HMS,Growl,8/23/2021 11:04:00.6,8/23/2021 11:04:02.4,2,NA,NA,NA,NA,NA,NA,NA,NA,2021-08-23,27.79205,-175.819217,Day
G:\2021\5643\20210823_103637.wav,10/26/23 13:44,HMS,Croak,8/23/2021 11:04:03.0,8/23/2021 11:04:03.4,2,NA,NA,NA,NA,NA,NA,NA,NA,2021-08-23,27.79205,-175.819217,Day
G:\2021\5643\20210823_103637.wav,10/26/23 13:44,HMS,Growl,8/23/2021 11:04:05.2,8/23/2021 11:04:06.9,2,NA,NA,NA,NA,NA,NA,NA,NA,2021-08-23,27.79205,-175.819217,Day
G:\2021\5643\20210823_103637.wav,10/26/23 13:48,HMS,Croak,8/23/2021 13:00:03.4,8/23/2021 13:00:03.8,1,NA,NA,NA,NA,NA,NA,NA,NA,2021-08-23,27.79205,-175.819217,Day
G:\2021\5643\20210823_103637.wav,10/26/23 13:48,HMS,Growl,8/23/2021 13:00:04.2,8/23/2021 13:00:07.3,1,NA,NA,NA,NA,NA,NA,NA,NA,2021-08-23,27.79205,-175.819217,Day
G:\2021\5643\20210823_103637.wav,10/26/23 13:48,HMS,Croak,8/23/2021 13:00:08.5,8/23/2021 13:00:08.9,1,NA,NA,NA,NA,NA,NA,NA,NA,2021-08-23,27.79205,-175.819217,Day
G:\2021\5643\20210823_103637.wav,10/26/23 13:48,HMS,Growl,8/23/2021 13:00:10.1,8/23/2021 13:00:14.0,1,NA,NA,NA,NA,NA,NA,NA,NA,2021-08-23,27.79205,-175.819217,Day
G:\2021\5643\20210823_103637.wav,10/26/23 13:49,HMS,Croak,8/23/2021 13:00:22.4,8/23/2021 13:00:22.8,1,NA,NA,NA,NA,NA,NA,NA,NA,2021-08-23,27.79205,-175.819217,Day
G:\2021\5643\20210823_103637.wav,10/26/23 13:49,HMS,Growl,8/23/2021 13:00:23.6,8/23/2021 13:00:27.8,1,NA,NA,NA,NA,NA,NA,NA,NA,2021-08-23,27.79205,-175.819217,Day
G:\2021\5643\20210823_103637.wav,10/26/23 13:49,HMS,Growl,8/23/2021 13:00:28.8,8/23/2021 13:00:32.8,1,NA,NA,NA,NA,NA,NA,NA,NA,2021-08-23,27.79205,-175.819217,Day
G:\2021\5643\20210823_103637.wav,10/26/23 13:49,HMS,Croak,8/23/2021 13:00:33.2,8/23/2021 13:00:33.4,1,NA,NA,NA,NA,NA,NA,NA,NA,2021-08-23,27.79205,-175.819217,Day
G:\2021\5643\20210823_103637.wav,10/26/23 13:49,HMS,Growl,8/23/2021 13:00:38.7,8/23/2021 13:00:40.6,1,NA,NA,NA,NA,NA,NA,NA,NA,2021-08-23,27.79205,-175.819217,Day
G:\2021\5643\20210823_103637.wav,10/26/23 13:49,HMS,Growl,8/23/2021 13:00:49.6,8/23/2021 13:00:54.1,1,NA,NA,NA,NA,NA,NA,NA,NA,2021-08-23,27.79205,-175.819217,Day
G:\2021\5643\20210823_103637.wav,10/26/23 13:51,HMS,Croak,8/23/2021 13:02:12.2,8/23/2021 13:02:12.7,1,NA,NA,NA,NA,NA,NA,NA,NA,2021-08-23,27.79205,-175.819217,Day
G:\2021\5643\20210823_103637.wav,10/26/23 13:51,HMS,Growl,8/23/2021 13:02:24.8,8/23/2021 13:02:31.1,1,NA,NA,NA,NA,NA,NA,NA,NA,2021-08-23,27.79205,-175.819217,Day
G:\2021\5643\20210823_103637.wav,10/26/23 13:51,HMS,Croak,8/23/2021 13:02:38.5,8/23/2021 13:02:38.9,1,NA,NA,NA,NA,NA,NA,NA,NA,2021-08-23,27.79205,-175.819217,Day
G:\2021\5643\20210823_103637.wav,10/26/23 13:51,HMS,Croak,8/23/2021 13:02:40.5,8/23/2021 13:02:40.8,1,NA,NA,NA,NA,NA,NA,NA,NA,2021-08-23,27.79205,-175.819217,Day
G:\2021\5643\20210823_103637.wav,10/26/23 13:51,HMS,Growl,8/23/2021 13:02:41.4,8/23/2021 13:02:44.6,1,NA,NA,NA,NA,NA,NA,NA,NA,2021-08-23,27.79205,-175.819217,Day
G:\2021\5643\20210823_103637.wav,10/26/23 13:51,HMS,Growl,8/23/2021 13:02:46.6,8/23/2021 13:02:50.0,1,NA,NA,NA,NA,NA,NA,NA,NA,2021-08-23,27.79205,-175.819217,Day
G:\2021\5643\20210823_103637.wav,10/26/23 13:51,HMS,Growl,8/23/2021 13:03:04.6,8/23/2021 13:03:06.9,1,NA,NA,NA,NA,NA,NA,NA,NA,2021-08-23,27.79205,-175.819217,Day
G:\2021\5643\20210823_103637.wav,10/26/23 13:51,HMS,Croak,8/23/2021 13:03:07.6,8/23/2021 13:03:08.1,1,NA,NA,NA,NA,NA,NA,NA,NA,2021-08-23,27.79205,-175.819217,Day
G:\2021\5643\20210823_103637.wav,10/26/23 13:52,HMS,Growl,8/23/2021 13:03:11.7,8/23/2021 13:03:15.2,1,NA,NA,NA,NA,NA,NA,NA,NA,2021-08-23,27.79205,-175.819217,Day
G:\2021\5643\20210823_103637.wav,10/26/23 13:52,HMS,Croak,8/23/2021 13:03:16.4,8/23/2021 13:03:16.9,1,NA,NA,NA,NA,NA,NA,NA,NA,2021-08-23,27.79205,-175.819217,Day
G:\2021\5643\20210823_103637.wav,10/26/23 13:53,HMS,Growl,8/23/2021 13:03:17.6,8/23/2021 13:03:22.1,1,NA,NA,NA,NA,NA,NA,NA,NA,2021-08-23,27.79205,-175.819217,Day
G:\2021\5643\20210823_103637.wav,10/26/23 13:53,HMS,Moan,8/23/2021 13:03:35.0,8/23/2021 13:03:36.8,1,NA,NA,NA,NA,NA,NA,NA,NA,2021-08-23,27.79205,-175.819217,Day
G:\2021\5643\20210823_103637.wav,10/26/23 13:53,HMS,MoanGrowl,8/23/2021 13:03:37.1,8/23/2021 13:03:41.3,1,NA,NA,NA,NA,NA,NA,NA,NA,2021-08-23,27.79205,-175.819217,Day
G:\2021\5643\20210823_133636.wav,10/26/23 13:55,HMS,Growl,8/23/2021 14:00:27.0,8/23/2021 14:00:33.4,1,NA,NA,NA,NA,NA,NA,NA,NA,2021-08-23,27.79205,-175.819217,Day
G:\2021\5643\20210823_133636.wav,10/26/23 13:55,HMS,Growl,8/23/2021 14:00:38.9,8/23/2021 14:00:41.7,1,NA,NA,NA,NA,NA,NA,NA,NA,2021-08-23,27.79205,-175.819217,Day
G:\2021\5643\20210823_133636.wav,10/26/23 13:55,HMS,Whoop,8/23/2021 14:00:43.0,8/23/2021 14:00:43.6,1,2,NA,NA,NA,NA,NA,NA,NA,2021-08-23,27.79205,-175.819217,Day
G:\2021\5643\20210823_133636.wav,10/26/23 13:55,HMS,Croak,8/23/2021 14:00:44.1,8/23/2021 14:00:44.6,1,NA,NA,NA,NA,NA,NA,NA,NA,2021-08-23,27.79205,-175.819217,Day
G:\2021\5643\20210823_133636.wav,10/26/23 13:55,HMS,Croak,8/23/2021 14:00:45.1,8/23/2021 14:00:45.3,1,NA,NA,NA,NA,NA,NA,NA,NA,2021-08-23,27.79205,-175.819217,Day
G:\2021\5643\20210823_133636.wav,10/26/23 13:55,HMS,Growl,8/23/2021 14:00:45.6,8/23/2021 14:00:48.8,1,NA,NA,NA,NA,NA,NA,NA,NA,2021-08-23,27.79205,-175.819217,Day
G:\2021\5643\20210823_133636.wav,10/26/23 13:55,HMS,Growl,8/23/2021 14:00:49.9,8/23/2021 14:00:53.1,1,NA,NA,NA,NA,NA,NA,NA,NA,2021-08-23,27.79205,-175.819217,Day
G:\2021\5643\20210823_133636.wav,10/26/23 13:55,HMS,Growl,8/23/2021 14:02:50.8,8/23/2021 14:02:55.9,1,NA,NA,NA,NA,NA,NA,NA,NA,2021-08-23,27.79205,-175.819217,Day
G:\2021\5643\20210823_133636.wav,10/26/23 13:55,HMS,Croak,8/23/2021 14:02:56.6,8/23/2021 14:02:57.0,1,NA,NA,NA,NA,NA,NA,NA,NA,2021-08-23,27.79205,-175.819217,Day
G:\2021\5643\20210823_133636.wav,10/26/23 13:56,HMS,Growl,8/23/2021 14:02:59.3,8/23/2021 14:03:03.2,1,NA,NA,NA,NA,NA,NA,NA,NA,2021-08-23,27.79205,-175.819217,Day
G:\2021\5643\20210823_133636.wav,10/26/23 13:56,HMS,Growl,8/23/2021 14:03:09.0,8/23/2021 14:03:12.6,1,NA,NA,NA,NA,NA,NA,NA,NA,2021-08-23,27.79205,-175.819217,Day
G:\2021\5643\20210823_133636.wav,10/26/23 13:56,HMS,Whoop,8/23/2021 14:03:44.0,8/23/2021 14:03:44.6,1,3,NA,NA,NA,NA,NA,NA,NA,2021-08-23,27.79205,-175.819217,Day
G:\2021\5643\20210823_133636.wav,10/26/23 14:07,HMS,Growl,8/23/2021 15:00:55.8,8/23/2021 15:01:01.3,2,NA,NA,NA,NA,NA,NA,NA,NA,2021-08-23,27.79205,-175.819217,Day
G:\2021\5643\20210823_133636.wav,10/26/23 14:07,HMS,Croak,8/23/2021 15:01:01.6,8/23/2021 15:01:01.9,2,NA,NA,NA,NA,NA,NA,NA,NA,2021-08-23,27.79205,-175.819217,Day
G:\2021\5643\20210823_133636.wav,10/26/23 14:07,HMS,Croak,8/23/2021 15:01:04.5,8/23/2021 15:01:04.9,2,NA,NA,NA,NA,NA,NA,NA,NA,2021-08-23,27.79205,-175.819217,Day
G:\2021\5643\20210823_133636.wav,10/26/23 14:08,HMS,Croak,8/23/2021 15:01:07.8,8/23/2021 15:01:08.1,2,NA,NA,NA,NA,NA,NA,NA,NA,2021-08-23,27.79205,-175.819217,Day
G:\2021\5643\20210823_133636.wav,10/26/23 14:08,HMS,Growl,8/23/2021 15:01:08.8,8/23/2021 15:01:12.4,2,NA,NA,NA,NA,NA,NA,NA,NA,2021-08-23,27.79205,-175.819217,Day
G:\2021\5643\20210823_133636.wav,10/26/23 14:08,HMS,Croak,8/23/2021 15:01:14.4,8/23/2021 15:01:14.7,2,NA,NA,NA,NA,NA,NA,NA,NA,2021-08-23,27.79205,-175.819217,Day
G:\2021\5643\20210823_133636.wav,10/26/23 14:08,HMS,Growl,8/23/2021 15:01:15.7,8/23/2021 15:01:19.1,2,NA,NA,NA,NA,NA,NA,NA,NA,2021-08-23,27.79205,-175.819217,Day
G:\2021\5643\20210823_133636.wav,10/26/23 14:08,HMS,Croak,8/23/2021 15:01:21.3,8/23/2021 15:01:21.6,1,NA,NA,NA,NA,NA,NA,NA,NA,2021-08-23,27.79205,-175.819217,Day
G:\2021\5643\20210823_133636.wav,10/26/23 14:08,HMS,Croak,8/23/2021 15:01:25.0,8/23/2021 15:01:25.3,1,NA,NA,NA,NA,NA,NA,NA,NA,2021-08-23,27.79205,-175.819217,Day
G:\2021\5643\20210823_133636.wav,10/26/23 14:08,HMS,Growl,8/23/2021 15:02:36.9,8/23/2021 15:02:38.8,2,NA,NA,NA,NA,NA,NA,NA,NA,2021-08-23,27.79205,-175.819217,Day
G:\2021\5643\20210823_133636.wav,10/26/23 14:09,HMS,Growl,8/23/2021 15:02:39.0,8/23/2021 15:02:39.6,2,NA,NA,NA,NA,NA,NA,NA,NA,2021-08-23,27.79205,-175.819217,Day
G:\2021\5643\20210823_133636.wav,10/26/23 14:09,HMS,Growl,8/23/2021 15:02:41.0,8/23/2021 15:02:44.3,2,NA,NA,NA,NA,NA,NA,NA,NA,2021-08-23,27.79205,-175.819217,Day
G:\2021\5643\20210823_133636.wav,10/26/23 14:09,HMS,Whoop,8/23/2021 15:02:44.7,8/23/2021 15:02:45.2,1,2,NA,NA,NA,NA,NA,NA,NA,2021-08-23,27.79205,-175.819217,Day
G:\2021\5643\20210823_133636.wav,10/26/23 14:09,HMS,Whoop,8/23/2021 15:02:47.1,8/23/2021 15:02:47.3,1,1,NA,NA,NA,NA,NA,NA,NA,2021-08-23,27.79205,-175.819217,Day
G:\2021\5643\20210823_133636.wav,10/26/23 14:09,HMS,MoanGrowl,8/23/2021 15:02:48.8,8/23/2021 15:02:51.2,1,NA,NA,NA,NA,NA,NA,NA,NA,2021-08-23,27.79205,-175.819217,Day
G:\2021\5643\20210823_133636.wav,10/26/23 14:10,HMS,Whoop,8/23/2021 15:02:51.3,8/23/2021 15:02:51.6,2,1,NA,NA,NA,NA,NA,NA,NA,2021-08-23,27.79205,-175.819217,Day
G:\2021\5643\20210823_133636.wav,10/26/23 14:10,HMS,Croak,8/23/2021 15:02:52.4,8/23/2021 15:02:52.9,1,NA,NA,NA,NA,NA,weird croak,NA,NA,2021-08-23,27.79205,-175.819217,Day
G:\2021\5643\20210823_133636.wav,10/26/23 14:10,HMS,Whoop,8/23/2021 15:02:54.1,8/23/2021 15:02:54.3,1,1,NA,NA,NA,NA,NA,NA,NA,2021-08-23,27.79205,-175.819217,Day
G:\2021\5643\20210823_133636.wav,10/26/23 14:11,HMS,Growl,8/23/2021 16:00:58.1,8/23/2021 16:01:03.7,2,NA,NA,NA,NA,NA,NA,NA,NA,2021-08-23,27.79205,-175.819217,Day
G:\2021\5643\20210823_133636.wav,10/26/23 14:11,HMS,Croak,8/23/2021 16:01:04.3,8/23/2021 16:01:04.6,2,NA,NA,NA,NA,NA,NA,NA,NA,2021-08-23,27.79205,-175.819217,Day
G:\2021\5643\20210823_133636.wav,10/26/23 14:11,HMS,Growl,8/23/2021 16:01:06.8,8/23/2021 16:01:09.9,2,NA,NA,NA,NA,NA,NA,NA,NA,2021-08-23,27.79205,-175.819217,Day
G:\2021\5643\20210823_133636.wav,10/26/23 14:12,HMS,Croak,8/23/2021 16:01:25.3,8/23/2021 16:01:25.8,1,NA,NA,NA,NA,NA,NA,NA,NA,2021-08-23,27.79205,-175.819217,Day
G:\2021\5643\20210823_133636.wav,10/26/23 14:13,HMS,Growl,8/23/2021 16:03:40.6,8/23/2021 16:03:43.8,1,NA,NA,NA,NA,NA,NA,NA,NA,2021-08-23,27.79205,-175.819217,Day
G:\2021\5643\20210823_133636.wav,10/26/23 14:13,HMS,Growl,8/23/2021 16:03:47.4,8/23/2021 16:03:50.0,1,NA,NA,NA,NA,NA,NA,NA,NA,2021-08-23,27.79205,-175.819217,Day
G:\2021\5643\20210823_133636.wav,10/26/23 14:13,HMS,Growl,8/23/2021 16:03:54.3,8/23/2021 16:03:58.3,1,NA,NA,NA,NA,NA,author end,NA,NA,2021-08-23,27.79205,-175.819217,Day
G:\2021\5643\20210823_163635.wav,11/9/23 12:02,HMS,Whoop,8/23/2021 17:00:00.7,8/23/2021 17:00:01.1,2,2,NA,NA,NA,NA,author start,NA,NA,2021-08-23,27.79205,-175.819217,Day
G:\2021\5643\20210823_163635.wav,11/9/23 12:02,HMS,Croak,8/23/2021 17:00:02.4,8/23/2021 17:00:02.7,2,NA,NA,NA,NA,NA,NA,NA,NA,2021-08-23,27.79205,-175.819217,Day
G:\2021\5643\20210823_163635.wav,11/9/23 12:02,HMS,Croak,8/23/2021 17:00:24.4,8/23/2021 17:00:24.7,1,NA,NA,NA,NA,NA,NA,NA,NA,2021-08-23,27.79205,-175.819217,Day
G:\2021\5643\20210823_163635.wav,11/9/23 12:03,HMS,Growl,8/23/2021 17:00:55.3,8/23/2021 17:00:59.9,1,NA,NA,NA,NA,NA,NA,NA,NA,2021-08-23,27.79205,-175.819217,Day
G:\2021\5643\20210823_163635.wav,11/9/23 12:03,HMS,Growl,8/23/2021 17:01:01.7,8/23/2021 17:01:02.7,1,NA,NA,NA,NA,NA,NA,NA,NA,2021-08-23,27.79205,-175.819217,Day
G:\2021\5643\20210823_163635.wav,11/9/23 12:03,HMS,Growl,8/23/2021 17:01:08.0,8/23/2021 17:01:13.2,1,NA,NA,NA,NA,NA,NA,NA,NA,2021-08-23,27.79205,-175.819217,Day
G:\2021\5643\20210823_163635.wav,11/9/23 12:03,HMS,Croak,8/23/2021 17:01:15.2,8/23/2021 17:01:15.6,1,NA,NA,NA,NA,NA,NA,NA,NA,2021-08-23,27.79205,-175.819217,Day
G:\2021\5643\20210823_163635.wav,11/9/23 12:04,HMS,Growl,8/23/2021 17:01:16.4,8/23/2021 17:01:20.9,1,NA,NA,NA,NA,NA,NA,NA,NA,2021-08-23,27.79205,-175.819217,Day
G:\2021\5643\20210823_163635.wav,11/9/23 12:04,HMS,Whoop,8/23/2021 17:01:21.2,8/23/2021 17:01:21.4,1,1,NA,NA,NA,NA,NA,NA,NA,2021-08-23,27.79205,-175.819217,Day
G:\2021\5643\20210823_163635.wav,11/9/23 12:05,HMS,Growl,8/23/2021 17:01:47.6,8/23/2021 17:01:53.3,3,NA,NA,NA,NA,NA,NA,NA,NA,2021-08-23,27.79205,-175.819217,Day
G:\2021\5643\20210823_163635.wav,11/9/23 12:05,HMS,Croak,8/23/2021 17:01:53.6,8/23/2021 17:01:53.9,3,NA,NA,NA,NA,NA,NA,NA,NA,2021-08-23,27.79205,-175.819217,Day
G:\2021\5643\20210823_163635.wav,11/9/23 12:05,HMS,Croak,8/23/2021 17:01:56.1,8/23/2021 17:01:56.5,3,NA,NA,NA,NA,NA,NA,NA,NA,2021-08-23,27.79205,-175.819217,Day
G:\2021\5643\20210823_163635.wav,11/9/23 12:05,HMS,Croak,8/23/2021 17:01:59.2,8/23/2021 17:01:59.5,3,NA,NA,NA,NA,NA,NA,NA,NA,2021-08-23,27.79205,-175.819217,Day
G:\2021\5643\20210823_163635.wav,11/9/23 12:05,HMS,Growl,8/23/2021 17:02:00.6,8/23/2021 17:02:03.9,3,NA,NA,NA,NA,NA,NA,NA,NA,2021-08-23,27.79205,-175.819217,Day
G:\2021\5643\20210823_163635.wav,11/9/23 12:06,HMS,Whoop,8/23/2021 17:02:04.1,8/23/2021 17:02:04.6,2,2,NA,NA,NA,NA,NA,NA,NA,2021-08-23,27.79205,-175.819217,Day
G:\2021\5643\20210823_163635.wav,11/9/23 12:06,HMS,Croak,8/23/2021 17:02:05.6,8/23/2021 17:02:05.9,2,NA,NA,NA,NA,NA,NA,NA,NA,2021-08-23,27.79205,-175.819217,Day
G:\2021\5643\20210823_163635.wav,11/9/23 12:06,HMS,Croak,8/23/2021 17:02:09.9,8/23/2021 17:02:10.2,2,NA,NA,NA,NA,NA,NA,NA,NA,2021-08-23,27.79205,-175.819217,Day
G:\2021\5643\20210823_163635.wav,11/9/23 12:06,HMS,Growl,8/23/2021 17:02:18.7,8/23/2021 17:02:20.1,3,NA,NA,NA,NA,NA,NA,NA,NA,2021-08-23,27.79205,-175.819217,Day
G:\2021\5643\20210823_163635.wav,11/9/23 12:06,HMS,Croak,8/23/2021 17:02:20.3,8/23/2021 17:02:20.8,3,NA,NA,NA,NA,NA,NA,NA,NA,2021-08-23,27.79205,-175.819217,Day
G:\2021\5643\20210823_163635.wav,11/9/23 12:06,HMS,Growl,8/23/2021 17:02:22.6,8/23/2021 17:02:25.9,3,NA,NA,NA,NA,NA,NA,NA,NA,2021-08-23,27.79205,-175.819217,Day
G:\2021\5643\20210823_163635.wav,11/9/23 12:07,HMS,Whoop,8/23/2021 17:02:26.1,8/23/2021 17:02:26.3,2,1,NA,NA,NA,NA,NA,NA,NA,2021-08-23,27.79205,-175.819217,Day
G:\2021\5643\20210823_163635.wav,11/9/23 12:07,HMS,Croak,8/23/2021 17:02:28.3,8/23/2021 17:02:28.6,2,NA,NA,NA,NA,NA,NA,NA,NA,2021-08-23,27.79205,-175.819217,Day
G:\2021\5643\20210823_163635.wav,11/9/23 12:58,HMS,Growl,8/23/2021 17:03:49.4,8/23/2021 17:03:56.4,3,NA,NA,NA,NA,NA,NA,NA,NA,2021-08-23,27.79205,-175.819217,Day
G:\2021\5643\20210823_163635.wav,11/9/23 12:58,HMS,Croak,8/23/2021 17:03:56.8,8/23/2021 17:03:57.1,3,NA,NA,NA,NA,NA,NA,NA,NA,2021-08-23,27.79205,-175.819217,Day
G:\2021\5643\20210823_163635.wav,11/9/23 12:58,HMS,Croak,8/23/2021 17:03:59.4,8/23/2021 17:03:59.9,3,NA,NA,NA,NA,NA,NA,NA,NA,2021-08-23,27.79205,-175.819217,Day
G:\2021\5643\20210823_163635.wav,11/9/23 12:59,HMS,Growl,8/23/2021 17:04:00.1,8/23/2021 17:04:05.9,1,NA,NA,NA,NA,NA,two seals present?,NA,NA,2021-08-23,27.79205,-175.819217,Day
G:\2021\5643\20210823_163635.wav,11/9/23 12:59,HMS,Croak,8/23/2021 17:04:01.6,8/23/2021 17:04:02.1,3,NA,NA,NA,NA,NA,NA,NA,NA,2021-08-23,27.79205,-175.819217,Day
G:\2021\5643\20210823_163635.wav,11/9/23 12:59,HMS,Growl,8/23/2021 17:04:02.5,8/23/2021 17:04:05.9,3,NA,NA,NA,NA,NA,NA,NA,NA,2021-08-23,27.79205,-175.819217,Day
G:\2021\5643\20210823_163635.wav,11/9/23 12:59,HMS,Whoop,8/23/2021 17:04:06.5,8/23/2021 17:04:07.0,2,2,NA,NA,NA,NA,NA,NA,NA,2021-08-23,27.79205,-175.819217,Day
G:\2021\5643\20210823_163635.wav,11/9/23 12:59,HMS,Croak,8/23/2021 17:04:09.2,8/23/2021 17:04:09.6,2,NA,NA,NA,NA,NA,NA,NA,NA,2021-08-23,27.79205,-175.819217,Day
G:\2021\5643\20210823_163635.wav,11/9/23 13:00,HMS,Growl,8/23/2021 17:04:14.2,8/23/2021 17:04:24.6,1,NA,NA,NA,NA,NA,NA,NA,NA,2021-08-23,27.79205,-175.819217,Day
G:\2021\5643\20210823_163635.wav,11/9/23 13:00,HMS,Growl,8/23/2021 17:04:17.1,8/23/2021 17:04:17.7,3,NA,NA,NA,NA,NA,NA,NA,NA,2021-08-23,27.79205,-175.819217,Day
G:\2021\5643\20210823_163635.wav,11/9/23 13:00,HMS,Growl,8/23/2021 17:04:18.0,8/23/2021 17:04:21.3,3,NA,NA,NA,NA,NA,NA,NA,NA,2021-08-23,27.79205,-175.819217,Day
G:\2021\5643\20210823_163635.wav,11/9/23 13:01,HMS,Growl,8/23/2021 18:00:25.4,8/23/2021 18:00:31.1,3,NA,NA,NA,NA,NA,NA,NA,NA,2021-08-23,27.79205,-175.819217,Day
G:\2021\5643\20210823_163635.wav,11/9/23 13:01,HMS,Croak,8/23/2021 18:00:34.0,8/23/2021 18:00:34.5,2,NA,NA,NA,NA,NA,NA,NA,NA,2021-08-23,27.79205,-175.819217,Day
G:\2021\5643\20210823_163635.wav,11/9/23 13:01,HMS,Croak,8/23/2021 18:00:35.2,8/23/2021 18:00:35.4,2,NA,NA,NA,NA,NA,NA,NA,NA,2021-08-23,27.79205,-175.819217,Day
G:\2021\5643\20210823_163635.wav,11/9/23 13:01,HMS,Croak,8/23/2021 18:00:40.4,8/23/2021 18:00:40.8,2,NA,NA,NA,NA,NA,NA,NA,NA,2021-08-23,27.79205,-175.819217,Day
G:\2021\5643\20210823_163635.wav,11/9/23 13:01,HMS,Growl,8/23/2021 18:00:41.5,8/23/2021 18:00:45.4,3,NA,NA,NA,NA,NA,NA,NA,NA,2021-08-23,27.79205,-175.819217,Day
G:\2021\5643\20210823_163635.wav,11/9/23 13:01,HMS,Whoop,8/23/2021 18:00:45.7,8/23/2021 18:00:46.2,1,2,NA,NA,NA,NA,NA,NA,NA,2021-08-23,27.79205,-175.819217,Day
G:\2021\5643\20210823_163635.wav,11/9/23 13:02,HMS,Croak,8/23/2021 18:00:46.9,8/23/2021 18:00:47.3,3,NA,NA,NA,NA,NA,NA,NA,NA,2021-08-23,27.79205,-175.819217,Day
G:\2021\5643\20210823_163635.wav,11/9/23 13:02,HMS,Growl,8/23/2021 18:00:48.1,8/23/2021 18:00:51.3,3,NA,NA,NA,NA,NA,NA,NA,NA,2021-08-23,27.79205,-175.819217,Day
G:\2021\5643\20210823_163635.wav,11/9/23 13:02,HMS,Whoop,8/23/2021 18:00:54.1,8/23/2021 18:00:54.9,2,2,NA,NA,NA,NA,NA,NA,NA,2021-08-23,27.79205,-175.819217,Day
G:\2021\5643\20210823_163635.wav,11/9/23 13:03,HMS,Growl,8/23/2021 18:00:57.2,8/23/2021 18:01:00.0,2,NA,NA,NA,NA,NA,ascending growl,NA,NA,2021-08-23,27.79205,-175.819217,Day
G:\2021\5643\20210823_163635.wav,11/9/23 13:03,HMS,Whoop,8/23/2021 18:01:00.5,8/23/2021 18:01:00.6,1,1,NA,NA,NA,NA,NA,NA,NA,2021-08-23,27.79205,-175.819217,Day
G:\2021\5643\20210823_163635.wav,11/9/23 13:03,HMS,Growl,8/23/2021 18:03:01.2,8/23/2021 18:03:07.5,3,NA,NA,NA,NA,NA,NA,NA,NA,2021-08-23,27.79205,-175.819217,Day
G:\2021\5643\20210823_163635.wav,11/9/23 13:03,HMS,Growl,8/23/2021 18:03:10.3,8/23/2021 18:03:11.1,3,NA,NA,NA,NA,NA,NA,NA,NA,2021-08-23,27.79205,-175.819217,Day
G:\2021\5643\20210823_163635.wav,11/9/23 13:03,HMS,Croak,8/23/2021 18:03:11.9,8/23/2021 18:03:12.2,3,NA,NA,NA,NA,NA,NA,NA,NA,2021-08-23,27.79205,-175.819217,Day
G:\2021\5643\20210823_163635.wav,11/9/23 13:04,HMS,Croak,8/23/2021 18:03:18.2,8/23/2021 18:03:18.5,3,NA,NA,NA,NA,NA,NA,NA,NA,2021-08-23,27.79205,-175.819217,Day
G:\2021\5643\20210823_163635.wav,11/9/23 13:04,HMS,Growl,8/23/2021 18:03:18.8,8/23/2021 18:03:20.0,3,NA,NA,NA,NA,NA,NA,NA,NA,2021-08-23,27.79205,-175.819217,Day
G:\2021\5643\20210823_163635.wav,11/9/23 13:04,HMS,Croak,8/23/2021 18:03:20.2,8/23/2021 18:03:20.5,3,NA,NA,NA,NA,NA,NA,NA,NA,2021-08-23,27.79205,-175.819217,Day
G:\2021\5643\20210823_163635.wav,11/9/23 13:04,HMS,Growl,8/23/2021 18:03:21.5,8/23/2021 18:03:24.6,3,NA,NA,NA,NA,NA,NA,NA,NA,2021-08-23,27.79205,-175.819217,Day
G:\2021\5643\20210823_163635.wav,11/9/23 13:04,HMS,Whoop,8/23/2021 18:03:24.8,8/23/2021 18:03:25.2,2,2,NA,NA,NA,NA,NA,NA,NA,2021-08-23,27.79205,-175.819217,Day
G:\2021\5643\20210823_163635.wav,11/9/23 13:04,HMS,Croak,8/23/2021 18:03:26.6,8/23/2021 18:03:26.9,2,NA,NA,NA,NA,NA,NA,NA,NA,2021-08-23,27.79205,-175.819217,Day
G:\2021\5643\20210823_163635.wav,11/9/23 13:05,HMS,Croak,8/23/2021 18:03:30.1,8/23/2021 18:03:30.5,2,NA,NA,NA,NA,NA,NA,NA,NA,2021-08-23,27.79205,-175.819217,Day
G:\2021\5643\20210823_163635.wav,11/9/23 13:05,HMS,Whoop,8/23/2021 18:03:39.3,8/23/2021 18:03:39.9,1,2,NA,NA,NA,NA,NA,NA,NA,2021-08-23,27.79205,-175.819217,Day
G:\2021\5643\20210823_163635.wav,11/9/23 13:05,HMS,Growl,8/23/2021 18:03:40.0,8/23/2021 18:03:40.6,3,NA,NA,NA,NA,NA,NA,NA,NA,2021-08-23,27.79205,-175.819217,Day
G:\2021\5643\20210823_163635.wav,11/9/23 13:05,HMS,Growl,8/23/2021 18:03:41.0,8/23/2021 18:03:44.0,3,NA,NA,NA,NA,NA,NA,NA,NA,2021-08-23,27.79205,-175.819217,Day
G:\2021\5643\20210823_163635.wav,11/9/23 13:06,HMS,Whoop,8/23/2021 18:03:44.3,8/23/2021 18:03:44.6,2,1,NA,NA,NA,NA,NA,NA,NA,2021-08-23,27.79205,-175.819217,Day
G:\2021\5643\20210823_163635.wav,11/9/23 13:08,HMS,Growl,8/23/2021 19:01:57.2,8/23/2021 19:01:58.9,3,NA,NA,NA,NA,NA,NA,NA,NA,2021-08-23,27.79205,-175.819217,Day
G:\2021\5643\20210823_163635.wav,11/9/23 13:09,HMS,Growl,8/23/2021 19:01:59.1,8/23/2021 19:01:59.6,3,NA,NA,NA,NA,NA,NA,NA,NA,2021-08-23,27.79205,-175.819217,Day
G:\2021\5643\20210823_163635.wav,11/9/23 13:09,HMS,Growl,8/23/2021 19:02:01.1,8/23/2021 19:02:03.8,3,NA,NA,NA,NA,NA,NA,NA,NA,2021-08-23,27.79205,-175.819217,Day
G:\2021\5643\20210823_163635.wav,11/9/23 13:09,HMS,Whoop,8/23/2021 19:02:03.9,8/23/2021 19:02:04.7,3,3,NA,NA,NA,NA,NA,NA,NA,2021-08-23,27.79205,-175.819217,Day
G:\2021\5643\20210823_163635.wav,11/9/23 13:21,HMS,Moan,8/23/2021 19:02:09.9,8/23/2021 19:02:10.5,3,NA,NA,NA,NA,NA,NA,NA,NA,2021-08-23,27.79205,-175.819217,Day
G:\2021\5643\20210823_163635.wav,11/9/23 13:22,HMS,MoanGrowl,8/23/2021 19:02:10.5,8/23/2021 19:02:13.1,3,NA,NA,NA,NA,NA,NA,NA,NA,2021-08-23,27.79205,-175.819217,Day
G:\2021\5643\20210823_163635.wav,11/9/23 13:23,HMS,Whoop,8/23/2021 19:02:13.9,8/23/2021 19:02:14.1,2,1,NA,NA,NA,NA,NA,NA,NA,2021-08-23,27.79205,-175.819217,Day
G:\2021\5643\20210823_163635.wav,11/9/23 13:23,HMS,Croak,8/23/2021 19:02:16.6,8/23/2021 19:02:16.9,2,NA,NA,NA,NA,NA,NA,NA,NA,2021-08-23,27.79205,-175.819217,Day
G:\2021\5643\20210823_163635.wav,11/9/23 13:23,HMS,Moan,8/23/2021 19:02:19.1,8/23/2021 19:02:19.7,1,NA,NA,NA,NA,NA,NA,NA,NA,2021-08-23,27.79205,-175.819217,Day
G:\2021\5643\20210823_163635.wav,11/9/23 13:23,HMS,Growl,8/23/2021 19:02:19.7,8/23/2021 19:02:21.5,1,NA,NA,NA,NA,NA,NA,NA,NA,2021-08-23,27.79205,-175.819217,Day
G:\2021\5643\20210823_163635.wav,11/9/23 13:23,HMS,Croak,8/23/2021 19:02:24.5,8/23/2021 19:02:24.8,1,NA,NA,NA,NA,NA,NA,NA,NA,2021-08-23,27.79205,-175.819217,Day
G:\2021\5643\20210823_163635.wav,11/9/23 13:23,HMS,Whoop,8/23/2021 19:02:25.2,8/23/2021 19:02:26.2,1,4,NA,NA,NA,NA,NA,NA,NA,2021-08-23,27.79205,-175.819217,Day
G:\2021\5643\20210823_163635.wav,11/9/23 13:24,HMS,Growl,8/23/2021 19:02:26.3,8/23/2021 19:02:29.2,1,NA,NA,NA,NA,NA,NA,NA,NA,2021-08-23,27.79205,-175.819217,Day
G:\2021\5643\20210823_163635.wav,11/9/23 13:24,HMS,Growl,8/23/2021 19:02:29.9,8/23/2021 19:02:33.2,1,NA,NA,NA,NA,NA,NA,NA,NA,2021-08-23,27.79205,-175.819217,Day
G:\2021\5643\20210823_163635.wav,11/9/23 13:25,HMS,Growl,8/23/2021 19:03:49.8,8/23/2021 19:03:56.3,3,NA,NA,NA,NA,NA,NA,NA,NA,2021-08-23,27.79205,-175.819217,Day
G:\2021\5643\20210823_163635.wav,11/9/23 13:25,HMS,Croak,8/23/2021 19:03:56.6,8/23/2021 19:03:57.0,3,NA,NA,NA,NA,NA,NA,NA,NA,2021-08-23,27.79205,-175.819217,Day
G:\2021\5643\20210823_163635.wav,11/9/23 13:26,HMS,Croak,8/23/2021 19:03:59.6,8/23/2021 19:03:59.9,2,NA,NA,NA,NA,NA,NA,NA,NA,2021-08-23,27.79205,-175.819217,Day
G:\2021\5643\20210823_163635.wav,11/9/23 13:26,HMS,Growl,8/23/2021 19:04:07.9,8/23/2021 19:04:08.6,3,NA,NA,NA,NA,NA,NA,NA,NA,2021-08-23,27.79205,-175.819217,Day
G:\2021\5643\20210823_163635.wav,11/9/23 13:26,HMS,Croak,8/23/2021 19:04:08.7,8/23/2021 19:04:09.1,3,NA,NA,NA,NA,NA,NA,NA,NA,2021-08-23,27.79205,-175.819217,Day
G:\2021\5643\20210823_163635.wav,11/9/23 13:26,HMS,Growl,8/23/2021 19:04:10.1,8/23/2021 19:04:13.2,3,NA,NA,NA,NA,NA,NA,NA,NA,2021-08-23,27.79205,-175.819217,Day
G:\2021\5643\20210823_163635.wav,11/9/23 13:26,HMS,Growl,8/23/2021 19:04:14.3,8/23/2021 19:04:17.7,3,NA,NA,NA,NA,NA,NA,NA,NA,2021-08-23,27.79205,-175.819217,Day
G:\2021\5643\20210823_163635.wav,11/9/23 13:27,HMS,Whoop,8/23/2021 19:04:19.6,8/23/2021 19:04:20.2,1,2,NA,NA,NA,NA,NA,NA,NA,2021-08-23,27.79205,-175.819217,Day
G:\2021\5643\20210823_163635.wav,11/9/23 13:27,HMS,Croak,8/23/2021 19:04:24.1,8/23/2021 19:04:24.5,2,NA,NA,NA,NA,NA,NA,NA,NA,2021-08-23,27.79205,-175.819217,Day
G:\2021\5643\20210823_163635.wav,11/9/23 13:27,HMS,Growl,8/23/2021 19:04:32.7,8/23/2021 19:04:36.2,3,NA,NA,NA,NA,NA,NA,NA,NA,2021-08-23,27.79205,-175.819217,Day
G:\2021\5643\20210823_163635.wav,11/9/23 13:27,HMS,Whoop,8/23/2021 19:04:36.4,8/23/2021 19:04:37.3,2,3,NA,NA,NA,NA,NA,NA,NA,2021-08-23,27.79205,-175.819217,Day
G:\2021\5643\20210823_193634.wav,11/9/23 13:28,HMS,Growl,8/23/2021 20:00:15.8,8/23/2021 20:00:19.7,1,NA,NA,NA,NA,NA,NA,NA,NA,2021-08-23,27.79205,-175.819217,Day
G:\2021\5643\20210823_193634.wav,11/9/23 13:28,HMS,Growl,8/23/2021 20:00:21.9,8/23/2021 20:00:24.6,1,NA,NA,NA,NA,NA,NA,NA,NA,2021-08-23,27.79205,-175.819217,Day
G:\2021\5643\20210823_193634.wav,11/9/23 13:28,HMS,Whoop,8/23/2021 20:00:26.5,8/23/2021 20:00:27.1,1,3,NA,NA,NA,NA,NA,NA,NA,2021-08-23,27.79205,-175.819217,Day
G:\2021\5643\20210823_193634.wav,11/9/23 13:29,HMS,Growl,8/23/2021 20:00:45.5,8/23/2021 20:00:49.4,1,NA,NA,NA,NA,NA,NA,NA,NA,2021-08-23,27.79205,-175.819217,Day
G:\2021\5643\20210823_193634.wav,11/9/23 13:29,HMS,Growl,8/23/2021 20:00:51.2,8/23/2021 20:00:57.7,2,NA,NA,NA,NA,NA,NA,NA,NA,2021-08-23,27.79205,-175.819217,Day
G:\2021\5643\20210823_193634.wav,11/9/23 13:29,HMS,Whoop,8/23/2021 20:00:58.0,8/23/2021 20:00:58.4,1,2,NA,NA,NA,NA,NA,NA,NA,2021-08-23,27.79205,-175.819217,Day
G:\2021\5643\20210823_193634.wav,11/9/23 13:29,HMS,Croak,8/23/2021 20:01:00.0,8/23/2021 20:01:00.3,2,NA,NA,NA,NA,NA,NA,NA,NA,2021-08-23,27.79205,-175.819217,Day
G:\2021\5643\20210823_193634.wav,11/9/23 13:30,HMS,Growl,8/23/2021 20:01:01.6,8/23/2021 20:01:04.5,2,NA,NA,NA,NA,NA,NA,NA,NA,2021-08-23,27.79205,-175.819217,Day
G:\2021\5643\20210823_193634.wav,11/9/23 13:30,HMS,Whoop,8/23/2021 20:01:05.0,8/23/2021 20:01:05.1,1,1,NA,NA,NA,NA,NA,NA,NA,2021-08-23,27.79205,-175.819217,Day
G:\2021\5643\20210823_193634.wav,11/9/23 13:30,HMS,Whoop,8/23/2021 20:01:08.5,8/23/2021 20:01:09.2,1,3,NA,NA,NA,NA,NA,NA,NA,2021-08-23,27.79205,-175.819217,Day
G:\2021\5643\20210823_193634.wav,11/9/23 13:30,HMS,Growl,8/23/2021 20:01:09.4,8/23/2021 20:01:09.9,2,NA,NA,NA,NA,NA,NA,NA,NA,2021-08-23,27.79205,-175.819217,Day
G:\2021\5643\20210823_193634.wav,11/9/23 13:30,HMS,Growl,8/23/2021 20:01:11.5,8/23/2021 20:01:12.0,2,NA,NA,NA,NA,NA,NA,NA,NA,2021-08-23,27.79205,-175.819217,Day
G:\2021\5643\20210823_193634.wav,11/9/23 13:30,HMS,Growl,8/23/2021 20:01:12.8,8/23/2021 20:01:15.7,2,NA,NA,NA,NA,NA,NA,NA,NA,2021-08-23,27.79205,-175.819217,Day
G:\2021\5643\20210823_193634.wav,11/9/23 13:30,HMS,Croak,8/23/2021 20:01:23.4,8/23/2021 20:01:23.8,2,NA,NA,NA,NA,NA,NA,NA,NA,2021-08-23,27.79205,-175.819217,Day
G:\2021\5643\20210823_193634.wav,11/9/23 13:31,HMS,Whoop,8/23/2021 20:02:10.8,8/23/2021 20:02:11.2,1,2,NA,NA,NA,NA,NA,NA,NA,2021-08-23,27.79205,-175.819217,Day
G:\2021\5643\20210823_193634.wav,11/9/23 13:31,HMS,Growl,8/23/2021 20:02:22.5,8/23/2021 20:02:28.2,1,NA,NA,NA,NA,NA,NA,NA,NA,2021-08-23,27.79205,-175.819217,Day
G:\2021\5643\20210823_193634.wav,11/9/23 13:31,HMS,Croak,8/23/2021 20:02:37.6,8/23/2021 20:02:37.9,1,NA,NA,NA,NA,NA,NA,NA,NA,2021-08-23,27.79205,-175.819217,Day
G:\2021\5643\20210823_193634.wav,11/9/23 13:32,HMS,Croak,8/23/2021 20:02:38.3,8/23/2021 20:02:38.5,1,NA,NA,NA,NA,NA,NA,NA,NA,2021-08-23,27.79205,-175.819217,Day
G:\2021\5643\20210823_193634.wav,11/9/23 13:32,HMS,Growl,8/23/2021 20:02:39.5,8/23/2021 20:02:42.6,1,NA,NA,NA,NA,NA,NA,NA,NA,2021-08-23,27.79205,-175.819217,Day
G:\2021\5643\20210823_193634.wav,11/9/23 13:32,HMS,Croak,8/23/2021 20:02:43.6,8/23/2021 20:02:43.8,1,NA,NA,NA,NA,NA,NA,NA,NA,2021-08-23,27.79205,-175.819217,Day
G:\2021\5643\20210823_193634.wav,11/9/23 13:32,HMS,Growl,8/23/2021 20:03:18.4,8/23/2021 20:03:24.9,2,NA,NA,NA,NA,NA,NA,NA,NA,2021-08-23,27.79205,-175.819217,Day
G:\2021\5643\20210823_193634.wav,11/9/23 13:32,HMS,Whoop,8/23/2021 20:03:25.3,8/23/2021 20:03:25.7,1,2,NA,NA,NA,NA,NA,NA,NA,2021-08-23,27.79205,-175.819217,Day
G:\2021\5643\20210823_193634.wav,11/9/23 13:32,HMS,Croak,8/23/2021 20:03:27.7,8/23/2021 20:03:28.0,2,NA,NA,NA,NA,NA,NA,NA,NA,2021-08-23,27.79205,-175.819217,Day
G:\2021\5643\20210823_193634.wav,11/9/23 13:33,HMS,Growl,8/23/2021 20:03:29.5,8/23/2021 20:03:32.6,2,NA,NA,NA,NA,NA,NA,NA,NA,2021-08-23,27.79205,-175.819217,Day
G:\2021\5643\20210823_193634.wav,11/9/23 13:33,HMS,Whoop,8/23/2021 20:03:33.6,8/23/2021 20:03:34.3,1,3,NA,NA,NA,NA,NA,NA,NA,2021-08-23,27.79205,-175.819217,Day
G:\2021\5643\20210823_193634.wav,11/9/23 13:33,HMS,Croak,8/23/2021 20:03:34.8,8/23/2021 20:03:35.0,1,NA,NA,NA,NA,NA,NA,NA,NA,2021-08-23,27.79205,-175.819217,Day
G:\2021\5643\20210823_193634.wav,11/9/23 13:33,HMS,Croak,8/23/2021 20:03:36.4,8/23/2021 20:03:36.7,1,NA,NA,NA,NA,NA,NA,NA,NA,2021-08-23,27.79205,-175.819217,Day
G:\2021\5643\20210823_193634.wav,11/9/23 13:33,HMS,Croak,8/23/2021 20:03:37.3,8/23/2021 20:03:37.6,1,NA,NA,NA,NA,NA,NA,NA,NA,2021-08-23,27.79205,-175.819217,Day
G:\2021\5643\20210823_193634.wav,11/9/23 13:34,HMS,Moan,8/23/2021 20:03:38.8,8/23/2021 20:03:39.5,2,NA,NA,NA,NA,NA,NA,NA,NA,2021-08-23,27.79205,-175.819217,Day
G:\2021\5643\20210823_193634.wav,11/9/23 13:34,HMS,MoanGrowl,8/23/2021 20:03:39.4,8/23/2021 20:03:42.9,2,NA,NA,NA,NA,NA,NA,NA,NA,2021-08-23,27.79205,-175.819217,Day
G:\2021\5643\20210823_193634.wav,11/9/23 13:34,HMS,Whoop,8/23/2021 20:03:44.3,8/23/2021 20:03:44.9,1,2,NA,NA,NA,NA,NA,NA,NA,2021-08-23,27.79205,-175.819217,Day
G:\2021\5643\20210823_193634.wav,11/9/23 13:34,HMS,Growl,8/23/2021 20:03:51.1,8/23/2021 20:03:55.3,1,NA,NA,NA,NA,NA,NA,NA,NA,2021-08-23,27.79205,-175.819217,Day
G:\2021\5643\20210823_193634.wav,11/9/23 13:34,HMS,Growl,8/23/2021 20:03:56.0,8/23/2021 20:04:00.4,1,NA,NA,NA,NA,NA,NA,NA,NA,2021-08-23,27.79205,-175.819217,Day
G:\2021\5643\20210823_193634.wav,11/9/23 13:34,HMS,Growl,8/23/2021 20:04:08.0,8/23/2021 20:04:08.6,1,NA,NA,NA,NA,NA,NA,NA,NA,2021-08-23,27.79205,-175.819217,Day
G:\2021\5643\20210823_193634.wav,11/9/23 13:35,HMS,Croak,8/23/2021 20:04:11.0,8/23/2021 20:04:11.3,1,NA,NA,NA,NA,NA,NA,NA,NA,2021-08-23,27.79205,-175.819217,Day
G:\2021\5643\20210823_193634.wav,11/9/23 13:35,HMS,Growl,8/23/2021 20:04:12.0,8/23/2021 20:04:15.9,1,NA,NA,NA,NA,NA,NA,NA,NA,2021-08-23,27.79205,-175.819217,Day
G:\2021\5643\20210823_193634.wav,11/9/23 13:35,HMS,Growl,8/23/2021 20:04:17.1,8/23/2021 20:04:21.0,1,NA,NA,NA,NA,NA,NA,NA,NA,2021-08-23,27.79205,-175.819217,Day
G:\2021\5643\20210823_193634.wav,11/9/23 13:35,HMS,Growl,8/23/2021 20:04:34.3,8/23/2021 20:04:36.4,1,NA,NA,NA,NA,NA,NA,NA,NA,2021-08-23,27.79205,-175.819217,Day
G:\2021\5643\20210823_193634.wav,11/9/23 13:35,HMS,Growl,8/23/2021 20:04:36.8,8/23/2021 20:04:37.5,1,NA,NA,NA,NA,NA,NA,NA,NA,2021-08-23,27.79205,-175.819217,Day
G:\2021\5643\20210823_193634.wav,11/9/23 13:35,HMS,Growl,8/23/2021 20:04:40.7,8/23/2021 20:04:44.3,1,NA,NA,NA,NA,NA,NA,NA,NA,2021-08-23,27.79205,-175.819217,Day
G:\2021\5643\20210823_193634.wav,11/9/23 13:35,HMS,Growl,8/23/2021 20:04:50.6,8/23/2021 20:04:51.3,1,NA,NA,NA,NA,NA,NA,NA,NA,2021-08-23,27.79205,-175.819217,Day
G:\2021\5643\20210823_193634.wav,11/9/23 13:35,HMS,Growl,8/23/2021 20:04:51.8,8/23/2021 20:04:52.5,1,NA,NA,NA,NA,NA,NA,NA,NA,2021-08-23,27.79205,-175.819217,Day
G:\2021\5643\20210823_193634.wav,11/9/23 13:36,HMS,MoanBridge,8/23/2021 21:01:10.8,8/23/2021 21:01:13.5,1,NA,NA,NA,NA,NA,NA,NA,NA,2021-08-23,27.79205,-175.819217,Night
G:\2021\5643\20210823_193634.wav,11/9/23 13:36,HMS,MoanBridgeGrowl,8/23/2021 21:01:18.2,8/23/2021 21:01:21.7,1,NA,NA,NA,NA,NA,NA,NA,NA,2021-08-23,27.79205,-175.819217,Night
G:\2021\5643\20210823_193634.wav,11/9/23 13:37,HMS,Growl,8/23/2021 21:01:18.8,8/23/2021 21:01:21.7,1,NA,NA,NA,NA,NA,NA,NA,NA,2021-08-23,27.79205,-175.819217,Night
G:\2021\5643\20210823_193634.wav,11/9/23 13:37,HMS,Growl,8/23/2021 21:03:35.9,8/23/2021 21:03:38.2,1,NA,NA,NA,NA,NA,NA,NA,NA,2021-08-23,27.79205,-175.819217,Night
G:\2021\5643\20210823_193634.wav,11/9/23 13:37,HMS,Growl,8/23/2021 21:03:39.4,8/23/2021 21:03:39.9,1,NA,NA,NA,NA,NA,NA,NA,NA,2021-08-23,27.79205,-175.819217,Night
G:\2021\5643\20210823_193634.wav,11/9/23 13:37,HMS,Growl,8/23/2021 21:03:52.6,8/23/2021 21:03:55.6,1,NA,NA,NA,NA,NA,NA,NA,NA,2021-08-23,27.79205,-175.819217,Night
G:\2021\5643\20210823_193634.wav,11/9/23 13:38,HMS,Growl,8/23/2021 22:00:45.3,8/23/2021 22:00:50.9,1,NA,NA,NA,NA,NA,two seals present,NA,NA,2021-08-23,27.79205,-175.819217,Night
G:\2021\5643\20210823_193634.wav,11/9/23 13:38,HMS,Growl,8/23/2021 22:00:45.2,8/23/2021 22:00:53.4,1,NA,NA,NA,NA,NA,NA,NA,NA,2021-08-23,27.79205,-175.819217,Night
G:\2021\5643\20210823_193634.wav,11/9/23 13:38,HMS,Growl,8/23/2021 22:00:54.2,8/23/2021 22:00:58.4,1,NA,NA,NA,NA,NA,NA,NA,NA,2021-08-23,27.79205,-175.819217,Night
G:\2021\5643\20210823_193634.wav,11/9/23 13:38,HMS,Growl,8/23/2021 22:01:00.1,8/23/2021 22:01:00.8,1,NA,NA,NA,NA,NA,NA,NA,NA,2021-08-23,27.79205,-175.819217,Night
G:\2021\5643\20210823_193634.wav,11/9/23 13:38,HMS,Growl,8/23/2021 22:01:01.3,8/23/2021 22:01:03.5,1,NA,NA,NA,NA,NA,NA,NA,NA,2021-08-23,27.79205,-175.819217,Night
G:\2021\5643\20210823_193634.wav,11/9/23 13:39,HMS,Whoop,8/23/2021 22:01:03.9,8/23/2021 22:01:04.0,1,1,NA,NA,NA,NA,NA,NA,NA,2021-08-23,27.79205,-175.819217,Night
G:\2021\5643\20210823_193634.wav,11/9/23 13:39,HMS,Growl,8/23/2021 22:01:04.4,8/23/2021 22:01:05.1,1,NA,NA,NA,NA,NA,NA,NA,NA,2021-08-23,27.79205,-175.819217,Night
G:\2021\5643\20210823_193634.wav,11/9/23 13:39,HMS,Moan,8/23/2021 22:01:05.2,8/23/2021 22:01:05.7,1,NA,NA,NA,NA,NA,NA,NA,NA,2021-08-23,27.79205,-175.819217,Night
G:\2021\5643\20210823_193634.wav,11/9/23 13:39,HMS,Moan,8/23/2021 22:01:11.5,8/23/2021 22:01:12.5,1,NA,NA,NA,NA,NA,NA,NA,NA,2021-08-23,27.79205,-175.819217,Night
G:\2021\5643\20210823_193634.wav,11/9/23 13:39,HMS,MoanGrowl,8/23/2021 22:01:12.6,8/23/2021 22:01:16.2,1,NA,NA,NA,NA,NA,NA,NA,NA,2021-08-23,27.79205,-175.819217,Night
G:\2021\5643\20210823_193634.wav,11/9/23 13:56,HMS,Growl,8/23/2021 22:02:12.2,8/23/2021 22:02:17.0,2,NA,NA,NA,NA,NA,NA,NA,NA,2021-08-23,27.79205,-175.819217,Night
G:\2021\5643\20210823_193634.wav,11/9/23 13:57,HMS,Growl,8/23/2021 22:02:17.1,8/23/2021 22:02:20.8,2,NA,NA,NA,NA,NA,NA,NA,NA,2021-08-23,27.79205,-175.819217,Night
G:\2021\5643\20210823_193634.wav,11/9/23 13:57,HMS,Croak,8/23/2021 22:02:22.4,8/23/2021 22:02:22.7,2,NA,NA,NA,NA,NA,NA,NA,NA,2021-08-23,27.79205,-175.819217,Night
G:\2021\5643\20210823_193634.wav,11/9/23 13:57,HMS,Croak,8/23/2021 22:02:23.4,8/23/2021 22:02:23.6,1,NA,NA,NA,NA,NA,NA,NA,NA,2021-08-23,27.79205,-175.819217,Night
G:\2021\5643\20210823_193634.wav,11/9/23 13:57,HMS,Croak,8/23/2021 22:02:26.2,8/23/2021 22:02:26.6,1,NA,NA,NA,NA,NA,NA,NA,NA,2021-08-23,27.79205,-175.819217,Night
G:\2021\5643\20210823_193634.wav,11/9/23 13:57,HMS,Growl,8/23/2021 22:02:27.9,8/23/2021 22:02:30.9,1,NA,NA,NA,NA,NA,NA,NA,NA,2021-08-23,27.79205,-175.819217,Night
G:\2021\5643\20210823_193634.wav,11/9/23 13:57,HMS,Growl,8/23/2021 22:02:30.8,8/23/2021 22:02:33.7,1,NA,NA,NA,NA,NA,NA,NA,NA,2021-08-23,27.79205,-175.819217,Night
G:\2021\5643\20210823_193634.wav,11/9/23 13:57,HMS,Growl,8/23/2021 22:02:35.0,8/23/2021 22:02:38.6,1,NA,NA,NA,NA,NA,NA,NA,NA,2021-08-23,27.79205,-175.819217,Night
G:\2021\5643\20210823_193634.wav,11/9/23 13:58,HMS,Croak,8/23/2021 22:02:42.3,8/23/2021 22:02:42.6,1,NA,NA,NA,NA,NA,NA,NA,NA,2021-08-23,27.79205,-175.819217,Night
G:\2021\5643\20210823_193634.wav,11/9/23 13:58,HMS,Growl,8/23/2021 22:02:50.4,8/23/2021 22:02:52.0,1,NA,NA,NA,NA,NA,NA,NA,NA,2021-08-23,27.79205,-175.819217,Night
G:\2021\5643\20210823_193634.wav,11/9/23 13:58,HMS,Croak,8/23/2021 22:02:53.7,8/23/2021 22:02:54.1,1,NA,NA,NA,NA,NA,NA,NA,NA,2021-08-23,27.79205,-175.819217,Night
G:\2021\5643\20210823_193634.wav,11/9/23 13:58,HMS,Growl,8/23/2021 22:02:54.8,8/23/2021 22:02:58.2,1,NA,NA,NA,NA,NA,NA,NA,NA,2021-08-23,27.79205,-175.819217,Night
G:\2021\5643\20210823_193634.wav,11/9/23 13:58,HMS,Croak,8/23/2021 22:02:59.0,8/23/2021 22:02:59.3,1,NA,NA,NA,NA,NA,NA,NA,NA,2021-08-23,27.79205,-175.819217,Night
G:\2021\5643\20210823_193634.wav,11/9/23 13:58,HMS,Growl,8/23/2021 22:03:00.6,8/23/2021 22:03:04.5,1,NA,NA,NA,NA,NA,NA,NA,NA,2021-08-23,27.79205,-175.819217,Night
G:\2021\5643\20210823_193634.wav,11/9/23 13:59,HMS,Growl,8/23/2021 22:03:54.8,8/23/2021 22:03:58.1,1,NA,NA,NA,NA,NA,NA,NA,NA,2021-08-23,27.79205,-175.819217,Night
G:\2021\5643\20210823_193634.wav,11/9/23 13:59,HMS,Growl,8/23/2021 22:04:01.0,8/23/2021 22:04:08.3,1,NA,NA,NA,NA,NA,NA,NA,NA,2021-08-23,27.79205,-175.819217,Night
G:\2021\5643\20210823_193634.wav,11/9/23 14:00,HMS,Whoop,8/23/2021 22:04:10.4,8/23/2021 22:04:11.2,1,3,NA,NA,NA,NA,NA,NA,NA,2021-08-23,27.79205,-175.819217,Night
G:\2021\5643\20210823_193634.wav,11/9/23 14:00,HMS,Growl,8/23/2021 22:04:11.6,8/23/2021 22:04:12.0,2,NA,NA,NA,NA,NA,NA,NA,NA,2021-08-23,27.79205,-175.819217,Night
G:\2021\5643\20210823_193634.wav,11/9/23 14:00,HMS,Croak,8/23/2021 22:04:16.2,8/23/2021 22:04:16.7,1,NA,NA,NA,NA,NA,NA,NA,NA,2021-08-23,27.79205,-175.819217,Night
G:\2021\5643\20210823_193634.wav,11/9/23 14:00,HMS,Growl,8/23/2021 22:04:17.3,8/23/2021 22:04:19.0,1,NA,NA,NA,NA,NA,NA,NA,NA,2021-08-23,27.79205,-175.819217,Night
G:\2021\5643\20210823_193634.wav,11/9/23 14:00,HMS,Croak,8/23/2021 22:04:19.9,8/23/2021 22:04:20.4,1,NA,NA,NA,NA,NA,NA,NA,NA,2021-08-23,27.79205,-175.819217,Night
G:\2021\5643\20210823_193634.wav,11/9/23 14:01,HMS,Moan,8/23/2021 22:04:24.2,8/23/2021 22:04:25.5,1,NA,NA,NA,NA,NA,NA,NA,NA,2021-08-23,27.79205,-175.819217,Night
G:\2021\5643\20210823_193634.wav,11/9/23 14:01,HMS,MoanGrowl,8/23/2021 22:04:25.6,8/23/2021 22:04:29.2,1,NA,NA,NA,NA,NA,NA,NA,NA,2021-08-23,27.79205,-175.819217,Night
G:\2021\5643\20210823_193634.wav,11/9/23 14:01,HMS,Whoop,8/23/2021 22:04:29.3,8/23/2021 22:04:29.5,1,1,NA,NA,NA,NA,NA,NA,NA,2021-08-23,27.79205,-175.819217,Night
G:\2021\5643\20210823_193634.wav,11/9/23 14:02,HMS,Growl,8/23/2021 22:04:38.7,8/23/2021 22:04:39.5,1,NA,NA,NA,NA,NA,NA,NA,NA,2021-08-23,27.79205,-175.819217,Night
G:\2021\5643\20210823_193634.wav,11/9/23 14:02,HMS,Whoop,8/23/2021 22:04:40.7,8/23/2021 22:04:40.8,1,1,NA,NA,NA,NA,NA,NA,NA,2021-08-23,27.79205,-175.819217,Night
G:\2021\5643\20210823_193634.wav,11/9/23 14:02,HMS,Moan,8/23/2021 22:04:42.4,8/23/2021 22:04:43.3,1,NA,NA,NA,NA,NA,NA,NA,NA,2021-08-23,27.79205,-175.819217,Night
G:\2021\5643\20210823_193634.wav,11/9/23 14:02,HMS,Moan,8/23/2021 22:04:43.4,8/23/2021 22:04:44.6,1,NA,NA,NA,NA,NA,NA,NA,NA,2021-08-23,27.79205,-175.819217,Night
G:\2021\5643\20210823_193634.wav,11/9/23 14:02,HMS,Croak,8/23/2021 22:04:55.0,8/23/2021 22:04:55.2,1,NA,NA,NA,NA,NA,NA,NA,NA,2021-08-23,27.79205,-175.819217,Night
G:\2021\5643\20210823_223634.wav,11/9/23 14:03,HMS,Growl,8/23/2021 23:00:10.5,8/23/2021 23:00:16.2,1,NA,NA,NA,NA,NA,NA,NA,NA,2021-08-23,27.79205,-175.819217,Night
G:\2021\5643\20210823_223634.wav,11/9/23 14:13,HMS,Croak,8/23/2021 23:00:18.9,8/23/2021 23:00:19.1,1,NA,NA,NA,NA,NA,NA,NA,NA,2021-08-23,27.79205,-175.819217,Night
G:\2021\5643\20210823_223634.wav,11/9/23 14:13,HMS,Croak,8/23/2021 23:00:22.9,8/23/2021 23:00:23.3,1,NA,NA,NA,NA,NA,NA,NA,NA,2021-08-23,27.79205,-175.819217,Night
G:\2021\5643\20210823_223634.wav,11/9/23 14:13,HMS,Growl,8/23/2021 23:00:24.0,8/23/2021 23:00:26.9,1,NA,NA,NA,NA,NA,NA,NA,NA,2021-08-23,27.79205,-175.819217,Night
G:\2021\5643\20210823_223634.wav,11/9/23 14:13,HMS,Growl,8/23/2021 23:00:28.1,8/23/2021 23:00:31.6,1,NA,NA,NA,NA,NA,NA,NA,NA,2021-08-23,27.79205,-175.819217,Night
G:\2021\5643\20210823_223634.wav,11/9/23 14:13,HMS,Growl,8/23/2021 23:00:47.3,8/23/2021 23:00:47.8,1,NA,NA,NA,NA,NA,NA,NA,NA,2021-08-23,27.79205,-175.819217,Night
G:\2021\5643\20210823_223634.wav,11/9/23 14:13,HMS,Growl,8/23/2021 23:00:48.5,8/23/2021 23:00:51.5,1,NA,NA,NA,NA,NA,NA,NA,NA,2021-08-23,27.79205,-175.819217,Night
G:\2021\5643\20210823_223634.wav,11/9/23 14:14,HMS,Croak,8/23/2021 23:01:18.1,8/23/2021 23:01:18.5,2,NA,NA,NA,NA,NA,NA,NA,NA,2021-08-23,27.79205,-175.819217,Night
G:\2021\5643\20210823_223634.wav,11/9/23 14:14,HMS,Growl,8/23/2021 23:03:11.1,8/23/2021 23:03:14.1,1,NA,NA,NA,NA,NA,NA,NA,NA,2021-08-23,27.79205,-175.819217,Night
G:\2021\5643\20210823_223634.wav,11/9/23 14:14,HMS,Growl,8/23/2021 23:03:14.6,8/23/2021 23:03:15.1,1,NA,NA,NA,NA,NA,NA,NA,NA,2021-08-23,27.79205,-175.819217,Night
G:\2021\5643\20210823_223634.wav,11/9/23 14:14,HMS,Growl,8/23/2021 23:03:17.6,8/23/2021 23:03:20.5,1,NA,NA,NA,NA,NA,NA,NA,NA,2021-08-23,27.79205,-175.819217,Night
G:\2021\5643\20210823_223634.wav,11/9/23 14:14,HMS,Growl,8/23/2021 23:03:25.5,8/23/2021 23:03:29.0,1,NA,NA,NA,NA,NA,NA,NA,NA,2021-08-23,27.79205,-175.819217,Night
G:\2021\5643\20210823_223634.wav,11/9/23 14:14,HMS,Growl,8/23/2021 23:03:34.7,8/23/2021 23:03:35.3,1,NA,NA,NA,NA,NA,NA,NA,NA,2021-08-23,27.79205,-175.819217,Night
G:\2021\5643\20210823_223634.wav,11/9/23 14:14,HMS,Moan,8/23/2021 23:03:37.8,8/23/2021 23:03:39.3,1,NA,NA,NA,NA,NA,NA,NA,NA,2021-08-23,27.79205,-175.819217,Night
G:\2021\5643\20210823_223634.wav,11/9/23 14:15,HMS,Growl,8/23/2021 23:03:44.2,8/23/2021 23:03:44.9,1,NA,NA,NA,NA,NA,NA,NA,NA,2021-08-23,27.79205,-175.819217,Night
G:\2021\5643\20210823_223634.wav,11/9/23 14:15,HMS,Growl,8/23/2021 23:03:45.4,8/23/2021 23:03:48.2,1,NA,NA,NA,NA,NA,NA,NA,NA,2021-08-23,27.79205,-175.819217,Night
G:\2021\5643\20210825_223621.wav,11/9/23 14:20,HMS,Growl,8/26/2021 0:00:00.2,8/26/2021 0:00:03.6,1,NA,NA,NA,NA,NA,NA,NA,NA,2021-08-26,27.79205,-175.819217,Night
G:\2021\5643\20210825_223621.wav,11/9/23 14:20,HMS,Growl,8/26/2021 0:01:16.0,8/26/2021 0:01:23.3,1,NA,NA,NA,NA,NA,NA,NA,NA,2021-08-26,27.79205,-175.819217,Night
G:\2021\5643\20210825_223621.wav,11/9/23 14:21,HMS,Croak,8/26/2021 0:01:26.0,8/26/2021 0:01:26.2,1,NA,NA,NA,NA,NA,NA,NA,NA,2021-08-26,27.79205,-175.819217,Night
G:\2021\5643\20210825_223621.wav,11/9/23 14:21,HMS,Croak,8/26/2021 0:01:26.9,8/26/2021 0:01:27.5,1,NA,NA,NA,NA,NA,NA,NA,NA,2021-08-26,27.79205,-175.819217,Night
G:\2021\5643\20210825_223621.wav,11/9/23 14:21,HMS,Croak,8/26/2021 0:01:34.9,8/26/2021 0:01:35.2,1,NA,NA,NA,NA,NA,NA,NA,NA,2021-08-26,27.79205,-175.819217,Night
G:\2021\5643\20210825_223621.wav,11/9/23 14:21,HMS,Growl,8/26/2021 0:01:35.8,8/26/2021 0:01:38.9,1,NA,NA,NA,NA,NA,NA,NA,NA,2021-08-26,27.79205,-175.819217,Night
G:\2021\5643\20210825_223621.wav,11/9/23 14:21,HMS,Croak,8/26/2021 0:01:40.0,8/26/2021 0:01:40.4,1,NA,NA,NA,NA,NA,NA,NA,NA,2021-08-26,27.79205,-175.819217,Night
G:\2021\5643\20210825_223621.wav,11/9/23 14:21,HMS,Growl,8/26/2021 0:01:41.1,8/26/2021 0:01:44.4,1,NA,NA,NA,NA,NA,NA,NA,NA,2021-08-26,27.79205,-175.819217,Night
G:\2021\5643\20210825_223621.wav,11/9/23 14:21,HMS,Croak,8/26/2021 0:01:48.5,8/26/2021 0:01:48.7,1,NA,NA,NA,NA,NA,NA,NA,NA,2021-08-26,27.79205,-175.819217,Night
G:\2021\5643\20210825_223621.wav,11/9/23 14:22,HMS,Whoop,8/26/2021 0:01:51.9,8/26/2021 0:01:52.2,1,2,NA,NA,NA,NA,NA,NA,NA,2021-08-26,27.79205,-175.819217,Night
G:\2021\5643\20210825_223621.wav,11/9/23 14:22,HMS,MoanGrowl,8/26/2021 0:01:52.3,8/26/2021 0:01:57.1,1,NA,NA,NA,NA,NA,NA,NA,NA,2021-08-26,27.79205,-175.819217,Night
G:\2021\5643\20210825_223621.wav,11/9/23 14:22,HMS,Growl,8/26/2021 0:03:31.4,8/26/2021 0:03:32.7,1,NA,NA,NA,NA,NA,NA,NA,NA,2021-08-26,27.79205,-175.819217,Night
G:\2021\5643\20210825_223621.wav,11/9/23 14:22,HMS,Growl,8/26/2021 0:03:33.1,8/26/2021 0:03:33.9,1,NA,NA,NA,NA,NA,NA,NA,NA,2021-08-26,27.79205,-175.819217,Night
G:\2021\5643\20210825_223621.wav,11/9/23 14:22,HMS,Growl,8/26/2021 0:03:36.6,8/26/2021 0:03:39.7,1,NA,NA,NA,NA,NA,NA,NA,NA,2021-08-26,27.79205,-175.819217,Night
G:\2021\5643\20210825_223621.wav,11/9/23 14:23,HMS,Croak,8/26/2021 0:03:40.9,8/26/2021 0:03:41.1,1,NA,NA,NA,NA,NA,NA,NA,NA,2021-08-26,27.79205,-175.819217,Night
G:\2021\5643\20210825_223621.wav,11/9/23 14:23,HMS,Growl,8/26/2021 0:03:42.7,8/26/2021 0:03:46.0,1,NA,NA,NA,NA,NA,NA,NA,NA,2021-08-26,27.79205,-175.819217,Night
G:\2021\5643\20210825_223621.wav,11/9/23 14:23,HMS,Croak,8/26/2021 1:00:06.2,8/26/2021 1:00:06.4,1,NA,NA,NA,NA,NA,NA,NA,NA,2021-08-26,27.79205,-175.819217,Night
G:\2021\5643\20210825_223621.wav,11/9/23 14:24,HMS,Growl,8/26/2021 1:00:14.5,8/26/2021 1:00:17.3,1,NA,NA,NA,NA,NA,NA,NA,NA,2021-08-26,27.79205,-175.819217,Night
G:\2021\5643\20210825_223621.wav,11/9/23 14:24,HMS,Growl,8/26/2021 1:00:17.7,8/26/2021 1:00:21.7,1,NA,NA,NA,NA,NA,NA,NA,NA,2021-08-26,27.79205,-175.819217,Night
G:\2021\5643\20210825_223621.wav,11/9/23 14:24,HMS,Growl,8/26/2021 1:00:31.6,8/26/2021 1:00:33.7,1,NA,NA,NA,NA,NA,NA,NA,NA,2021-08-26,27.79205,-175.819217,Night
G:\2021\5643\20210825_223621.wav,11/9/23 14:24,HMS,Growl,8/26/2021 1:02:08.8,8/26/2021 1:02:10.9,1,NA,NA,NA,NA,NA,NA,NA,NA,2021-08-26,27.79205,-175.819217,Night
G:\2021\5643\20210825_223621.wav,11/9/23 14:25,HMS,Croak,8/26/2021 1:02:11.5,8/26/2021 1:02:11.9,1,NA,NA,NA,NA,NA,NA,NA,NA,2021-08-26,27.79205,-175.819217,Night
G:\2021\5643\20210825_223621.wav,11/9/23 14:25,HMS,Growl,8/26/2021 1:02:14.1,8/26/2021 1:02:17.6,1,NA,NA,NA,NA,NA,NA,NA,NA,2021-08-26,27.79205,-175.819217,Night
G:\2021\5643\20210825_223621.wav,11/9/23 14:25,HMS,Croak,8/26/2021 1:02:26.0,8/26/2021 1:02:26.3,1,NA,NA,NA,NA,NA,NA,NA,NA,2021-08-26,27.79205,-175.819217,Night
G:\2021\5643\20210825_223621.wav,11/9/23 14:25,HMS,Growl,8/26/2021 1:02:27.1,8/26/2021 1:02:30.5,1,NA,NA,NA,NA,NA,NA,NA,NA,2021-08-26,27.79205,-175.819217,Night
G:\2021\5643\20210825_223621.wav,11/9/23 14:25,HMS,Growl,8/26/2021 1:02:31.7,8/26/2021 1:02:37.1,1,NA,NA,NA,NA,NA,NA,NA,NA,2021-08-26,27.79205,-175.819217,Night
G:\2021\5643\20210825_223621.wav,11/9/23 14:25,HMS,Growl,8/26/2021 1:03:58.8,8/26/2021 1:04:05.1,1,NA,NA,NA,NA,NA,NA,NA,NA,2021-08-26,27.79205,-175.819217,Night
G:\2021\5643\20210825_223621.wav,11/9/23 14:26,HMS,Whoop,8/26/2021 1:04:06.0,8/26/2021 1:04:06.5,1,2,NA,NA,NA,NA,NA,NA,NA,2021-08-26,27.79205,-175.819217,Night
G:\2021\5643\20210825_223621.wav,11/9/23 14:26,HMS,Growl,8/26/2021 1:04:11.1,8/26/2021 1:04:13.9,1,NA,NA,NA,NA,NA,NA,NA,NA,2021-08-26,27.79205,-175.819217,Night
G:\2021\5643\20210825_223621.wav,11/9/23 14:26,HMS,Croak,8/26/2021 1:04:16.3,8/26/2021 1:04:16.7,1,NA,NA,NA,NA,NA,NA,NA,NA,2021-08-26,27.79205,-175.819217,Night
G:\2021\5643\20210825_223621.wav,11/9/23 14:26,HMS,Growl,8/26/2021 1:04:17.4,8/26/2021 1:04:21.3,1,NA,NA,NA,NA,NA,NA,NA,NA,2021-08-26,27.79205,-175.819217,Night
G:\2021\5643\20210825_223621.wav,11/9/23 14:26,HMS,Growl,8/26/2021 1:04:22.2,8/26/2021 1:04:26.9,1,NA,NA,NA,NA,NA,NA,NA,NA,2021-08-26,27.79205,-175.819217,Night
G:\2021\5643\20210825_223621.wav,11/9/23 14:27,HMS,Growl,8/26/2021 1:04:35.0,8/26/2021 1:04:35.9,1,NA,NA,NA,NA,NA,NA,NA,NA,2021-08-26,27.79205,-175.819217,Night
G:\2021\5643\20210825_223621.wav,11/9/23 14:27,HMS,Growl,8/26/2021 1:04:47.1,8/26/2021 1:04:48.2,1,NA,NA,NA,NA,NA,NA,NA,NA,2021-08-26,27.79205,-175.819217,Night
G:\2021\5643\20210826_013620.wav,11/9/23 14:30,HMS,Growl,8/26/2021 2:00:37.2,8/26/2021 2:00:37.9,1,NA,NA,NA,NA,NA,NA,NA,NA,2021-08-26,27.79205,-175.819217,Night
G:\2021\5643\20210826_013620.wav,11/9/23 14:30,HMS,Croak,8/26/2021 2:00:38.2,8/26/2021 2:00:38.5,1,NA,NA,NA,NA,NA,NA,NA,NA,2021-08-26,27.79205,-175.819217,Night
G:\2021\5643\20210826_013620.wav,11/9/23 14:30,HMS,Growl,8/26/2021 2:00:39.9,8/26/2021 2:00:42.7,1,NA,NA,NA,NA,NA,NA,NA,NA,2021-08-26,27.79205,-175.819217,Night
G:\2021\5643\20210826_013620.wav,11/9/23 14:30,HMS,Whoop,8/26/2021 2:00:43.1,8/26/2021 2:00:43.3,1,1,NA,NA,NA,NA,NA,NA,NA,2021-08-26,27.79205,-175.819217,Night
G:\2021\5643\20210826_013620.wav,11/9/23 14:30,HMS,Growl,8/26/2021 2:02:23.2,8/26/2021 2:02:25.2,1,NA,NA,NA,NA,NA,NA,NA,NA,2021-08-26,27.79205,-175.819217,Night
G:\2021\5643\20210826_013620.wav,11/9/23 14:31,HMS,Croak,8/26/2021 2:02:25.7,8/26/2021 2:02:26.2,1,NA,NA,NA,NA,NA,NA,NA,NA,2021-08-26,27.79205,-175.819217,Night
G:\2021\5643\20210826_013620.wav,11/9/23 14:31,HMS,Growl,8/26/2021 2:02:28.1,8/26/2021 2:02:31.6,1,NA,NA,NA,NA,NA,NA,NA,NA,2021-08-26,27.79205,-175.819217,Night
G:\2021\5643\20210826_013620.wav,11/9/23 14:31,HMS,Moan,8/26/2021 2:02:37.8,8/26/2021 2:02:39.0,1,NA,NA,NA,NA,NA,NA,NA,NA,2021-08-26,27.79205,-175.819217,Night
G:\2021\5643\20210826_013620.wav,11/9/23 14:31,HMS,MoanGrowl,8/26/2021 2:02:39.0,8/26/2021 2:02:43.1,1,NA,NA,NA,NA,NA,NA,NA,NA,2021-08-26,27.79205,-175.819217,Night
G:\2021\5643\20210826_013620.wav,11/9/23 14:31,HMS,Whoop,8/26/2021 2:02:45.5,8/26/2021 2:02:46.5,1,3,NA,NA,NA,NA,NA,NA,NA,2021-08-26,27.79205,-175.819217,Night
G:\2021\5643\20210826_013620.wav,11/9/23 14:31,HMS,Whoop,8/26/2021 2:02:48.5,8/26/2021 2:02:49.0,1,2,NA,NA,NA,NA,NA,NA,NA,2021-08-26,27.79205,-175.819217,Night
G:\2021\5643\20210826_013620.wav,11/9/23 14:32,HMS,Growl,8/26/2021 3:00:04.4,8/26/2021 3:00:05.3,1,NA,NA,NA,NA,NA,NA,NA,NA,2021-08-26,27.79205,-175.819217,Night
G:\2021\5643\20210826_013620.wav,11/9/23 14:32,HMS,Growl,8/26/2021 3:00:45.9,8/26/2021 3:00:51.2,1,NA,NA,NA,NA,NA,NA,NA,NA,2021-08-26,27.79205,-175.819217,Night
G:\2021\5643\20210826_013620.wav,11/9/23 14:33,HMS,Growl,8/26/2021 3:00:54.5,8/26/2021 3:00:55.1,1,NA,NA,NA,NA,NA,NA,NA,NA,2021-08-26,27.79205,-175.819217,Night
G:\2021\5643\20210826_013620.wav,11/9/23 14:33,HMS,Croak,8/26/2021 3:01:00.3,8/26/2021 3:01:00.7,1,NA,NA,NA,NA,NA,NA,NA,NA,2021-08-26,27.79205,-175.819217,Night
G:\2021\5643\20210826_013620.wav,11/9/23 14:33,HMS,Growl,8/26/2021 3:01:01.5,8/26/2021 3:01:04.3,1,NA,NA,NA,NA,NA,NA,NA,NA,2021-08-26,27.79205,-175.819217,Night
G:\2021\5643\20210826_013620.wav,11/9/23 14:33,HMS,Croak,8/26/2021 3:01:05.3,8/26/2021 3:01:05.7,1,NA,NA,NA,NA,NA,NA,NA,NA,2021-08-26,27.79205,-175.819217,Night
G:\2021\5643\20210826_013620.wav,11/9/23 14:33,HMS,Growl,8/26/2021 3:01:06.2,8/26/2021 3:01:09.5,1,NA,NA,NA,NA,NA,NA,NA,NA,2021-08-26,27.79205,-175.819217,Night
G:\2021\5643\20210826_013620.wav,11/9/23 14:33,HMS,Moan,8/26/2021 3:01:16.3,8/26/2021 3:01:16.9,1,NA,NA,NA,NA,NA,NA,NA,NA,2021-08-26,27.79205,-175.819217,Night
G:\2021\5643\20210826_013620.wav,11/9/23 14:33,HMS,MoanGrowl,8/26/2021 3:01:16.9,8/26/2021 3:01:20.2,1,NA,NA,NA,NA,NA,NA,NA,NA,2021-08-26,27.79205,-175.819217,Night
G:\2021\5643\20210826_013620.wav,11/9/23 14:34,HMS,Growl,8/26/2021 3:01:28.9,8/26/2021 3:01:29.4,1,NA,NA,NA,NA,NA,NA,NA,NA,2021-08-26,27.79205,-175.819217,Night
G:\2021\5643\20210826_013620.wav,11/9/23 14:34,HMS,Croak,8/26/2021 3:01:31.2,8/26/2021 3:01:31.5,1,NA,NA,NA,NA,NA,NA,NA,NA,2021-08-26,27.79205,-175.819217,Night
G:\2021\5643\20210826_013620.wav,11/9/23 14:35,HMS,Growl,8/26/2021 3:01:32.2,8/26/2021 3:01:35.9,1,NA,NA,NA,NA,NA,NA,NA,NA,2021-08-26,27.79205,-175.819217,Night
G:\2021\5643\20210826_013620.wav,11/9/23 14:35,HMS,Growl,8/26/2021 3:01:36.8,8/26/2021 3:01:41.1,1,NA,NA,NA,NA,NA,NA,NA,NA,2021-08-26,27.79205,-175.819217,Night
G:\2021\5643\20210826_013620.wav,11/9/23 14:35,HMS,Growl,8/26/2021 3:01:56.0,8/26/2021 3:01:57.2,1,NA,NA,NA,NA,NA,NA,NA,NA,2021-08-26,27.79205,-175.819217,Night
G:\2021\5643\20210826_013620.wav,11/9/23 14:35,HMS,Growl,8/26/2021 3:01:57.8,8/26/2021 3:01:58.4,1,NA,NA,NA,NA,NA,NA,NA,NA,2021-08-26,27.79205,-175.819217,Night
G:\2021\5643\20210826_013620.wav,11/9/23 14:35,HMS,Growl,8/26/2021 3:02:00.7,8/26/2021 3:02:04.2,1,NA,NA,NA,NA,NA,NA,NA,NA,2021-08-26,27.79205,-175.819217,Night
G:\2021\5643\20210826_013620.wav,11/9/23 14:35,HMS,Croak,8/26/2021 3:02:09.3,8/26/2021 3:02:09.7,1,NA,NA,NA,NA,NA,NA,NA,NA,2021-08-26,27.79205,-175.819217,Night
G:\2021\5643\20210826_013620.wav,11/9/23 14:35,HMS,Moan,8/26/2021 3:02:12.7,8/26/2021 3:02:14.1,1,NA,NA,NA,NA,NA,NA,NA,NA,2021-08-26,27.79205,-175.819217,Night
G:\2021\5643\20210826_013620.wav,11/9/23 14:36,HMS,MoanGrowl,8/26/2021 3:02:14.4,8/26/2021 3:02:18.9,1,NA,NA,NA,NA,NA,NA,NA,NA,2021-08-26,27.79205,-175.819217,Night
G:\2021\5643\20210826_013620.wav,11/9/23 14:36,HMS,Growl,8/26/2021 3:02:22.1,8/26/2021 3:02:23.7,1,NA,NA,NA,NA,NA,NA,NA,NA,2021-08-26,27.79205,-175.819217,Night
G:\2021\5643\20210826_013620.wav,11/9/23 14:36,HMS,Growl,8/26/2021 3:03:17.5,8/26/2021 3:03:21.2,1,NA,NA,NA,NA,NA,NA,NA,NA,2021-08-26,27.79205,-175.819217,Night
G:\2021\5643\20210826_013620.wav,11/9/23 14:36,HMS,Growl,8/26/2021 3:03:21.7,8/26/2021 3:03:22.6,1,NA,NA,NA,NA,NA,NA,NA,NA,2021-08-26,27.79205,-175.819217,Night
G:\2021\5643\20210826_013620.wav,11/9/23 14:36,HMS,Growl,8/26/2021 3:03:25.5,8/26/2021 3:03:29.3,1,NA,NA,NA,NA,NA,NA,NA,NA,2021-08-26,27.79205,-175.819217,Night
G:\2021\5643\20210826_013620.wav,11/9/23 14:36,HMS,Moan,8/26/2021 3:03:34.8,8/26/2021 3:03:35.8,1,NA,NA,NA,NA,NA,NA,NA,NA,2021-08-26,27.79205,-175.819217,Night
G:\2021\5643\20210826_013620.wav,11/9/23 14:37,HMS,MoanGrowl,8/26/2021 3:03:35.9,8/26/2021 3:03:40.4,1,NA,NA,NA,NA,NA,NA,NA,NA,2021-08-26,27.79205,-175.819217,Night
G:\2021\5643\20210826_013620.wav,11/9/23 14:37,HMS,Croak,8/26/2021 3:03:41.6,8/26/2021 3:03:42.0,1,NA,NA,NA,NA,NA,NA,NA,NA,2021-08-26,27.79205,-175.819217,Night
G:\2021\5643\20210826_013620.wav,11/9/23 14:37,HMS,Growl,8/26/2021 3:03:42.7,8/26/2021 3:03:46.4,1,NA,NA,NA,NA,NA,NA,NA,NA,2021-08-26,27.79205,-175.819217,Night
G:\2021\5643\20210826_013620.wav,11/9/23 14:37,HMS,Growl,8/26/2021 3:04:09.5,8/26/2021 3:04:13.6,1,NA,NA,NA,NA,NA,NA,NA,NA,2021-08-26,27.79205,-175.819217,Night
G:\2021\5643\20210826_013620.wav,11/9/23 14:37,HMS,Growl,8/26/2021 3:04:15.1,8/26/2021 3:04:18.3,1,NA,NA,NA,NA,NA,NA,NA,NA,2021-08-26,27.79205,-175.819217,Night
G:\2021\5643\20210826_013620.wav,11/9/23 14:38,HMS,Growl,8/26/2021 3:04:30.7,8/26/2021 3:04:31.6,1,NA,NA,NA,NA,NA,NA,NA,NA,2021-08-26,27.79205,-175.819217,Night
G:\2021\5643\20210826_013620.wav,11/9/23 14:38,HMS,Whoop,8/26/2021 3:04:37.1,8/26/2021 3:04:37.3,1,1,NA,NA,NA,NA,NA,NA,NA,2021-08-26,27.79205,-175.819217,Night
G:\2021\5643\20210826_013620.wav,11/9/23 14:38,HMS,Growl,8/26/2021 3:04:49.4,8/26/2021 3:04:53.3,1,NA,NA,NA,NA,NA,NA,NA,NA,2021-08-26,27.79205,-175.819217,Night
G:\2021\5643\20210826_013620.wav,11/9/23 14:38,HMS,Growl,8/26/2021 3:04:53.8,8/26/2021 3:04:59.3,1,NA,NA,NA,NA,NA,NA,NA,NA,2021-08-26,27.79205,-175.819217,Night
G:\2021\5643\20210826_013620.wav,11/9/23 14:38,HMS,Whoop,8/26/2021 3:04:59.5,8/26/2021 3:04:59.7,1,1,NA,NA,NA,NA,NA,NA,NA,2021-08-26,27.79205,-175.819217,Night
G:\2021\5643\20210826_013620.wav,11/9/23 14:39,HMS,Growl,8/26/2021 4:00:01.0,8/26/2021 4:00:02.6,1,NA,NA,NA,NA,NA,NA,NA,NA,2021-08-26,27.79205,-175.819217,Night
G:\2021\5643\20210826_013620.wav,11/9/23 14:39,HMS,Whoop,8/26/2021 4:00:02.6,8/26/2021 4:00:03.3,1,4,NA,NA,NA,NA,NA,NA,NA,2021-08-26,27.79205,-175.819217,Night
G:\2021\5643\20210826_013620.wav,11/9/23 14:39,HMS,Growl,8/26/2021 4:00:47.2,8/26/2021 4:00:54.2,1,NA,NA,NA,NA,NA,NA,NA,NA,2021-08-26,27.79205,-175.819217,Night
G:\2021\5643\20210826_013620.wav,11/9/23 14:39,HMS,Croak,8/26/2021 4:00:57.6,8/26/2021 4:00:57.9,1,NA,NA,NA,NA,NA,NA,NA,NA,2021-08-26,27.79205,-175.819217,Night
G:\2021\5643\20210826_013620.wav,11/9/23 14:40,HMS,Growl,8/26/2021 4:00:58.6,8/26/2021 4:01:01.9,1,NA,NA,NA,NA,NA,NA,NA,NA,2021-08-26,27.79205,-175.819217,Night
G:\2021\5643\20210826_013620.wav,11/9/23 14:40,HMS,MoanGrowl,8/26/2021 4:01:08.5,8/26/2021 4:01:11.2,1,NA,NA,NA,NA,NA,NA,NA,NA,2021-08-26,27.79205,-175.819217,Night
G:\2021\5643\20210826_013620.wav,11/9/23 14:40,HMS,MoanGrowl,8/26/2021 4:01:13.7,8/26/2021 4:01:15.8,1,NA,NA,NA,NA,NA,NA,NA,NA,2021-08-26,27.79205,-175.819217,Night
G:\2021\5643\20210826_013620.wav,11/9/23 14:45,HMS,Growl,8/26/2021 4:02:30.2,8/26/2021 4:02:33.7,1,NA,NA,NA,NA,NA,NA,NA,NA,2021-08-26,27.79205,-175.819217,Night
G:\2021\5643\20210826_013620.wav,11/9/23 14:45,HMS,Croak,8/26/2021 4:02:34.5,8/26/2021 4:02:35.0,1,NA,NA,NA,NA,NA,NA,NA,NA,2021-08-26,27.79205,-175.819217,Night
G:\2021\5643\20210826_013620.wav,11/9/23 14:46,HMS,Growl,8/26/2021 4:02:37.8,8/26/2021 4:02:41.4,1,NA,NA,NA,NA,NA,NA,NA,NA,2021-08-26,27.79205,-175.819217,Night
G:\2021\5643\20210826_013620.wav,11/9/23 14:46,HMS,Growl,8/26/2021 4:02:42.1,8/26/2021 4:02:48.6,1,NA,NA,NA,NA,NA,NA,NA,NA,2021-08-26,27.79205,-175.819217,Night
G:\2021\5643\20210826_013620.wav,11/9/23 14:46,HMS,Whoop,8/26/2021 4:02:49.6,8/26/2021 4:02:49.9,1,1,NA,NA,NA,NA,NA,NA,NA,2021-08-26,27.79205,-175.819217,Night
G:\2021\5643\20210826_013620.wav,11/9/23 14:46,HMS,Croak,8/26/2021 4:02:51.2,8/26/2021 4:02:51.6,1,NA,NA,NA,NA,NA,NA,NA,NA,2021-08-26,27.79205,-175.819217,Night
G:\2021\5643\20210826_013620.wav,11/9/23 14:46,HMS,Growl,8/26/2021 4:02:54.5,8/26/2021 4:02:58.8,1,NA,NA,NA,NA,NA,NA,NA,NA,2021-08-26,27.79205,-175.819217,Night
G:\2021\5643\20210826_013620.wav,11/9/23 14:47,HMS,Growl,8/26/2021 4:02:59.3,8/26/2021 4:03:03.7,1,NA,NA,NA,NA,NA,NA,NA,NA,2021-08-26,27.79205,-175.819217,Night
G:\2021\5643\20210826_013620.wav,11/9/23 14:50,HMS,Growl,8/26/2021 4:03:59.7,8/26/2021 4:04:05.2,1,NA,NA,NA,NA,NA,NA,NA,NA,2021-08-26,27.79205,-175.819217,Night
G:\2021\5643\20210826_013620.wav,11/9/23 14:50,HMS,Growl,8/26/2021 4:04:10.0,8/26/2021 4:04:13.6,1,NA,NA,NA,NA,NA,NA,NA,NA,2021-08-26,27.79205,-175.819217,Night
G:\2021\5643\20210826_013620.wav,11/9/23 14:50,HMS,Whoop,8/26/2021 4:04:14.3,8/26/2021 4:04:14.7,1,2,NA,NA,NA,NA,NA,NA,NA,2021-08-26,27.79205,-175.819217,Night
G:\2021\5643\20210826_013620.wav,11/9/23 14:50,HMS,Growl,8/26/2021 4:04:20.6,8/26/2021 4:04:21.2,1,NA,NA,NA,NA,NA,NA,NA,NA,2021-08-26,27.79205,-175.819217,Night
G:\2021\5643\20210826_013620.wav,11/9/23 14:51,HMS,Growl,8/26/2021 4:04:21.6,8/26/2021 4:04:22.1,1,NA,NA,NA,NA,NA,NA,NA,NA,2021-08-26,27.79205,-175.819217,Night
G:\2021\5643\20210826_013620.wav,11/9/23 14:51,HMS,Growl,8/26/2021 4:04:24.5,8/26/2021 4:04:27.1,1,NA,NA,NA,NA,NA,NA,NA,NA,2021-08-26,27.79205,-175.819217,Night
G:\2021\5643\20210826_013620.wav,11/9/23 14:51,HMS,Growl,8/26/2021 4:04:35.1,8/26/2021 4:04:36.3,1,NA,NA,NA,NA,NA,NA,NA,NA,2021-08-26,27.79205,-175.819217,Night
G:\2021\5643\20210826_013620.wav,11/9/23 14:51,HMS,Croak,8/26/2021 4:04:36.5,8/26/2021 4:04:36.8,1,NA,NA,NA,NA,NA,NA,NA,NA,2021-08-26,27.79205,-175.819217,Night
G:\2021\5643\20210826_013620.wav,11/9/23 14:52,HMS,Growl,8/26/2021 4:04:39.0,8/26/2021 4:04:42.9,1,NA,NA,NA,NA,NA,author end,NA,NA,2021-08-26,27.79205,-175.819217,Night
G:\2021\5643\20210826_043620.wav,11/13/23 10:53,HMS,Croak,8/26/2021 5:00:01.8,8/26/2021 5:00:02.1,1,NA,NA,NA,NA,NA,author start,NA,NA,2021-08-26,27.79205,-175.819217,Night
G:\2021\5643\20210826_043620.wav,11/13/23 10:55,HMS,MoanGrowl,8/26/2021 5:00:25.5,8/26/2021 5:00:31.5,1,NA,NA,NA,NA,NA,NA,NA,NA,2021-08-26,27.79205,-175.819217,Night
G:\2021\5643\20210826_043620.wav,11/13/23 10:56,HMS,Croak,8/26/2021 5:00:31.9,8/26/2021 5:00:32.1,1,NA,NA,NA,NA,NA,NA,NA,NA,2021-08-26,27.79205,-175.819217,Night
G:\2021\5643\20210826_043620.wav,11/13/23 10:56,HMS,Growl,8/26/2021 5:00:33.5,8/26/2021 5:00:36.4,1,NA,NA,NA,NA,NA,NA,NA,NA,2021-08-26,27.79205,-175.819217,Night
G:\2021\5643\20210826_043620.wav,11/13/23 10:57,HMS,MoanBridgeGrowl,8/26/2021 5:00:41.6,8/26/2021 5:00:45.7,2,NA,NA,NA,NA,NA,NA,NA,NA,2021-08-26,27.79205,-175.819217,Night
G:\2021\5643\20210826_043620.wav,11/13/23 10:57,HMS,Growl,8/26/2021 5:00:59.1,8/26/2021 5:01:01.6,1,NA,NA,NA,NA,NA,NA,NA,NA,2021-08-26,27.79205,-175.819217,Night
G:\2021\5643\20210826_043620.wav,11/13/23 10:58,HMS,Croak,8/26/2021 5:01:02.4,8/26/2021 5:01:02.8,1,NA,NA,NA,NA,NA,NA,NA,NA,2021-08-26,27.79205,-175.819217,Night
G:\2021\5643\20210826_043620.wav,11/13/23 10:58,HMS,Growl,8/26/2021 5:01:04.9,8/26/2021 5:01:08.3,1,NA,NA,NA,NA,NA,NA,NA,NA,2021-08-26,27.79205,-175.819217,Night
G:\2021\5643\20210826_043620.wav,11/13/23 10:58,HMS,Growl,8/26/2021 5:01:19.0,8/26/2021 5:01:23.9,2,NA,NA,NA,NA,NA,NA,NA,NA,2021-08-26,27.79205,-175.819217,Night
G:\2021\5643\20210826_043620.wav,11/13/23 10:58,HMS,Croak,8/26/2021 5:01:24.5,8/26/2021 5:01:24.9,2,NA,NA,NA,NA,NA,NA,NA,NA,2021-08-26,27.79205,-175.819217,Night
G:\2021\5643\20210826_043620.wav,11/13/23 10:58,HMS,Growl,8/26/2021 5:01:28.4,8/26/2021 5:01:32.8,1,NA,NA,NA,NA,NA,NA,NA,NA,2021-08-26,27.79205,-175.819217,Night
G:\2021\5643\20210826_043620.wav,11/13/23 10:58,HMS,Croak,8/26/2021 5:01:36.5,8/26/2021 5:01:37.0,1,NA,NA,NA,NA,NA,NA,NA,NA,2021-08-26,27.79205,-175.819217,Night
G:\2021\5643\20210826_043620.wav,11/13/23 10:59,HMS,Whoop,8/26/2021 5:01:37.4,8/26/2021 5:01:38.1,1,3,NA,NA,NA,NA,NA,NA,NA,2021-08-26,27.79205,-175.819217,Night
G:\2021\5643\20210826_043620.wav,11/13/23 10:59,HMS,Croak,8/26/2021 5:01:42.3,8/26/2021 5:01:43.1,1,NA,NA,NA,NA,NA,NA,NA,NA,2021-08-26,27.79205,-175.819217,Night
G:\2021\5643\20210826_043620.wav,11/13/23 10:59,HMS,Growl,8/26/2021 5:02:14.9,8/26/2021 5:02:18.5,1,NA,NA,NA,NA,NA,NA,NA,NA,2021-08-26,27.79205,-175.819217,Night
G:\2021\5643\20210826_043620.wav,11/13/23 11:01,HMS,Whoop,8/26/2021 5:02:18.8,8/26/2021 5:02:19.1,1,2,NA,NA,NA,NA,NA,NA,NA,2021-08-26,27.79205,-175.819217,Night
G:\2021\5643\20210826_043620.wav,11/13/23 11:01,HMS,Croak,8/26/2021 5:02:20.3,8/26/2021 5:02:21.1,1,NA,NA,NA,NA,NA,NA,NA,NA,2021-08-26,27.79205,-175.819217,Night
G:\2021\5643\20210826_043620.wav,11/13/23 11:01,HMS,Growl,8/26/2021 5:02:28.1,8/26/2021 5:02:31.9,1,NA,NA,NA,NA,NA,NA,NA,NA,2021-08-26,27.79205,-175.819217,Night
G:\2021\5643\20210826_043620.wav,11/13/23 11:02,HMS,Croak,8/26/2021 5:02:38.0,8/26/2021 5:02:38.4,1,NA,NA,NA,NA,NA,NA,NA,NA,2021-08-26,27.79205,-175.819217,Night
G:\2021\5643\20210826_043620.wav,11/13/23 11:02,HMS,Croak,8/26/2021 5:02:38.9,8/26/2021 5:02:39.4,1,NA,NA,NA,NA,NA,NA,NA,NA,2021-08-26,27.79205,-175.819217,Night
G:\2021\5643\20210826_043620.wav,11/13/23 11:02,HMS,Growl,8/26/2021 5:02:45.9,8/26/2021 5:02:51.3,1,NA,NA,NA,NA,NA,NA,NA,NA,2021-08-26,27.79205,-175.819217,Night
G:\2021\5643\20210826_043620.wav,11/13/23 11:02,HMS,Growl,8/26/2021 5:03:29.2,8/26/2021 5:03:36.5,2,NA,NA,NA,NA,NA,NA,NA,NA,2021-08-26,27.79205,-175.819217,Night
G:\2021\5643\20210826_043620.wav,11/13/23 11:03,HMS,Croak,8/26/2021 5:03:37.7,8/26/2021 5:03:38.0,1,NA,NA,NA,NA,NA,NA,NA,NA,2021-08-26,27.79205,-175.819217,Night
G:\2021\5643\20210826_043620.wav,11/13/23 11:03,HMS,Growl,8/26/2021 5:03:39.9,8/26/2021 5:03:43.2,2,NA,NA,NA,NA,NA,NA,NA,NA,2021-08-26,27.79205,-175.819217,Night
G:\2021\5643\20210826_043620.wav,11/13/23 11:03,HMS,Whoop,8/26/2021 5:03:44.4,8/26/2021 5:03:44.7,1,2,NA,NA,NA,NA,NA,NA,NA,2021-08-26,27.79205,-175.819217,Night
G:\2021\5643\20210826_043620.wav,11/13/23 11:04,HMS,Moan,8/26/2021 5:03:49.3,8/26/2021 5:03:50.2,2,NA,NA,NA,NA,NA,NA,NA,NA,2021-08-26,27.79205,-175.819217,Night
G:\2021\5643\20210826_043620.wav,11/13/23 11:04,HMS,Growl,8/26/2021 5:03:50.0,8/26/2021 5:03:52.8,2,NA,NA,NA,NA,NA,NA,NA,NA,2021-08-26,27.79205,-175.819217,Night
G:\2021\5643\20210826_043620.wav,11/13/23 11:05,HMS,Growl,8/26/2021 5:03:52.8,8/26/2021 5:03:55.3,1,NA,NA,NA,NA,NA,overlapping with whoops,NA,NA,2021-08-26,27.79205,-175.819217,Night
G:\2021\5643\20210826_043620.wav,11/13/23 11:05,HMS,Whoop,8/26/2021 5:03:54.1,8/26/2021 5:03:55.4,1,5,NA,NA,NA,NA,overlapping with growl,NA,NA,2021-08-26,27.79205,-175.819217,Night
G:\2021\5643\20210826_043620.wav,11/13/23 11:05,HMS,Croak,8/26/2021 5:03:55.6,8/26/2021 5:03:56.1,2,NA,NA,NA,NA,NA,NA,NA,NA,2021-08-26,27.79205,-175.819217,Night
G:\2021\5643\20210826_043620.wav,11/13/23 11:05,HMS,Growl,8/26/2021 5:04:01.0,8/26/2021 5:04:04.4,1,NA,NA,NA,NA,NA,NA,NA,NA,2021-08-26,27.79205,-175.819217,Night
G:\2021\5643\20210826_043620.wav,11/13/23 11:05,HMS,Croak,8/26/2021 5:04:05.6,8/26/2021 5:04:05.9,1,NA,NA,NA,NA,NA,NA,NA,NA,2021-08-26,27.79205,-175.819217,Night
G:\2021\5643\20210826_043620.wav,11/13/23 11:05,HMS,Growl,8/26/2021 5:04:06.5,8/26/2021 5:04:10.5,1,NA,NA,NA,NA,NA,NA,NA,NA,2021-08-26,27.79205,-175.819217,Night
G:\2021\5643\20210826_043620.wav,11/13/23 11:06,HMS,MoanBridgeGrowl,8/26/2021 5:04:19.9,8/26/2021 5:04:24.2,1,NA,NA,NA,NA,NA,NA,NA,NA,2021-08-26,27.79205,-175.819217,Night
G:\2021\5643\20210826_043620.wav,11/13/23 11:08,HMS,Growl,8/26/2021 6:01:00.3,8/26/2021 6:01:08.0,3,NA,NA,NA,NA,NA,NA,NA,NA,2021-08-26,27.79205,-175.819217,Night
G:\2021\5643\20210826_043620.wav,11/13/23 11:09,HMS,Croak,8/26/2021 6:01:08.6,8/26/2021 6:01:09.0,3,NA,NA,NA,NA,NA,NA,NA,NA,2021-08-26,27.79205,-175.819217,Night
G:\2021\5643\20210826_043620.wav,11/13/23 11:09,HMS,Whoop,8/26/2021 6:01:09.1,8/26/2021 6:01:09.5,2,2,NA,NA,NA,NA,NA,NA,NA,2021-08-26,27.79205,-175.819217,Night
G:\2021\5643\20210826_043620.wav,11/13/23 11:09,HMS,Croak,8/26/2021 6:01:10.7,8/26/2021 6:01:10.9,3,NA,NA,NA,NA,NA,NA,NA,NA,2021-08-26,27.79205,-175.819217,Night
G:\2021\5643\20210826_043620.wav,11/13/23 11:09,HMS,Growl,8/26/2021 6:01:12.9,8/26/2021 6:01:16.0,3,NA,NA,NA,NA,NA,NA,NA,NA,2021-08-26,27.79205,-175.819217,Night
G:\2021\5643\20210826_043620.wav,11/13/23 11:10,HMS,Whoop,8/26/2021 6:01:17.3,8/26/2021 6:01:17.8,2,2,NA,NA,NA,NA,NA,NA,NA,2021-08-26,27.79205,-175.819217,Night
G:\2021\5643\20210826_043620.wav,11/13/23 11:10,HMS,Croak,8/26/2021 6:01:20.8,8/26/2021 6:01:21.0,2,NA,NA,NA,NA,NA,NA,NA,NA,2021-08-26,27.79205,-175.819217,Night
G:\2021\5643\20210826_043620.wav,11/13/23 11:10,HMS,Whoop,8/26/2021 6:01:24.7,8/26/2021 6:01:25.6,2,3,NA,NA,NA,NA,NA,NA,NA,2021-08-26,27.79205,-175.819217,Night
G:\2021\5643\20210826_043620.wav,11/13/23 11:10,HMS,Croak,8/26/2021 6:01:25.8,8/26/2021 6:01:26.3,3,NA,NA,NA,NA,NA,NA,NA,NA,2021-08-26,27.79205,-175.819217,Night
G:\2021\5643\20210826_043620.wav,11/13/23 11:10,HMS,Growl,8/26/2021 6:01:26.9,8/26/2021 6:01:31.0,3,NA,NA,NA,NA,NA,NA,NA,NA,2021-08-26,27.79205,-175.819217,Night
G:\2021\5643\20210826_043620.wav,11/13/23 11:10,HMS,Growl,8/26/2021 6:01:31.5,8/26/2021 6:01:35.2,3,NA,NA,NA,NA,NA,NA,NA,NA,2021-08-26,27.79205,-175.819217,Night
G:\2021\5643\20210826_043620.wav,11/13/23 11:11,HMS,Croak,8/26/2021 6:01:36.8,8/26/2021 6:01:37.1,1,NA,NA,NA,NA,NA,NA,NA,NA,2021-08-26,27.79205,-175.819217,Night
G:\2021\5643\20210826_043620.wav,11/13/23 11:11,HMS,Growl,8/26/2021 6:01:41.3,8/26/2021 6:01:42.8,1,NA,NA,NA,NA,NA,NA,NA,NA,2021-08-26,27.79205,-175.819217,Night
G:\2021\5643\20210826_043620.wav,11/13/23 11:11,HMS,Croak,8/26/2021 6:01:43.9,8/26/2021 6:01:44.2,1,NA,NA,NA,NA,NA,NA,NA,NA,2021-08-26,27.79205,-175.819217,Night
G:\2021\5643\20210826_043620.wav,11/13/23 11:12,HMS,Growl,8/26/2021 6:03:44.7,8/26/2021 6:03:49.1,2,NA,NA,NA,NA,NA,NA,NA,NA,2021-08-26,27.79205,-175.819217,Night
G:\2021\5643\20210826_043620.wav,11/13/23 11:12,HMS,Croak,8/26/2021 6:03:49.6,8/26/2021 6:03:50.1,2,NA,NA,NA,NA,NA,NA,NA,NA,2021-08-26,27.79205,-175.819217,Night
G:\2021\5643\20210826_043620.wav,11/13/23 11:12,HMS,Growl,8/26/2021 6:03:52.9,8/26/2021 6:03:56.8,3,NA,NA,NA,NA,NA,NA,NA,NA,2021-08-26,27.79205,-175.819217,Night
G:\2021\5643\20210826_043620.wav,11/13/23 11:13,HMS,Whoop,8/26/2021 6:03:57.1,8/26/2021 6:03:57.6,3,2,NA,NA,NA,NA,high pitched whoops,NA,NA,2021-08-26,27.79205,-175.819217,Night
G:\2021\5643\20210826_043620.wav,11/13/23 11:13,HMS,Whoop,8/26/2021 6:04:03.4,8/26/2021 6:04:03.6,2,1,NA,NA,NA,NA,NA,NA,NA,2021-08-26,27.79205,-175.819217,Night
G:\2021\5643\20210826_043620.wav,11/13/23 11:13,HMS,Croak,8/26/2021 6:04:04.2,8/26/2021 6:04:04.6,3,NA,NA,NA,NA,NA,NA,NA,NA,2021-08-26,27.79205,-175.819217,Night
G:\2021\5643\20210826_043620.wav,11/13/23 11:13,HMS,Growl,8/26/2021 6:04:05.4,8/26/2021 6:04:10.4,3,NA,NA,NA,NA,NA,NA,NA,NA,2021-08-26,27.79205,-175.819217,Night
G:\2021\5643\20210826_043620.wav,11/13/23 11:14,HMS,Whoop,8/26/2021 6:04:12.2,8/26/2021 6:04:13.1,2,3,NA,NA,NA,NA,NA,NA,NA,2021-08-26,27.79205,-175.819217,Night
G:\2021\5643\20210826_043620.wav,11/13/23 11:14,HMS,Croak,8/26/2021 6:04:13.2,8/26/2021 6:04:13.9,3,NA,NA,NA,NA,NA,NA,NA,NA,2021-08-26,27.79205,-175.819217,Night
G:\2021\5643\20210826_043620.wav,11/13/23 11:14,HMS,Croak,8/26/2021 6:04:14.2,8/26/2021 6:04:14.4,1,NA,NA,NA,NA,NA,NA,NA,NA,2021-08-26,27.79205,-175.819217,Night
G:\2021\5643\20210826_043620.wav,11/13/23 11:15,HMS,Whoop,8/26/2021 6:04:18.1,8/26/2021 6:04:18.7,2,2,NA,NA,NA,NA,NA,NA,NA,2021-08-26,27.79205,-175.819217,Night
G:\2021\5643\20210826_043620.wav,11/13/23 11:15,HMS,Croak,8/26/2021 6:04:18.9,8/26/2021 6:04:19.5,3,NA,NA,NA,NA,NA,NA,NA,NA,2021-08-26,27.79205,-175.819217,Night
G:\2021\5643\20210826_043620.wav,11/13/23 11:15,HMS,Growl,8/26/2021 6:04:20.1,8/26/2021 6:04:24.7,3,NA,NA,NA,NA,NA,NA,NA,NA,2021-08-26,27.79205,-175.819217,Night
G:\2021\5643\20210826_043620.wav,11/13/23 11:15,HMS,Croak,8/26/2021 6:04:27.2,8/26/2021 6:04:27.5,2,NA,NA,NA,NA,NA,NA,NA,NA,2021-08-26,27.79205,-175.819217,Night
G:\2021\5643\20210826_043620.wav,11/13/23 11:16,HMS,Growl,8/26/2021 6:04:33.0,8/26/2021 6:04:34.1,2,NA,NA,NA,NA,NA,NA,NA,NA,2021-08-26,27.79205,-175.819217,Night
G:\2021\5643\20210826_043620.wav,11/13/23 11:16,HMS,Whoop,8/26/2021 6:04:35.0,8/26/2021 6:04:35.7,2,3,NA,NA,NA,NA,NA,NA,NA,2021-08-26,27.79205,-175.819217,Night
G:\2021\5643\20210826_043620.wav,11/13/23 11:17,HMS,Croak,8/26/2021 6:04:36.0,8/26/2021 6:04:36.5,2,NA,NA,NA,NA,NA,NA,NA,NA,2021-08-26,27.79205,-175.819217,Night
G:\2021\5643\20210826_043620.wav,11/13/23 11:17,HMS,Growl,8/26/2021 6:04:37.1,8/26/2021 6:04:41.7,3,NA,NA,NA,NA,NA,NA,NA,NA,2021-08-26,27.79205,-175.819217,Night
G:\2021\5643\20210826_043620.wav,11/13/23 11:17,HMS,Growl,8/26/2021 6:04:43.2,8/26/2021 6:04:48.4,3,NA,NA,NA,NA,NA,NA,NA,NA,2021-08-26,27.79205,-175.819217,Night
G:\2021\5643\20210826_043620.wav,11/13/23 11:17,HMS,Croak,8/26/2021 6:04:51.8,8/26/2021 6:04:52.2,2,NA,NA,NA,NA,NA,NA,NA,NA,2021-08-26,27.79205,-175.819217,Night
G:\2021\5643\20210826_043620.wav,11/13/23 11:17,HMS,Whoop,8/26/2021 6:04:52.7,8/26/2021 6:04:53.1,3,2,NA,NA,NA,NA,high pitched whoops,NA,NA,2021-08-26,27.79205,-175.819217,Night
G:\2021\5643\20210826_043620.wav,11/13/23 11:17,HMS,Growl,8/26/2021 6:04:57.3,8/26/2021 6:04:59.4,2,NA,NA,NA,NA,NA,NA,NA,NA,2021-08-26,27.79205,-175.819217,Night
G:\2021\5643\20210826_043620.wav,11/13/23 11:19,HMS,Growl,8/26/2021 7:01:17.7,8/26/2021 7:01:21.0,1,NA,NA,NA,NA,NA,NA,NA,NA,2021-08-26,27.79205,-175.819217,Night
G:\2021\5643\20210826_043620.wav,11/13/23 11:19,HMS,Croak,8/26/2021 7:01:22.6,8/26/2021 7:01:23.2,1,NA,NA,NA,NA,NA,NA,NA,NA,2021-08-26,27.79205,-175.819217,Night
G:\2021\5643\20210826_043620.wav,11/13/23 11:20,HMS,Croak,8/26/2021 7:01:30.5,8/26/2021 7:01:31.1,1,NA,NA,NA,NA,NA,NA,NA,NA,2021-08-26,27.79205,-175.819217,Night
G:\2021\5643\20210826_043620.wav,11/13/23 11:20,HMS,Growl,8/26/2021 7:01:32.5,8/26/2021 7:01:36.0,1,NA,NA,NA,NA,NA,NA,NA,NA,2021-08-26,27.79205,-175.819217,Night
G:\2021\5643\20210826_043620.wav,11/13/23 11:20,HMS,Growl,8/26/2021 7:02:21.0,8/26/2021 7:02:22.0,1,NA,NA,NA,NA,NA,NA,NA,NA,2021-08-26,27.79205,-175.819217,Night
G:\2021\5643\20210826_043620.wav,11/13/23 11:20,HMS,Croak,8/26/2021 7:02:22.2,8/26/2021 7:02:22.6,1,NA,NA,NA,NA,NA,NA,NA,NA,2021-08-26,27.79205,-175.819217,Night
G:\2021\5643\20210826_043620.wav,11/13/23 11:20,HMS,Growl,8/26/2021 7:02:23.3,8/26/2021 7:02:27.0,2,NA,NA,NA,NA,NA,NA,NA,NA,2021-08-26,27.79205,-175.819217,Night
G:\2021\5643\20210826_043620.wav,11/13/23 11:21,HMS,Croak,8/26/2021 7:02:28.6,8/26/2021 7:02:28.8,1,NA,NA,NA,NA,NA,NA,NA,NA,2021-08-26,27.79205,-175.819217,Night
G:\2021\5643\20210826_043620.wav,11/13/23 11:21,HMS,Whoop,8/26/2021 7:02:29.0,8/26/2021 7:02:29.4,1,2,NA,NA,NA,NA,NA,NA,NA,2021-08-26,27.79205,-175.819217,Night
G:\2021\5643\20210826_043620.wav,11/13/23 11:21,HMS,Croak,8/26/2021 7:02:30.5,8/26/2021 7:02:30.8,2,NA,NA,NA,NA,NA,NA,NA,NA,2021-08-26,27.79205,-175.819217,Night
G:\2021\5643\20210826_043620.wav,11/13/23 11:22,HMS,Growl,8/26/2021 7:02:34.9,8/26/2021 7:02:35.8,1,NA,NA,NA,NA,NA,NA,NA,NA,2021-08-26,27.79205,-175.819217,Night
G:\2021\5643\20210826_043620.wav,11/13/23 11:22,HMS,Whoop,8/26/2021 7:02:36.2,8/26/2021 7:02:36.7,1,2,NA,NA,NA,NA,NA,NA,NA,2021-08-26,27.79205,-175.819217,Night
G:\2021\5643\20210826_043620.wav,11/13/23 11:22,HMS,Croak,8/26/2021 7:02:36.9,8/26/2021 7:02:37.3,2,NA,NA,NA,NA,NA,NA,NA,NA,2021-08-26,27.79205,-175.819217,Night
G:\2021\5643\20210826_043620.wav,11/13/23 11:22,HMS,Growl,8/26/2021 7:02:37.8,8/26/2021 7:02:42.4,2,NA,NA,NA,NA,NA,NA,NA,NA,2021-08-26,27.79205,-175.819217,Night
G:\2021\5643\20210826_043620.wav,11/13/23 11:22,HMS,Growl,8/26/2021 7:02:43.6,8/26/2021 7:02:46.6,2,NA,NA,NA,NA,NA,NA,NA,NA,2021-08-26,27.79205,-175.819217,Night
G:\2021\5643\20210826_043620.wav,11/13/23 11:22,HMS,Whoop,8/26/2021 7:02:47.9,8/26/2021 7:02:48.4,1,2,NA,NA,NA,NA,NA,NA,NA,2021-08-26,27.79205,-175.819217,Night
G:\2021\5643\20210826_043620.wav,11/13/23 11:22,HMS,Growl,8/26/2021 7:02:50.8,8/26/2021 7:02:53.9,1,NA,NA,NA,NA,NA,NA,NA,NA,2021-08-26,27.79205,-175.819217,Night
G:\2021\5643\20210826_043620.wav,11/13/23 11:23,HMS,Whoop,8/26/2021 7:02:54.3,8/26/2021 7:02:55.0,1,2,NA,NA,NA,NA,NA,NA,NA,2021-08-26,27.79205,-175.819217,Night
G:\2021\5643\20210826_043620.wav,11/13/23 11:23,HMS,Moan,8/26/2021 7:02:56.4,8/26/2021 7:02:58.1,1,NA,NA,NA,NA,NA,NA,NA,NA,2021-08-26,27.79205,-175.819217,Night
G:\2021\5643\20210826_043620.wav,11/13/23 11:23,HMS,MoanGrowl,8/26/2021 7:02:58.5,8/26/2021 7:03:04.3,2,NA,NA,NA,NA,NA,NA,NA,NA,2021-08-26,27.79205,-175.819217,Night
G:\2021\5643\20210826_043620.wav,11/13/23 11:24,HMS,Croak,8/26/2021 7:03:07.0,8/26/2021 7:03:07.3,1,NA,NA,NA,NA,NA,NA,NA,NA,2021-08-26,27.79205,-175.819217,Night
G:\2021\5643\20210826_043620.wav,11/13/23 11:24,HMS,Whoop,8/26/2021 7:03:07.8,8/26/2021 7:03:08.0,1,1,NA,NA,NA,NA,NA,NA,NA,2021-08-26,27.79205,-175.819217,Night
G:\2021\5643\20210826_043620.wav,11/13/23 11:24,HMS,Growl,8/26/2021 7:03:12.6,8/26/2021 7:03:14.4,1,NA,NA,NA,NA,NA,NA,NA,NA,2021-08-26,27.79205,-175.819217,Night
G:\2021\5643\20210826_043620.wav,11/13/23 11:24,HMS,Whoop,8/26/2021 7:03:15.7,8/26/2021 7:03:16.0,1,1,NA,NA,NA,NA,NA,NA,NA,2021-08-26,27.79205,-175.819217,Night
G:\2021\5643\20210826_073619.wav,11/13/23 11:25,HMS,Growl,8/26/2021 8:00:39.3,8/26/2021 8:00:43.8,1,NA,NA,NA,NA,NA,NA,NA,NA,2021-08-26,27.79205,-175.819217,Day
G:\2021\5643\20210826_073619.wav,11/13/23 11:25,HMS,Growl,8/26/2021 8:00:48.9,8/26/2021 8:00:52.7,1,NA,NA,NA,NA,NA,NA,NA,NA,2021-08-26,27.79205,-175.819217,Day
G:\2021\5643\20210826_073619.wav,11/13/23 11:26,HMS,Growl,8/26/2021 8:01:23.4,8/26/2021 8:01:30.1,1,NA,NA,NA,NA,NA,NA,NA,NA,2021-08-26,27.79205,-175.819217,Day
G:\2021\5643\20210826_073619.wav,11/13/23 11:26,HMS,Whoop,8/26/2021 8:01:32.1,8/26/2021 8:01:33.0,2,3,NA,NA,NA,NA,NA,NA,NA,2021-08-26,27.79205,-175.819217,Day
G:\2021\5643\20210826_073619.wav,11/13/23 11:26,HMS,Croak,8/26/2021 8:01:33.1,8/26/2021 8:01:33.6,2,NA,NA,NA,NA,NA,NA,NA,NA,2021-08-26,27.79205,-175.819217,Day
G:\2021\5643\20210826_073619.wav,11/13/23 11:26,HMS,Growl,8/26/2021 8:01:34.2,8/26/2021 8:01:37.6,3,NA,NA,NA,NA,NA,NA,NA,NA,2021-08-26,27.79205,-175.819217,Day
G:\2021\5643\20210826_073619.wav,11/13/23 11:27,HMS,Croak,8/26/2021 8:01:39.9,8/26/2021 8:01:40.2,1,NA,NA,NA,NA,NA,NA,NA,NA,2021-08-26,27.79205,-175.819217,Day
G:\2021\5643\20210826_073619.wav,11/13/23 11:27,HMS,Whoop,8/26/2021 8:01:40.5,8/26/2021 8:01:40.7,1,1,NA,NA,NA,NA,high pitched whoop,NA,NA,2021-08-26,27.79205,-175.819217,Day
G:\2021\5643\20210826_073619.wav,11/13/23 11:27,HMS,Growl,8/26/2021 8:01:44.1,8/26/2021 8:01:46.4,1,NA,NA,NA,NA,NA,NA,NA,NA,2021-08-26,27.79205,-175.819217,Day
G:\2021\5643\20210826_073619.wav,11/13/23 11:27,HMS,Whoop,8/26/2021 8:01:47.8,8/26/2021 8:01:48.0,1,1,NA,NA,NA,NA,NA,NA,NA,2021-08-26,27.79205,-175.819217,Day
G:\2021\5643\20210826_073619.wav,11/13/23 11:28,HMS,Growl,8/26/2021 8:01:50.3,8/26/2021 8:01:54.9,2,NA,NA,NA,NA,NA,NA,NA,NA,2021-08-26,27.79205,-175.819217,Day
G:\2021\5643\20210826_073619.wav,11/13/23 11:28,HMS,Whoop,8/26/2021 8:01:55.2,8/26/2021 8:01:56.3,1,3,NA,NA,NA,NA,NA,NA,NA,2021-08-26,27.79205,-175.819217,Day
G:\2021\5643\20210826_073619.wav,11/13/23 11:28,HMS,Whoop,8/26/2021 8:01:59.3,8/26/2021 8:01:59.5,1,1,NA,NA,NA,NA,NA,NA,NA,2021-08-26,27.79205,-175.819217,Day
G:\2021\5643\20210826_073619.wav,11/13/23 11:28,HMS,Growl,8/26/2021 8:02:01.8,8/26/2021 8:02:03.0,1,NA,NA,NA,NA,NA,NA,NA,NA,2021-08-26,27.79205,-175.819217,Day
G:\2021\5643\20210826_073619.wav,11/13/23 11:29,HMS,Croak,8/26/2021 8:02:04.0,8/26/2021 8:02:04.3,1,NA,NA,NA,NA,NA,NA,NA,NA,2021-08-26,27.79205,-175.819217,Day
G:\2021\5643\20210826_073619.wav,11/13/23 11:29,HMS,Growl,8/26/2021 8:02:44.8,8/26/2021 8:02:49.7,1,NA,NA,NA,NA,NA,NA,NA,NA,2021-08-26,27.79205,-175.819217,Day
G:\2021\5643\20210826_073619.wav,11/13/23 11:29,HMS,Croak,8/26/2021 8:02:50.6,8/26/2021 8:02:51.1,1,NA,NA,NA,NA,NA,NA,NA,NA,2021-08-26,27.79205,-175.819217,Day
G:\2021\5643\20210826_073619.wav,11/13/23 11:29,HMS,Growl,8/26/2021 8:02:55.1,8/26/2021 8:03:07.1,1,NA,NA,NA,NA,NA,NA,NA,NA,2021-08-26,27.79205,-175.819217,Day
G:\2021\5643\20210826_073619.wav,11/13/23 11:30,HMS,Growl,8/26/2021 8:03:48.9,8/26/2021 8:03:54.0,2,NA,NA,NA,NA,NA,NA,NA,NA,2021-08-26,27.79205,-175.819217,Day
G:\2021\5643\20210826_073619.wav,11/13/23 11:30,HMS,Growl,8/26/2021 8:03:56.2,8/26/2021 8:03:57.7,2,NA,NA,NA,NA,NA,NA,NA,NA,2021-08-26,27.79205,-175.819217,Day
G:\2021\5643\20210826_073619.wav,11/13/23 11:30,HMS,Croak,8/26/2021 8:03:58.4,8/26/2021 8:03:58.7,2,NA,NA,NA,NA,NA,NA,NA,NA,2021-08-26,27.79205,-175.819217,Day
G:\2021\5643\20210826_073619.wav,11/13/23 11:30,HMS,Croak,8/26/2021 8:04:01.7,8/26/2021 8:04:02.3,2,NA,NA,NA,NA,NA,NA,NA,NA,2021-08-26,27.79205,-175.819217,Day
G:\2021\5643\20210826_073619.wav,11/13/23 11:30,HMS,Whoop,8/26/2021 8:04:02.6,8/26/2021 8:04:02.9,1,1,NA,NA,NA,NA,NA,NA,NA,2021-08-26,27.79205,-175.819217,Day
G:\2021\5643\20210826_073619.wav,11/13/23 11:30,HMS,Growl,8/26/2021 8:04:04.5,8/26/2021 8:04:09.0,3,NA,NA,NA,NA,NA,NA,NA,NA,2021-08-26,27.79205,-175.819217,Day
G:\2021\5643\20210826_073619.wav,11/13/23 11:30,HMS,Whoop,8/26/2021 8:04:09.2,8/26/2021 8:04:10.4,2,4,NA,NA,NA,NA,NA,NA,NA,2021-08-26,27.79205,-175.819217,Day
G:\2021\5643\20210826_073619.wav,11/13/23 11:31,HMS,Croak,8/26/2021 8:04:14.5,8/26/2021 8:04:15.3,2,NA,NA,NA,NA,NA,NA,NA,NA,2021-08-26,27.79205,-175.819217,Day
G:\2021\5643\20210826_073619.wav,11/13/23 11:31,HMS,Croak,8/26/2021 8:04:15.8,8/26/2021 8:04:16.4,2,NA,NA,NA,NA,NA,NA,NA,NA,2021-08-26,27.79205,-175.819217,Day
G:\2021\5643\20210826_073619.wav,11/13/23 11:31,HMS,Growl,8/26/2021 8:04:19.8,8/26/2021 8:04:24.2,2,NA,NA,NA,NA,NA,NA,NA,NA,2021-08-26,27.79205,-175.819217,Day
G:\2021\5643\20210826_073619.wav,11/13/23 11:31,HMS,Whoop,8/26/2021 8:04:24.6,8/26/2021 8:04:25.2,1,2,NA,NA,NA,NA,NA,NA,NA,2021-08-26,27.79205,-175.819217,Day
G:\2021\5643\20210826_073619.wav,11/13/23 11:31,HMS,Growl,8/26/2021 8:04:44.9,8/26/2021 8:04:50.1,1,NA,NA,NA,NA,NA,NA,NA,NA,2021-08-26,27.79205,-175.819217,Day
G:\2021\5643\20210826_073619.wav,11/13/23 11:31,HMS,Croak,8/26/2021 8:04:50.9,8/26/2021 8:04:51.2,1,NA,NA,NA,NA,NA,NA,NA,NA,2021-08-26,27.79205,-175.819217,Day
G:\2021\5643\20210826_073619.wav,11/13/23 11:31,HMS,Growl,8/26/2021 8:04:54.1,8/26/2021 8:04:58.3,1,NA,NA,NA,NA,NA,NA,NA,NA,2021-08-26,27.79205,-175.819217,Day
G:\2021\5643\20210826_103618.wav,11/13/23 11:34,HMS,Growl,8/26/2021 11:02:43.8,8/26/2021 11:02:50.3,2,NA,NA,NA,NA,NA,NA,NA,NA,2021-08-26,27.79205,-175.819217,Day
G:\2021\5643\20210826_103618.wav,11/13/23 11:34,HMS,Croak,8/26/2021 11:02:51.5,8/26/2021 11:02:51.9,1,NA,NA,NA,NA,NA,NA,NA,NA,2021-08-26,27.79205,-175.819217,Day
G:\2021\5643\20210826_103618.wav,11/13/23 11:34,HMS,Growl,8/26/2021 11:02:56.4,8/26/2021 11:02:57.7,2,NA,NA,NA,NA,NA,NA,NA,NA,2021-08-26,27.79205,-175.819217,Day
G:\2021\5643\20210826_103618.wav,11/13/23 11:34,HMS,Croak,8/26/2021 11:02:58.3,8/26/2021 11:02:58.6,1,NA,NA,NA,NA,NA,NA,NA,NA,2021-08-26,27.79205,-175.819217,Day
G:\2021\5643\20210826_103618.wav,11/13/23 11:35,HMS,Growl,8/26/2021 11:02:59.6,8/26/2021 11:03:02.4,3,NA,NA,NA,NA,NA,NA,NA,NA,2021-08-26,27.79205,-175.819217,Day
G:\2021\5643\20210826_103618.wav,11/13/23 11:35,HMS,Whoop,8/26/2021 11:03:03.1,8/26/2021 11:03:03.9,2,3,NA,NA,NA,NA,NA,NA,NA,2021-08-26,27.79205,-175.819217,Day
G:\2021\5643\20210826_103618.wav,11/13/23 11:35,HMS,Moan,8/26/2021 11:03:08.9,8/26/2021 11:03:09.4,1,NA,NA,NA,NA,NA,NA,NA,NA,2021-08-26,27.79205,-175.819217,Day
G:\2021\5643\20210826_103618.wav,11/13/23 11:35,HMS,Growl,8/26/2021 11:03:09.5,8/26/2021 11:03:11.5,2,NA,NA,NA,NA,NA,NA,NA,NA,2021-08-26,27.79205,-175.819217,Day
G:\2021\5643\20210826_103618.wav,11/13/23 11:36,HMS,Moan,8/26/2021 11:03:12.7,8/26/2021 11:03:12.9,1,NA,NA,NA,NA,NA,NA,NA,NA,2021-08-26,27.79205,-175.819217,Day
G:\2021\5643\20210826_103618.wav,11/13/23 11:36,HMS,Croak,8/26/2021 11:03:13.1,8/26/2021 11:03:13.5,1,NA,NA,NA,NA,NA,NA,NA,NA,2021-08-26,27.79205,-175.819217,Day
G:\2021\5643\20210826_103618.wav,11/13/23 11:36,HMS,Whoop,8/26/2021 11:03:13.6,8/26/2021 11:03:13.8,1,1,NA,NA,NA,NA,NA,NA,NA,2021-08-26,27.79205,-175.819217,Day
C:\Users\mmrph\Desktop\author's Interns\PHR_wavfiles\WAVfiles\210826\20210826_133618.wav,3/23/23 11:14,HMS,Croak,8/26/2021 14:00:00.3,8/26/2021 14:00:00.5,2,NA,NA,NA,NA,NA,author starting analysis,NA,NA,2021-08-26,27.79205,-175.819217,Day
C:\Users\mmrph\Desktop\author's Interns\PHR_wavfiles\WAVfiles\210826\20210826_133618.wav,3/23/23 11:14,HMS,Growl,8/26/2021 14:00:01.1,8/26/2021 14:00:04.5,2,NA,NA,NA,NA,NA,NA,NA,NA,2021-08-26,27.79205,-175.819217,Day
C:\Users\mmrph\Desktop\author's Interns\PHR_wavfiles\WAVfiles\210826\20210826_133618.wav,3/23/23 11:14,HMS,Growl,8/26/2021 14:00:05.6,8/26/2021 14:00:07.8,2,NA,NA,NA,NA,NA,NA,NA,NA,2021-08-26,27.79205,-175.819217,Day
C:\Users\mmrph\Desktop\author's Interns\PHR_wavfiles\WAVfiles\210826\20210826_133618.wav,3/23/23 11:15,HMS,Whoop,8/26/2021 14:00:11.8,8/26/2021 14:00:12.6,2,3,NA,NA,NA,NA,NA,NA,NA,2021-08-26,27.79205,-175.819217,Day
C:\Users\mmrph\Desktop\author's Interns\PHR_wavfiles\WAVfiles\210826\20210826_133618.wav,3/23/23 11:15,HMS,Croak,8/26/2021 14:00:12.7,8/26/2021 14:00:13.1,2,NA,NA,NA,NA,NA,NA,NA,NA,2021-08-26,27.79205,-175.819217,Day
C:\Users\mmrph\Desktop\author's Interns\PHR_wavfiles\WAVfiles\210826\20210826_133618.wav,3/23/23 11:15,HMS,Whoop,8/26/2021 14:00:13.7,8/26/2021 14:00:14.4,1,3,NA,NA,NA,NA,NA,NA,NA,2021-08-26,27.79205,-175.819217,Day
C:\Users\mmrph\Desktop\author's Interns\PHR_wavfiles\WAVfiles\210826\20210826_133618.wav,3/23/23 11:15,HMS,Croak,8/26/2021 14:00:22.6,8/26/2021 14:00:22.9,2,NA,NA,NA,NA,NA,NA,NA,NA,2021-08-26,27.79205,-175.819217,Day
C:\Users\mmrph\Desktop\author's Interns\PHR_wavfiles\WAVfiles\210826\20210826_133618.wav,3/23/23 11:17,HMS,Croak,8/26/2021 14:01:39.0,8/26/2021 14:01:39.3,1,NA,NA,NA,NA,NA,NA,NA,NA,2021-08-26,27.79205,-175.819217,Day
C:\Users\mmrph\Desktop\author's Interns\PHR_wavfiles\WAVfiles\210826\20210826_133618.wav,3/23/23 11:17,HMS,Growl,8/26/2021 14:01:53.6,8/26/2021 14:01:59.1,2,NA,NA,NA,NA,NA,NA,NA,NA,2021-08-26,27.79205,-175.819217,Day
C:\Users\mmrph\Desktop\author's Interns\PHR_wavfiles\WAVfiles\210826\20210826_133618.wav,3/23/23 11:17,HMS,Croak,8/26/2021 14:01:59.5,8/26/2021 14:01:59.8,2,NA,NA,NA,NA,NA,NA,NA,NA,2021-08-26,27.79205,-175.819217,Day
C:\Users\mmrph\Desktop\author's Interns\PHR_wavfiles\WAVfiles\210826\20210826_133618.wav,3/23/23 11:18,HMS,Croak,8/26/2021 14:02:01.9,8/26/2021 14:02:02.1,1,NA,NA,NA,NA,NA,NA,NA,NA,2021-08-26,27.79205,-175.819217,Day
C:\Users\mmrph\Desktop\author's Interns\PHR_wavfiles\WAVfiles\210826\20210826_133618.wav,3/23/23 11:18,HMS,Croak,8/26/2021 14:02:12.0,8/26/2021 14:02:12.5,2,NA,NA,NA,NA,NA,NA,NA,NA,2021-08-26,27.79205,-175.819217,Day
C:\Users\mmrph\Desktop\author's Interns\PHR_wavfiles\WAVfiles\210826\20210826_133618.wav,3/23/23 11:18,HMS,Croak,8/26/2021 14:02:12.9,8/26/2021 14:02:13.2,2,NA,NA,NA,NA,NA,NA,NA,NA,2021-08-26,27.79205,-175.819217,Day
C:\Users\mmrph\Desktop\author's Interns\PHR_wavfiles\WAVfiles\210826\20210826_133618.wav,3/23/23 11:19,HMS,Growl,8/26/2021 14:02:14.2,8/26/2021 14:02:17.2,2,NA,NA,NA,NA,NA,NA,NA,NA,2021-08-26,27.79205,-175.819217,Day
C:\Users\mmrph\Desktop\author's Interns\PHR_wavfiles\WAVfiles\210826\20210826_133618.wav,3/23/23 11:19,HMS,Whoop,8/26/2021 14:02:17.5,8/26/2021 14:02:17.6,1,1,NA,NA,NA,NA,NA,NA,NA,2021-08-26,27.79205,-175.819217,Day
C:\Users\mmrph\Desktop\author's Interns\PHR_wavfiles\WAVfiles\210826\20210826_133618.wav,3/23/23 11:19,HMS,Croak,8/26/2021 14:02:20.1,8/26/2021 14:02:20.3,1,NA,NA,NA,NA,NA,NA,NA,NA,2021-08-26,27.79205,-175.819217,Day
C:\Users\mmrph\Desktop\author's Interns\PHR_wavfiles\WAVfiles\210826\20210826_133618.wav,3/23/23 11:19,HMS,Croak,8/26/2021 14:02:25.6,8/26/2021 14:02:25.9,1,NA,NA,NA,NA,NA,NA,NA,NA,2021-08-26,27.79205,-175.819217,Day
C:\Users\mmrph\Desktop\author's Interns\PHR_wavfiles\WAVfiles\210826\20210826_133618.wav,3/23/23 11:20,HMS,Growl,8/26/2021 14:04:31.8,8/26/2021 14:04:36.4,2,NA,NA,NA,NA,NA,NA,NA,NA,2021-08-26,27.79205,-175.819217,Day
C:\Users\mmrph\Desktop\author's Interns\PHR_wavfiles\WAVfiles\210826\20210826_133618.wav,3/23/23 11:20,HMS,Croak,8/26/2021 14:04:39.1,8/26/2021 14:04:39.5,2,NA,NA,NA,NA,NA,NA,NA,NA,2021-08-26,27.79205,-175.819217,Day
C:\Users\mmrph\Desktop\author's Interns\PHR_wavfiles\WAVfiles\210826\20210826_133618.wav,3/23/23 11:21,HMS,Croak,8/26/2021 14:04:40.2,8/26/2021 14:04:40.4,1,NA,NA,NA,NA,NA,NA,NA,NA,2021-08-26,27.79205,-175.819217,Day
C:\Users\mmrph\Desktop\author's Interns\PHR_wavfiles\WAVfiles\210826\20210826_133618.wav,3/23/23 11:21,HMS,Growl,8/26/2021 14:04:46.6,8/26/2021 14:04:50.4,2,NA,NA,NA,NA,NA,NA,NA,NA,2021-08-26,27.79205,-175.819217,Day
C:\Users\mmrph\Desktop\author's Interns\PHR_wavfiles\WAVfiles\210826\20210826_133618.wav,3/23/23 11:21,HMS,Whoop,8/26/2021 14:04:50.6,8/26/2021 14:04:51.3,2,3,NA,NA,NA,NA,NA,NA,NA,2021-08-26,27.79205,-175.819217,Day
C:\Users\mmrph\Desktop\author's Interns\PHR_wavfiles\WAVfiles\210826\20210826_133618.wav,3/23/23 11:21,HMS,MoanGrowl,8/26/2021 14:04:52.7,8/26/2021 14:04:54.5,2,NA,NA,NA,NA,NA,NA,NA,NA,2021-08-26,27.79205,-175.819217,Day
C:\Users\mmrph\Desktop\author's Interns\PHR_wavfiles\WAVfiles\210826\20210826_133618.wav,3/23/23 11:23,Anthro,Ship/Small Boat,8/26/2021 15:00:54.0,8/26/2021 15:04:50.8,NA,NA,NA,NA,NA,NA,NA,NA,NA,2021-08-26,27.79205,-175.819217,Day
C:\Users\mmrph\Desktop\author's Interns\PHR_wavfiles\WAVfiles\210826\20210826_133618.wav,3/23/23 11:26,HMS,Growl,8/26/2021 16:01:30.4,8/26/2021 16:01:35.0,1,NA,NA,NA,NA,NA,NA,NA,NA,2021-08-26,27.79205,-175.819217,Day
C:\Users\mmrph\Desktop\author's Interns\PHR_wavfiles\WAVfiles\210826\20210826_133618.wav,3/23/23 11:26,HMS,Growl,8/26/2021 16:01:35.6,8/26/2021 16:01:39.2,1,NA,NA,NA,NA,NA,NA,NA,NA,2021-08-26,27.79205,-175.819217,Day
C:\Users\mmrph\Desktop\author's Interns\PHR_wavfiles\WAVfiles\210826\20210826_133618.wav,3/23/23 11:27,HMS,Growl,8/26/2021 16:01:44.6,8/26/2021 16:01:48.1,1,NA,NA,NA,NA,NA,NA,NA,NA,2021-08-26,27.79205,-175.819217,Day
C:\Users\mmrph\Desktop\author's Interns\PHR_wavfiles\WAVfiles\210826\20210826_133618.wav,3/23/23 11:27,HMS,Growl,8/26/2021 16:02:59.2,8/26/2021 16:03:05.1,2,NA,NA,NA,NA,NA,NA,NA,NA,2021-08-26,27.79205,-175.819217,Day
C:\Users\mmrph\Desktop\author's Interns\PHR_wavfiles\WAVfiles\210826\20210826_133618.wav,3/23/23 11:28,HMS,Growl,8/26/2021 16:03:05.5,8/26/2021 16:03:10.1,2,NA,NA,NA,NA,NA,NA,NA,NA,2021-08-26,27.79205,-175.819217,Day
C:\Users\mmrph\Desktop\author's Interns\PHR_wavfiles\WAVfiles\210826\20210826_133618.wav,3/23/23 11:28,HMS,Croak,8/26/2021 16:03:11.3,8/26/2021 16:03:11.5,2,NA,NA,NA,NA,NA,NA,NA,NA,2021-08-26,27.79205,-175.819217,Day
C:\Users\mmrph\Desktop\author's Interns\PHR_wavfiles\WAVfiles\210826\20210826_133618.wav,3/23/23 11:28,HMS,Croak,8/26/2021 16:03:18.2,8/26/2021 16:03:18.6,2,NA,NA,NA,NA,NA,NA,NA,NA,2021-08-26,27.79205,-175.819217,Day
C:\Users\mmrph\Desktop\author's Interns\PHR_wavfiles\WAVfiles\210826\20210826_133618.wav,3/23/23 11:29,HMS,Growl,8/26/2021 16:03:18.5,8/26/2021 16:03:23.2,1,NA,NA,NA,NA,NA,I think overlapping monk seal,NA,NA,2021-08-26,27.79205,-175.819217,Day
C:\Users\mmrph\Desktop\author's Interns\PHR_wavfiles\WAVfiles\210826\20210826_133618.wav,3/23/23 11:29,HMS,Croak,8/26/2021 16:03:19.8,8/26/2021 16:03:20.1,1,NA,NA,NA,NA,NA,NA,NA,NA,2021-08-26,27.79205,-175.819217,Day
C:\Users\mmrph\Desktop\author's Interns\PHR_wavfiles\WAVfiles\210826\20210826_133618.wav,3/23/23 11:29,HMS,Croak,8/26/2021 16:03:30.4,8/26/2021 16:03:30.8,2,NA,NA,NA,NA,NA,NA,NA,NA,2021-08-26,27.79205,-175.819217,Day
C:\Users\mmrph\Desktop\author's Interns\PHR_wavfiles\WAVfiles\210826\20210826_133618.wav,3/23/23 11:30,HMS,Croak,8/26/2021 16:03:31.4,8/26/2021 16:03:31.8,2,NA,NA,NA,NA,NA,NA,NA,NA,2021-08-26,27.79205,-175.819217,Day
C:\Users\mmrph\Desktop\author's Interns\PHR_wavfiles\WAVfiles\210826\20210826_133618.wav,3/23/23 11:30,HMS,Growl,8/26/2021 16:03:34.7,8/26/2021 16:03:38.2,2,NA,NA,NA,NA,NA,NA,NA,NA,2021-08-26,27.79205,-175.819217,Day
C:\Users\mmrph\Desktop\author's Interns\PHR_wavfiles\WAVfiles\210826\20210826_133618.wav,3/23/23 11:30,HMS,Whoop,8/26/2021 16:03:38.4,8/26/2021 16:03:39.0,1,3,NA,NA,NA,NA,NA,NA,NA,2021-08-26,27.79205,-175.819217,Day
C:\Users\mmrph\Desktop\author's Interns\PHR_wavfiles\WAVfiles\210826\20210826_133618.wav,3/23/23 11:30,HMS,Croak,8/26/2021 16:03:40.8,8/26/2021 16:03:41.0,1,NA,NA,NA,NA,NA,NA,NA,NA,2021-08-26,27.79205,-175.819217,Day
C:\Users\mmrph\Desktop\author's Interns\PHR_wavfiles\WAVfiles\210826\20210826_163617.wav,3/23/23 11:33,HMS,Croak,8/26/2021 17:00:00.4,8/26/2021 17:00:00.7,2,NA,NA,NA,NA,NA,NA,NA,NA,2021-08-26,27.79205,-175.819217,Day
C:\Users\mmrph\Desktop\author's Interns\PHR_wavfiles\WAVfiles\210826\20210826_163617.wav,3/23/23 11:33,HMS,Whoop,8/26/2021 17:00:01.8,8/26/2021 17:00:02.0,1,1,NA,NA,NA,NA,NA,NA,NA,2021-08-26,27.79205,-175.819217,Day
C:\Users\mmrph\Desktop\author's Interns\PHR_wavfiles\WAVfiles\210826\20210826_163617.wav,3/23/23 11:37,HMS,Growl,8/26/2021 17:02:35.4,8/26/2021 17:02:41.0,2,NA,NA,NA,NA,NA,NA,NA,NA,2021-08-26,27.79205,-175.819217,Day
C:\Users\mmrph\Desktop\author's Interns\PHR_wavfiles\WAVfiles\210826\20210826_163617.wav,3/23/23 11:38,HMS,Croak,8/26/2021 17:02:41.4,8/26/2021 17:02:41.7,2,NA,NA,NA,NA,NA,NA,NA,NA,2021-08-26,27.79205,-175.819217,Day
C:\Users\mmrph\Desktop\author's Interns\PHR_wavfiles\WAVfiles\210826\20210826_163617.wav,3/23/23 11:38,HMS,Croak,8/26/2021 17:02:44.8,8/26/2021 17:02:45.1,2,NA,NA,NA,NA,NA,NA,NA,NA,2021-08-26,27.79205,-175.819217,Day
C:\Users\mmrph\Desktop\author's Interns\PHR_wavfiles\WAVfiles\210826\20210826_163617.wav,3/23/23 11:38,HMS,Growl,8/26/2021 17:02:46.7,8/26/2021 17:02:49.6,2,NA,NA,NA,NA,NA,NA,NA,NA,2021-08-26,27.79205,-175.819217,Day
C:\Users\mmrph\Desktop\author's Interns\PHR_wavfiles\WAVfiles\210826\20210826_163617.wav,3/23/23 11:38,HMS,Whoop,8/26/2021 17:02:50.8,8/26/2021 17:02:51.2,2,2,NA,NA,NA,NA,NA,NA,NA,2021-08-26,27.79205,-175.819217,Day
C:\Users\mmrph\Desktop\author's Interns\PHR_wavfiles\WAVfiles\210826\20210826_163617.wav,3/23/23 11:39,HMS,Moan,8/26/2021 17:02:56.7,8/26/2021 17:02:57.2,2,NA,NA,NA,NA,NA,NA,NA,NA,2021-08-26,27.79205,-175.819217,Day
C:\Users\mmrph\Desktop\author's Interns\PHR_wavfiles\WAVfiles\210826\20210826_163617.wav,3/23/23 11:39,HMS,MoanBridgeGrowl,8/26/2021 17:02:57.3,8/26/2021 17:03:00.2,3,NA,NA,NA,NA,NA,NA,NA,NA,2021-08-26,27.79205,-175.819217,Day
C:\Users\mmrph\Desktop\author's Interns\PHR_wavfiles\WAVfiles\210826\20210826_163617.wav,3/23/23 11:40,HMS,Whoop,8/26/2021 17:03:01.1,8/26/2021 17:03:01.7,2,2,NA,NA,NA,NA,NA,NA,NA,2021-08-26,27.79205,-175.819217,Day
C:\Users\mmrph\Desktop\author's Interns\PHR_wavfiles\WAVfiles\210826\20210826_163617.wav,3/23/23 11:41,HMS,Growl,8/26/2021 17:04:51.1,8/26/2021 17:04:56.2,2,NA,NA,NA,NA,NA,NA,NA,NA,2021-08-26,27.79205,-175.819217,Day
C:\Users\mmrph\Desktop\author's Interns\PHR_wavfiles\WAVfiles\210826\20210826_163617.wav,3/23/23 11:42,HMS,Growl,8/26/2021 17:04:57.1,8/26/2021 17:04:58.1,2,NA,NA,NA,NA,NA,NA,NA,NA,2021-08-26,27.79205,-175.819217,Day
C:\Users\mmrph\Desktop\author's Interns\PHR_wavfiles\WAVfiles\210826\20210826_163617.wav,3/23/23 11:42,HMS,Croak,8/26/2021 17:04:58.4,8/26/2021 17:04:58.7,2,NA,NA,NA,NA,NA,NA,NA,NA,2021-08-26,27.79205,-175.819217,Day
C:\Users\mmrph\Desktop\author's Interns\PHR_wavfiles\WAVfiles\210826\20210826_163617.wav,3/23/23 11:45,HMS,Whoop,8/26/2021 18:00:02.1,8/26/2021 18:00:02.2,3,1,NA,NA,NA,NA,NA,NA,NA,2021-08-26,27.79205,-175.819217,Day
C:\Users\mmrph\Desktop\author's Interns\PHR_wavfiles\WAVfiles\210826\20210826_163617.wav,3/23/23 11:45,HMS,MoanGrowl,8/26/2021 18:00:03.1,8/26/2021 18:00:05.3,2,NA,NA,NA,NA,NA,NA,NA,NA,2021-08-26,27.79205,-175.819217,Day
C:\Users\mmrph\Desktop\author's Interns\PHR_wavfiles\WAVfiles\210826\20210826_163617.wav,3/23/23 11:46,HMS,MoanWhoop,8/26/2021 18:00:06.5,8/26/2021 18:00:07.0,2,NA,NA,NA,NA,NA,NA,NA,NA,2021-08-26,27.79205,-175.819217,Day
C:\Users\mmrph\Desktop\author's Interns\PHR_wavfiles\WAVfiles\210826\20210826_163617.wav,3/23/23 11:47,HMS,Whoop,8/26/2021 18:00:07.5,8/26/2021 18:00:07.7,3,1,NA,NA,NA,NA,NA,NA,NA,2021-08-26,27.79205,-175.819217,Day
C:\Users\mmrph\Desktop\author's Interns\PHR_wavfiles\WAVfiles\210826\20210826_163617.wav,3/23/23 11:47,HMS,Whoop,8/26/2021 18:00:08.5,8/26/2021 18:00:09.4,3,6,NA,NA,NA,NA,"these are all like overlapping on each other, sounds interesting",NA,NA,2021-08-26,27.79205,-175.819217,Day
C:\Users\mmrph\Desktop\author's Interns\PHR_wavfiles\WAVfiles\210826\20210826_163617.wav,3/23/23 11:47,HMS,Whoop,8/26/2021 18:00:12.3,8/26/2021 18:00:12.5,3,1,NA,NA,NA,NA,NA,NA,NA,2021-08-26,27.79205,-175.819217,Day
C:\Users\mmrph\Desktop\author's Interns\PHR_wavfiles\WAVfiles\210826\20210826_163617.wav,3/23/23 11:48,HMS,Whoop,8/26/2021 18:00:13.6,8/26/2021 18:00:13.8,3,1,NA,NA,NA,NA,NA,NA,NA,2021-08-26,27.79205,-175.819217,Day
C:\Users\mmrph\Desktop\author's Interns\PHR_wavfiles\WAVfiles\210826\20210826_163617.wav,3/23/23 11:48,HMS,MoanGrowl,8/26/2021 18:00:14.2,8/26/2021 18:00:16.6,1,NA,NA,NA,NA,NA,NA,NA,NA,2021-08-26,27.79205,-175.819217,Day
C:\Users\mmrph\Desktop\author's Interns\PHR_wavfiles\WAVfiles\210826\20210826_163617.wav,3/23/23 11:48,HMS,Whoop,8/26/2021 18:00:18.2,8/26/2021 18:00:18.4,3,1,NA,NA,NA,NA,NA,NA,NA,2021-08-26,27.79205,-175.819217,Day
C:\Users\mmrph\Desktop\author's Interns\PHR_wavfiles\WAVfiles\210826\20210826_163617.wav,3/23/23 11:49,HMS,Whoop,8/26/2021 18:00:18.6,8/26/2021 18:00:19.1,3,2,NA,NA,NA,NA,NA,NA,NA,2021-08-26,27.79205,-175.819217,Day
C:\Users\mmrph\Desktop\author's Interns\PHR_wavfiles\WAVfiles\210826\20210826_163617.wav,3/23/23 11:49,HMS,Whoop,8/26/2021 18:00:21.6,8/26/2021 18:00:21.8,3,1,NA,NA,NA,NA,NA,NA,NA,2021-08-26,27.79205,-175.819217,Day
C:\Users\mmrph\Desktop\author's Interns\PHR_wavfiles\WAVfiles\210826\20210826_163617.wav,3/23/23 11:49,HMS,Whoop,8/26/2021 18:00:26.3,8/26/2021 18:00:26.5,2,1,NA,NA,NA,NA,NA,NA,NA,2021-08-26,27.79205,-175.819217,Day
C:\Users\mmrph\Desktop\author's Interns\PHR_wavfiles\WAVfiles\210826\20210826_163617.wav,3/23/23 11:49,HMS,Whoop,8/26/2021 18:00:29.1,8/26/2021 18:00:29.2,2,1,NA,NA,NA,NA,NA,NA,NA,2021-08-26,27.79205,-175.819217,Day
C:\Users\mmrph\Desktop\author's Interns\PHR_wavfiles\WAVfiles\210826\20210826_163617.wav,3/23/23 11:53,HMS,Whoop,8/26/2021 18:00:31.3,8/26/2021 18:00:31.5,2,1,NA,NA,NA,NA,"sounds weird, kind of fishy",NA,NA,2021-08-26,27.79205,-175.819217,Day
C:\Users\mmrph\Desktop\author's Interns\PHR_wavfiles\WAVfiles\210826\20210826_163617.wav,3/23/23 11:53,HMS,Whoop,8/26/2021 18:00:31.9,8/26/2021 18:00:32.1,2,1,NA,NA,NA,NA,NA,NA,NA,2021-08-26,27.79205,-175.819217,Day
C:\Users\mmrph\Desktop\author's Interns\PHR_wavfiles\WAVfiles\210826\20210826_163617.wav,3/23/23 11:54,HMS,Whoop,8/26/2021 18:00:33.1,8/26/2021 18:00:33.3,2,1,NA,NA,NA,NA,NA,NA,NA,2021-08-26,27.79205,-175.819217,Day
C:\Users\mmrph\Desktop\author's Interns\PHR_wavfiles\WAVfiles\210826\20210826_163617.wav,3/23/23 11:54,HMS,Moan,8/26/2021 18:00:33.2,8/26/2021 18:00:33.6,2,NA,NA,NA,NA,NA,NA,NA,NA,2021-08-26,27.79205,-175.819217,Day
C:\Users\mmrph\Desktop\author's Interns\PHR_wavfiles\WAVfiles\210826\20210826_163617.wav,3/23/23 11:54,HMS,MoanBridgeGrowlRumbleWhoop,8/26/2021 18:00:33.7,8/26/2021 18:00:37.1,3,NA,NA,NA,NA,NA,NA,NA,NA,2021-08-26,27.79205,-175.819217,Day
C:\Users\mmrph\Desktop\author's Interns\PHR_wavfiles\WAVfiles\210826\20210826_163617.wav,3/23/23 11:55,HMS,Whoop,8/26/2021 18:00:38.1,8/26/2021 18:00:38.4,2,1,NA,NA,NA,NA,NA,NA,NA,2021-08-26,27.79205,-175.819217,Day
C:\Users\mmrph\Desktop\author's Interns\PHR_wavfiles\WAVfiles\210826\20210826_163617.wav,3/23/23 11:55,HMS,Whoop,8/26/2021 18:00:48.5,8/26/2021 18:00:48.7,2,1,NA,NA,NA,NA,NA,NA,NA,2021-08-26,27.79205,-175.819217,Day
C:\Users\mmrph\Desktop\author's Interns\PHR_wavfiles\WAVfiles\210826\20210826_163617.wav,3/23/23 11:55,HMS,Whoop,8/26/2021 18:00:53.8,8/26/2021 18:00:54.0,2,1,NA,NA,NA,NA,NA,NA,NA,2021-08-26,27.79205,-175.819217,Day
C:\Users\mmrph\Desktop\author's Interns\PHR_wavfiles\WAVfiles\210826\20210826_163617.wav,3/23/23 11:55,HMS,Whoop,8/26/2021 18:00:54.3,8/26/2021 18:00:54.5,3,1,NA,NA,NA,NA,NA,NA,NA,2021-08-26,27.79205,-175.819217,Day
C:\Users\mmrph\Desktop\author's Interns\PHR_wavfiles\WAVfiles\210826\20210826_163617.wav,3/23/23 11:56,HMS,Croak,8/26/2021 18:00:55.2,8/26/2021 18:00:55.6,2,NA,NA,NA,NA,NA,NA,NA,NA,2021-08-26,27.79205,-175.819217,Day
C:\Users\mmrph\Desktop\author's Interns\PHR_wavfiles\WAVfiles\210826\20210826_163617.wav,3/23/23 11:56,HMS,Croak,8/26/2021 18:00:56.0,8/26/2021 18:00:56.3,2,NA,NA,NA,NA,NA,NA,NA,NA,2021-08-26,27.79205,-175.819217,Day
C:\Users\mmrph\Desktop\author's Interns\PHR_wavfiles\WAVfiles\210826\20210826_163617.wav,3/23/23 11:56,HMS,Growl,8/26/2021 18:00:56.9,8/26/2021 18:00:58.7,2,NA,NA,NA,NA,NA,NA,NA,NA,2021-08-26,27.79205,-175.819217,Day
C:\Users\mmrph\Desktop\author's Interns\PHR_wavfiles\WAVfiles\210826\20210826_163617.wav,3/23/23 11:57,HMS,GrowlRumbleWhoop,8/26/2021 18:00:58.8,8/26/2021 18:00:59.5,3,NA,NA,NA,NA,NA,NA,NA,NA,2021-08-26,27.79205,-175.819217,Day
C:\Users\mmrph\Desktop\author's Interns\PHR_wavfiles\WAVfiles\210826\20210826_163617.wav,3/23/23 11:58,HMS,Whoop,8/26/2021 18:00:59.4,8/26/2021 18:00:59.6,2,1,NA,NA,NA,NA,NA,NA,NA,2021-08-26,27.79205,-175.819217,Day
C:\Users\mmrph\Desktop\author's Interns\PHR_wavfiles\WAVfiles\210826\20210826_163617.wav,3/23/23 11:59,HMS,Whoop,8/26/2021 18:01:02.7,8/26/2021 18:01:02.9,3,1,NA,NA,NA,NA,NA,NA,NA,2021-08-26,27.79205,-175.819217,Day
C:\Users\mmrph\Desktop\author's Interns\PHR_wavfiles\WAVfiles\210826\20210826_163617.wav,3/23/23 11:59,HMS,Whoop,8/26/2021 18:01:04.6,8/26/2021 18:01:05.1,3,2,NA,NA,NA,NA,NA,NA,NA,2021-08-26,27.79205,-175.819217,Day
C:\Users\mmrph\Desktop\author's Interns\PHR_wavfiles\WAVfiles\210826\20210826_163617.wav,3/23/23 11:59,HMS,Whoop,8/26/2021 18:01:06.7,8/26/2021 18:01:06.9,2,1,NA,NA,NA,NA,NA,NA,NA,2021-08-26,27.79205,-175.819217,Day
C:\Users\mmrph\Desktop\author's Interns\PHR_wavfiles\WAVfiles\210826\20210826_163617.wav,3/23/23 11:59,HMS,Whoop,8/26/2021 18:01:11.5,8/26/2021 18:01:11.7,2,1,NA,NA,NA,NA,NA,NA,NA,2021-08-26,27.79205,-175.819217,Day
C:\Users\mmrph\Desktop\author's Interns\PHR_wavfiles\WAVfiles\210826\20210826_163617.wav,3/23/23 12:00,HMS,Moan,8/26/2021 18:01:13.0,8/26/2021 18:01:13.3,2,NA,NA,NA,NA,NA,NA,NA,NA,2021-08-26,27.79205,-175.819217,Day
C:\Users\mmrph\Desktop\author's Interns\PHR_wavfiles\WAVfiles\210826\20210826_163617.wav,3/23/23 12:00,HMS,CroakBridgeGrowlWhoop,8/26/2021 18:01:13.5,8/26/2021 18:01:17.1,3,4,NA,NA,NA,NA,NA,NA,NA,2021-08-26,27.79205,-175.819217,Day
C:\Users\mmrph\Desktop\author's Interns\PHR_wavfiles\WAVfiles\210826\20210826_163617.wav,3/23/23 12:00,HMS,Whoop,8/26/2021 18:01:17.5,8/26/2021 18:01:18.1,3,4,NA,NA,NA,NA,NA,NA,NA,2021-08-26,27.79205,-175.819217,Day
C:\Users\mmrph\Desktop\author's Interns\PHR_wavfiles\WAVfiles\210826\20210826_163617.wav,3/23/23 12:01,HMS,Whoop,8/26/2021 18:01:18.9,8/26/2021 18:01:19.4,3,3,NA,NA,NA,NA,NA,NA,NA,2021-08-26,27.79205,-175.819217,Day
C:\Users\mmrph\Desktop\author's Interns\PHR_wavfiles\WAVfiles\210826\20210826_163617.wav,3/23/23 12:01,HMS,Whoop,8/26/2021 18:01:20.7,8/26/2021 18:01:20.9,3,1,NA,NA,NA,NA,NA,NA,NA,2021-08-26,27.79205,-175.819217,Day
C:\Users\mmrph\Desktop\author's Interns\PHR_wavfiles\WAVfiles\210826\20210826_163617.wav,3/23/23 12:01,HMS,Croak,8/26/2021 18:01:22.0,8/26/2021 18:01:22.4,3,NA,NA,NA,NA,NA,NA,NA,NA,2021-08-26,27.79205,-175.819217,Day
C:\Users\mmrph\Desktop\author's Interns\PHR_wavfiles\WAVfiles\210826\20210826_163617.wav,3/23/23 12:01,HMS,Croak,8/26/2021 18:01:22.8,8/26/2021 18:01:23.1,3,NA,NA,NA,NA,NA,NA,NA,NA,2021-08-26,27.79205,-175.819217,Day
C:\Users\mmrph\Desktop\author's Interns\PHR_wavfiles\WAVfiles\210826\20210826_163617.wav,3/23/23 12:02,HMS,MoanGrowlWhoop,8/26/2021 18:01:24.6,8/26/2021 18:01:26.5,3,1,NA,NA,NA,NA,NA,NA,NA,2021-08-26,27.79205,-175.819217,Day
C:\Users\mmrph\Desktop\author's Interns\PHR_wavfiles\WAVfiles\210826\20210826_163617.wav,3/23/23 12:07,HMS,Growl,8/26/2021 18:01:38.7,8/26/2021 18:01:39.9,2,NA,NA,NA,NA,NA,growl with bubbles,NA,NA,2021-08-26,27.79205,-175.819217,Day
C:\Users\mmrph\Desktop\author's Interns\PHR_wavfiles\WAVfiles\210826\20210826_163617.wav,3/23/23 12:07,HMS,Whoop,8/26/2021 18:01:39.9,8/26/2021 18:01:40.4,2,3,NA,NA,NA,NA,NA,NA,NA,2021-08-26,27.79205,-175.819217,Day
C:\Users\mmrph\Desktop\author's Interns\PHR_wavfiles\WAVfiles\210826\20210826_163617.wav,3/23/23 12:08,HMS,Whoop,8/26/2021 18:01:40.6,8/26/2021 18:01:40.8,2,2,NA,NA,NA,NA,NA,NA,NA,2021-08-26,27.79205,-175.819217,Day
C:\Users\mmrph\Desktop\author's Interns\PHR_wavfiles\WAVfiles\210826\20210826_163617.wav,3/23/23 12:08,HMS,Whoop,8/26/2021 18:01:41.1,8/26/2021 18:01:42.1,2,7,NA,NA,NA,NA,NA,NA,NA,2021-08-26,27.79205,-175.819217,Day
C:\Users\mmrph\Desktop\author's Interns\PHR_wavfiles\WAVfiles\210826\20210826_163617.wav,3/23/23 12:08,HMS,Whoop,8/26/2021 18:01:42.4,8/26/2021 18:01:42.9,3,3,NA,NA,NA,NA,NA,NA,NA,2021-08-26,27.79205,-175.819217,Day
C:\Users\mmrph\Desktop\author's Interns\PHR_wavfiles\WAVfiles\210826\20210826_163617.wav,3/23/23 12:08,HMS,Whoop,8/26/2021 18:01:43.6,8/26/2021 18:01:44.0,3,3,NA,NA,NA,NA,NA,NA,NA,2021-08-26,27.79205,-175.819217,Day
C:\Users\mmrph\Desktop\author's Interns\PHR_wavfiles\WAVfiles\210826\20210826_163617.wav,3/23/23 12:08,HMS,Whoop,8/26/2021 18:01:44.6,8/26/2021 18:01:45.0,3,2,NA,NA,NA,NA,NA,NA,NA,2021-08-26,27.79205,-175.819217,Day
C:\Users\mmrph\Desktop\author's Interns\PHR_wavfiles\WAVfiles\210826\20210826_163617.wav,3/23/23 12:08,HMS,Whoop,8/26/2021 18:01:46.3,8/26/2021 18:01:46.5,2,1,NA,NA,NA,NA,NA,NA,NA,2021-08-26,27.79205,-175.819217,Day
C:\Users\mmrph\Desktop\author's Interns\PHR_wavfiles\WAVfiles\210826\20210826_163617.wav,3/23/23 12:09,HMS,MoanBridgeGrowl,8/26/2021 18:01:47.2,8/26/2021 18:01:50.0,2,NA,NA,NA,NA,NA,NA,NA,NA,2021-08-26,27.79205,-175.819217,Day
C:\Users\mmrph\Desktop\author's Interns\PHR_wavfiles\WAVfiles\210826\20210826_163617.wav,3/23/23 12:09,HMS,Whoop,8/26/2021 18:01:50.9,8/26/2021 18:01:51.4,2,2,NA,NA,NA,NA,NA,NA,NA,2021-08-26,27.79205,-175.819217,Day
C:\Users\mmrph\Desktop\author's Interns\PHR_wavfiles\WAVfiles\210826\20210826_163617.wav,3/23/23 12:10,HMS,Whoop,8/26/2021 18:02:01.4,8/26/2021 18:02:01.6,2,1,NA,NA,NA,NA,NA,NA,NA,2021-08-26,27.79205,-175.819217,Day
C:\Users\mmrph\Desktop\author's Interns\PHR_wavfiles\WAVfiles\210826\20210826_163617.wav,3/23/23 12:10,HMS,Whoop,8/26/2021 18:02:22.5,8/26/2021 18:02:22.7,3,1,NA,NA,NA,NA,NA,NA,NA,2021-08-26,27.79205,-175.819217,Day
C:\Users\mmrph\Desktop\author's Interns\PHR_wavfiles\WAVfiles\210826\20210826_163617.wav,3/23/23 12:10,HMS,Growl,8/26/2021 18:02:24.3,8/26/2021 18:02:25.1,3,NA,NA,NA,NA,NA,NA,NA,NA,2021-08-26,27.79205,-175.819217,Day
C:\Users\mmrph\Desktop\author's Interns\PHR_wavfiles\WAVfiles\210826\20210826_163617.wav,3/23/23 12:10,HMS,Whoop,8/26/2021 18:02:25.3,8/26/2021 18:02:25.9,3,4,NA,NA,NA,NA,NA,NA,NA,2021-08-26,27.79205,-175.819217,Day
C:\Users\mmrph\Desktop\author's Interns\PHR_wavfiles\WAVfiles\210826\20210826_163617.wav,3/23/23 12:13,HMS,Whoop,8/26/2021 18:02:45.8,8/26/2021 18:02:46.1,3,1,NA,NA,NA,NA,NA,NA,NA,2021-08-26,27.79205,-175.819217,Day
C:\Users\mmrph\Desktop\author's Interns\PHR_wavfiles\WAVfiles\210826\20210826_163617.wav,3/23/23 12:13,HMS,Whoop,8/26/2021 18:02:47.6,8/26/2021 18:02:48.0,3,2,NA,NA,NA,NA,NA,NA,NA,2021-08-26,27.79205,-175.819217,Day
C:\Users\mmrph\Desktop\author's Interns\PHR_wavfiles\WAVfiles\210826\20210826_163617.wav,3/23/23 12:13,HMS,Growl,8/26/2021 18:02:50.8,8/26/2021 18:02:51.5,3,NA,NA,NA,NA,NA,NA,NA,NA,2021-08-26,27.79205,-175.819217,Day
C:\Users\mmrph\Desktop\author's Interns\PHR_wavfiles\WAVfiles\210826\20210826_163617.wav,3/23/23 12:13,HMS,Croak,8/26/2021 18:02:51.6,8/26/2021 18:02:52.0,3,NA,NA,NA,NA,NA,NA,NA,NA,2021-08-26,27.79205,-175.819217,Day
C:\Users\mmrph\Desktop\author's Interns\PHR_wavfiles\WAVfiles\210826\20210826_163617.wav,3/23/23 12:13,HMS,Growl,8/26/2021 18:02:52.7,8/26/2021 18:02:54.4,3,NA,NA,NA,NA,NA,NA,NA,NA,2021-08-26,27.79205,-175.819217,Day
C:\Users\mmrph\Desktop\author's Interns\PHR_wavfiles\WAVfiles\210826\20210826_163617.wav,3/23/23 12:14,HMS,Whoop,8/26/2021 18:02:54.4,8/26/2021 18:02:55.2,3,4,NA,NA,NA,NA,NA,NA,NA,2021-08-26,27.79205,-175.819217,Day
C:\Users\mmrph\Desktop\author's Interns\PHR_wavfiles\WAVfiles\210826\20210826_163617.wav,3/23/23 12:15,HMS,Whoop,8/26/2021 18:03:00.7,8/26/2021 18:03:01.3,2,4,NA,NA,NA,NA,NA,NA,NA,2021-08-26,27.79205,-175.819217,Day
C:\Users\mmrph\Desktop\author's Interns\PHR_wavfiles\WAVfiles\210826\20210826_163617.wav,3/23/23 12:15,HMS,Whoop,8/26/2021 18:03:02.3,8/26/2021 18:03:02.9,2,4,NA,NA,NA,NA,NA,NA,NA,2021-08-26,27.79205,-175.819217,Day
C:\Users\mmrph\Desktop\author's Interns\PHR_wavfiles\WAVfiles\210826\20210826_163617.wav,3/23/23 12:15,HMS,Croak,8/26/2021 18:03:03.8,8/26/2021 18:03:04.0,2,NA,NA,NA,NA,NA,NA,NA,NA,2021-08-26,27.79205,-175.819217,Day
C:\Users\mmrph\Desktop\author's Interns\PHR_wavfiles\WAVfiles\210826\20210826_163617.wav,3/23/23 12:15,HMS,Croak,8/26/2021 18:03:04.3,8/26/2021 18:03:04.5,2,NA,NA,NA,NA,NA,NA,NA,NA,2021-08-26,27.79205,-175.819217,Day
C:\Users\mmrph\Desktop\author's Interns\PHR_wavfiles\WAVfiles\210826\20210826_163617.wav,3/23/23 12:16,HMS,Whoop,8/26/2021 18:03:06.5,8/26/2021 18:03:06.6,2,1,NA,NA,NA,NA,NA,NA,NA,2021-08-26,27.79205,-175.819217,Day
C:\Users\mmrph\Desktop\author's Interns\PHR_wavfiles\WAVfiles\210826\20210826_163617.wav,3/23/23 12:16,HMS,Whoop,8/26/2021 18:03:07.7,8/26/2021 18:03:07.9,2,1,NA,NA,NA,NA,NA,NA,NA,2021-08-26,27.79205,-175.819217,Day
C:\Users\mmrph\Desktop\author's Interns\PHR_wavfiles\WAVfiles\210826\20210826_163617.wav,3/23/23 12:16,HMS,Whoop,8/26/2021 18:03:19.5,8/26/2021 18:03:19.7,2,1,NA,NA,NA,NA,NA,NA,NA,2021-08-26,27.79205,-175.819217,Day
C:\Users\mmrph\Desktop\author's Interns\PHR_wavfiles\WAVfiles\210826\20210826_163617.wav,3/23/23 12:17,HMS,Croak,8/26/2021 18:03:21.2,8/26/2021 18:03:21.5,1,NA,NA,NA,NA,NA,NA,NA,NA,2021-08-26,27.79205,-175.819217,Day
C:\Users\mmrph\Desktop\author's Interns\PHR_wavfiles\WAVfiles\210826\20210826_163617.wav,3/23/23 12:17,HMS,Croak,8/26/2021 18:03:21.9,8/26/2021 18:03:21.9,1,NA,NA,NA,NA,NA,NA,NA,NA,2021-08-26,27.79205,-175.819217,Day
C:\Users\mmrph\Desktop\author's Interns\PHR_wavfiles\WAVfiles\210826\20210826_163617.wav,3/23/23 12:17,HMS,Growl,8/26/2021 18:03:23.0,8/26/2021 18:03:24.5,1,NA,NA,NA,NA,NA,NA,NA,NA,2021-08-26,27.79205,-175.819217,Day
C:\Users\mmrph\Desktop\author's Interns\PHR_wavfiles\WAVfiles\210826\20210826_163617.wav,3/23/23 12:17,HMS,Whoop,8/26/2021 18:03:25.1,8/26/2021 18:03:25.4,2,1,NA,NA,NA,NA,NA,NA,NA,2021-08-26,27.79205,-175.819217,Day
C:\Users\mmrph\Desktop\author's Interns\PHR_wavfiles\WAVfiles\210826\20210826_163617.wav,3/23/23 12:18,HMS,Growl,8/26/2021 18:04:00.6,8/26/2021 18:04:05.1,1,NA,NA,NA,NA,NA,NA,NA,NA,2021-08-26,27.79205,-175.819217,Day
C:\Users\mmrph\Desktop\author's Interns\PHR_wavfiles\WAVfiles\210826\20210826_163617.wav,3/23/23 12:19,HMS,Whoop,8/26/2021 18:04:54.4,8/26/2021 18:04:55.4,1,6,NA,NA,NA,NA,NA,NA,NA,2021-08-26,27.79205,-175.819217,Day
C:\Users\mmrph\Desktop\author's Interns\PHR_wavfiles\WAVfiles\210826\20210826_163617.wav,3/23/23 12:19,HMS,Croak,8/26/2021 18:04:55.7,8/26/2021 18:04:55.9,1,NA,NA,NA,NA,NA,NA,NA,NA,2021-08-26,27.79205,-175.819217,Day
C:\Users\mmrph\Desktop\author's Interns\PHR_wavfiles\WAVfiles\210826\20210826_163617.wav,3/23/23 12:19,HMS,Whoop,8/26/2021 18:04:56.2,8/26/2021 18:04:56.8,1,5,NA,NA,NA,NA,NA,NA,NA,2021-08-26,27.79205,-175.819217,Day
C:\Users\mmrph\Desktop\author's Interns\PHR_wavfiles\WAVfiles\210826\20210826_163617.wav,3/23/23 12:19,HMS,Croak,8/26/2021 18:04:57.3,8/26/2021 18:04:57.6,1,NA,NA,NA,NA,NA,NA,NA,NA,2021-08-26,27.79205,-175.819217,Day
C:\Users\mmrph\Desktop\author's Interns\PHR_wavfiles\WAVfiles\210826\20210826_163617.wav,3/23/23 12:20,HMS,Whoop,8/26/2021 18:04:57.8,8/26/2021 18:04:58.4,1,3,NA,NA,NA,NA,NA,NA,NA,2021-08-26,27.79205,-175.819217,Day
C:\Users\mmrph\Desktop\author's Interns\PHR_wavfiles\WAVfiles\210826\20210826_163617.wav,3/23/23 12:21,HMS,Whoop,8/26/2021 19:00:05.8,8/26/2021 19:00:06.2,1,3,NA,NA,NA,NA,NA,NA,NA,2021-08-26,27.79205,-175.819217,Day
C:\Users\mmrph\Desktop\author's Interns\PHR_wavfiles\WAVfiles\210826\20210826_163617.wav,3/23/23 12:21,HMS,Whoop,8/26/2021 19:00:12.5,8/26/2021 19:00:12.7,1,2,NA,NA,NA,NA,NA,NA,NA,2021-08-26,27.79205,-175.819217,Day
C:\Users\mmrph\Desktop\author's Interns\PHR_wavfiles\WAVfiles\210826\20210826_163617.wav,3/23/23 12:25,HMS,Growl,8/26/2021 19:00:38.2,8/26/2021 19:00:42.3,2,NA,NA,NA,NA,NA,"this bout is muffled by a loud background noise, sounds like something scratching the hydrophone",NA,NA,2021-08-26,27.79205,-175.819217,Day
C:\Users\mmrph\Desktop\author's Interns\PHR_wavfiles\WAVfiles\210826\20210826_163617.wav,3/23/23 12:25,HMS,Growl,8/26/2021 19:00:44.4,8/26/2021 19:00:45.8,2,NA,NA,NA,NA,NA,NA,NA,NA,2021-08-26,27.79205,-175.819217,Day
C:\Users\mmrph\Desktop\author's Interns\PHR_wavfiles\WAVfiles\210826\20210826_163617.wav,3/23/23 12:25,HMS,Croak,8/26/2021 19:00:46.5,8/26/2021 19:00:46.7,1,NA,NA,NA,NA,NA,NA,NA,NA,2021-08-26,27.79205,-175.819217,Day
C:\Users\mmrph\Desktop\author's Interns\PHR_wavfiles\WAVfiles\210826\20210826_163617.wav,3/23/23 12:26,HMS,Growl,8/26/2021 19:00:53.0,8/26/2021 19:00:56.9,2,NA,NA,NA,NA,NA,NA,NA,NA,2021-08-26,27.79205,-175.819217,Day
C:\Users\mmrph\Desktop\author's Interns\PHR_wavfiles\WAVfiles\210826\20210826_163617.wav,3/23/23 12:26,HMS,Whoop,8/26/2021 19:00:57.2,8/26/2021 19:00:57.4,2,1,NA,NA,NA,NA,NA,NA,NA,2021-08-26,27.79205,-175.819217,Day
C:\Users\mmrph\Desktop\author's Interns\PHR_wavfiles\WAVfiles\210826\20210826_163617.wav,3/23/23 12:26,HMS,Croak,8/26/2021 19:00:58.7,8/26/2021 19:00:59.2,2,NA,NA,NA,NA,NA,NA,NA,NA,2021-08-26,27.79205,-175.819217,Day
C:\Users\mmrph\Desktop\author's Interns\PHR_wavfiles\WAVfiles\210826\20210826_163617.wav,3/23/23 12:27,HMS,Growl,8/26/2021 19:01:00.2,8/26/2021 19:01:03.9,2,NA,NA,NA,NA,NA,NA,NA,NA,2021-08-26,27.79205,-175.819217,Day
C:\Users\mmrph\Desktop\author's Interns\PHR_wavfiles\WAVfiles\210826\20210826_163617.wav,3/23/23 12:27,HMS,Whoop,8/26/2021 19:01:06.4,8/26/2021 19:01:06.7,2,1,NA,NA,NA,NA,NA,NA,NA,2021-08-26,27.79205,-175.819217,Day
C:\Users\mmrph\Desktop\author's Interns\PHR_wavfiles\WAVfiles\210826\20210826_163617.wav,3/23/23 12:27,HMS,MoanGrowl,8/26/2021 19:01:07.6,8/26/2021 19:01:08.6,2,NA,NA,NA,NA,NA,NA,NA,NA,2021-08-26,27.79205,-175.819217,Day
C:\Users\mmrph\Desktop\author's Interns\PHR_wavfiles\WAVfiles\210826\20210826_163617.wav,3/23/23 12:27,HMS,Whoop,8/26/2021 19:01:08.7,8/26/2021 19:01:08.9,1,1,NA,NA,NA,NA,NA,NA,NA,2021-08-26,27.79205,-175.819217,Day
C:\Users\mmrph\Desktop\author's Interns\PHR_wavfiles\WAVfiles\210826\20210826_163617.wav,3/23/23 12:28,HMS,Growl,8/26/2021 19:01:17.2,8/26/2021 19:01:18.1,2,NA,NA,NA,NA,NA,NA,NA,NA,2021-08-26,27.79205,-175.819217,Day
C:\Users\mmrph\Desktop\author's Interns\PHR_wavfiles\WAVfiles\210826\20210826_163617.wav,3/23/23 12:28,HMS,Croak,8/26/2021 19:01:18.7,8/26/2021 19:01:19.0,1,NA,NA,NA,NA,NA,NA,NA,NA,2021-08-26,27.79205,-175.819217,Day
C:\Users\mmrph\Desktop\author's Interns\PHR_wavfiles\WAVfiles\210826\20210826_163617.wav,3/23/23 12:29,HMS,Growl,8/26/2021 19:03:50.6,8/26/2021 19:03:55.4,2,NA,NA,NA,NA,NA,NA,NA,NA,2021-08-26,27.79205,-175.819217,Day
C:\Users\mmrph\Desktop\author's Interns\PHR_wavfiles\WAVfiles\210826\20210826_163617.wav,3/23/23 12:29,HMS,Croak,8/26/2021 19:03:55.9,8/26/2021 19:03:56.2,2,NA,NA,NA,NA,NA,NA,NA,NA,2021-08-26,27.79205,-175.819217,Day
C:\Users\mmrph\Desktop\author's Interns\PHR_wavfiles\WAVfiles\210826\20210826_163617.wav,3/23/23 12:30,HMS,Whoop,8/26/2021 19:03:58.1,8/26/2021 19:03:58.6,2,3,NA,NA,NA,NA,NA,NA,NA,2021-08-26,27.79205,-175.819217,Day
C:\Users\mmrph\Desktop\author's Interns\PHR_wavfiles\WAVfiles\210826\20210826_163617.wav,3/23/23 12:30,HMS,Croak,8/26/2021 19:03:58.8,8/26/2021 19:03:59.2,2,NA,NA,NA,NA,NA,NA,NA,NA,2021-08-26,27.79205,-175.819217,Day
C:\Users\mmrph\Desktop\author's Interns\PHR_wavfiles\WAVfiles\210826\20210826_163617.wav,3/23/23 12:30,HMS,Whoop,8/26/2021 19:04:00.1,8/26/2021 19:04:00.7,1,3,NA,NA,NA,NA,NA,NA,NA,2021-08-26,27.79205,-175.819217,Day
C:\Users\mmrph\Desktop\author's Interns\PHR_wavfiles\WAVfiles\210826\20210826_163617.wav,3/23/23 12:31,HMS,Croak,8/26/2021 19:04:01.1,8/26/2021 19:04:01.5,2,NA,NA,NA,NA,NA,NA,NA,NA,2021-08-26,27.79205,-175.819217,Day
C:\Users\mmrph\Desktop\author's Interns\PHR_wavfiles\WAVfiles\210826\20210826_163617.wav,3/23/23 12:31,HMS,Growl,8/26/2021 19:04:01.9,8/26/2021 19:04:04.3,2,NA,NA,NA,NA,NA,NA,NA,NA,2021-08-26,27.79205,-175.819217,Day
C:\Users\mmrph\Desktop\author's Interns\PHR_wavfiles\WAVfiles\210826\20210826_163617.wav,3/23/23 12:31,HMS,Whoop,8/26/2021 19:04:04.8,8/26/2021 19:04:04.9,1,1,NA,NA,NA,NA,NA,NA,NA,2021-08-26,27.79205,-175.819217,Day
C:\Users\mmrph\Desktop\author's Interns\PHR_wavfiles\WAVfiles\210826\20210826_163617.wav,3/23/23 12:31,HMS,Croak,8/26/2021 19:04:05.4,8/26/2021 19:04:05.9,2,NA,NA,NA,NA,NA,NA,NA,NA,2021-08-26,27.79205,-175.819217,Day
C:\Users\mmrph\Desktop\author's Interns\PHR_wavfiles\WAVfiles\210826\20210826_163617.wav,3/23/23 12:31,HMS,Whoop,8/26/2021 19:04:06.7,8/26/2021 19:04:06.9,1,1,NA,NA,NA,NA,NA,NA,NA,2021-08-26,27.79205,-175.819217,Day
C:\Users\mmrph\Desktop\author's Interns\PHR_wavfiles\WAVfiles\210826\20210826_163617.wav,3/23/23 12:31,HMS,Croak,8/26/2021 19:04:10.5,8/26/2021 19:04:10.9,2,NA,NA,NA,NA,NA,NA,NA,NA,2021-08-26,27.79205,-175.819217,Day
C:\Users\mmrph\Desktop\author's Interns\PHR_wavfiles\WAVfiles\210826\20210826_163617.wav,3/23/23 12:31,HMS,Whoop,8/26/2021 19:04:11.6,8/26/2021 19:04:11.8,1,1,NA,NA,NA,NA,NA,NA,NA,2021-08-26,27.79205,-175.819217,Day
C:\Users\mmrph\Desktop\author's Interns\PHR_wavfiles\WAVfiles\210826\20210826_163617.wav,3/23/23 12:32,HMS,Moan,8/26/2021 19:04:13.4,8/26/2021 19:04:13.9,2,NA,NA,NA,NA,NA,NA,NA,NA,2021-08-26,27.79205,-175.819217,Day
C:\Users\mmrph\Desktop\author's Interns\PHR_wavfiles\WAVfiles\210826\20210826_163617.wav,3/23/23 12:32,HMS,Growl,8/26/2021 19:04:14.1,8/26/2021 19:04:15.9,2,NA,NA,NA,NA,NA,NA,NA,NA,2021-08-26,27.79205,-175.819217,Day
C:\Users\mmrph\Desktop\author's Interns\PHR_wavfiles\WAVfiles\210826\20210826_163617.wav,3/23/23 12:32,HMS,Whoop,8/26/2021 19:04:16.0,8/26/2021 19:04:16.2,2,1,NA,NA,NA,NA,NA,NA,NA,2021-08-26,27.79205,-175.819217,Day
C:\Users\mmrph\Desktop\author's Interns\PHR_wavfiles\WAVfiles\210826\20210826_193616.wav,3/23/23 13:01,HMS,Growl,8/26/2021 20:00:00.9,8/26/2021 20:00:04.2,2,NA,NA,NA,NA,NA,NA,NA,NA,2021-08-26,27.79205,-175.819217,Day
C:\Users\mmrph\Desktop\author's Interns\PHR_wavfiles\WAVfiles\210826\20210826_193616.wav,3/23/23 13:01,HMS,Whoop,8/26/2021 20:00:05.5,8/26/2021 20:00:06.2,1,3,NA,NA,NA,NA,NA,NA,NA,2021-08-26,27.79205,-175.819217,Day
C:\Users\mmrph\Desktop\author's Interns\PHR_wavfiles\WAVfiles\210826\20210826_193616.wav,3/23/23 13:02,HMS,Croak,8/26/2021 20:00:11.0,8/26/2021 20:00:11.3,2,NA,NA,NA,NA,NA,NA,NA,NA,2021-08-26,27.79205,-175.819217,Day
C:\Users\mmrph\Desktop\author's Interns\PHR_wavfiles\WAVfiles\210826\20210826_193616.wav,3/23/23 13:02,HMS,Whoop,8/26/2021 20:00:12.6,8/26/2021 20:00:12.8,1,1,NA,NA,NA,NA,NA,NA,NA,2021-08-26,27.79205,-175.819217,Day
C:\Users\mmrph\Desktop\author's Interns\PHR_wavfiles\WAVfiles\210826\20210826_193616.wav,3/23/23 13:02,HMS,Croak,8/26/2021 20:00:13.7,8/26/2021 20:00:14.1,2,NA,NA,NA,NA,NA,NA,NA,NA,2021-08-26,27.79205,-175.819217,Day
C:\Users\mmrph\Desktop\author's Interns\PHR_wavfiles\WAVfiles\210826\20210826_193616.wav,3/23/23 13:02,HMS,Growl,8/26/2021 20:00:14.5,8/26/2021 20:00:17.8,2,NA,NA,NA,NA,NA,NA,NA,NA,2021-08-26,27.79205,-175.819217,Day
C:\Users\mmrph\Desktop\author's Interns\PHR_wavfiles\WAVfiles\210826\20210826_193616.wav,3/23/23 13:02,HMS,Croak,8/26/2021 20:00:21.3,8/26/2021 20:00:21.6,1,NA,NA,NA,NA,NA,NA,NA,NA,2021-08-26,27.79205,-175.819217,Day
C:\Users\mmrph\Desktop\author's Interns\PHR_wavfiles\WAVfiles\210826\20210826_193616.wav,3/23/23 13:03,HMS,Growl,8/26/2021 20:01:48.7,8/26/2021 20:01:54.5,2,NA,NA,NA,NA,NA,NA,NA,NA,2021-08-26,27.79205,-175.819217,Day
C:\Users\mmrph\Desktop\author's Interns\PHR_wavfiles\WAVfiles\210826\20210826_193616.wav,3/23/23 13:04,HMS,Croak,8/26/2021 20:01:56.3,8/26/2021 20:01:56.7,2,NA,NA,NA,NA,NA,NA,NA,NA,2021-08-26,27.79205,-175.819217,Day
C:\Users\mmrph\Desktop\author's Interns\PHR_wavfiles\WAVfiles\210826\20210826_193616.wav,3/23/23 13:04,HMS,Croak,8/26/2021 20:01:57.3,8/26/2021 20:01:57.5,2,NA,NA,NA,NA,NA,NA,NA,NA,2021-08-26,27.79205,-175.819217,Day
C:\Users\mmrph\Desktop\author's Interns\PHR_wavfiles\WAVfiles\210826\20210826_193616.wav,3/23/23 13:06,HMS,Croak,8/26/2021 20:02:01.2,8/26/2021 20:02:01.5,2,NA,NA,NA,NA,NA,NA,NA,NA,2021-08-26,27.79205,-175.819217,Day
C:\Users\mmrph\Desktop\author's Interns\PHR_wavfiles\WAVfiles\210826\20210826_193616.wav,3/23/23 13:06,HMS,Growl,8/26/2021 20:02:02.3,8/26/2021 20:02:06.3,2,NA,NA,NA,NA,NA,NA,NA,NA,2021-08-26,27.79205,-175.819217,Day
C:\Users\mmrph\Desktop\author's Interns\PHR_wavfiles\WAVfiles\210826\20210826_193616.wav,3/23/23 13:06,HMS,Croak,8/26/2021 20:02:09.4,8/26/2021 20:02:09.9,2,NA,NA,NA,NA,NA,NA,NA,NA,2021-08-26,27.79205,-175.819217,Day
C:\Users\mmrph\Desktop\author's Interns\PHR_wavfiles\WAVfiles\210826\20210826_193616.wav,3/23/23 13:06,HMS,Croak,8/26/2021 20:02:10.6,8/26/2021 20:02:10.9,1,NA,NA,NA,NA,NA,NA,NA,NA,2021-08-26,27.79205,-175.819217,Day
C:\Users\mmrph\Desktop\author's Interns\PHR_wavfiles\WAVfiles\210826\20210826_193616.wav,3/23/23 13:06,HMS,Growl,8/26/2021 20:02:21.6,8/26/2021 20:02:22.7,2,NA,NA,NA,NA,NA,NA,NA,NA,2021-08-26,27.79205,-175.819217,Day
C:\Users\mmrph\Desktop\author's Interns\PHR_wavfiles\WAVfiles\210826\20210826_193616.wav,3/23/23 13:06,HMS,Croak,8/26/2021 20:02:23.2,8/26/2021 20:02:23.5,2,NA,NA,NA,NA,NA,NA,NA,NA,2021-08-26,27.79205,-175.819217,Day
C:\Users\mmrph\Desktop\author's Interns\PHR_wavfiles\WAVfiles\210826\20210826_193616.wav,3/23/23 13:07,HMS,Growl,8/26/2021 20:02:25.6,8/26/2021 20:02:28.8,2,NA,NA,NA,NA,NA,NA,NA,NA,2021-08-26,27.79205,-175.819217,Day
C:\Users\mmrph\Desktop\author's Interns\PHR_wavfiles\WAVfiles\210826\20210826_193616.wav,3/23/23 13:07,HMS,Whoop,8/26/2021 20:02:29.3,8/26/2021 20:02:29.4,1,1,NA,NA,NA,NA,NA,NA,NA,2021-08-26,27.79205,-175.819217,Day
C:\Users\mmrph\Desktop\author's Interns\PHR_wavfiles\WAVfiles\210826\20210826_193616.wav,3/23/23 13:07,HMS,Croak,8/26/2021 20:02:31.8,8/26/2021 20:02:32.0,1,NA,NA,NA,NA,NA,NA,NA,NA,2021-08-26,27.79205,-175.819217,Day
C:\Users\mmrph\Desktop\author's Interns\PHR_wavfiles\WAVfiles\210826\20210826_193616.wav,3/23/23 13:11,HMS,Growl,8/26/2021 20:03:55.0,8/26/2021 20:04:00.3,2,NA,NA,NA,NA,NA,NA,NA,NA,2021-08-26,27.79205,-175.819217,Day
C:\Users\mmrph\Desktop\author's Interns\PHR_wavfiles\WAVfiles\210826\20210826_193616.wav,3/23/23 13:12,HMS,Croak,8/26/2021 20:04:00.6,8/26/2021 20:04:00.9,2,NA,NA,NA,NA,NA,NA,NA,NA,2021-08-26,27.79205,-175.819217,Day
C:\Users\mmrph\Desktop\author's Interns\PHR_wavfiles\WAVfiles\210826\20210826_193616.wav,3/23/23 13:12,HMS,Croak,8/26/2021 20:04:03.7,8/26/2021 20:04:03.9,2,NA,NA,NA,NA,NA,NA,NA,NA,2021-08-26,27.79205,-175.819217,Day
C:\Users\mmrph\Desktop\author's Interns\PHR_wavfiles\WAVfiles\210826\20210826_193616.wav,3/23/23 13:12,HMS,Whoop,8/26/2021 20:04:05.2,8/26/2021 20:04:05.7,1,2,NA,NA,NA,NA,NA,NA,NA,2021-08-26,27.79205,-175.819217,Day
C:\Users\mmrph\Desktop\author's Interns\PHR_wavfiles\WAVfiles\210826\20210826_193616.wav,3/23/23 13:12,HMS,Croak,8/26/2021 20:04:06.3,8/26/2021 20:04:06.8,2,NA,NA,NA,NA,NA,NA,NA,NA,2021-08-26,27.79205,-175.819217,Day
C:\Users\mmrph\Desktop\author's Interns\PHR_wavfiles\WAVfiles\210826\20210826_193616.wav,3/23/23 13:12,HMS,Growl,8/26/2021 20:04:07.3,8/26/2021 20:04:09.7,2,NA,NA,NA,NA,NA,NA,NA,NA,2021-08-26,27.79205,-175.819217,Day
C:\Users\mmrph\Desktop\author's Interns\PHR_wavfiles\WAVfiles\210826\20210826_193616.wav,3/23/23 13:13,HMS,Whoop,8/26/2021 20:04:09.9,8/26/2021 20:04:10.5,1,3,NA,NA,NA,NA,NA,NA,NA,2021-08-26,27.79205,-175.819217,Day
C:\Users\mmrph\Desktop\author's Interns\PHR_wavfiles\WAVfiles\210826\20210826_193616.wav,3/23/23 13:13,HMS,Croak,8/26/2021 20:04:10.7,8/26/2021 20:04:11.0,2,NA,NA,NA,NA,NA,NA,NA,NA,2021-08-26,27.79205,-175.819217,Day
C:\Users\mmrph\Desktop\author's Interns\PHR_wavfiles\WAVfiles\210826\20210826_193616.wav,3/23/23 13:13,HMS,Whoop,8/26/2021 20:04:12.4,8/26/2021 20:04:12.8,1,2,NA,NA,NA,NA,NA,NA,NA,2021-08-26,27.79205,-175.819217,Day
C:\Users\mmrph\Desktop\author's Interns\PHR_wavfiles\WAVfiles\210826\20210826_193616.wav,3/23/23 13:13,HMS,Whoop,8/26/2021 20:04:15.2,8/26/2021 20:04:15.6,1,2,NA,NA,NA,NA,NA,NA,NA,2021-08-26,27.79205,-175.819217,Day
C:\Users\mmrph\Desktop\author's Interns\PHR_wavfiles\WAVfiles\210826\20210826_193616.wav,3/23/23 13:14,HMS,Growl,8/26/2021 20:04:18.3,8/26/2021 20:04:21.9,2,NA,NA,NA,NA,NA,NA,NA,NA,2021-08-26,27.79205,-175.819217,Day
C:\Users\mmrph\Desktop\author's Interns\PHR_wavfiles\WAVfiles\210826\20210826_193616.wav,3/23/23 13:14,HMS,Whoop,8/26/2021 20:04:24.7,8/26/2021 20:04:24.8,1,1,NA,NA,NA,NA,NA,NA,NA,2021-08-26,27.79205,-175.819217,Day
C:\Users\mmrph\Desktop\author's Interns\PHR_wavfiles\WAVfiles\210826\20210826_193616.wav,3/23/23 13:14,HMS,Growl,8/26/2021 20:04:25.9,8/26/2021 20:04:26.6,1,NA,NA,NA,NA,NA,NA,NA,NA,2021-08-26,27.79205,-175.819217,Day
C:\Users\mmrph\Desktop\author's Interns\PHR_wavfiles\WAVfiles\210826\20210826_193616.wav,3/23/23 13:14,HMS,Croak,8/26/2021 20:04:27.2,8/26/2021 20:04:27.4,1,NA,NA,NA,NA,NA,NA,NA,NA,2021-08-26,27.79205,-175.819217,Day
C:\Users\mmrph\Desktop\author's Interns\PHR_wavfiles\WAVfiles\210826\20210826_193616.wav,3/23/23 13:15,HMS,Growl,8/26/2021 21:01:30.5,8/26/2021 21:01:33.3,1,NA,NA,NA,NA,NA,NA,NA,NA,2021-08-26,27.79205,-175.819217,Night
C:\Users\mmrph\Desktop\author's Interns\PHR_wavfiles\WAVfiles\210826\20210826_193616.wav,3/23/23 13:16,HMS,Croak,8/26/2021 21:01:34.1,8/26/2021 21:01:34.7,1,NA,NA,NA,NA,NA,NA,NA,NA,2021-08-26,27.79205,-175.819217,Night
C:\Users\mmrph\Desktop\author's Interns\PHR_wavfiles\WAVfiles\210826\20210826_193616.wav,3/23/23 13:16,HMS,Croak,8/26/2021 21:01:36.5,8/26/2021 21:01:37.1,1,NA,NA,NA,NA,NA,NA,NA,NA,2021-08-26,27.79205,-175.819217,Night
C:\Users\mmrph\Desktop\author's Interns\PHR_wavfiles\WAVfiles\210826\20210826_193616.wav,3/23/23 13:16,HMS,Growl,8/26/2021 21:01:38.1,8/26/2021 21:01:41.3,1,NA,NA,NA,NA,NA,NA,NA,NA,2021-08-26,27.79205,-175.819217,Night
C:\Users\mmrph\Desktop\author's Interns\PHR_wavfiles\WAVfiles\210826\20210826_193616.wav,3/23/23 13:16,HMS,Growl,8/26/2021 21:01:48.1,8/26/2021 21:01:53.3,1,NA,NA,NA,NA,NA,NA,NA,NA,2021-08-26,27.79205,-175.819217,Night
C:\Users\mmrph\Desktop\author's Interns\PHR_wavfiles\WAVfiles\210826\20210826_193616.wav,3/23/23 13:17,HMS,Growl,8/26/2021 21:04:00.6,8/26/2021 21:04:03.2,1,NA,NA,NA,NA,NA,NA,NA,NA,2021-08-26,27.79205,-175.819217,Night
C:\Users\mmrph\Desktop\author's Interns\PHR_wavfiles\WAVfiles\210826\20210826_193616.wav,3/23/23 13:17,HMS,Growl,8/26/2021 21:04:08.2,8/26/2021 21:04:11.6,1,NA,NA,NA,NA,NA,NA,NA,NA,2021-08-26,27.79205,-175.819217,Night
C:\Users\mmrph\Desktop\author's Interns\PHR_wavfiles\WAVfiles\210826\20210826_193616.wav,3/23/23 13:17,HMS,Croak,8/26/2021 21:04:20.5,8/26/2021 21:04:20.9,1,NA,NA,NA,NA,NA,NA,NA,NA,2021-08-26,27.79205,-175.819217,Night
C:\Users\mmrph\Desktop\author's Interns\PHR_wavfiles\WAVfiles\210826\20210826_193616.wav,3/23/23 13:17,HMS,Growl,8/26/2021 21:04:21.5,8/26/2021 21:04:27.0,1,NA,NA,NA,NA,NA,NA,NA,NA,2021-08-26,27.79205,-175.819217,Night
C:\Users\mmrph\Desktop\author's Interns\PHR_wavfiles\WAVfiles\210826\20210826_193616.wav,3/23/23 13:17,HMS,Growl,8/26/2021 21:04:27.5,8/26/2021 21:04:30.4,1,NA,NA,NA,NA,NA,NA,NA,NA,2021-08-26,27.79205,-175.819217,Night
C:\Users\mmrph\Desktop\author's Interns\PHR_wavfiles\WAVfiles\210828\20210827_223609.wav,3/23/23 13:50,HMS,Growl,8/28/2021 1:03:12.0,8/28/2021 1:03:15.8,1,NA,NA,NA,NA,NA,NA,NA,NA,2021-08-28,27.79205,-175.819217,Night
C:\Users\mmrph\Desktop\author's Interns\PHR_wavfiles\WAVfiles\210828\20210827_223609.wav,3/23/23 13:50,HMS,Growl,8/28/2021 1:03:16.9,8/28/2021 1:03:20.9,1,NA,NA,NA,NA,NA,NA,NA,NA,2021-08-28,27.79205,-175.819217,Night
C:\Users\mmrph\Desktop\author's Interns\PHR_wavfiles\WAVfiles\210828\20210827_223609.wav,3/23/23 13:51,HMS,Growl,8/28/2021 1:03:29.1,8/28/2021 1:03:30.4,1,NA,NA,NA,NA,NA,NA,NA,NA,2021-08-28,27.79205,-175.819217,Night
C:\Users\mmrph\Desktop\author's Interns\PHR_wavfiles\WAVfiles\210828\20210827_223609.wav,3/23/23 13:51,HMS,Croak,8/28/2021 1:03:40.0,8/28/2021 1:03:40.3,1,NA,NA,NA,NA,NA,NA,NA,NA,2021-08-28,27.79205,-175.819217,Night
C:\Users\mmrph\Desktop\author's Interns\PHR_wavfiles\WAVfiles\210828\20210827_223609.wav,3/23/23 13:52,HMS,Growl,8/28/2021 1:03:41.1,8/28/2021 1:03:44.7,1,NA,NA,NA,NA,NA,NA,NA,NA,2021-08-28,27.79205,-175.819217,Night
C:\Users\mmrph\Desktop\author's Interns\PHR_wavfiles\WAVfiles\210828\20210828_013609.wav,3/23/23 13:52,HMS,Growl,8/28/2021 1:59:59.6,8/28/2021 2:00:03.3,1,NA,NA,NA,NA,NA,NA,NA,NA,2021-08-28,27.79205,-175.819217,Night
C:\Users\mmrph\Desktop\author's Interns\PHR_wavfiles\WAVfiles\210828\20210828_013609.wav,3/23/23 13:54,HMS,Growl,8/28/2021 2:02:48.1,8/28/2021 2:02:55.4,2,NA,NA,NA,NA,NA,NA,NA,NA,2021-08-28,27.79205,-175.819217,Night
C:\Users\mmrph\Desktop\author's Interns\PHR_wavfiles\WAVfiles\210828\20210828_013609.wav,3/23/23 13:54,HMS,Croak,8/28/2021 2:02:55.7,8/28/2021 2:02:55.9,2,NA,NA,NA,NA,NA,NA,NA,NA,2021-08-28,27.79205,-175.819217,Night
C:\Users\mmrph\Desktop\author's Interns\PHR_wavfiles\WAVfiles\210828\20210828_013609.wav,3/23/23 13:55,HMS,Croak,8/28/2021 2:02:57.7,8/28/2021 2:02:58.0,2,NA,NA,NA,NA,NA,NA,NA,NA,2021-08-28,27.79205,-175.819217,Night
C:\Users\mmrph\Desktop\author's Interns\PHR_wavfiles\WAVfiles\210828\20210828_013609.wav,3/23/23 13:55,HMS,Growl,8/28/2021 2:02:59.1,8/28/2021 2:03:01.6,2,NA,NA,NA,NA,NA,NA,NA,NA,2021-08-28,27.79205,-175.819217,Night
C:\Users\mmrph\Desktop\author's Interns\PHR_wavfiles\WAVfiles\210828\20210828_013609.wav,3/23/23 13:57,HMS,Whoop,8/28/2021 2:03:01.8,8/28/2021 2:03:02.5,1,4,NA,NA,NA,NA,NA,NA,NA,2021-08-28,27.79205,-175.819217,Night
C:\Users\mmrph\Desktop\author's Interns\PHR_wavfiles\WAVfiles\210828\20210828_013609.wav,3/23/23 13:57,HMS,Croak,8/28/2021 2:03:06.4,8/28/2021 2:03:06.9,2,NA,NA,NA,NA,NA,NA,NA,NA,2021-08-28,27.79205,-175.819217,Night
C:\Users\mmrph\Desktop\author's Interns\PHR_wavfiles\WAVfiles\210828\20210828_013609.wav,3/23/23 13:57,HMS,Croak,8/28/2021 2:03:07.5,8/28/2021 2:03:08.0,2,NA,NA,NA,NA,NA,NA,NA,NA,2021-08-28,27.79205,-175.819217,Night
C:\Users\mmrph\Desktop\author's Interns\PHR_wavfiles\WAVfiles\210828\20210828_013609.wav,3/23/23 13:57,HMS,Whoop,8/28/2021 2:03:12.2,8/28/2021 2:03:12.4,1,1,NA,NA,NA,NA,NA,NA,NA,2021-08-28,27.79205,-175.819217,Night
C:\Users\mmrph\Desktop\author's Interns\PHR_wavfiles\WAVfiles\210828\20210828_013609.wav,3/23/23 13:57,HMS,Croak,8/28/2021 2:03:12.9,8/28/2021 2:03:13.4,2,NA,NA,NA,NA,NA,NA,NA,NA,2021-08-28,27.79205,-175.819217,Night
C:\Users\mmrph\Desktop\author's Interns\PHR_wavfiles\WAVfiles\210828\20210828_013609.wav,3/23/23 13:58,HMS,Growl,8/28/2021 2:03:13.9,8/28/2021 2:03:17.1,2,NA,NA,NA,NA,NA,NA,NA,NA,2021-08-28,27.79205,-175.819217,Night
C:\Users\mmrph\Desktop\author's Interns\PHR_wavfiles\WAVfiles\210828\20210828_013609.wav,3/23/23 13:58,HMS,Growl,8/28/2021 2:03:18.0,8/28/2021 2:03:21.1,2,NA,NA,NA,NA,NA,NA,NA,NA,2021-08-28,27.79205,-175.819217,Night
C:\Users\mmrph\Desktop\author's Interns\PHR_wavfiles\WAVfiles\210828\20210828_013609.wav,3/23/23 13:58,HMS,Croak,8/28/2021 2:03:23.2,8/28/2021 2:03:23.5,2,NA,NA,NA,NA,NA,NA,NA,NA,2021-08-28,27.79205,-175.819217,Night
C:\Users\mmrph\Desktop\author's Interns\PHR_wavfiles\WAVfiles\210828\20210828_013609.wav,3/23/23 13:58,HMS,Croak,8/28/2021 2:03:29.3,8/28/2021 2:03:29.6,1,NA,NA,NA,NA,NA,NA,NA,NA,2021-08-28,27.79205,-175.819217,Night
C:\Users\mmrph\Desktop\author's Interns\PHR_wavfiles\WAVfiles\210828\20210828_013609.wav,3/23/23 14:33,HMS,Growl,8/28/2021 2:03:30.1,8/28/2021 2:03:33.6,2,NA,NA,NA,NA,NA,NA,NA,NA,2021-08-28,27.79205,-175.819217,Night
C:\Users\mmrph\Desktop\author's Interns\PHR_wavfiles\WAVfiles\210828\20210828_013609.wav,3/23/23 14:34,HMS,Whoop,8/28/2021 2:03:36.4,8/28/2021 2:03:36.6,1,1,NA,NA,NA,NA,NA,NA,NA,2021-08-28,27.79205,-175.819217,Night
G:\2021\5643\20210828_013609.wav,11/13/23 13:04,HMS,Growl,8/28/2021 3:00:47.6,8/28/2021 3:00:49.7,1,NA,NA,NA,NA,NA,NA,NA,NA,2021-08-28,27.79205,-175.819217,Night
G:\2021\5643\20210828_013609.wav,11/13/23 13:04,HMS,Croak,8/28/2021 3:00:50.1,8/28/2021 3:00:50.6,1,NA,NA,NA,NA,NA,NA,NA,NA,2021-08-28,27.79205,-175.819217,Night
G:\2021\5643\20210828_013609.wav,11/13/23 13:04,HMS,Growl,8/28/2021 3:00:52.6,8/28/2021 3:00:56.0,2,NA,NA,NA,NA,NA,NA,NA,NA,2021-08-28,27.79205,-175.819217,Night
G:\2021\5643\20210828_013609.wav,11/13/23 13:05,HMS,Whoop,8/28/2021 3:00:56.1,8/28/2021 3:00:56.5,1,2,NA,NA,NA,NA,NA,NA,NA,2021-08-28,27.79205,-175.819217,Night
G:\2021\5643\20210828_013609.wav,11/13/23 13:05,HMS,Croak,8/28/2021 3:00:58.3,8/28/2021 3:00:58.7,1,NA,NA,NA,NA,NA,NA,NA,NA,2021-08-28,27.79205,-175.819217,Night
G:\2021\5643\20210828_013609.wav,11/13/23 13:05,HMS,Croak,8/28/2021 3:01:03.2,8/28/2021 3:01:03.7,2,NA,NA,NA,NA,NA,NA,NA,NA,2021-08-28,27.79205,-175.819217,Night
G:\2021\5643\20210828_013609.wav,11/13/23 13:05,HMS,Growl,8/28/2021 3:01:04.4,8/28/2021 3:01:08.2,2,NA,NA,NA,NA,NA,NA,NA,NA,2021-08-28,27.79205,-175.819217,Night
G:\2021\5643\20210828_013609.wav,11/13/23 13:05,HMS,Growl,8/28/2021 3:01:09.3,8/28/2021 3:01:12.5,2,NA,NA,NA,NA,NA,NA,NA,NA,2021-08-28,27.79205,-175.819217,Night
G:\2021\5643\20210828_013609.wav,11/13/23 13:05,HMS,Whoop,8/28/2021 3:01:14.3,8/28/2021 3:01:14.9,1,2,NA,NA,NA,NA,NA,NA,NA,2021-08-28,27.79205,-175.819217,Night
G:\2021\5643\20210828_013609.wav,11/13/23 13:05,HMS,Growl,8/28/2021 3:01:19.1,8/28/2021 3:01:24.2,1,NA,NA,NA,NA,NA,NA,NA,NA,2021-08-28,27.79205,-175.819217,Night
G:\2021\5643\20210828_013609.wav,11/13/23 13:05,HMS,Growl,8/28/2021 3:01:25.1,8/28/2021 3:01:28.4,1,NA,NA,NA,NA,NA,NA,NA,NA,2021-08-28,27.79205,-175.819217,Night
G:\2021\5643\20210828_013609.wav,11/13/23 13:06,HMS,Growl,8/28/2021 3:03:00.9,8/28/2021 3:03:09.0,2,NA,NA,NA,NA,NA,NA,NA,NA,2021-08-28,27.79205,-175.819217,Night
G:\2021\5643\20210828_013609.wav,11/13/23 13:06,HMS,Croak,8/28/2021 3:03:12.1,8/28/2021 3:03:12.5,1,NA,NA,NA,NA,NA,NA,NA,NA,2021-08-28,27.79205,-175.819217,Night
G:\2021\5643\20210828_013609.wav,11/13/23 13:06,HMS,Growl,8/28/2021 3:03:14.0,8/28/2021 3:03:16.9,3,NA,NA,NA,NA,NA,NA,NA,NA,2021-08-28,27.79205,-175.819217,Night
G:\2021\5643\20210828_013609.wav,11/13/23 13:06,HMS,Croak,8/28/2021 3:03:18.4,8/28/2021 3:03:18.7,2,NA,NA,NA,NA,NA,NA,NA,NA,2021-08-28,27.79205,-175.819217,Night
G:\2021\5643\20210828_013609.wav,11/13/23 13:06,HMS,Croak,8/28/2021 3:03:23.4,8/28/2021 3:03:24.0,2,NA,NA,NA,NA,NA,NA,NA,NA,2021-08-28,27.79205,-175.819217,Night
G:\2021\5643\20210828_013609.wav,11/13/23 13:06,HMS,Whoop,8/28/2021 3:03:25.1,8/28/2021 3:03:25.8,1,3,NA,NA,NA,NA,NA,NA,NA,2021-08-28,27.79205,-175.819217,Night
G:\2021\5643\20210828_013609.wav,11/13/23 13:06,HMS,Croak,8/28/2021 3:03:26.0,8/28/2021 3:03:26.4,2,NA,NA,NA,NA,NA,NA,NA,NA,2021-08-28,27.79205,-175.819217,Night
G:\2021\5643\20210828_013609.wav,11/13/23 13:07,HMS,Growl,8/28/2021 3:03:27.3,8/28/2021 3:03:30.6,2,NA,NA,NA,NA,NA,NA,NA,NA,2021-08-28,27.79205,-175.819217,Night
G:\2021\5643\20210828_013609.wav,11/13/23 13:07,HMS,Whoop,8/28/2021 3:03:32.7,8/28/2021 3:03:33.3,1,3,NA,NA,NA,NA,NA,NA,NA,2021-08-28,27.79205,-175.819217,Night
G:\2021\5643\20210828_013609.wav,11/13/23 13:07,HMS,Growl,8/28/2021 3:04:35.0,8/28/2021 3:04:39.2,1,NA,NA,NA,NA,NA,NA,NA,NA,2021-08-28,27.79205,-175.819217,Night
G:\2021\5643\20210828_013609.wav,11/13/23 13:07,HMS,Growl,8/28/2021 3:04:40.6,8/28/2021 3:04:41.9,1,NA,NA,NA,NA,NA,NA,NA,NA,2021-08-28,27.79205,-175.819217,Night
G:\2021\5643\20210828_013609.wav,11/13/23 13:07,HMS,Whoop,8/28/2021 3:04:42.9,8/28/2021 3:04:43.1,1,1,NA,NA,NA,NA,NA,NA,NA,2021-08-28,27.79205,-175.819217,Night
G:\2021\5643\20210828_013609.wav,11/13/23 13:07,HMS,Growl,8/28/2021 3:04:49.2,8/28/2021 3:04:53.7,2,NA,NA,NA,NA,NA,NA,NA,NA,2021-08-28,27.79205,-175.819217,Night
G:\2021\5643\20210828_013609.wav,11/13/23 13:08,HMS,Whoop,8/28/2021 3:04:56.2,8/28/2021 3:04:56.7,2,2,NA,NA,NA,NA,NA,NA,NA,2021-08-28,27.79205,-175.819217,Night
G:\2021\5643\20210828_013609.wav,11/13/23 13:08,HMS,Croak,8/28/2021 3:04:57.3,8/28/2021 3:04:57.7,2,NA,NA,NA,NA,NA,NA,NA,NA,2021-08-28,27.79205,-175.819217,Night
G:\2021\5643\20210828_013609.wav,11/13/23 13:08,HMS,Growl,8/28/2021 3:04:58.4,8/28/2021 3:05:02.1,2,NA,NA,NA,NA,NA,NA,NA,NA,2021-08-28,27.79205,-175.819217,Night
G:\2021\5643\20210828_013609.wav,11/13/23 13:10,HMS,Growl,8/28/2021 4:00:35.0,8/28/2021 4:00:37.1,1,NA,NA,NA,NA,NA,NA,NA,NA,2021-08-28,27.79205,-175.819217,Night
G:\2021\5643\20210828_013609.wav,11/13/23 13:10,HMS,Croak,8/28/2021 4:00:37.8,8/28/2021 4:00:38.2,1,NA,NA,NA,NA,NA,NA,NA,NA,2021-08-28,27.79205,-175.819217,Night
G:\2021\5643\20210828_013609.wav,11/13/23 13:10,HMS,Growl,8/28/2021 4:00:41.2,8/28/2021 4:00:44.4,1,NA,NA,NA,NA,NA,NA,NA,NA,2021-08-28,27.79205,-175.819217,Night
G:\2021\5643\20210828_013609.wav,11/13/23 13:10,HMS,Whoop,8/28/2021 4:00:47.0,8/28/2021 4:00:47.3,1,1,NA,NA,NA,NA,NA,NA,NA,2021-08-28,27.79205,-175.819217,Night
G:\2021\5643\20210828_013609.wav,11/13/23 13:11,HMS,Croak,8/28/2021 4:00:49.2,8/28/2021 4:00:49.9,1,NA,NA,NA,NA,NA,NA,NA,NA,2021-08-28,27.79205,-175.819217,Night
G:\2021\5643\20210828_013609.wav,11/13/23 13:11,HMS,Croak,8/28/2021 4:00:50.3,8/28/2021 4:00:50.7,1,NA,NA,NA,NA,NA,NA,NA,NA,2021-08-28,27.79205,-175.819217,Night
G:\2021\5643\20210828_013609.wav,11/13/23 13:11,HMS,Growl,8/28/2021 4:00:53.0,8/28/2021 4:00:58.0,1,NA,NA,NA,NA,NA,NA,NA,NA,2021-08-28,27.79205,-175.819217,Night
G:\2021\5643\20210828_013609.wav,11/13/23 13:11,HMS,Growl,8/28/2021 4:01:00.1,8/28/2021 4:01:03.3,1,NA,NA,NA,NA,NA,NA,NA,NA,2021-08-28,27.79205,-175.819217,Night
G:\2021\5643\20210828_013609.wav,11/13/23 13:11,HMS,MoanGrowl,8/28/2021 4:01:11.3,8/28/2021 4:01:15.5,1,NA,NA,NA,NA,NA,NA,NA,NA,2021-08-28,27.79205,-175.819217,Night
G:\2021\5643\20210828_013609.wav,11/13/23 13:11,HMS,Growl,8/28/2021 4:02:26.5,8/28/2021 4:02:28.0,1,NA,NA,NA,NA,NA,NA,NA,NA,2021-08-28,27.79205,-175.819217,Night
G:\2021\5643\20210828_013609.wav,11/13/23 13:11,HMS,Croak,8/28/2021 4:02:28.6,8/28/2021 4:02:29.1,1,NA,NA,NA,NA,NA,NA,NA,NA,2021-08-28,27.79205,-175.819217,Night
G:\2021\5643\20210828_013609.wav,11/13/23 13:12,HMS,Growl,8/28/2021 4:02:31.5,8/28/2021 4:02:34.6,1,NA,NA,NA,NA,NA,NA,NA,NA,2021-08-28,27.79205,-175.819217,Night
G:\2021\5643\20210828_013609.wav,11/13/23 13:12,HMS,Croak,8/28/2021 4:02:41.7,8/28/2021 4:02:42.1,1,NA,NA,NA,NA,NA,NA,NA,NA,2021-08-28,27.79205,-175.819217,Night
G:\2021\5643\20210828_013609.wav,11/13/23 13:12,HMS,Growl,8/28/2021 4:02:43.0,8/28/2021 4:02:46.5,1,NA,NA,NA,NA,NA,NA,NA,NA,2021-08-28,27.79205,-175.819217,Night
G:\2021\5643\20210828_013609.wav,11/13/23 13:12,HMS,Growl,8/28/2021 4:02:47.8,8/28/2021 4:02:51.5,1,NA,NA,NA,NA,NA,NA,NA,NA,2021-08-28,27.79205,-175.819217,Night
G:\2021\5643\20210828_013609.wav,11/13/23 13:12,HMS,Moan,8/28/2021 4:03:01.8,8/28/2021 4:03:03.2,1,NA,NA,NA,NA,NA,NA,NA,NA,2021-08-28,27.79205,-175.819217,Night
G:\2021\5643\20210828_013609.wav,11/13/23 13:12,HMS,MoanGrowl,8/28/2021 4:03:03.7,8/28/2021 4:03:08.1,1,NA,NA,NA,NA,NA,NA,NA,NA,2021-08-28,27.79205,-175.819217,Night
G:\2021\5643\20210828_013609.wav,11/13/23 13:13,HMS,Whoop,8/28/2021 4:03:08.5,8/28/2021 4:03:08.8,1,1,NA,NA,NA,NA,NA,NA,NA,2021-08-28,27.79205,-175.819217,Night
G:\2021\5643\20210828_013609.wav,11/13/23 13:13,HMS,Croak,8/28/2021 4:03:10.7,8/28/2021 4:03:11.1,1,NA,NA,NA,NA,NA,NA,NA,NA,2021-08-28,27.79205,-175.819217,Night
G:\2021\5643\20210828_013609.wav,11/13/23 13:13,HMS,Growl,8/28/2021 4:04:23.6,8/28/2021 4:04:26.3,1,NA,NA,NA,NA,NA,NA,NA,NA,2021-08-28,27.79205,-175.819217,Night
G:\2021\5643\20210828_013609.wav,11/13/23 13:13,HMS,Croak,8/28/2021 4:04:26.8,8/28/2021 4:04:27.5,1,NA,NA,NA,NA,NA,NA,NA,NA,2021-08-28,27.79205,-175.819217,Night
G:\2021\5643\20210828_013609.wav,11/13/23 13:14,HMS,Growl,8/28/2021 4:04:28.1,8/28/2021 4:04:32.4,1,NA,NA,NA,NA,NA,NA,NA,NA,2021-08-28,27.79205,-175.819217,Night
G:\2021\5643\20210828_013609.wav,11/13/23 13:20,HMS,Whoop,8/28/2021 4:04:35.0,8/28/2021 4:04:35.5,1,2,NA,NA,NA,NA,NA,NA,NA,2021-08-28,27.79205,-175.819217,Night
G:\2021\5643\20210828_013609.wav,11/13/23 13:20,HMS,Croak,8/28/2021 4:04:35.7,8/28/2021 4:04:36.1,1,NA,NA,NA,NA,NA,NA,NA,NA,2021-08-28,27.79205,-175.819217,Night
G:\2021\5643\20210828_013609.wav,11/13/23 13:21,HMS,Growl,8/28/2021 4:04:37.0,8/28/2021 4:04:40.4,1,NA,NA,NA,NA,NA,NA,NA,NA,2021-08-28,27.79205,-175.819217,Night
G:\2021\5643\20210828_013609.wav,11/13/23 13:21,HMS,Whoop,8/28/2021 4:04:44.7,8/28/2021 4:04:45.1,1,1,NA,NA,NA,NA,NA,NA,NA,2021-08-28,27.79205,-175.819217,Night
G:\2021\5643\20210828_013609.wav,11/13/23 13:21,HMS,MoanGrowl,8/28/2021 4:04:45.7,8/28/2021 4:04:49.1,1,NA,NA,NA,NA,NA,NA,NA,NA,2021-08-28,27.79205,-175.819217,Night
G:\2021\5643\20210828_013609.wav,11/13/23 13:21,HMS,Whoop,8/28/2021 4:04:49.2,8/28/2021 4:04:49.9,1,3,NA,NA,NA,NA,NA,NA,NA,2021-08-28,27.79205,-175.819217,Night
G:\2021\5643\20210828_013609.wav,11/13/23 13:22,HMS,Whoop,8/28/2021 4:04:53.3,8/28/2021 4:04:54.1,1,5,NA,NA,NA,NA,NA,NA,NA,2021-08-28,27.79205,-175.819217,Night
G:\2021\5643\20210828_013609.wav,11/13/23 13:22,HMS,MoanGrowl,8/28/2021 4:04:55.3,8/28/2021 4:04:57.8,1,NA,NA,NA,NA,NA,NA,NA,NA,2021-08-28,27.79205,-175.819217,Night
G:\2021\5643\20210828_013609.wav,11/13/23 13:23,HMS,Whoop,8/28/2021 4:04:58.0,8/28/2021 4:04:59.1,1,6,NA,NA,NA,NA,NA,NA,NA,2021-08-28,27.79205,-175.819217,Night
G:\2021\5643\20210828_043608.wav,11/13/23 13:24,HMS,Growl,8/28/2021 5:00:03.6,8/28/2021 5:00:06.7,1,NA,NA,NA,NA,NA,NA,NA,NA,2021-08-28,27.79205,-175.819217,Night
G:\2021\5643\20210828_043608.wav,11/13/23 13:24,HMS,MoanGrowl,8/28/2021 5:00:10.4,8/28/2021 5:00:12.6,1,NA,NA,NA,NA,NA,NA,NA,NA,2021-08-28,27.79205,-175.819217,Night
G:\2021\5643\20210828_043608.wav,11/13/23 13:24,HMS,Moan,8/28/2021 5:00:17.2,8/28/2021 5:00:17.8,1,NA,NA,NA,NA,NA,NA,NA,NA,2021-08-28,27.79205,-175.819217,Night
G:\2021\5643\20210828_043608.wav,11/13/23 13:24,HMS,Growl,8/28/2021 5:00:18.0,8/28/2021 5:00:21.0,1,NA,NA,NA,NA,NA,NA,NA,NA,2021-08-28,27.79205,-175.819217,Night
G:\2021\5643\20210828_043608.wav,11/13/23 13:25,HMS,Growl,8/28/2021 5:01:48.7,8/28/2021 5:01:54.1,1,NA,NA,NA,NA,NA,NA,NA,NA,2021-08-28,27.79205,-175.819217,Night
G:\2021\5643\20210828_043608.wav,11/13/23 13:25,HMS,Croak,8/28/2021 5:01:57.4,8/28/2021 5:01:57.8,1,NA,NA,NA,NA,NA,NA,NA,NA,2021-08-28,27.79205,-175.819217,Night
G:\2021\5643\20210828_043608.wav,11/13/23 13:25,HMS,Whoop,8/28/2021 5:01:58.4,8/28/2021 5:01:59.4,1,4,NA,NA,NA,NA,NA,NA,NA,2021-08-28,27.79205,-175.819217,Night
G:\2021\5643\20210828_043608.wav,11/13/23 13:25,HMS,Croak,8/28/2021 5:01:59.6,8/28/2021 5:02:00.1,1,NA,NA,NA,NA,NA,NA,NA,NA,2021-08-28,27.79205,-175.819217,Night
G:\2021\5643\20210828_043608.wav,11/13/23 13:27,HMS,Whoop,8/28/2021 5:02:04.2,8/28/2021 5:02:05.2,1,4,NA,NA,NA,NA,NA,NA,NA,2021-08-28,27.79205,-175.819217,Night
G:\2021\5643\20210828_043608.wav,11/13/23 13:27,HMS,Whoop,8/28/2021 5:02:06.0,8/28/2021 5:02:06.8,1,5,NA,NA,NA,NA,NA,NA,NA,2021-08-28,27.79205,-175.819217,Night
G:\2021\5643\20210828_043608.wav,11/13/23 13:28,HMS,Whoop,8/28/2021 5:02:07.4,8/28/2021 5:02:08.5,1,6,NA,NA,NA,NA,overlapping with unknown call,NA,NA,2021-08-28,27.79205,-175.819217,Night
G:\2021\5643\20210828_043608.wav,11/13/23 13:28,HMS,Croak,8/28/2021 5:02:12.1,8/28/2021 5:02:12.5,1,NA,NA,NA,NA,NA,NA,NA,NA,2021-08-28,27.79205,-175.819217,Night
G:\2021\5643\20210828_043608.wav,11/13/23 13:29,HMS,Growl,8/28/2021 5:02:12.6,8/28/2021 5:02:13.5,1,NA,NA,NA,NA,NA,NA,NA,NA,2021-08-28,27.79205,-175.819217,Night
G:\2021\5643\20210828_043608.wav,11/13/23 13:29,HMS,Whoop,8/28/2021 5:02:13.5,8/28/2021 5:02:13.8,1,1,NA,NA,NA,NA,NA,NA,NA,2021-08-28,27.79205,-175.819217,Night
G:\2021\5643\20210828_043608.wav,11/13/23 13:29,HMS,Growl,8/28/2021 5:02:15.3,8/28/2021 5:02:18.5,1,NA,NA,NA,NA,NA,NA,NA,NA,2021-08-28,27.79205,-175.819217,Night
G:\2021\5643\20210828_043608.wav,11/13/23 13:30,HMS,Whoop,8/28/2021 5:02:19.1,8/28/2021 5:02:19.3,1,1,NA,NA,NA,NA,NA,NA,NA,2021-08-28,27.79205,-175.819217,Night
G:\2021\5643\20210828_043608.wav,11/13/23 13:30,HMS,Whoop,8/28/2021 5:02:19.9,8/28/2021 5:02:20.6,1,5,NA,NA,NA,NA,NA,NA,NA,2021-08-28,27.79205,-175.819217,Night
G:\2021\5643\20210828_043608.wav,11/13/23 13:30,HMS,Croak,8/28/2021 5:02:21.9,8/28/2021 5:02:22.3,1,NA,NA,NA,NA,NA,NA,NA,NA,2021-08-28,27.79205,-175.819217,Night
G:\2021\5643\20210828_043608.wav,11/13/23 13:31,HMS,Whoop,8/28/2021 5:02:24.2,8/28/2021 5:02:24.5,1,1,NA,NA,NA,NA,NA,NA,NA,2021-08-28,27.79205,-175.819217,Night
G:\2021\5643\20210828_043608.wav,11/13/23 13:31,HMS,Growl,8/28/2021 5:02:26.3,8/28/2021 5:02:30.9,1,NA,NA,NA,NA,NA,NA,NA,NA,2021-08-28,27.79205,-175.819217,Night
G:\2021\5643\20210828_043608.wav,11/13/23 13:31,HMS,Growl,8/28/2021 5:03:46.6,8/28/2021 5:03:47.7,1,NA,NA,NA,NA,NA,NA,NA,NA,2021-08-28,27.79205,-175.819217,Night
G:\2021\5643\20210828_043608.wav,11/13/23 13:32,HMS,Croak,8/28/2021 5:03:48.4,8/28/2021 5:03:48.8,1,NA,NA,NA,NA,NA,NA,NA,NA,2021-08-28,27.79205,-175.819217,Night
G:\2021\5643\20210828_043608.wav,11/13/23 13:32,HMS,Growl,8/28/2021 5:03:50.5,8/28/2021 5:03:53.6,1,NA,NA,NA,NA,NA,NA,NA,NA,2021-08-28,27.79205,-175.819217,Night
G:\2021\5643\20210828_043608.wav,11/13/23 13:32,HMS,Growl,8/28/2021 5:04:00.1,8/28/2021 5:04:03.9,1,NA,NA,NA,NA,NA,NA,NA,NA,2021-08-28,27.79205,-175.819217,Night
G:\2021\5643\20210828_043608.wav,11/13/23 13:33,HMS,Growl,8/28/2021 5:04:17.8,8/28/2021 5:04:23.4,1,NA,NA,NA,NA,NA,NA,NA,NA,2021-08-28,27.79205,-175.819217,Night
G:\2021\5643\20210828_043608.wav,11/13/23 13:33,HMS,Croak,8/28/2021 5:04:26.1,8/28/2021 5:04:26.4,1,NA,NA,NA,NA,NA,NA,NA,NA,2021-08-28,27.79205,-175.819217,Night
G:\2021\5643\20210828_043608.wav,11/13/23 13:33,HMS,Growl,8/28/2021 5:04:27.2,8/28/2021 5:04:30.2,1,NA,NA,NA,NA,NA,NA,NA,NA,2021-08-28,27.79205,-175.819217,Night
G:\2021\5643\20210828_043608.wav,11/13/23 13:33,HMS,Growl,8/28/2021 5:04:35.1,8/28/2021 5:04:36.9,1,NA,NA,NA,NA,NA,NA,NA,NA,2021-08-28,27.79205,-175.819217,Night
G:\2021\5643\20210828_043608.wav,11/13/23 13:33,HMS,Croak,8/28/2021 5:04:38.1,8/28/2021 5:04:38.5,1,NA,NA,NA,NA,NA,NA,NA,NA,2021-08-28,27.79205,-175.819217,Night
G:\2021\5643\20210828_043608.wav,11/13/23 13:33,HMS,Growl,8/28/2021 5:04:39.3,8/28/2021 5:04:42.7,1,NA,NA,NA,NA,NA,NA,NA,NA,2021-08-28,27.79205,-175.819217,Night
G:\2021\5643\20210828_043608.wav,11/13/23 13:33,HMS,MoanGrowl,8/28/2021 5:04:49.2,8/28/2021 5:04:53.8,1,NA,NA,NA,NA,NA,NA,NA,NA,2021-08-28,27.79205,-175.819217,Night
G:\2021\5643\20210828_043608.wav,11/13/23 13:34,HMS,Whoop,8/28/2021 5:04:54.9,8/28/2021 5:04:55.1,1,1,NA,NA,NA,NA,NA,NA,NA,2021-08-28,27.79205,-175.819217,Night
G:\2021\5643\20210828_043608.wav,11/13/23 13:34,HMS,Moan,8/28/2021 5:04:56.7,8/28/2021 5:04:58.5,1,NA,NA,NA,NA,NA,NA,NA,NA,2021-08-28,27.79205,-175.819217,Night
G:\2021\5643\20210828_043608.wav,11/13/23 13:34,HMS,MoanGrowl,8/28/2021 5:04:58.6,8/28/2021 5:05:03.6,1,NA,NA,NA,NA,NA,NA,NA,NA,2021-08-28,27.79205,-175.819217,Night
G:\2021\5643\20210828_043608.wav,11/13/23 13:35,HMS,Growl,8/28/2021 6:00:03.4,8/28/2021 6:00:07.1,1,NA,NA,NA,NA,NA,NA,NA,NA,2021-08-28,27.79205,-175.819217,Night
G:\2021\5643\20210828_043608.wav,11/13/23 13:35,HMS,Growl,8/28/2021 6:01:22.0,8/28/2021 6:01:27.8,1,NA,NA,NA,NA,NA,NA,NA,NA,2021-08-28,27.79205,-175.819217,Night
G:\2021\5643\20210828_043608.wav,11/13/23 13:35,HMS,Croak,8/28/2021 6:01:28.2,8/28/2021 6:01:28.6,1,NA,NA,NA,NA,NA,NA,NA,NA,2021-08-28,27.79205,-175.819217,Night
G:\2021\5643\20210828_043608.wav,11/13/23 13:35,HMS,Growl,8/28/2021 6:01:32.8,8/28/2021 6:01:36.0,1,NA,NA,NA,NA,NA,NA,NA,NA,2021-08-28,27.79205,-175.819217,Night
G:\2021\5643\20210828_043608.wav,11/13/23 13:35,HMS,MoanBridge,8/28/2021 6:01:43.3,8/28/2021 6:01:45.8,1,NA,NA,NA,NA,NA,NA,NA,NA,2021-08-28,27.79205,-175.819217,Night
G:\2021\5643\20210828_043608.wav,11/13/23 13:36,HMS,Croak,8/28/2021 6:01:52.7,8/28/2021 6:01:53.3,1,NA,NA,NA,NA,NA,NA,NA,NA,2021-08-28,27.79205,-175.819217,Night
G:\2021\5643\20210828_043608.wav,11/13/23 13:36,HMS,Croak,8/28/2021 6:01:53.9,8/28/2021 6:01:54.3,1,NA,NA,NA,NA,NA,NA,NA,NA,2021-08-28,27.79205,-175.819217,Night
G:\2021\5643\20210828_043608.wav,11/13/23 13:36,HMS,Growl,8/28/2021 6:01:57.0,8/28/2021 6:02:00.3,1,NA,NA,NA,NA,NA,NA,NA,NA,2021-08-28,27.79205,-175.819217,Night
G:\2021\5643\20210828_043608.wav,11/13/23 13:36,HMS,Growl,8/28/2021 6:03:10.5,8/28/2021 6:03:17.3,1,NA,NA,NA,NA,NA,NA,NA,NA,2021-08-28,27.79205,-175.819217,Night
G:\2021\5643\20210828_043608.wav,11/13/23 13:36,HMS,Whoop,8/28/2021 6:03:17.6,8/28/2021 6:03:17.8,1,1,NA,NA,NA,NA,NA,NA,NA,2021-08-28,27.79205,-175.819217,Night
G:\2021\5643\20210828_043608.wav,11/13/23 13:37,HMS,Croak,8/28/2021 6:03:23.8,8/28/2021 6:03:24.3,1,NA,NA,NA,NA,NA,NA,NA,NA,2021-08-28,27.79205,-175.819217,Night
G:\2021\5643\20210828_043608.wav,11/13/23 13:37,HMS,Croak,8/28/2021 6:03:26.1,8/28/2021 6:03:26.5,1,NA,NA,NA,NA,NA,NA,NA,NA,2021-08-28,27.79205,-175.819217,Night
G:\2021\5643\20210828_043608.wav,11/13/23 13:37,HMS,Growl,8/28/2021 6:03:27.2,8/28/2021 6:03:30.2,1,NA,NA,NA,NA,NA,NA,NA,NA,2021-08-28,27.79205,-175.819217,Night
G:\2021\5643\20210828_043608.wav,11/13/23 13:38,HMS,Croak,8/28/2021 6:03:30.8,8/28/2021 6:03:31.1,1,NA,NA,NA,NA,NA,NA,NA,NA,2021-08-28,27.79205,-175.819217,Night
G:\2021\5643\20210828_043608.wav,11/13/23 13:38,HMS,Growl,8/28/2021 6:03:32.6,8/28/2021 6:03:36.7,1,NA,NA,NA,NA,NA,NA,NA,NA,2021-08-28,27.79205,-175.819217,Night
G:\2021\5643\20210828_043608.wav,11/13/23 13:38,HMS,Growl,8/28/2021 6:03:44.3,8/28/2021 6:03:47.9,1,NA,NA,NA,NA,NA,NA,NA,NA,2021-08-28,27.79205,-175.819217,Night
G:\2021\5643\20210828_043608.wav,11/13/23 13:38,HMS,Whoop,8/28/2021 6:03:48.3,8/28/2021 6:03:48.5,1,1,NA,NA,NA,NA,NA,NA,NA,2021-08-28,27.79205,-175.819217,Night
G:\2021\5643\20210828_043608.wav,11/13/23 13:38,HMS,Croak,8/28/2021 7:00:00.2,8/28/2021 7:00:00.6,1,NA,NA,NA,NA,NA,NA,NA,NA,2021-08-28,27.79205,-175.819217,Night
G:\2021\5643\20210828_043608.wav,11/13/23 13:39,HMS,Growl,8/28/2021 7:00:04.3,8/28/2021 7:00:08.3,1,NA,NA,NA,NA,NA,NA,NA,NA,2021-08-28,27.79205,-175.819217,Night
G:\2021\5643\20210828_043608.wav,11/13/23 13:39,HMS,MoanBridgeGrowl,8/28/2021 7:00:15.8,8/28/2021 7:00:20.1,1,NA,NA,NA,NA,NA,NA,NA,NA,2021-08-28,27.79205,-175.819217,Night
G:\2021\5643\20210828_043608.wav,11/13/23 13:39,HMS,Growl,8/28/2021 7:00:57.4,8/28/2021 7:01:01.9,2,NA,NA,NA,NA,NA,NA,NA,NA,2021-08-28,27.79205,-175.819217,Night
G:\2021\5643\20210828_043608.wav,11/13/23 13:39,HMS,Growl,8/28/2021 7:01:03.8,8/28/2021 7:01:05.3,2,NA,NA,NA,NA,NA,NA,NA,NA,2021-08-28,27.79205,-175.819217,Night
G:\2021\5643\20210828_043608.wav,11/13/23 13:40,HMS,Croak,8/28/2021 7:01:06.0,8/28/2021 7:01:06.2,1,NA,NA,NA,NA,NA,NA,NA,NA,2021-08-28,27.79205,-175.819217,Night
G:\2021\5643\20210828_043608.wav,11/13/23 13:40,HMS,Growl,8/28/2021 7:01:11.7,8/28/2021 7:01:16.0,2,NA,NA,NA,NA,NA,NA,NA,NA,2021-08-28,27.79205,-175.819217,Night
G:\2021\5643\20210828_043608.wav,11/13/23 13:40,HMS,Whoop,8/28/2021 7:01:16.3,8/28/2021 7:01:17.2,1,3,NA,NA,NA,NA,NA,NA,NA,2021-08-28,27.79205,-175.819217,Night
G:\2021\5643\20210828_043608.wav,11/13/23 13:41,HMS,Croak,8/28/2021 7:01:17.3,8/28/2021 7:01:17.9,2,NA,NA,NA,NA,NA,NA,NA,NA,2021-08-28,27.79205,-175.819217,Night
G:\2021\5643\20210828_043608.wav,11/13/23 13:41,HMS,Growl,8/28/2021 7:01:18.6,8/28/2021 7:01:24.3,1,NA,NA,NA,NA,NA,NA,NA,NA,2021-08-28,27.79205,-175.819217,Night
G:\2021\5643\20210828_043608.wav,11/13/23 13:41,HMS,Whoop,8/28/2021 7:01:28.2,8/28/2021 7:01:28.9,2,2,NA,NA,NA,NA,NA,NA,NA,2021-08-28,27.79205,-175.819217,Night
G:\2021\5643\20210828_043608.wav,11/13/23 13:41,HMS,Moan,8/28/2021 7:01:30.1,8/28/2021 7:01:30.8,2,NA,NA,NA,NA,NA,NA,NA,NA,2021-08-28,27.79205,-175.819217,Night
G:\2021\5643\20210828_043608.wav,11/13/23 13:41,HMS,MoanGrowlRumbleWhoop,8/28/2021 7:01:31.5,8/28/2021 7:01:36.2,2,NA,NA,NA,NA,NA,NA,NA,NA,2021-08-28,27.79205,-175.819217,Night
G:\2021\5643\20210828_043608.wav,11/13/23 13:42,HMS,Growl,8/28/2021 7:02:52.1,8/28/2021 7:02:53.4,1,NA,NA,NA,NA,NA,NA,NA,NA,2021-08-28,27.79205,-175.819217,Night
G:\2021\5643\20210828_043608.wav,11/13/23 13:42,HMS,Growl,8/28/2021 7:02:53.9,8/28/2021 7:02:54.5,1,NA,NA,NA,NA,NA,NA,NA,NA,2021-08-28,27.79205,-175.819217,Night
G:\2021\5643\20210828_043608.wav,11/13/23 13:42,HMS,Growl,8/28/2021 7:02:56.4,8/28/2021 7:03:00.2,1,NA,NA,NA,NA,NA,NA,NA,NA,2021-08-28,27.79205,-175.819217,Night
G:\2021\5643\20210828_043608.wav,11/13/23 13:42,HMS,Croak,8/28/2021 7:03:02.8,8/28/2021 7:03:03.1,1,NA,NA,NA,NA,NA,NA,NA,NA,2021-08-28,27.79205,-175.819217,Night
G:\2021\5643\20210828_043608.wav,11/13/23 13:43,HMS,Growl,8/28/2021 7:03:03.9,8/28/2021 7:03:07.1,1,NA,NA,NA,NA,NA,NA,NA,NA,2021-08-28,27.79205,-175.819217,Night
G:\2021\5643\20210828_043608.wav,11/13/23 13:43,HMS,Growl,8/28/2021 7:03:52.0,8/28/2021 7:03:55.9,1,NA,NA,NA,NA,NA,NA,NA,NA,2021-08-28,27.79205,-175.819217,Night
G:\2021\5643\20210828_043608.wav,11/13/23 13:43,HMS,Croak,8/28/2021 7:03:56.6,8/28/2021 7:03:57.2,1,NA,NA,NA,NA,NA,NA,NA,NA,2021-08-28,27.79205,-175.819217,Night
G:\2021\5643\20210828_043608.wav,11/13/23 13:43,HMS,Growl,8/28/2021 7:03:59.4,8/28/2021 7:04:02.7,2,NA,NA,NA,NA,NA,NA,NA,NA,2021-08-28,27.79205,-175.819217,Night
G:\2021\5643\20210828_043608.wav,11/13/23 13:43,HMS,Whoop,8/28/2021 7:04:02.8,8/28/2021 7:04:03.2,1,2,NA,NA,NA,NA,NA,NA,NA,2021-08-28,27.79205,-175.819217,Night
G:\2021\5643\20210828_043608.wav,11/13/23 13:44,HMS,Croak,8/28/2021 7:04:06.1,8/28/2021 7:04:06.4,1,NA,NA,NA,NA,NA,NA,NA,NA,2021-08-28,27.79205,-175.819217,Night
G:\2021\5643\20210828_043608.wav,11/13/23 13:44,HMS,Growl,8/28/2021 7:04:08.6,8/28/2021 7:04:12.0,1,NA,NA,NA,NA,NA,NA,NA,NA,2021-08-28,27.79205,-175.819217,Night
G:\2021\5643\20210828_043608.wav,11/13/23 13:45,HMS,Growl,8/28/2021 7:04:14.4,8/28/2021 7:04:15.4,1,NA,NA,NA,NA,NA,NA,NA,NA,2021-08-28,27.79205,-175.819217,Night
G:\2021\5643\20210828_043608.wav,11/13/23 13:45,HMS,Whoop,8/28/2021 7:04:16.8,8/28/2021 7:04:17.0,1,1,NA,NA,NA,NA,NA,NA,NA,2021-08-28,27.79205,-175.819217,Night
G:\2021\5643\20210828_043608.wav,11/13/23 13:45,HMS,Growl,8/28/2021 7:04:25.2,8/28/2021 7:04:26.5,1,NA,NA,NA,NA,NA,NA,NA,NA,2021-08-28,27.79205,-175.819217,Night
G:\2021\5643\20210828_043608.wav,11/13/23 13:45,HMS,Whoop,8/28/2021 7:04:28.1,8/28/2021 7:04:28.3,1,1,NA,NA,NA,NA,NA,NA,NA,2021-08-28,27.79205,-175.819217,Night
G:\2021\5643\20210828_073607.wav,11/13/23 13:46,HMS,Growl,8/28/2021 8:01:14.0,8/28/2021 8:01:19.8,2,NA,NA,NA,NA,NA,NA,NA,NA,2021-08-28,27.79205,-175.819217,Day
G:\2021\5643\20210828_073607.wav,11/13/23 13:46,HMS,Croak,8/28/2021 8:01:20.5,8/28/2021 8:01:20.8,1,NA,NA,NA,NA,NA,NA,NA,NA,2021-08-28,27.79205,-175.819217,Day
G:\2021\5643\20210828_073607.wav,11/13/23 13:47,HMS,Growl,8/28/2021 8:01:22.3,8/28/2021 8:01:26.0,2,NA,NA,NA,NA,NA,NA,NA,NA,2021-08-28,27.79205,-175.819217,Day
G:\2021\5643\20210828_073607.wav,11/13/23 13:47,HMS,Croak,8/28/2021 8:01:27.5,8/28/2021 8:01:28.1,1,NA,NA,NA,NA,NA,NA,NA,NA,2021-08-28,27.79205,-175.819217,Day
G:\2021\5643\20210828_073607.wav,11/13/23 13:47,HMS,Whoop,8/28/2021 8:01:28.5,8/28/2021 8:01:28.6,1,1,NA,NA,NA,NA,NA,NA,NA,2021-08-28,27.79205,-175.819217,Day
G:\2021\5643\20210828_073607.wav,11/13/23 13:48,HMS,Whoop,8/28/2021 8:01:31.8,8/28/2021 8:01:32.6,1,2,NA,NA,NA,NA,NA,NA,NA,2021-08-28,27.79205,-175.819217,Day
G:\2021\5643\20210828_073607.wav,11/13/23 13:48,HMS,Moan,8/28/2021 8:01:33.7,8/28/2021 8:01:34.8,2,NA,NA,NA,NA,NA,NA,NA,NA,2021-08-28,27.79205,-175.819217,Day
G:\2021\5643\20210828_073607.wav,11/13/23 13:48,HMS,MoanGrowl,8/28/2021 8:01:35.0,8/28/2021 8:01:39.6,2,NA,NA,NA,NA,NA,NA,NA,NA,2021-08-28,27.79205,-175.819217,Day
G:\2021\5643\20210828_073607.wav,11/13/23 13:48,HMS,Whoop,8/28/2021 8:01:39.8,8/28/2021 8:01:40.6,1,3,NA,NA,NA,NA,NA,NA,NA,2021-08-28,27.79205,-175.819217,Day
G:\2021\5643\20210828_073607.wav,11/13/23 13:49,HMS,Growl,8/28/2021 8:01:43.3,8/28/2021 8:01:46.6,1,NA,NA,NA,NA,NA,NA,NA,NA,2021-08-28,27.79205,-175.819217,Day
G:\2021\5643\20210828_073607.wav,11/13/23 13:49,HMS,Growl,8/28/2021 8:01:56.9,8/28/2021 8:01:59.4,1,NA,NA,NA,NA,NA,NA,NA,NA,2021-08-28,27.79205,-175.819217,Day
G:\2021\5643\20210828_073607.wav,11/13/23 13:49,HMS,Growl,8/28/2021 8:02:02.6,8/28/2021 8:02:07.1,1,NA,NA,NA,NA,NA,NA,NA,NA,2021-08-28,27.79205,-175.819217,Day
G:\2021\5643\20210828_073607.wav,11/13/23 13:49,HMS,Growl,8/28/2021 8:02:18.5,8/28/2021 8:02:21.0,1,NA,NA,NA,NA,NA,NA,NA,NA,2021-08-28,27.79205,-175.819217,Day
G:\2021\5643\20210828_073607.wav,11/13/23 13:49,HMS,Growl,8/28/2021 8:02:24.1,8/28/2021 8:02:28.0,1,NA,NA,NA,NA,NA,NA,NA,NA,2021-08-28,27.79205,-175.819217,Day
G:\2021\5643\20210828_073607.wav,11/13/23 13:49,HMS,Growl,8/28/2021 8:03:37.4,8/28/2021 8:03:43.1,1,NA,NA,NA,NA,NA,NA,NA,NA,2021-08-28,27.79205,-175.819217,Day
G:\2021\5643\20210828_073607.wav,11/13/23 13:49,HMS,Whoop,8/28/2021 8:03:43.9,8/28/2021 8:03:44.2,1,1,NA,NA,NA,NA,NA,NA,NA,2021-08-28,27.79205,-175.819217,Day
G:\2021\5643\20210828_073607.wav,11/13/23 13:49,HMS,Croak,8/28/2021 8:03:50.4,8/28/2021 8:03:50.7,1,NA,NA,NA,NA,NA,NA,NA,NA,2021-08-28,27.79205,-175.819217,Day
G:\2021\5643\20210828_073607.wav,11/13/23 13:49,HMS,Growl,8/28/2021 8:03:51.5,8/28/2021 8:03:54.7,1,NA,NA,NA,NA,NA,NA,NA,NA,2021-08-28,27.79205,-175.819217,Day
G:\2021\5643\20210828_073607.wav,11/13/23 13:50,HMS,Croak,8/28/2021 8:03:55.3,8/28/2021 8:03:55.8,1,NA,NA,NA,NA,NA,NA,NA,NA,2021-08-28,27.79205,-175.819217,Day
G:\2021\5643\20210828_073607.wav,11/13/23 13:50,HMS,Moan,8/28/2021 8:04:01.2,8/28/2021 8:04:01.8,1,NA,NA,NA,NA,NA,NA,NA,NA,2021-08-28,27.79205,-175.819217,Day
G:\2021\5643\20210828_073607.wav,11/13/23 13:50,HMS,MoanGrowl,8/28/2021 8:04:02.1,8/28/2021 8:04:04.8,1,NA,NA,NA,NA,NA,NA,NA,NA,2021-08-28,27.79205,-175.819217,Day
G:\2021\5643\20210828_073607.wav,11/13/23 13:51,HMS,Growl,8/28/2021 8:04:05.6,8/28/2021 8:04:06.2,1,NA,NA,NA,NA,NA,NA,NA,NA,2021-08-28,27.79205,-175.819217,Day
G:\2021\5643\20210828_073607.wav,11/13/23 13:51,HMS,MoanGrowl,8/28/2021 9:01:08.4,8/28/2021 9:01:15.9,2,NA,NA,NA,NA,NA,NA,NA,NA,2021-08-28,27.79205,-175.819217,Day
G:\2021\5643\20210828_073607.wav,11/13/23 13:52,HMS,Croak,8/28/2021 9:01:16.6,8/28/2021 9:01:16.8,2,NA,NA,NA,NA,NA,NA,NA,NA,2021-08-28,27.79205,-175.819217,Day
G:\2021\5643\20210828_073607.wav,11/13/23 13:52,HMS,Whoop,8/28/2021 9:01:18.0,8/28/2021 9:01:18.8,2,3,NA,NA,NA,NA,NA,NA,NA,2021-08-28,27.79205,-175.819217,Day
G:\2021\5643\20210828_073607.wav,11/13/23 13:52,HMS,Croak,8/28/2021 9:01:18.9,8/28/2021 9:01:19.4,2,NA,NA,NA,NA,NA,NA,NA,NA,2021-08-28,27.79205,-175.819217,Day
G:\2021\5643\20210828_073607.wav,11/13/23 13:53,HMS,Growl,8/28/2021 9:01:20.1,8/28/2021 9:01:23.0,3,NA,NA,NA,NA,NA,NA,NA,NA,2021-08-28,27.79205,-175.819217,Day
G:\2021\5643\20210828_073607.wav,11/13/23 13:53,HMS,Growl,8/28/2021 9:01:24.1,8/28/2021 9:01:27.5,3,NA,NA,NA,NA,NA,NA,NA,NA,2021-08-28,27.79205,-175.819217,Day
G:\2021\5643\20210828_073607.wav,11/13/23 13:53,HMS,Croak,8/28/2021 9:01:29.7,8/28/2021 9:01:30.0,2,NA,NA,NA,NA,NA,NA,NA,NA,2021-08-28,27.79205,-175.819217,Day
G:\2021\5643\20210828_073607.wav,11/13/23 13:54,HMS,Croak,8/28/2021 9:01:33.6,8/28/2021 9:01:33.8,2,NA,NA,NA,NA,NA,NA,NA,NA,2021-08-28,27.79205,-175.819217,Day
G:\2021\5643\20210828_073607.wav,11/13/23 13:54,HMS,Whoop,8/28/2021 9:01:34.3,8/28/2021 9:01:34.6,1,1,NA,NA,NA,NA,NA,NA,NA,2021-08-28,27.79205,-175.819217,Day
G:\2021\5643\20210828_073607.wav,11/13/23 13:54,HMS,GrowlWhoop,8/28/2021 9:01:39.2,8/28/2021 9:01:41.7,1,NA,NA,NA,NA,NA,groany growl,NA,NA,2021-08-28,27.79205,-175.819217,Day
G:\2021\5643\20210828_073607.wav,11/13/23 13:55,HMS,Growl,8/28/2021 9:01:41.9,8/28/2021 9:01:46.2,1,NA,NA,NA,NA,NA,overlapping with previous growl - 2 seals calling together,NA,NA,2021-08-28,27.79205,-175.819217,Day
G:\2021\5643\20210828_073607.wav,11/13/23 13:55,HMS,Croak,8/28/2021 9:01:42.7,8/28/2021 9:01:43.0,2,NA,NA,NA,NA,NA,overlapping with Q1 growl,NA,NA,2021-08-28,27.79205,-175.819217,Day
G:\2021\5643\20210828_073607.wav,11/13/23 13:55,HMS,Growl,8/28/2021 9:01:47.1,8/28/2021 9:01:50.9,1,NA,NA,NA,NA,NA,NA,NA,NA,2021-08-28,27.79205,-175.819217,Day
G:\2021\5643\20210828_073607.wav,11/13/23 13:55,HMS,Croak,8/28/2021 9:01:51.5,8/28/2021 9:01:51.7,1,NA,NA,NA,NA,NA,NA,NA,NA,2021-08-28,27.79205,-175.819217,Day
G:\2021\5643\20210828_073607.wav,11/13/23 13:55,HMS,Croak,8/28/2021 9:01:57.5,8/28/2021 9:01:57.8,1,NA,NA,NA,NA,NA,NA,NA,NA,2021-08-28,27.79205,-175.819217,Day
G:\2021\5643\20210828_073607.wav,11/13/23 13:55,HMS,Growl,8/28/2021 9:01:58.6,8/28/2021 9:02:01.7,1,NA,NA,NA,NA,NA,NA,NA,NA,2021-08-28,27.79205,-175.819217,Day
G:\2021\5643\20210828_073607.wav,11/13/23 13:55,HMS,Growl,8/28/2021 9:02:03.5,8/28/2021 9:02:06.5,1,NA,NA,NA,NA,NA,NA,NA,NA,2021-08-28,27.79205,-175.819217,Day
G:\2021\5643\20210828_073607.wav,11/13/23 13:56,HMS,Growl,8/28/2021 9:02:18.5,8/28/2021 9:02:19.8,1,NA,NA,NA,NA,NA,NA,NA,NA,2021-08-28,27.79205,-175.819217,Day
G:\2021\5643\20210828_073607.wav,11/13/23 13:56,HMS,Growl,8/28/2021 9:02:24.4,8/28/2021 9:02:27.8,1,NA,NA,NA,NA,NA,NA,NA,NA,2021-08-28,27.79205,-175.819217,Day
G:\2021\5643\20210828_073607.wav,11/13/23 13:57,HMS,Growl,8/28/2021 9:03:24.7,8/28/2021 9:03:29.8,2,NA,NA,NA,NA,NA,NA,NA,NA,2021-08-28,27.79205,-175.819217,Day
G:\2021\5643\20210828_073607.wav,11/13/23 13:57,HMS,Growl,8/28/2021 9:03:32.0,8/28/2021 9:03:33.1,2,NA,NA,NA,NA,NA,NA,NA,NA,2021-08-28,27.79205,-175.819217,Day
G:\2021\5643\20210828_073607.wav,11/13/23 13:57,HMS,Croak,8/28/2021 9:03:33.9,8/28/2021 9:03:34.2,2,NA,NA,NA,NA,NA,NA,NA,NA,2021-08-28,27.79205,-175.819217,Day
G:\2021\5643\20210828_073607.wav,11/13/23 13:57,HMS,Growl,8/28/2021 9:03:38.9,8/28/2021 9:03:44.7,2,NA,NA,NA,NA,NA,NA,NA,NA,2021-08-28,27.79205,-175.819217,Day
G:\2021\5643\20210828_073607.wav,11/13/23 13:58,HMS,Whoop,8/28/2021 9:03:44.9,8/28/2021 9:03:45.8,2,3,NA,NA,NA,NA,NA,NA,NA,2021-08-28,27.79205,-175.819217,Day
G:\2021\5643\20210828_073607.wav,11/13/23 13:58,HMS,Croak,8/28/2021 9:03:46.6,8/28/2021 9:03:47.1,2,NA,NA,NA,NA,NA,NA,NA,NA,2021-08-28,27.79205,-175.819217,Day
G:\2021\5643\20210828_073607.wav,11/13/23 13:58,HMS,Growl,8/28/2021 9:03:47.7,8/28/2021 9:03:48.7,2,NA,NA,NA,NA,NA,NA,NA,NA,2021-08-28,27.79205,-175.819217,Day
G:\2021\5643\20210828_073607.wav,11/13/23 13:58,HMS,Growl,8/28/2021 9:03:51.4,8/28/2021 9:03:57.8,2,NA,NA,NA,NA,NA,NA,NA,NA,2021-08-28,27.79205,-175.819217,Day
G:\2021\5643\20210828_073607.wav,11/13/23 13:58,HMS,Whoop,8/28/2021 9:03:58.2,8/28/2021 9:03:58.6,2,2,NA,NA,NA,NA,high pitched whoops,NA,NA,2021-08-28,27.79205,-175.819217,Day
G:\2021\5643\20210828_073607.wav,11/13/23 13:59,HMS,Croak,8/28/2021 9:04:01.6,8/28/2021 9:04:02.0,2,NA,NA,NA,NA,NA,NA,NA,NA,2021-08-28,27.79205,-175.819217,Day
G:\2021\5643\20210828_073607.wav,11/13/23 13:59,HMS,Whoop,8/28/2021 9:04:02.4,8/28/2021 9:04:02.6,1,1,NA,NA,NA,NA,NA,NA,NA,2021-08-28,27.79205,-175.819217,Day
G:\2021\5643\20210828_073607.wav,11/13/23 13:59,HMS,Growl,8/28/2021 9:04:07.0,8/28/2021 9:04:08.6,1,NA,NA,NA,NA,NA,NA,NA,NA,2021-08-28,27.79205,-175.819217,Day
G:\2021\5643\20210828_073607.wav,11/13/23 13:59,HMS,Whoop,8/28/2021 9:04:10.3,8/28/2021 9:04:11.5,2,3,NA,NA,NA,NA,NA,NA,NA,2021-08-28,27.79205,-175.819217,Day
G:\2021\5643\20210828_073607.wav,11/13/23 14:00,HMS,Croak,8/28/2021 9:04:11.7,8/28/2021 9:04:12.2,2,NA,NA,NA,NA,NA,NA,NA,NA,2021-08-28,27.79205,-175.819217,Day
G:\2021\5643\20210828_073607.wav,11/13/23 14:00,HMS,Growl,8/28/2021 9:04:13.1,8/28/2021 9:04:16.5,2,NA,NA,NA,NA,NA,NA,NA,NA,2021-08-28,27.79205,-175.819217,Day
G:\2021\5643\20210828_073607.wav,11/13/23 14:00,HMS,Whoop,8/28/2021 9:04:16.8,8/28/2021 9:04:17.0,1,1,NA,NA,NA,NA,NA,NA,NA,2021-08-28,27.79205,-175.819217,Day
G:\2021\5643\20210828_073607.wav,11/13/23 14:00,HMS,Croak,8/28/2021 9:04:23.4,8/28/2021 9:04:23.8,2,NA,NA,NA,NA,NA,NA,NA,NA,2021-08-28,27.79205,-175.819217,Day
G:\2021\5643\20210828_073607.wav,11/13/23 14:01,HMS,Whoop,8/28/2021 10:00:28.7,8/28/2021 10:00:31.1,2,12,NA,NA,NA,NA,NA,NA,NA,2021-08-28,27.79205,-175.819217,Day
G:\2021\5643\20210828_073607.wav,11/13/23 14:01,HMS,Whoop,8/28/2021 10:00:33.7,8/28/2021 10:00:34.6,1,6,NA,NA,NA,NA,NA,NA,NA,2021-08-28,27.79205,-175.819217,Day
G:\2021\5643\20210828_073607.wav,11/13/23 14:02,HMS,Croak,8/28/2021 10:01:17.5,8/28/2021 10:01:17.9,1,NA,NA,NA,NA,NA,NA,NA,NA,2021-08-28,27.79205,-175.819217,Day
G:\2021\5643\20210828_073607.wav,11/13/23 14:02,HMS,Whoop,8/28/2021 10:01:18.0,8/28/2021 10:01:18.3,1,2,NA,NA,NA,NA,NA,NA,NA,2021-08-28,27.79205,-175.819217,Day
G:\2021\5643\20210828_073607.wav,11/13/23 14:03,HMS,Whoop,8/28/2021 10:01:18.8,8/28/2021 10:01:19.1,1,2,NA,NA,NA,NA,NA,NA,NA,2021-08-28,27.79205,-175.819217,Day
G:\2021\5643\20210828_073607.wav,11/13/23 14:03,HMS,Whoop,8/28/2021 10:01:21.5,8/28/2021 10:01:24.7,2,13,NA,NA,NA,NA,NA,NA,NA,2021-08-28,27.79205,-175.819217,Day
G:\2021\5643\20210828_073607.wav,11/13/23 14:03,HMS,Whoop,8/28/2021 10:01:26.2,8/28/2021 10:01:26.6,2,2,NA,NA,NA,NA,NA,NA,NA,2021-08-28,27.79205,-175.819217,Day
G:\2021\5643\20210828_073607.wav,11/13/23 14:03,HMS,Whoop,8/28/2021 10:01:26.9,8/28/2021 10:01:27.3,2,3,NA,NA,NA,NA,NA,NA,NA,2021-08-28,27.79205,-175.819217,Day
G:\2021\5643\20210828_073607.wav,11/13/23 14:03,HMS,Whoop,8/28/2021 10:01:27.9,8/28/2021 10:01:29.0,2,6,NA,NA,NA,NA,NA,NA,NA,2021-08-28,27.79205,-175.819217,Day
G:\2021\5643\20210828_073607.wav,11/13/23 14:04,HMS,Whoop,8/28/2021 10:01:29.6,8/28/2021 10:01:31.2,2,7,NA,NA,NA,NA,NA,NA,NA,2021-08-28,27.79205,-175.819217,Day
G:\2021\5643\20210828_073607.wav,11/13/23 14:04,HMS,Whoop,8/28/2021 10:01:33.8,8/28/2021 10:01:34.1,2,1,NA,NA,NA,NA,NA,NA,NA,2021-08-28,27.79205,-175.819217,Day
G:\2021\5643\20210828_073607.wav,11/13/23 14:04,HMS,Whoop,8/28/2021 10:01:37.2,8/28/2021 10:01:37.3,1,1,NA,NA,NA,NA,NA,NA,NA,2021-08-28,27.79205,-175.819217,Day
G:\2021\5643\20210828_073607.wav,11/13/23 14:04,HMS,MoanBridgeGrowl,8/28/2021 10:01:38.4,8/28/2021 10:01:40.7,1,NA,NA,NA,NA,NA,NA,NA,NA,2021-08-28,27.79205,-175.819217,Day
G:\2021\5643\20210828_073607.wav,11/13/23 14:05,HMS,Whoop,8/28/2021 10:01:40.8,8/28/2021 10:01:41.3,1,3,NA,NA,NA,NA,NA,NA,NA,2021-08-28,27.79205,-175.819217,Day
G:\2021\5643\20210828_073607.wav,11/13/23 14:05,HMS,Whoop,8/28/2021 10:01:45.2,8/28/2021 10:01:45.4,1,1,NA,NA,NA,NA,NA,NA,NA,2021-08-28,27.79205,-175.819217,Day
G:\2021\5643\20210828_073607.wav,11/13/23 14:05,HMS,Whoop,8/28/2021 10:01:52.5,8/28/2021 10:01:53.2,2,4,NA,NA,NA,NA,NA,NA,NA,2021-08-28,27.79205,-175.819217,Day
G:\2021\5643\20210828_073607.wav,11/13/23 14:06,HMS,Moan,8/28/2021 10:02:27.8,8/28/2021 10:02:28.7,3,NA,NA,NA,NA,NA,NA,NA,NA,2021-08-28,27.79205,-175.819217,Day
G:\2021\5643\20210828_073607.wav,11/13/23 14:07,HMS,Whoop,8/28/2021 10:04:10.1,8/28/2021 10:04:12.2,1,5,NA,NA,NA,NA,NA,NA,NA,2021-08-28,27.79205,-175.819217,Day
G:\2021\5643\20210828_073607.wav,11/13/23 14:07,HMS,Growl,8/28/2021 10:04:14.7,8/28/2021 10:04:15.9,1,NA,NA,NA,NA,NA,NA,NA,NA,2021-08-28,27.79205,-175.819217,Day
G:\2021\5643\20210828_073607.wav,11/13/23 14:08,HMS,Whoop,8/28/2021 10:04:16.4,8/28/2021 10:04:17.9,1,4,NA,NA,NA,NA,NA,NA,NA,2021-08-28,27.79205,-175.819217,Day
G:\2021\5643\20210828_073607.wav,11/13/23 14:08,HMS,Growl,8/28/2021 10:04:26.8,8/28/2021 10:04:29.8,1,NA,NA,NA,NA,NA,NA,NA,NA,2021-08-28,27.79205,-175.819217,Day
G:\2021\5643\20210828_073607.wav,11/13/23 14:08,HMS,Whoop,8/28/2021 10:04:50.9,8/28/2021 10:04:52.1,1,6,NA,NA,NA,NA,NA,NA,NA,2021-08-28,27.79205,-175.819217,Day
G:\2021\5643\20210828_073607.wav,11/13/23 14:08,HMS,Whoop,8/28/2021 10:04:52.5,8/28/2021 10:04:53.0,1,4,NA,NA,NA,NA,NA,NA,NA,2021-08-28,27.79205,-175.819217,Day
G:\2021\5643\20210828_073607.wav,11/13/23 14:08,HMS,Croak,8/28/2021 10:04:53.1,8/28/2021 10:04:53.3,1,NA,NA,NA,NA,NA,NA,NA,NA,2021-08-28,27.79205,-175.819217,Day
G:\2021\5643\20210828_073607.wav,11/13/23 14:09,HMS,Whoop,8/28/2021 10:04:53.4,8/28/2021 10:04:53.5,1,1,NA,NA,NA,NA,NA,NA,NA,2021-08-28,27.79205,-175.819217,Day
G:\2021\5643\20210828_073607.wav,11/13/23 14:09,HMS,Whoop,8/28/2021 10:04:57.4,8/28/2021 10:04:59.1,1,7,NA,NA,NA,NA,NA,NA,NA,2021-08-28,27.79205,-175.819217,Day
G:\2021\5643\20210828_103607.wav,11/13/23 14:10,HMS,Growl,8/28/2021 11:00:05.4,8/28/2021 11:00:10.2,1,NA,NA,NA,NA,NA,NA,NA,NA,2021-08-28,27.79205,-175.819217,Day
G:\2021\5643\20210828_103607.wav,11/13/23 14:10,HMS,Croak,8/28/2021 11:00:10.9,8/28/2021 11:00:11.5,1,NA,NA,NA,NA,NA,NA,NA,NA,2021-08-28,27.79205,-175.819217,Day
G:\2021\5643\20210828_103607.wav,11/13/23 14:10,HMS,Growl,8/28/2021 11:00:15.4,8/28/2021 11:00:20.4,1,NA,NA,NA,NA,NA,NA,NA,NA,2021-08-28,27.79205,-175.819217,Day
G:\2021\5643\20210828_103607.wav,11/13/23 14:10,HMS,Growl,8/28/2021 11:00:37.6,8/28/2021 11:00:41.9,1,NA,NA,NA,NA,NA,NA,NA,NA,2021-08-28,27.79205,-175.819217,Day
G:\2021\5643\20210828_103607.wav,11/13/23 14:10,HMS,Growl,8/28/2021 11:02:28.4,8/28/2021 11:02:34.5,1,NA,NA,NA,NA,NA,NA,NA,NA,2021-08-28,27.79205,-175.819217,Day
G:\2021\5643\20210828_103607.wav,11/13/23 14:11,HMS,Growl,8/28/2021 11:02:35.2,8/28/2021 11:02:39.9,1,NA,NA,NA,NA,NA,NA,NA,NA,2021-08-28,27.79205,-175.819217,Day
G:\2021\5643\20210828_103607.wav,11/13/23 14:11,HMS,Growl,8/28/2021 11:02:50.3,8/28/2021 11:02:54.8,1,NA,NA,NA,NA,NA,NA,NA,NA,2021-08-28,27.79205,-175.819217,Day
G:\2021\5643\20210828_103607.wav,11/13/23 14:11,HMS,Growl,8/28/2021 11:04:46.5,8/28/2021 11:04:50.7,1,NA,NA,NA,NA,NA,NA,NA,NA,2021-08-28,27.79205,-175.819217,Day
G:\2021\5643\20210828_103607.wav,11/13/23 14:11,HMS,Growl,8/28/2021 11:04:53.9,8/28/2021 11:04:58.5,1,NA,NA,NA,NA,NA,NA,NA,NA,2021-08-28,27.79205,-175.819217,Day
G:\2021\5643\20210828_103607.wav,11/13/23 14:11,HMS,Moan,8/28/2021 12:00:03.5,8/28/2021 12:00:04.2,1,NA,NA,NA,NA,NA,NA,NA,NA,2021-08-28,27.79205,-175.819217,Day
G:\2021\5643\20210828_103607.wav,11/13/23 14:12,HMS,MoanBridgeGrowl,8/28/2021 12:00:04.4,8/28/2021 12:00:07.7,1,NA,NA,NA,NA,NA,NA,NA,NA,2021-08-28,27.79205,-175.819217,Day
G:\2021\5643\20210828_103607.wav,11/13/23 14:12,HMS,Growl,8/28/2021 12:01:52.6,8/28/2021 12:01:54.9,1,NA,NA,NA,NA,NA,NA,NA,NA,2021-08-28,27.79205,-175.819217,Day
G:\2021\5643\20210828_103607.wav,11/13/23 14:12,HMS,Croak,8/28/2021 12:01:55.8,8/28/2021 12:01:56.2,1,NA,NA,NA,NA,NA,NA,NA,NA,2021-08-28,27.79205,-175.819217,Day
G:\2021\5643\20210828_103607.wav,11/13/23 14:12,HMS,Growl,8/28/2021 12:01:58.9,8/28/2021 12:02:03.1,1,NA,NA,NA,NA,NA,NA,NA,NA,2021-08-28,27.79205,-175.819217,Day
G:\2021\5643\20210828_103607.wav,11/13/23 14:12,HMS,MoanGrowl,8/28/2021 12:02:09.3,8/28/2021 12:02:13.3,1,NA,NA,NA,NA,NA,NA,NA,NA,2021-08-28,27.79205,-175.819217,Day
G:\2021\5643\20210828_103607.wav,11/13/23 14:13,HMS,Croak,8/28/2021 12:04:30.5,8/28/2021 12:04:31.2,1,NA,NA,NA,NA,NA,NA,NA,NA,2021-08-28,27.79205,-175.819217,Day
G:\2021\5643\20210828_103607.wav,11/13/23 14:13,HMS,Croak,8/28/2021 12:04:31.7,8/28/2021 12:04:32.1,1,NA,NA,NA,NA,NA,NA,NA,NA,2021-08-28,27.79205,-175.819217,Day
G:\2021\5643\20210828_103607.wav,11/13/23 14:13,HMS,Growl,8/28/2021 12:04:33.6,8/28/2021 12:04:36.7,1,NA,NA,NA,NA,NA,NA,NA,NA,2021-08-28,27.79205,-175.819217,Day
G:\2021\5643\20210828_103607.wav,11/13/23 14:13,HMS,Growl,8/28/2021 12:04:41.1,8/28/2021 12:04:44.8,1,NA,NA,NA,NA,NA,NA,NA,NA,2021-08-28,27.79205,-175.819217,Day
G:\2021\5643\20210828_103607.wav,11/13/23 14:13,HMS,Moan,8/28/2021 12:04:53.3,8/28/2021 12:04:54.1,1,NA,NA,NA,NA,NA,NA,NA,NA,2021-08-28,27.79205,-175.819217,Day
G:\2021\5643\20210828_103607.wav,11/13/23 14:13,HMS,MoanGrowl,8/28/2021 12:04:54.4,8/28/2021 12:04:57.6,1,NA,NA,NA,NA,NA,NA,NA,NA,2021-08-28,27.79205,-175.819217,Day
G:\2021\5643\20210828_103607.wav,11/13/23 14:14,HMS,Croak,8/28/2021 12:04:56.6,8/28/2021 12:04:56.8,1,NA,NA,NA,NA,NA,NA,NA,NA,2021-08-28,27.79205,-175.819217,Day
G:\2021\5643\20210828_103607.wav,11/13/23 14:14,HMS,Croak,8/28/2021 12:04:57.1,8/28/2021 12:04:57.3,1,NA,NA,NA,NA,NA,NA,NA,NA,2021-08-28,27.79205,-175.819217,Day
G:\2021\5643\20210828_133606.wav,11/13/23 14:17,HMS,Growl,8/28/2021 15:00:13.3,8/28/2021 15:00:17.7,1,NA,NA,NA,NA,NA,"lots of low-frequency noise, difficult to see calls.",NA,NA,2021-08-28,27.79205,-175.819217,Day
G:\2021\5643\20210828_133606.wav,11/13/23 14:18,HMS,Growl,8/28/2021 15:00:25.3,8/28/2021 15:00:28.9,1,NA,NA,NA,NA,NA,NA,NA,NA,2021-08-28,27.79205,-175.819217,Day
G:\2021\5643\20210828_133606.wav,11/13/23 14:18,HMS,Moan,8/28/2021 15:00:34.4,8/28/2021 15:00:35.5,1,NA,NA,NA,NA,NA,NA,NA,NA,2021-08-28,27.79205,-175.819217,Day
G:\2021\5643\20210828_133606.wav,11/13/23 14:18,HMS,Moan,8/28/2021 15:00:35.7,8/28/2021 15:00:36.9,1,NA,NA,NA,NA,NA,NA,NA,NA,2021-08-28,27.79205,-175.819217,Day
G:\2021\5643\20210828_133606.wav,11/13/23 14:19,HMS,Growl,8/28/2021 16:01:02.4,8/28/2021 16:01:07.7,1,NA,NA,NA,NA,NA,NA,NA,NA,2021-08-28,27.79205,-175.819217,Day
G:\2021\5643\20210828_133606.wav,11/13/23 14:20,HMS,Whoop,8/28/2021 16:01:08.2,8/28/2021 16:01:08.5,1,1,NA,NA,NA,NA,NA,NA,NA,2021-08-28,27.79205,-175.819217,Day
G:\2021\5643\20210828_133606.wav,11/13/23 14:20,HMS,Growl,8/28/2021 16:01:09.4,8/28/2021 16:01:10.4,1,NA,NA,NA,NA,NA,NA,NA,NA,2021-08-28,27.79205,-175.819217,Day
G:\2021\5643\20210828_133606.wav,11/13/23 14:20,HMS,Croak,8/28/2021 16:01:11.4,8/28/2021 16:01:11.7,1,NA,NA,NA,NA,NA,NA,NA,NA,2021-08-28,27.79205,-175.819217,Day
G:\2021\5643\20210828_133606.wav,11/13/23 14:20,HMS,Growl,8/28/2021 16:01:14.0,8/28/2021 16:01:16.9,1,NA,NA,NA,NA,NA,NA,NA,NA,2021-08-28,27.79205,-175.819217,Day
G:\2021\5643\20210828_133606.wav,11/13/23 14:20,HMS,Whoop,8/28/2021 16:01:17.1,8/28/2021 16:01:17.6,1,2,NA,NA,NA,NA,NA,NA,NA,2021-08-28,27.79205,-175.819217,Day
G:\2021\5643\20210828_133606.wav,11/13/23 14:21,HMS,Croak,8/28/2021 16:02:44.9,8/28/2021 16:02:45.6,2,NA,NA,NA,NA,NA,NA,NA,NA,2021-08-28,27.79205,-175.819217,Day
G:\2021\5643\20210828_133606.wav,11/13/23 14:21,HMS,Croak,8/28/2021 16:02:45.9,8/28/2021 16:02:46.1,2,NA,NA,NA,NA,NA,NA,NA,NA,2021-08-28,27.79205,-175.819217,Day
G:\2021\5643\20210828_133606.wav,11/13/23 14:21,HMS,Growl,8/28/2021 16:02:47.1,8/28/2021 16:02:50.4,3,NA,NA,NA,NA,NA,NA,NA,NA,2021-08-28,27.79205,-175.819217,Day
G:\2021\5643\20210828_133606.wav,11/13/23 14:21,HMS,Growl,8/28/2021 16:02:51.1,8/28/2021 16:02:53.6,3,NA,NA,NA,NA,NA,NA,NA,NA,2021-08-28,27.79205,-175.819217,Day
G:\2021\5643\20210828_133606.wav,11/13/23 14:21,HMS,Growl,8/28/2021 16:02:53.6,8/28/2021 16:02:58.0,1,NA,NA,NA,NA,NA,overlapping with last growl - 2 seals calling,NA,NA,2021-08-28,27.79205,-175.819217,Day
G:\2021\5643\20210828_133606.wav,11/13/23 14:22,HMS,Croak,8/28/2021 16:02:56.8,8/28/2021 16:02:57.0,2,NA,NA,NA,NA,NA,NA,NA,NA,2021-08-28,27.79205,-175.819217,Day
G:\2021\5643\20210828_133606.wav,11/13/23 14:22,HMS,Whoop,8/28/2021 16:02:57.3,8/28/2021 16:02:57.5,1,1,NA,NA,NA,NA,NA,NA,NA,2021-08-28,27.79205,-175.819217,Day
G:\2021\5643\20210828_133606.wav,11/13/23 14:22,HMS,Whoop,8/28/2021 16:02:58.8,8/28/2021 16:02:59.1,1,1,NA,NA,NA,NA,NA,NA,NA,2021-08-28,27.79205,-175.819217,Day
G:\2021\5643\20210828_133606.wav,11/13/23 14:23,HMS,Growl,8/28/2021 16:03:01.2,8/28/2021 16:03:02.8,2,NA,NA,NA,NA,NA,NA,NA,NA,2021-08-28,27.79205,-175.819217,Day
G:\2021\5643\20210828_133606.wav,11/13/23 14:23,HMS,Whoop,8/28/2021 16:03:03.4,8/28/2021 16:03:04.0,2,2,NA,NA,NA,NA,NA,NA,NA,2021-08-28,27.79205,-175.819217,Day
G:\2021\5643\20210828_133606.wav,11/13/23 14:23,HMS,Croak,8/28/2021 16:03:04.4,8/28/2021 16:03:04.8,2,NA,NA,NA,NA,NA,NA,NA,NA,2021-08-28,27.79205,-175.819217,Day
G:\2021\5643\20210828_133606.wav,11/13/23 14:23,HMS,Growl,8/28/2021 16:03:05.4,8/28/2021 16:03:08.8,2,NA,NA,NA,NA,NA,NA,NA,NA,2021-08-28,27.79205,-175.819217,Day
G:\2021\5643\20210828_133606.wav,11/13/23 14:23,HMS,Growl,8/28/2021 16:03:09.7,8/28/2021 16:03:12.7,2,NA,NA,NA,NA,NA,NA,NA,NA,2021-08-28,27.79205,-175.819217,Day
G:\2021\5643\20210828_133606.wav,11/13/23 14:23,HMS,Growl,8/28/2021 16:03:13.0,8/28/2021 16:03:16.1,1,NA,NA,NA,NA,NA,overlapping with last growl,NA,NA,2021-08-28,27.79205,-175.819217,Day
G:\2021\5643\20210828_133606.wav,11/13/23 14:24,HMS,Whoop,8/28/2021 16:03:17.7,8/28/2021 16:03:17.9,1,1,NA,NA,NA,NA,NA,NA,NA,2021-08-28,27.79205,-175.819217,Day
G:\2021\5643\20210828_133606.wav,11/13/23 14:24,HMS,Croak,8/28/2021 16:03:18.0,8/28/2021 16:03:18.2,1,NA,NA,NA,NA,NA,NA,NA,NA,2021-08-28,27.79205,-175.819217,Day
G:\2021\5643\20210828_133606.wav,11/13/23 14:24,HMS,Moan,8/28/2021 16:03:23.2,8/28/2021 16:03:24.8,1,NA,NA,NA,NA,NA,NA,NA,NA,2021-08-28,27.79205,-175.819217,Day
G:\2021\5643\20210828_163605.wav,11/13/23 14:25,HMS,Growl,8/28/2021 17:00:55.8,8/28/2021 17:01:03.9,3,NA,NA,NA,NA,NA,NA,NA,NA,2021-08-28,27.79205,-175.819217,Day
G:\2021\5643\20210828_163605.wav,11/13/23 14:25,HMS,Croak,8/28/2021 17:01:04.2,8/28/2021 17:01:04.5,3,NA,NA,NA,NA,NA,NA,NA,NA,2021-08-28,27.79205,-175.819217,Day
G:\2021\5643\20210828_163605.wav,11/13/23 14:26,HMS,Whoop,8/28/2021 17:01:06.4,8/28/2021 17:01:07.0,2,2,NA,NA,NA,NA,NA,NA,NA,2021-08-28,27.79205,-175.819217,Day
G:\2021\5643\20210828_163605.wav,11/13/23 14:26,HMS,Croak,8/28/2021 17:01:07.2,8/28/2021 17:01:07.8,2,NA,NA,NA,NA,NA,NA,NA,NA,2021-08-28,27.79205,-175.819217,Day
G:\2021\5643\20210828_163605.wav,11/13/23 14:26,HMS,Whoop,8/28/2021 17:01:08.4,8/28/2021 17:01:09.4,2,4,NA,NA,NA,NA,NA,NA,NA,2021-08-28,27.79205,-175.819217,Day
G:\2021\5643\20210828_163605.wav,11/13/23 14:26,HMS,Croak,8/28/2021 17:01:09.6,8/28/2021 17:01:10.1,3,NA,NA,NA,NA,NA,NA,NA,NA,2021-08-28,27.79205,-175.819217,Day
G:\2021\5643\20210828_163605.wav,11/13/23 14:27,HMS,Growl,8/28/2021 17:01:10.6,8/28/2021 17:01:13.9,3,NA,NA,NA,NA,NA,NA,NA,NA,2021-08-28,27.79205,-175.819217,Day
G:\2021\5643\20210828_163605.wav,11/13/23 14:27,HMS,Whoop,8/28/2021 17:01:15.0,8/28/2021 17:01:15.8,1,3,NA,NA,NA,NA,NA,NA,NA,2021-08-28,27.79205,-175.819217,Day
G:\2021\5643\20210828_163605.wav,11/13/23 14:27,HMS,Whoop,8/28/2021 17:01:18.5,8/28/2021 17:01:18.7,1,1,NA,NA,NA,NA,NA,NA,NA,2021-08-28,27.79205,-175.819217,Day
G:\2021\5643\20210828_163605.wav,11/13/23 14:27,HMS,Croak,8/28/2021 17:01:20.3,8/28/2021 17:01:20.9,2,NA,NA,NA,NA,NA,NA,NA,NA,2021-08-28,27.79205,-175.819217,Day
G:\2021\5643\20210828_163605.wav,11/13/23 14:27,HMS,Whoop,8/28/2021 17:01:22.2,8/28/2021 17:01:22.4,2,1,NA,NA,NA,NA,NA,NA,NA,2021-08-28,27.79205,-175.819217,Day
G:\2021\5643\20210828_163605.wav,11/13/23 14:27,HMS,Moan,8/28/2021 17:01:23.9,8/28/2021 17:01:24.7,1,NA,NA,NA,NA,NA,NA,NA,NA,2021-08-28,27.79205,-175.819217,Day
G:\2021\5643\20210828_163605.wav,11/13/23 14:36,HMS,Growl,8/28/2021 17:02:36.6,8/28/2021 17:02:43.2,3,NA,NA,NA,NA,NA,NA,NA,NA,2021-08-28,27.79205,-175.819217,Day
G:\2021\5643\20210828_163605.wav,11/13/23 14:36,HMS,Croak,8/28/2021 17:02:43.5,8/28/2021 17:02:43.8,3,NA,NA,NA,NA,NA,NA,NA,NA,2021-08-28,27.79205,-175.819217,Day
G:\2021\5643\20210828_163605.wav,11/13/23 14:36,HMS,Whoop,8/28/2021 17:02:45.7,8/28/2021 17:02:46.6,2,3,NA,NA,NA,NA,NA,NA,NA,2021-08-28,27.79205,-175.819217,Day
G:\2021\5643\20210828_163605.wav,11/13/23 14:36,HMS,Croak,8/28/2021 17:02:46.8,8/28/2021 17:02:47.2,3,NA,NA,NA,NA,NA,NA,NA,NA,2021-08-28,27.79205,-175.819217,Day
G:\2021\5643\20210828_163605.wav,11/13/23 14:36,HMS,Growl,8/28/2021 17:02:47.9,8/28/2021 17:02:51.8,3,NA,NA,NA,NA,NA,NA,NA,NA,2021-08-28,27.79205,-175.819217,Day
G:\2021\5643\20210828_163605.wav,11/13/23 14:37,HMS,Whoop,8/28/2021 17:02:53.4,8/28/2021 17:02:54.1,2,3,NA,NA,NA,NA,NA,NA,NA,2021-08-28,27.79205,-175.819217,Day
G:\2021\5643\20210828_163605.wav,11/13/23 14:37,HMS,Whoop,8/28/2021 17:02:57.3,8/28/2021 17:02:57.5,2,1,NA,NA,NA,NA,NA,NA,NA,2021-08-28,27.79205,-175.819217,Day
G:\2021\5643\20210828_163605.wav,11/13/23 14:37,HMS,Croak,8/28/2021 17:02:59.4,8/28/2021 17:02:59.8,3,NA,NA,NA,NA,NA,NA,NA,NA,2021-08-28,27.79205,-175.819217,Day
G:\2021\5643\20210828_163605.wav,11/13/23 14:37,HMS,Croak,8/28/2021 17:03:00.4,8/28/2021 17:03:00.8,2,NA,NA,NA,NA,NA,NA,NA,NA,2021-08-28,27.79205,-175.819217,Day
G:\2021\5643\20210828_163605.wav,11/13/23 14:37,HMS,Growl,8/28/2021 17:03:02.7,8/28/2021 17:03:05.3,3,NA,NA,NA,NA,NA,NA,NA,NA,2021-08-28,27.79205,-175.819217,Day
G:\2021\5643\20210828_163605.wav,11/13/23 14:37,HMS,Croak,8/28/2021 17:03:05.6,8/28/2021 17:03:05.9,2,NA,NA,NA,NA,NA,NA,NA,NA,2021-08-28,27.79205,-175.819217,Day
G:\2021\5643\20210828_163605.wav,11/13/23 14:38,HMS,Growl,8/28/2021 17:04:02.1,8/28/2021 17:04:06.5,3,NA,NA,NA,NA,NA,NA,NA,NA,2021-08-28,27.79205,-175.819217,Day
G:\2021\5643\20210828_163605.wav,11/13/23 14:38,HMS,Croak,8/28/2021 17:04:07.9,8/28/2021 17:04:08.6,3,NA,NA,NA,NA,NA,NA,NA,NA,2021-08-28,27.79205,-175.819217,Day
G:\2021\5643\20210828_163605.wav,11/13/23 14:38,HMS,Croak,8/28/2021 17:04:09.3,8/28/2021 17:04:09.5,2,NA,NA,NA,NA,NA,NA,NA,NA,2021-08-28,27.79205,-175.819217,Day
G:\2021\5643\20210828_163605.wav,11/13/23 14:38,HMS,Growl,8/28/2021 17:04:13.9,8/28/2021 17:04:18.2,3,NA,NA,NA,NA,NA,NA,NA,NA,2021-08-28,27.79205,-175.819217,Day
G:\2021\5643\20210828_163605.wav,11/13/23 14:38,HMS,Whoop,8/28/2021 17:04:18.6,8/28/2021 17:04:19.8,3,4,NA,NA,NA,NA,NA,NA,NA,2021-08-28,27.79205,-175.819217,Day
G:\2021\5643\20210828_163605.wav,11/13/23 14:39,HMS,Whoop,8/28/2021 17:04:22.7,8/28/2021 17:04:22.9,2,1,NA,NA,NA,NA,NA,NA,NA,2021-08-28,27.79205,-175.819217,Day
G:\2021\5643\20210828_163605.wav,11/13/23 14:39,HMS,Croak,8/28/2021 17:04:24.6,8/28/2021 17:04:25.1,2,NA,NA,NA,NA,NA,NA,NA,NA,2021-08-28,27.79205,-175.819217,Day
G:\2021\5643\20210828_163605.wav,11/13/23 14:39,HMS,Croak,8/28/2021 17:04:25.5,8/28/2021 17:04:25.9,2,NA,NA,NA,NA,NA,NA,NA,NA,2021-08-28,27.79205,-175.819217,Day
G:\2021\5643\20210828_163605.wav,11/13/23 14:41,HMS,Growl,8/28/2021 18:00:46.5,8/28/2021 18:00:53.7,3,NA,NA,NA,NA,NA,NA,NA,NA,2021-08-28,27.79205,-175.819217,Day
G:\2021\5643\20210828_163605.wav,11/13/23 14:41,HMS,Growl,8/28/2021 18:00:54.6,8/28/2021 18:00:59.2,3,NA,NA,NA,NA,NA,NA,NA,NA,2021-08-28,27.79205,-175.819217,Day
G:\2021\5643\20210828_163605.wav,11/13/23 14:41,HMS,Croak,8/28/2021 18:01:01.3,8/28/2021 18:01:01.6,2,NA,NA,NA,NA,NA,NA,NA,NA,2021-08-28,27.79205,-175.819217,Day
G:\2021\5643\20210828_163605.wav,11/13/23 14:41,HMS,Whoop,8/28/2021 18:01:02.3,8/28/2021 18:01:02.5,1,1,NA,NA,NA,NA,NA,NA,NA,2021-08-28,27.79205,-175.819217,Day
G:\2021\5643\20210828_163605.wav,11/13/23 14:41,HMS,Croak,8/28/2021 18:01:06.2,8/28/2021 18:01:06.7,2,NA,NA,NA,NA,NA,NA,NA,NA,2021-08-28,27.79205,-175.819217,Day
G:\2021\5643\20210828_163605.wav,11/13/23 14:42,HMS,Growl,8/28/2021 18:01:07.8,8/28/2021 18:01:11.8,3,NA,NA,NA,NA,NA,NA,NA,NA,2021-08-28,27.79205,-175.819217,Day
G:\2021\5643\20210828_163605.wav,11/13/23 14:42,HMS,Whoop,8/28/2021 18:01:12.2,8/28/2021 18:01:13.2,2,3,NA,NA,NA,NA,NA,NA,NA,2021-08-28,27.79205,-175.819217,Day
G:\2021\5643\20210828_163605.wav,11/13/23 14:42,HMS,Growl,8/28/2021 18:02:29.0,8/28/2021 18:02:37.3,3,NA,NA,NA,NA,NA,NA,NA,NA,2021-08-28,27.79205,-175.819217,Day
G:\2021\5643\20210828_163605.wav,11/13/23 14:43,HMS,Croak,8/28/2021 18:02:37.7,8/28/2021 18:02:38.0,2,NA,NA,NA,NA,NA,NA,NA,NA,2021-08-28,27.79205,-175.819217,Day
G:\2021\5643\20210828_163605.wav,11/13/23 14:43,HMS,Croak,8/28/2021 18:02:40.3,8/28/2021 18:02:40.4,2,NA,NA,NA,NA,NA,NA,NA,NA,2021-08-28,27.79205,-175.819217,Day
G:\2021\5643\20210828_163605.wav,11/13/23 14:43,HMS,Whoop,8/28/2021 18:02:41.6,8/28/2021 18:02:41.8,1,1,NA,NA,NA,NA,NA,NA,NA,2021-08-28,27.79205,-175.819217,Day
G:\2021\5643\20210828_163605.wav,11/13/23 14:43,HMS,Croak,8/28/2021 18:02:44.3,8/28/2021 18:02:44.8,3,NA,NA,NA,NA,NA,NA,NA,NA,2021-08-28,27.79205,-175.819217,Day
G:\2021\5643\20210828_163605.wav,11/13/23 14:43,HMS,Growl,8/28/2021 18:02:46.0,8/28/2021 18:02:49.4,3,NA,NA,NA,NA,NA,NA,NA,NA,2021-08-28,27.79205,-175.819217,Day
G:\2021\5643\20210828_163605.wav,11/13/23 14:43,HMS,Growl,8/28/2021 18:02:50.5,8/28/2021 18:02:53.9,3,NA,NA,NA,NA,NA,NA,NA,NA,2021-08-28,27.79205,-175.819217,Day
G:\2021\5643\20210828_163605.wav,11/13/23 14:44,HMS,Whoop,8/28/2021 18:02:55.2,8/28/2021 18:02:56.0,2,3,NA,NA,NA,NA,NA,NA,NA,2021-08-28,27.79205,-175.819217,Day
G:\2021\5643\20210828_163605.wav,11/13/23 14:44,HMS,Croak,8/28/2021 18:03:00.5,8/28/2021 18:03:01.1,2,NA,NA,NA,NA,NA,NA,NA,NA,2021-08-28,27.79205,-175.819217,Day
G:\2021\5643\20210828_163605.wav,11/13/23 14:44,HMS,Whoop,8/28/2021 18:03:03.8,8/28/2021 18:03:03.9,2,1,NA,NA,NA,NA,NA,NA,NA,2021-08-28,27.79205,-175.819217,Day
G:\2021\5643\20210828_163605.wav,11/13/23 14:44,HMS,Moan,8/28/2021 18:03:05.4,8/28/2021 18:03:06.6,2,NA,NA,NA,NA,NA,NA,NA,NA,2021-08-28,27.79205,-175.819217,Day
G:\2021\5643\20210828_163605.wav,11/13/23 14:44,HMS,MoanGrowl,8/28/2021 18:03:07.0,8/28/2021 18:03:10.2,3,NA,NA,NA,NA,NA,NA,NA,NA,2021-08-28,27.79205,-175.819217,Day
G:\2021\5643\20210828_163605.wav,11/13/23 14:45,HMS,Growl,8/28/2021 18:04:20.9,8/28/2021 18:04:29.7,3,NA,NA,NA,NA,NA,NA,NA,NA,2021-08-28,27.79205,-175.819217,Day
G:\2021\5643\20210828_163605.wav,11/13/23 14:45,HMS,Croak,8/28/2021 18:04:30.9,8/28/2021 18:04:31.2,2,NA,NA,NA,NA,NA,NA,NA,NA,2021-08-28,27.79205,-175.819217,Day
G:\2021\5643\20210828_163605.wav,11/13/23 14:45,HMS,Growl,8/28/2021 18:04:34.0,8/28/2021 18:04:35.9,2,NA,NA,NA,NA,NA,NA,NA,NA,2021-08-28,27.79205,-175.819217,Day
G:\2021\5643\20210828_163605.wav,11/13/23 14:45,HMS,Croak,8/28/2021 18:04:37.4,8/28/2021 18:04:37.7,2,NA,NA,NA,NA,NA,NA,NA,NA,2021-08-28,27.79205,-175.819217,Day
G:\2021\5643\20210828_163605.wav,11/13/23 14:46,HMS,Whoop,8/28/2021 18:04:43.1,8/28/2021 18:04:43.7,2,2,NA,NA,NA,NA,NA,NA,NA,2021-08-28,27.79205,-175.819217,Day
G:\2021\5643\20210828_163605.wav,11/13/23 14:46,HMS,Croak,8/28/2021 18:04:44.1,8/28/2021 18:04:44.7,3,NA,NA,NA,NA,NA,NA,NA,NA,2021-08-28,27.79205,-175.819217,Day
G:\2021\5643\20210828_163605.wav,11/13/23 14:46,HMS,Growl,8/28/2021 18:04:45.2,8/28/2021 18:04:49.7,3,NA,NA,NA,NA,NA,NA,NA,NA,2021-08-28,27.79205,-175.819217,Day
G:\2021\5643\20210828_163605.wav,11/13/23 14:46,HMS,Growl,8/28/2021 18:04:50.8,8/28/2021 18:04:53.6,3,NA,NA,NA,NA,NA,author end,NA,NA,2021-08-28,27.79205,-175.819217,Day
G:\2021\5643\20210828_163605.wav,11/14/23 9:35,HMS,Growl,8/28/2021 19:00:46.6,8/28/2021 19:00:54.1,1,NA,NA,NA,NA,NA,author Start,NA,NA,2021-08-28,27.79205,-175.819217,Day
G:\2021\5643\20210828_163605.wav,11/14/23 9:37,HMS,Croak,8/28/2021 19:01:01.4,8/28/2021 19:01:01.6,1,NA,NA,NA,NA,NA,NA,NA,NA,2021-08-28,27.79205,-175.819217,Day
G:\2021\5643\20210828_163605.wav,11/14/23 9:37,HMS,Growl,8/28/2021 19:01:02.6,8/28/2021 19:01:04.8,1,NA,NA,NA,NA,NA,NA,NA,NA,2021-08-28,27.79205,-175.819217,Day
G:\2021\5643\20210828_163605.wav,11/14/23 9:37,HMS,Whoop,8/28/2021 19:01:04.8,8/28/2021 19:01:04.9,1,1,NA,NA,NA,NA,NA,NA,NA,2021-08-28,27.79205,-175.819217,Day
G:\2021\5643\20210828_163605.wav,11/14/23 9:38,HMS,MoanGrowl,8/28/2021 19:01:06.1,8/28/2021 19:01:08.1,1,NA,NA,NA,NA,NA,NA,NA,NA,2021-08-28,27.79205,-175.819217,Day
G:\2021\5643\20210828_163605.wav,11/14/23 9:38,HMS,Croak,8/28/2021 19:01:09.2,8/28/2021 19:01:09.7,1,NA,NA,NA,NA,NA,NA,NA,NA,2021-08-28,27.79205,-175.819217,Day
G:\2021\5643\20210828_163605.wav,11/14/23 9:38,HMS,Growl,8/28/2021 19:01:10.8,8/28/2021 19:01:14.3,1,NA,NA,NA,NA,NA,NA,NA,NA,2021-08-28,27.79205,-175.819217,Day
G:\2021\5643\20210828_163605.wav,11/14/23 9:38,HMS,Whoop,8/28/2021 19:01:14.9,8/28/2021 19:01:15.6,1,3,NA,NA,NA,NA,NA,NA,NA,2021-08-28,27.79205,-175.819217,Day
G:\2021\5643\20210828_163605.wav,11/14/23 9:38,HMS,MoanBridgeGrowl,8/28/2021 19:01:19.6,8/28/2021 19:01:23.5,1,NA,NA,NA,NA,NA,NA,NA,NA,2021-08-28,27.79205,-175.819217,Day
G:\2021\5643\20210828_163605.wav,11/14/23 9:39,HMS,Growl,8/28/2021 19:01:41.8,8/28/2021 19:01:43.9,1,NA,NA,NA,NA,NA,NA,NA,NA,2021-08-28,27.79205,-175.819217,Day
G:\2021\5643\20210828_163605.wav,11/14/23 9:40,HMS,Croak,8/28/2021 19:01:44.6,8/28/2021 19:01:44.9,1,NA,NA,NA,NA,NA,NA,NA,NA,2021-08-28,27.79205,-175.819217,Day
G:\2021\5643\20210828_163605.wav,11/14/23 9:40,HMS,Growl,8/28/2021 19:01:47.2,8/28/2021 19:01:51.2,1,NA,NA,NA,NA,NA,NA,NA,NA,2021-08-28,27.79205,-175.819217,Day
G:\2021\5643\20210828_163605.wav,11/14/23 9:40,HMS,Whoop,8/28/2021 19:01:51.5,8/28/2021 19:01:52.1,1,3,NA,NA,NA,NA,NA,NA,NA,2021-08-28,27.79205,-175.819217,Day
G:\2021\5643\20210828_163605.wav,11/14/23 9:40,HMS,Growl,8/28/2021 19:03:35.6,8/28/2021 19:03:43.3,1,NA,NA,NA,NA,NA,NA,NA,NA,2021-08-28,27.79205,-175.819217,Day
G:\2021\5643\20210828_163605.wav,11/14/23 9:41,HMS,Croak,8/28/2021 19:03:44.4,8/28/2021 19:03:44.6,1,NA,NA,NA,NA,NA,NA,NA,NA,2021-08-28,27.79205,-175.819217,Day
G:\2021\5643\20210828_163605.wav,11/14/23 9:41,HMS,Croak,8/28/2021 19:03:47.5,8/28/2021 19:03:47.9,1,NA,NA,NA,NA,NA,NA,NA,NA,2021-08-28,27.79205,-175.819217,Day
G:\2021\5643\20210828_163605.wav,11/14/23 9:41,HMS,Croak,8/28/2021 19:03:53.8,8/28/2021 19:03:54.2,1,NA,NA,NA,NA,NA,NA,NA,NA,2021-08-28,27.79205,-175.819217,Day
G:\2021\5643\20210828_163605.wav,11/14/23 9:42,HMS,Croak,8/28/2021 19:03:54.6,8/28/2021 19:03:54.8,1,NA,NA,NA,NA,NA,NA,NA,NA,2021-08-28,27.79205,-175.819217,Day
G:\2021\5643\20210828_163605.wav,11/14/23 9:42,HMS,Growl,8/28/2021 19:03:56.0,8/28/2021 19:04:00.4,1,NA,NA,NA,NA,NA,NA,NA,NA,2021-08-28,27.79205,-175.819217,Day
G:\2021\5643\20210828_163605.wav,11/14/23 9:42,HMS,Growl,8/28/2021 19:04:02.5,8/28/2021 19:04:06.0,1,NA,NA,NA,NA,NA,NA,NA,NA,2021-08-28,27.79205,-175.819217,Day
G:\2021\5643\20210828_163605.wav,11/14/23 9:42,HMS,Growl,8/28/2021 19:04:15.7,8/28/2021 19:04:20.1,1,NA,NA,NA,NA,NA,NA,NA,NA,2021-08-28,27.79205,-175.819217,Day
G:\2021\5643\20210828_163605.wav,11/14/23 9:42,HMS,Growl,8/28/2021 19:04:56.4,8/28/2021 19:05:00.4,1,NA,NA,NA,NA,NA,NA,NA,NA,2021-08-28,27.79205,-175.819217,Day
G:\2021\5643\20210828_193604.wav,11/14/23 9:44,HMS,Growl,8/28/2021 20:00:33.8,8/28/2021 20:00:41.2,2,NA,NA,NA,NA,NA,NA,NA,NA,2021-08-28,27.79205,-175.819217,Day
G:\2021\5643\20210828_193604.wav,11/14/23 9:44,HMS,Croak,8/28/2021 20:00:43.9,8/28/2021 20:00:44.4,2,NA,NA,NA,NA,NA,NA,NA,NA,2021-08-28,27.79205,-175.819217,Day
G:\2021\5643\20210828_193604.wav,11/14/23 9:47,HMS,Croak,8/28/2021 20:00:47.2,8/28/2021 20:00:47.4,1,NA,NA,NA,NA,NA,NA,NA,NA,2021-08-28,27.79205,-175.819217,Day
G:\2021\5643\20210828_193604.wav,11/14/23 9:47,HMS,Growl,8/28/2021 20:00:53.9,8/28/2021 20:00:58.7,2,NA,NA,NA,NA,NA,NA,NA,NA,2021-08-28,27.79205,-175.819217,Day
G:\2021\5643\20210828_193604.wav,11/14/23 9:48,HMS,Whoop,8/28/2021 20:00:59.2,8/28/2021 20:00:59.3,1,1,NA,NA,NA,NA,NA,NA,NA,2021-08-28,27.79205,-175.819217,Day
G:\2021\5643\20210828_193604.wav,11/14/23 9:48,HMS,Croak,8/28/2021 20:01:00.2,8/28/2021 20:01:00.5,2,NA,NA,NA,NA,NA,NA,NA,NA,2021-08-28,27.79205,-175.819217,Day
G:\2021\5643\20210828_193604.wav,11/14/23 9:48,HMS,Growl,8/28/2021 20:01:01.1,8/28/2021 20:01:05.4,2,NA,NA,NA,NA,NA,NA,NA,NA,2021-08-28,27.79205,-175.819217,Day
G:\2021\5643\20210828_193604.wav,11/14/23 9:48,HMS,Whoop,8/28/2021 20:01:05.8,8/28/2021 20:01:05.9,1,1,NA,NA,NA,NA,NA,NA,NA,2021-08-28,27.79205,-175.819217,Day
G:\2021\5643\20210828_193604.wav,11/14/23 9:49,HMS,Croak,8/28/2021 20:01:10.5,8/28/2021 20:01:10.7,1,NA,NA,NA,NA,NA,NA,NA,NA,2021-08-28,27.79205,-175.819217,Day
G:\2021\5643\20210828_193604.wav,11/14/23 9:49,HMS,Growl,8/28/2021 20:01:17.1,8/28/2021 20:01:20.8,2,NA,NA,NA,NA,NA,NA,NA,NA,2021-08-28,27.79205,-175.819217,Day
G:\2021\5643\20210828_193604.wav,11/14/23 9:49,HMS,Growl,8/28/2021 20:02:38.6,8/28/2021 20:02:40.7,2,NA,NA,NA,NA,NA,NA,NA,NA,2021-08-28,27.79205,-175.819217,Day
G:\2021\5643\20210828_193604.wav,11/14/23 9:49,HMS,Croak,8/28/2021 20:02:41.2,8/28/2021 20:02:41.6,2,NA,NA,NA,NA,NA,NA,NA,NA,2021-08-28,27.79205,-175.819217,Day
G:\2021\5643\20210828_193604.wav,11/14/23 9:49,HMS,Growl,8/28/2021 20:02:43.8,8/28/2021 20:02:48.7,2,NA,NA,NA,NA,NA,NA,NA,NA,2021-08-28,27.79205,-175.819217,Day
G:\2021\5643\20210828_193604.wav,11/14/23 9:50,HMS,Whoop,8/28/2021 20:02:49.0,8/28/2021 20:02:49.1,1,1,NA,NA,NA,NA,NA,NA,NA,2021-08-28,27.79205,-175.819217,Day
G:\2021\5643\20210828_193604.wav,11/14/23 9:50,HMS,Croak,8/28/2021 20:02:52.5,8/28/2021 20:02:52.7,1,NA,NA,NA,NA,NA,NA,NA,NA,2021-08-28,27.79205,-175.819217,Day
G:\2021\5643\20210828_193604.wav,11/14/23 9:50,HMS,Growl,8/28/2021 20:02:58.3,8/28/2021 20:03:00.9,2,NA,NA,NA,NA,NA,NA,NA,NA,2021-08-28,27.79205,-175.819217,Day
G:\2021\5643\20210828_193604.wav,11/14/23 9:50,HMS,Croak,8/28/2021 20:03:01.7,8/28/2021 20:03:02.1,2,NA,NA,NA,NA,NA,NA,NA,NA,2021-08-28,27.79205,-175.819217,Day
G:\2021\5643\20210828_193604.wav,11/14/23 9:51,HMS,Growl,8/28/2021 20:03:04.6,8/28/2021 20:03:07.9,2,NA,NA,NA,NA,NA,NA,NA,NA,2021-08-28,27.79205,-175.819217,Day
G:\2021\5643\20210828_193604.wav,11/14/23 9:52,HMS,Growl,8/28/2021 21:00:43.3,8/28/2021 21:00:45.8,2,NA,NA,NA,NA,NA,NA,NA,NA,2021-08-28,27.79205,-175.819217,Night
G:\2021\5643\20210828_193604.wav,11/14/23 9:52,HMS,Croak,8/28/2021 21:00:46.4,8/28/2021 21:00:46.9,2,NA,NA,NA,NA,NA,NA,NA,NA,2021-08-28,27.79205,-175.819217,Night
G:\2021\5643\20210828_193604.wav,11/14/23 9:53,HMS,Growl,8/28/2021 21:00:49.5,8/28/2021 21:00:54.4,2,NA,NA,NA,NA,NA,NA,NA,NA,2021-08-28,27.79205,-175.819217,Night
G:\2021\5643\20210828_193604.wav,11/14/23 9:53,HMS,Whoop,8/28/2021 21:00:54.7,8/28/2021 21:00:55.1,2,2,NA,NA,NA,NA,NA,NA,NA,2021-08-28,27.79205,-175.819217,Night
G:\2021\5643\20210828_193604.wav,11/14/23 9:53,HMS,Whoop,8/28/2021 21:00:57.8,8/28/2021 21:00:58.0,1,1,NA,NA,NA,NA,NA,NA,NA,2021-08-28,27.79205,-175.819217,Night
G:\2021\5643\20210828_193604.wav,11/14/23 9:53,HMS,Croak,8/28/2021 21:00:59.0,8/28/2021 21:00:59.4,2,NA,NA,NA,NA,NA,NA,NA,NA,2021-08-28,27.79205,-175.819217,Night
G:\2021\5643\20210828_193604.wav,11/14/23 9:53,HMS,Growl,8/28/2021 21:01:00.2,8/28/2021 21:01:03.6,1,NA,NA,NA,NA,NA,NA,NA,NA,2021-08-28,27.79205,-175.819217,Night
G:\2021\5643\20210828_193604.wav,11/14/23 9:54,HMS,Growl,8/28/2021 21:01:05.1,8/28/2021 21:01:08.8,2,NA,NA,NA,NA,NA,NA,NA,NA,2021-08-28,27.79205,-175.819217,Night
G:\2021\5643\20210828_193604.wav,11/14/23 9:54,HMS,Croak,8/28/2021 21:01:16.6,8/28/2021 21:01:17.1,2,NA,NA,NA,NA,NA,NA,NA,NA,2021-08-28,27.79205,-175.819217,Night
G:\2021\5643\20210828_193604.wav,11/14/23 9:54,HMS,Growl,8/28/2021 21:01:17.8,8/28/2021 21:01:22.1,2,NA,NA,NA,NA,NA,NA,NA,NA,2021-08-28,27.79205,-175.819217,Night
G:\2021\5643\20210828_193604.wav,11/14/23 9:54,HMS,Growl,8/28/2021 21:01:23.6,8/28/2021 21:01:27.8,2,NA,NA,NA,NA,NA,NA,NA,NA,2021-08-28,27.79205,-175.819217,Night
G:\2021\5643\20210828_193604.wav,11/14/23 9:55,HMS,Croak,8/28/2021 21:01:30.3,8/28/2021 21:01:30.4,1,NA,NA,NA,NA,NA,NA,NA,NA,2021-08-28,27.79205,-175.819217,Night
G:\2021\5643\20210828_193604.wav,11/14/23 9:55,HMS,Croak,8/28/2021 21:01:34.9,8/28/2021 21:01:35.2,2,NA,NA,NA,NA,NA,NA,NA,NA,2021-08-28,27.79205,-175.819217,Night
G:\2021\5643\20210828_193604.wav,11/14/23 9:55,HMS,Growl,8/28/2021 21:01:43.8,8/28/2021 21:01:45.4,2,NA,NA,NA,NA,NA,NA,NA,NA,2021-08-28,27.79205,-175.819217,Night
G:\2021\5643\20210828_193604.wav,11/14/23 9:55,HMS,Whoop,8/28/2021 21:01:46.4,8/28/2021 21:01:47.4,1,3,NA,NA,NA,NA,NA,NA,NA,2021-08-28,27.79205,-175.819217,Night
G:\2021\5643\20210828_193604.wav,11/14/23 9:55,HMS,Growl,8/28/2021 21:01:58.8,8/28/2021 21:01:59.6,1,NA,NA,NA,NA,NA,NA,NA,NA,2021-08-28,27.79205,-175.819217,Night
G:\2021\5643\20210828_193604.wav,11/14/23 9:55,HMS,Growl,8/28/2021 21:02:14.4,8/28/2021 21:02:16.1,1,NA,NA,NA,NA,NA,NA,NA,NA,2021-08-28,27.79205,-175.819217,Night
G:\2021\5643\20210828_193604.wav,11/14/23 9:55,HMS,Growl,8/28/2021 21:02:22.4,8/28/2021 21:02:23.0,1,NA,NA,NA,NA,NA,NA,NA,NA,2021-08-28,27.79205,-175.819217,Night
G:\2021\5643\20210828_193604.wav,11/14/23 9:56,HMS,Growl,8/28/2021 21:02:23.5,8/28/2021 21:02:24.1,1,NA,NA,NA,NA,NA,NA,NA,NA,2021-08-28,27.79205,-175.819217,Night
G:\2021\5643\20210828_193604.wav,11/14/23 9:56,HMS,Growl,8/28/2021 21:02:27.4,8/28/2021 21:02:33.3,1,NA,NA,NA,NA,NA,NA,NA,NA,2021-08-28,27.79205,-175.819217,Night
G:\2021\5643\20210828_193604.wav,11/14/23 9:56,HMS,Growl,8/28/2021 21:03:00.2,8/28/2021 21:03:07.7,2,NA,NA,NA,NA,NA,NA,NA,NA,2021-08-28,27.79205,-175.819217,Night
G:\2021\5643\20210828_193604.wav,11/14/23 9:56,HMS,Croak,8/28/2021 21:03:08.3,8/28/2021 21:03:08.5,2,NA,NA,NA,NA,NA,NA,NA,NA,2021-08-28,27.79205,-175.819217,Night
G:\2021\5643\20210828_193604.wav,11/14/23 9:56,HMS,Croak,8/28/2021 21:03:10.9,8/28/2021 21:03:11.1,1,NA,NA,NA,NA,NA,NA,NA,NA,2021-08-28,27.79205,-175.819217,Night
G:\2021\5643\20210828_193604.wav,11/14/23 9:56,HMS,Growl,8/28/2021 21:03:12.2,8/28/2021 21:03:15.7,2,NA,NA,NA,NA,NA,NA,NA,NA,2021-08-28,27.79205,-175.819217,Night
G:\2021\5643\20210828_193604.wav,11/14/23 9:56,HMS,Growl,8/28/2021 21:03:25.4,8/28/2021 21:03:29.6,2,NA,NA,NA,NA,NA,NA,NA,NA,2021-08-28,27.79205,-175.819217,Night
G:\2021\5643\20210828_193604.wav,11/14/23 9:58,HMS,Growl,8/28/2021 21:04:31.0,8/28/2021 21:04:38.4,2,NA,NA,NA,NA,NA,NA,NA,NA,2021-08-28,27.79205,-175.819217,Night
G:\2021\5643\20210828_193604.wav,11/14/23 9:58,HMS,Croak,8/28/2021 21:04:38.9,8/28/2021 21:04:39.1,2,NA,NA,NA,NA,NA,NA,NA,NA,2021-08-28,27.79205,-175.819217,Night
G:\2021\5643\20210828_193604.wav,11/14/23 9:59,HMS,Croak,8/28/2021 21:04:42.2,8/28/2021 21:04:42.5,2,NA,NA,NA,NA,NA,NA,NA,NA,2021-08-28,27.79205,-175.819217,Night
G:\2021\5643\20210828_193604.wav,11/14/23 9:59,HMS,Croak,8/28/2021 21:04:44.7,8/28/2021 21:04:44.9,1,NA,NA,NA,NA,NA,NA,NA,NA,2021-08-28,27.79205,-175.819217,Night
G:\2021\5643\20210828_193604.wav,11/14/23 9:59,HMS,Croak,8/28/2021 21:04:50.0,8/28/2021 21:04:50.3,2,NA,NA,NA,NA,NA,NA,NA,NA,2021-08-28,27.79205,-175.819217,Night
G:\2021\5643\20210828_193604.wav,11/14/23 9:59,HMS,Croak,8/28/2021 21:04:50.7,8/28/2021 21:04:50.8,2,NA,NA,NA,NA,NA,NA,NA,NA,2021-08-28,27.79205,-175.819217,Night
G:\2021\5643\20210828_193604.wav,11/14/23 10:00,HMS,Growl,8/28/2021 21:04:51.7,8/28/2021 21:04:55.1,2,NA,NA,NA,NA,NA,NA,NA,NA,2021-08-28,27.79205,-175.819217,Night
G:\2021\5643\20210828_193604.wav,11/14/23 10:00,HMS,Whoop,8/28/2021 21:04:55.3,8/28/2021 21:04:55.7,1,2,NA,NA,NA,NA,NA,NA,NA,2021-08-28,27.79205,-175.819217,Night
G:\2021\5643\20210828_193604.wav,11/14/23 10:00,HMS,Croak,8/28/2021 21:04:56.0,8/28/2021 21:04:56.4,1,NA,NA,NA,NA,NA,NA,NA,NA,2021-08-28,27.79205,-175.819217,Night
G:\2021\5643\20210828_193604.wav,11/14/23 10:00,HMS,Growl,8/28/2021 21:04:57.1,8/28/2021 21:05:01.9,2,NA,NA,NA,NA,NA,NA,NA,NA,2021-08-28,27.79205,-175.819217,Night
G:\2021\5643\20210828_193604.wav,11/14/23 10:01,HMS,Growl,8/28/2021 22:01:58.6,8/28/2021 22:02:06.3,2,NA,NA,NA,NA,NA,NA,NA,NA,2021-08-28,27.79205,-175.819217,Night
G:\2021\5643\20210828_193604.wav,11/14/23 10:01,HMS,Croak,8/28/2021 22:02:06.8,8/28/2021 22:02:07.0,2,NA,NA,NA,NA,NA,NA,NA,NA,2021-08-28,27.79205,-175.819217,Night
G:\2021\5643\20210828_193604.wav,11/14/23 10:02,HMS,Croak,8/28/2021 22:02:09.6,8/28/2021 22:02:09.8,2,NA,NA,NA,NA,NA,NA,NA,NA,2021-08-28,27.79205,-175.819217,Night
G:\2021\5643\20210828_193604.wav,11/14/23 10:02,HMS,Croak,8/28/2021 22:02:11.4,8/28/2021 22:02:11.5,1,NA,NA,NA,NA,NA,NA,NA,NA,2021-08-28,27.79205,-175.819217,Night
G:\2021\5643\20210828_193604.wav,11/14/23 10:02,HMS,Croak,8/28/2021 22:02:16.1,8/28/2021 22:02:16.4,2,NA,NA,NA,NA,NA,NA,NA,NA,2021-08-28,27.79205,-175.819217,Night
G:\2021\5643\20210828_193604.wav,11/14/23 10:02,HMS,Croak,8/28/2021 22:02:16.8,8/28/2021 22:02:16.9,1,NA,NA,NA,NA,NA,NA,NA,NA,2021-08-28,27.79205,-175.819217,Night
G:\2021\5643\20210828_193604.wav,11/14/23 10:02,HMS,Growl,8/28/2021 22:02:17.8,8/28/2021 22:02:21.0,2,NA,NA,NA,NA,NA,NA,NA,NA,2021-08-28,27.79205,-175.819217,Night
G:\2021\5643\20210828_193604.wav,11/14/23 10:02,HMS,Whoop,8/28/2021 22:02:21.2,8/28/2021 22:02:21.6,1,2,NA,NA,NA,NA,NA,NA,NA,2021-08-28,27.79205,-175.819217,Night
G:\2021\5643\20210828_193604.wav,11/14/23 10:02,HMS,Croak,8/28/2021 22:02:22.3,8/28/2021 22:02:22.5,1,NA,NA,NA,NA,NA,NA,NA,NA,2021-08-28,27.79205,-175.819217,Night
G:\2021\5643\20210828_193604.wav,11/14/23 10:03,HMS,Growl,8/28/2021 22:03:36.1,8/28/2021 22:03:43.4,2,NA,NA,NA,NA,NA,NA,NA,NA,2021-08-28,27.79205,-175.819217,Night
G:\2021\5643\20210828_193604.wav,11/14/23 10:03,HMS,Croak,8/28/2021 22:03:43.8,8/28/2021 22:03:44.0,2,NA,NA,NA,NA,NA,NA,NA,NA,2021-08-28,27.79205,-175.819217,Night
G:\2021\5643\20210828_193604.wav,11/14/23 10:03,HMS,Croak,8/28/2021 22:03:46.3,8/28/2021 22:03:46.4,2,NA,NA,NA,NA,NA,NA,NA,NA,2021-08-28,27.79205,-175.819217,Night
G:\2021\5643\20210828_193604.wav,11/14/23 10:03,HMS,Growl,8/28/2021 22:03:48.3,8/28/2021 22:03:51.5,2,NA,NA,NA,NA,NA,NA,NA,NA,2021-08-28,27.79205,-175.819217,Night
G:\2021\5643\20210828_193604.wav,11/14/23 10:03,HMS,Whoop,8/28/2021 22:03:52.7,8/28/2021 22:03:53.8,1,4,NA,NA,NA,NA,NA,NA,NA,2021-08-28,27.79205,-175.819217,Night
G:\2021\5643\20210828_193604.wav,11/14/23 10:04,HMS,Whoop,8/28/2021 22:03:56.4,8/28/2021 22:03:56.5,1,1,NA,NA,NA,NA,NA,NA,NA,2021-08-28,27.79205,-175.819217,Night
G:\2021\5643\20210828_193604.wav,11/14/23 10:04,HMS,Croak,8/28/2021 22:03:58.2,8/28/2021 22:03:58.7,2,NA,NA,NA,NA,NA,NA,NA,NA,2021-08-28,27.79205,-175.819217,Night
G:\2021\5643\20210828_193604.wav,11/14/23 10:05,HMS,Whoop,8/28/2021 22:03:59.3,8/28/2021 22:03:59.8,1,2,NA,NA,NA,NA,NA,NA,NA,2021-08-28,27.79205,-175.819217,Night
G:\2021\5643\20210828_193604.wav,11/14/23 10:05,HMS,Croak,8/28/2021 22:04:00.1,8/28/2021 22:04:00.5,2,NA,NA,NA,NA,NA,NA,NA,NA,2021-08-28,27.79205,-175.819217,Night
G:\2021\5643\20210828_193604.wav,11/14/23 10:05,HMS,Growl,8/28/2021 22:04:01.1,8/28/2021 22:04:04.5,2,NA,NA,NA,NA,NA,NA,NA,NA,2021-08-28,27.79205,-175.819217,Night
G:\2021\5643\20210828_193604.wav,11/14/23 10:05,HMS,Growl,8/28/2021 22:04:06.0,8/28/2021 22:04:08.1,2,NA,NA,NA,NA,NA,NA,NA,NA,2021-08-28,27.79205,-175.819217,Night
G:\2021\5643\20210828_223603.wav,11/14/23 10:07,HMS,Growl,8/28/2021 23:00:02.2,8/28/2021 23:00:07.3,2,NA,NA,NA,NA,NA,NA,NA,NA,2021-08-28,27.79205,-175.819217,Night
G:\2021\5643\20210828_223603.wav,11/14/23 10:07,HMS,Whoop,8/28/2021 23:00:07.6,8/28/2021 23:00:08.1,2,2,NA,NA,NA,NA,NA,NA,NA,2021-08-28,27.79205,-175.819217,Night
G:\2021\5643\20210828_223603.wav,11/14/23 10:07,HMS,Whoop,8/28/2021 23:00:11.5,8/28/2021 23:00:11.7,2,1,NA,NA,NA,NA,NA,NA,NA,2021-08-28,27.79205,-175.819217,Night
G:\2021\5643\20210828_223603.wav,11/14/23 10:07,HMS,Moan,8/28/2021 23:00:13.2,8/28/2021 23:00:13.5,1,NA,NA,NA,NA,NA,NA,NA,NA,2021-08-28,27.79205,-175.819217,Night
G:\2021\5643\20210828_223603.wav,11/14/23 10:07,HMS,MoanGrowl,8/28/2021 23:00:13.8,8/28/2021 23:00:16.4,3,NA,NA,NA,NA,NA,NA,NA,NA,2021-08-28,27.79205,-175.819217,Night
G:\2021\5643\20210828_223603.wav,11/14/23 10:13,HMS,Growl,8/28/2021 23:02:01.7,8/28/2021 23:02:06.8,2,NA,NA,NA,NA,NA,NA,NA,NA,2021-08-28,27.79205,-175.819217,Night
G:\2021\5643\20210828_223603.wav,11/14/23 10:13,HMS,Croak,8/28/2021 23:02:08.8,8/28/2021 23:02:09.3,3,NA,NA,NA,NA,NA,NA,NA,NA,2021-08-28,27.79205,-175.819217,Night
G:\2021\5643\20210828_223603.wav,11/14/23 10:13,HMS,Croak,8/28/2021 23:02:10.2,8/28/2021 23:02:10.3,2,NA,NA,NA,NA,NA,NA,NA,NA,2021-08-28,27.79205,-175.819217,Night
G:\2021\5643\20210828_223603.wav,11/14/23 10:13,HMS,Growl,8/28/2021 23:02:14.6,8/28/2021 23:02:19.2,2,NA,NA,NA,NA,NA,NA,NA,NA,2021-08-28,27.79205,-175.819217,Night
G:\2021\5643\20210828_223603.wav,11/14/23 10:13,HMS,Whoop,8/28/2021 23:02:19.5,8/28/2021 23:02:20.4,1,3,NA,NA,NA,NA,NA,NA,NA,2021-08-28,27.79205,-175.819217,Night
G:\2021\5643\20210828_223603.wav,11/14/23 10:13,HMS,Croak,8/28/2021 23:02:20.8,8/28/2021 23:02:21.2,2,NA,NA,NA,NA,NA,NA,NA,NA,2021-08-28,27.79205,-175.819217,Night
G:\2021\5643\20210828_223603.wav,11/14/23 10:14,HMS,Growl,8/28/2021 23:02:21.9,8/28/2021 23:02:26.1,2,NA,NA,NA,NA,NA,NA,NA,NA,2021-08-28,27.79205,-175.819217,Night
G:\2021\5643\20210828_223603.wav,11/14/23 10:14,HMS,Growl,8/28/2021 23:02:27.3,8/28/2021 23:02:32.0,2,NA,NA,NA,NA,NA,NA,NA,NA,2021-08-28,27.79205,-175.819217,Night
G:\2021\5643\20210828_223603.wav,11/14/23 10:14,HMS,Croak,8/28/2021 23:02:33.4,8/28/2021 23:02:33.6,1,NA,NA,NA,NA,NA,NA,NA,NA,2021-08-28,27.79205,-175.819217,Night
G:\2021\5643\20210828_223603.wav,11/14/23 10:15,HMS,Croak,8/28/2021 23:02:36.9,8/28/2021 23:02:37.1,2,NA,NA,NA,NA,NA,NA,NA,NA,2021-08-28,27.79205,-175.819217,Night
G:\2021\5643\20210828_223603.wav,11/14/23 10:15,HMS,Growl,8/28/2021 23:02:43.1,8/28/2021 23:02:44.6,2,NA,NA,NA,NA,NA,NA,NA,NA,2021-08-28,27.79205,-175.819217,Night
G:\2021\5643\20210828_223603.wav,11/14/23 10:15,HMS,Croak,8/28/2021 23:02:46.7,8/28/2021 23:02:47.0,1,NA,NA,NA,NA,NA,NA,NA,NA,2021-08-28,27.79205,-175.819217,Night
G:\2021\5643\20210828_223603.wav,11/14/23 10:15,HMS,Growl,8/28/2021 23:03:47.2,8/28/2021 23:03:54.7,2,NA,NA,NA,NA,NA,NA,NA,NA,2021-08-28,27.79205,-175.819217,Night
G:\2021\5643\20210828_223603.wav,11/14/23 10:16,HMS,Whoop,8/28/2021 23:03:56.2,8/28/2021 23:03:56.9,1,2,NA,NA,NA,NA,NA,NA,NA,2021-08-28,27.79205,-175.819217,Night
G:\2021\5643\20210828_223603.wav,11/14/23 10:16,HMS,Croak,8/28/2021 23:03:57.3,8/28/2021 23:03:57.8,2,NA,NA,NA,NA,NA,NA,NA,NA,2021-08-28,27.79205,-175.819217,Night
G:\2021\5643\20210828_223603.wav,11/14/23 10:17,HMS,Growl,8/28/2021 23:03:58.4,8/28/2021 23:04:02.7,2,NA,NA,NA,NA,NA,author End,NA,NA,2021-08-28,27.79205,-175.819217,Night
E:\PHR\5643\20210829_223555.wav,5/1/23 15:45,HMS,Growl,8/30/2021 0:02:05.5,8/30/2021 0:02:10.5,2,NA,NA,NA,NA,NA,NA,NA,NA,2021-08-30,27.79205,-175.819217,Night
E:\PHR\5643\20210829_223555.wav,5/1/23 15:45,HMS,Croak,8/30/2021 0:02:11.2,8/30/2021 0:02:11.4,2,NA,NA,NA,NA,NA,NA,NA,NA,2021-08-30,27.79205,-175.819217,Night
E:\PHR\5643\20210829_223555.wav,5/1/23 15:45,HMS,Growl,8/30/2021 0:02:14.2,8/30/2021 0:02:17.4,2,NA,NA,NA,NA,NA,NA,NA,NA,2021-08-30,27.79205,-175.819217,Night
E:\PHR\5643\20210829_223555.wav,5/1/23 15:46,HMS,Growl,8/30/2021 0:02:31.5,8/30/2021 0:02:32.5,2,NA,NA,NA,NA,NA,NA,NA,NA,2021-08-30,27.79205,-175.819217,Night
E:\PHR\5643\20210829_223555.wav,5/1/23 15:46,HMS,Croak,8/30/2021 0:02:33.1,8/30/2021 0:02:33.5,2,NA,NA,NA,NA,NA,NA,NA,NA,2021-08-30,27.79205,-175.819217,Night
E:\PHR\5643\20210829_223555.wav,5/1/23 15:46,HMS,Growl,8/30/2021 0:02:35.5,8/30/2021 0:02:38.8,2,NA,NA,NA,NA,NA,NA,NA,NA,2021-08-30,27.79205,-175.819217,Night
G:\2021\5643\20210830_013554.wav,11/14/23 11:47,HMS,Growl,8/30/2021 3:01:51.4,8/30/2021 3:01:55.1,1,NA,NA,NA,NA,NA,author start,NA,NA,2021-08-30,27.79205,-175.819217,Night
G:\2021\5643\20210830_013554.wav,11/14/23 11:48,HMS,Growl,8/30/2021 3:01:56.5,8/30/2021 3:01:57.2,1,NA,NA,NA,NA,NA,NA,NA,NA,2021-08-30,27.79205,-175.819217,Night
G:\2021\5643\20210830_013554.wav,11/14/23 11:48,HMS,Growl,8/30/2021 3:01:57.6,8/30/2021 3:02:02.1,1,NA,NA,NA,NA,NA,NA,NA,NA,2021-08-30,27.79205,-175.819217,Night
G:\2021\5643\20210830_013554.wav,11/14/23 11:48,HMS,Growl,8/30/2021 3:02:48.8,8/30/2021 3:02:52.2,1,NA,NA,NA,NA,NA,NA,NA,NA,2021-08-30,27.79205,-175.819217,Night
G:\2021\5643\20210830_013554.wav,11/14/23 11:49,HMS,Growl,8/30/2021 3:04:01.8,8/30/2021 3:04:05.6,1,NA,NA,NA,NA,NA,NA,NA,NA,2021-08-30,27.79205,-175.819217,Night
G:\2021\5643\20210830_013554.wav,11/14/23 11:49,HMS,Growl,8/30/2021 3:04:07.3,8/30/2021 3:04:08.2,1,NA,NA,NA,NA,NA,NA,NA,NA,2021-08-30,27.79205,-175.819217,Night
G:\2021\5643\20210830_013554.wav,11/14/23 11:49,HMS,Growl,8/30/2021 3:04:14.2,8/30/2021 3:04:17.7,1,NA,NA,NA,NA,NA,NA,NA,NA,2021-08-30,27.79205,-175.819217,Night
G:\2021\5643\20210830_013554.wav,11/14/23 11:49,HMS,Growl,8/30/2021 3:04:20.7,8/30/2021 3:04:24.8,1,NA,NA,NA,NA,NA,NA,NA,NA,2021-08-30,27.79205,-175.819217,Night
G:\2021\5643\20210830_013554.wav,11/14/23 11:50,HMS,Growl,8/30/2021 4:01:03.3,8/30/2021 4:01:08.5,3,NA,NA,NA,NA,NA,NA,NA,NA,2021-08-30,27.79205,-175.819217,Night
G:\2021\5643\20210830_013554.wav,11/14/23 11:51,HMS,Growl,8/30/2021 4:01:11.0,8/30/2021 4:01:13.0,3,NA,NA,NA,NA,NA,NA,NA,NA,2021-08-30,27.79205,-175.819217,Night
G:\2021\5643\20210830_013554.wav,11/14/23 11:51,HMS,Growl,8/30/2021 4:01:13.4,8/30/2021 4:01:14.1,3,NA,NA,NA,NA,NA,NA,NA,NA,2021-08-30,27.79205,-175.819217,Night
G:\2021\5643\20210830_013554.wav,11/14/23 11:51,HMS,Growl,8/30/2021 4:01:16.3,8/30/2021 4:01:22.2,3,NA,NA,NA,NA,NA,NA,NA,NA,2021-08-30,27.79205,-175.819217,Night
G:\2021\5643\20210830_013554.wav,11/14/23 11:51,HMS,Whoop,8/30/2021 4:01:22.4,8/30/2021 4:01:22.9,2,2,NA,NA,NA,NA,NA,NA,NA,2021-08-30,27.79205,-175.819217,Night
G:\2021\5643\20210830_013554.wav,11/14/23 11:51,HMS,Croak,8/30/2021 4:01:25.5,8/30/2021 4:01:25.8,2,NA,NA,NA,NA,NA,NA,NA,NA,2021-08-30,27.79205,-175.819217,Night
G:\2021\5643\20210830_013554.wav,11/14/23 11:52,HMS,Growl,8/30/2021 4:01:27.2,8/30/2021 4:01:32.2,3,NA,NA,NA,NA,NA,NA,NA,NA,2021-08-30,27.79205,-175.819217,Night
G:\2021\5643\20210830_013554.wav,11/14/23 11:53,HMS,Croak,8/30/2021 4:01:33.9,8/30/2021 4:01:34.1,3,NA,NA,NA,NA,NA,NA,NA,NA,2021-08-30,27.79205,-175.819217,Night
G:\2021\5643\20210830_013554.wav,11/14/23 11:53,HMS,Croak,8/30/2021 4:01:40.2,8/30/2021 4:01:40.5,2,NA,NA,NA,NA,NA,NA,NA,NA,2021-08-30,27.79205,-175.819217,Night
G:\2021\5643\20210830_013554.wav,11/14/23 11:53,HMS,Growl,8/30/2021 4:01:47.1,8/30/2021 4:01:49.4,2,NA,NA,NA,NA,NA,NA,NA,NA,2021-08-30,27.79205,-175.819217,Night
G:\2021\5643\20210830_013554.wav,11/14/23 11:53,HMS,Growl,8/30/2021 4:01:50.1,8/30/2021 4:01:50.7,2,NA,NA,NA,NA,NA,NA,NA,NA,2021-08-30,27.79205,-175.819217,Night
G:\2021\5643\20210830_013554.wav,11/14/23 11:53,HMS,Growl,8/30/2021 4:01:53.0,8/30/2021 4:01:56.9,2,NA,NA,NA,NA,NA,NA,NA,NA,2021-08-30,27.79205,-175.819217,Night
G:\2021\5643\20210830_013554.wav,11/14/23 11:53,HMS,Growl,8/30/2021 4:03:18.8,8/30/2021 4:03:27.0,3,NA,NA,NA,NA,NA,NA,NA,NA,2021-08-30,27.79205,-175.819217,Night
G:\2021\5643\20210830_013554.wav,11/14/23 11:54,HMS,Whoop,8/30/2021 4:03:29.3,8/30/2021 4:03:30.3,2,3,NA,NA,NA,NA,NA,NA,NA,2021-08-30,27.79205,-175.819217,Night
G:\2021\5643\20210830_013554.wav,11/14/23 11:54,HMS,Growl,8/30/2021 4:03:30.5,8/30/2021 4:03:31.1,3,NA,NA,NA,NA,NA,NA,NA,NA,2021-08-30,27.79205,-175.819217,Night
G:\2021\5643\20210830_013554.wav,11/14/23 11:54,HMS,Growl,8/30/2021 4:03:31.7,8/30/2021 4:03:35.2,3,NA,NA,NA,NA,NA,NA,NA,NA,2021-08-30,27.79205,-175.819217,Night
G:\2021\5643\20210830_013554.wav,11/14/23 11:55,HMS,Whoop,8/30/2021 4:03:37.2,8/30/2021 4:03:38.0,2,3,NA,NA,NA,NA,NA,NA,NA,2021-08-30,27.79205,-175.819217,Night
G:\2021\5643\20210830_013554.wav,11/14/23 11:55,HMS,Growl,8/30/2021 4:03:42.4,8/30/2021 4:03:43.4,2,NA,NA,NA,NA,NA,NA,NA,NA,2021-08-30,27.79205,-175.819217,Night
G:\2021\5643\20210830_013554.wav,11/14/23 11:55,HMS,Growl,8/30/2021 4:03:43.8,8/30/2021 4:03:44.4,2,NA,NA,NA,NA,NA,NA,NA,NA,2021-08-30,27.79205,-175.819217,Night
G:\2021\5643\20210830_013554.wav,11/14/23 11:55,HMS,Growl,8/30/2021 4:03:46.3,8/30/2021 4:03:49.8,2,NA,NA,NA,NA,NA,NA,NA,NA,2021-08-30,27.79205,-175.819217,Night
C:\Users\mmrph\Desktop\author's Interns\PHR_wavfiles\WAVfiles\210830\20210830_043553.wav,3/28/23 9:24,HMS,Growl,8/30/2021 5:00:29.3,8/30/2021 5:00:34.1,1,NA,NA,NA,NA,NA,author starting analysis,NA,NA,2021-08-30,27.79205,-175.819217,Night
C:\Users\mmrph\Desktop\author's Interns\PHR_wavfiles\WAVfiles\210830\20210830_043553.wav,3/28/23 9:25,HMS,Growl,8/30/2021 5:00:38.6,8/30/2021 5:00:43.2,1,NA,NA,NA,NA,NA,NA,NA,NA,2021-08-30,27.79205,-175.819217,Night
C:\Users\mmrph\Desktop\author's Interns\PHR_wavfiles\WAVfiles\210830\20210830_043553.wav,3/28/23 9:25,HMS,Growl,8/30/2021 5:00:44.5,8/30/2021 5:00:47.1,1,NA,NA,NA,NA,NA,NA,NA,NA,2021-08-30,27.79205,-175.819217,Night
C:\Users\mmrph\Desktop\author's Interns\PHR_wavfiles\WAVfiles\210830\20210830_043553.wav,3/28/23 9:26,HMS,Growl,8/30/2021 5:01:02.4,8/30/2021 5:01:05.5,1,NA,NA,NA,NA,NA,NA,NA,NA,2021-08-30,27.79205,-175.819217,Night
C:\Users\mmrph\Desktop\author's Interns\PHR_wavfiles\WAVfiles\210830\20210830_043553.wav,3/28/23 9:27,HMS,Growl,8/30/2021 5:02:45.8,8/30/2021 5:02:49.0,1,NA,NA,NA,NA,NA,NA,NA,NA,2021-08-30,27.79205,-175.819217,Night
C:\Users\mmrph\Desktop\author's Interns\PHR_wavfiles\WAVfiles\210830\20210830_043553.wav,3/28/23 9:27,HMS,Croak,8/30/2021 5:02:51.0,8/30/2021 5:02:51.4,1,NA,NA,NA,NA,NA,NA,NA,NA,2021-08-30,27.79205,-175.819217,Night
C:\Users\mmrph\Desktop\author's Interns\PHR_wavfiles\WAVfiles\210830\20210830_043553.wav,3/28/23 9:28,HMS,Croak,8/30/2021 5:02:55.3,8/30/2021 5:02:55.7,1,NA,NA,NA,NA,NA,NA,NA,NA,2021-08-30,27.79205,-175.819217,Night
C:\Users\mmrph\Desktop\author's Interns\PHR_wavfiles\WAVfiles\210830\20210830_043553.wav,3/28/23 9:30,HMS,Growl,8/30/2021 5:02:56.4,8/30/2021 5:02:59.5,1,NA,NA,NA,NA,NA,NA,NA,NA,2021-08-30,27.79205,-175.819217,Night
C:\Users\mmrph\Desktop\author's Interns\PHR_wavfiles\WAVfiles\210830\20210830_043553.wav,3/28/23 9:33,HMS,Croak,8/30/2021 5:03:05.8,8/30/2021 5:03:06.1,1,NA,NA,NA,NA,NA,NA,NA,NA,2021-08-30,27.79205,-175.819217,Night
C:\Users\mmrph\Desktop\author's Interns\PHR_wavfiles\WAVfiles\210830\20210830_043553.wav,3/28/23 9:33,HMS,Growl,8/30/2021 5:03:06.3,8/30/2021 5:03:09.2,1,NA,NA,NA,NA,NA,NA,NA,NA,2021-08-30,27.79205,-175.819217,Night
C:\Users\mmrph\Desktop\author's Interns\PHR_wavfiles\WAVfiles\210830\20210830_043553.wav,3/28/23 9:34,HMS,Growl,8/30/2021 5:03:10.0,8/30/2021 5:03:14.0,1,NA,NA,NA,NA,NA,NA,NA,NA,2021-08-30,27.79205,-175.819217,Night
C:\Users\mmrph\Desktop\author's Interns\PHR_wavfiles\WAVfiles\210830\20210830_043553.wav,3/28/23 9:36,HMS,Growl,8/30/2021 7:01:55.9,8/30/2021 7:01:58.5,1,NA,NA,NA,NA,NA,NA,NA,NA,2021-08-30,27.79205,-175.819217,Night
C:\Users\mmrph\Desktop\author's Interns\PHR_wavfiles\WAVfiles\210830\20210830_043553.wav,3/28/23 9:37,HMS,Growl,8/30/2021 7:02:09.0,8/30/2021 7:02:12.4,1,NA,NA,NA,NA,NA,NA,NA,NA,2021-08-30,27.79205,-175.819217,Night
C:\Users\mmrph\Desktop\author's Interns\PHR_wavfiles\WAVfiles\210830\20210830_043553.wav,3/28/23 9:37,HMS,Croak,8/30/2021 7:02:18.1,8/30/2021 7:02:18.4,1,NA,NA,NA,NA,NA,NA,NA,NA,2021-08-30,27.79205,-175.819217,Night
C:\Users\mmrph\Desktop\author's Interns\PHR_wavfiles\WAVfiles\210830\20210830_043553.wav,3/28/23 9:37,HMS,Croak,8/30/2021 7:02:19.2,8/30/2021 7:02:19.5,1,NA,NA,NA,NA,NA,NA,NA,NA,2021-08-30,27.79205,-175.819217,Night
C:\Users\mmrph\Desktop\author's Interns\PHR_wavfiles\WAVfiles\210830\20210830_043553.wav,3/28/23 9:37,HMS,Growl,8/30/2021 7:02:25.6,8/30/2021 7:02:28.2,1,NA,NA,NA,NA,NA,NA,NA,NA,2021-08-30,27.79205,-175.819217,Night
C:\Users\mmrph\Desktop\author's Interns\PHR_wavfiles\WAVfiles\210830\20210830_043553.wav,3/28/23 9:40,HMS,Growl,8/30/2021 7:04:01.8,8/30/2021 7:04:05.2,1,NA,NA,NA,NA,NA,NA,NA,NA,2021-08-30,27.79205,-175.819217,Night
C:\Users\mmrph\Desktop\author's Interns\PHR_wavfiles\WAVfiles\210830\20210830_043553.wav,3/28/23 9:40,HMS,Growl,8/30/2021 7:04:06.6,8/30/2021 7:04:09.5,1,NA,NA,NA,NA,NA,NA,NA,NA,2021-08-30,27.79205,-175.819217,Night
C:\Users\mmrph\Desktop\author's Interns\PHR_wavfiles\WAVfiles\210830\20210830_073552.wav,3/28/23 9:44,HMS,Growl,8/30/2021 8:00:20.2,8/30/2021 8:00:26.9,1,NA,NA,NA,NA,NA,NA,NA,NA,2021-08-30,27.79205,-175.819217,Day
C:\Users\mmrph\Desktop\author's Interns\PHR_wavfiles\WAVfiles\210830\20210830_073552.wav,3/28/23 9:45,HMS,Croak,8/30/2021 8:00:30.8,8/30/2021 8:00:31.1,1,NA,NA,NA,NA,NA,NA,NA,NA,2021-08-30,27.79205,-175.819217,Day
C:\Users\mmrph\Desktop\author's Interns\PHR_wavfiles\WAVfiles\210830\20210830_073552.wav,3/28/23 9:45,HMS,Growl,8/30/2021 8:00:33.0,8/30/2021 8:00:33.0,1,NA,NA,NA,NA,NA,NA,NA,NA,2021-08-30,27.79205,-175.819217,Day
C:\Users\mmrph\Desktop\author's Interns\PHR_wavfiles\WAVfiles\210830\20210830_073552.wav,3/28/23 9:45,HMS,Moan,8/30/2021 8:00:43.0,8/30/2021 8:00:44.0,1,NA,NA,NA,NA,NA,NA,NA,NA,2021-08-30,27.79205,-175.819217,Day
C:\Users\mmrph\Desktop\author's Interns\PHR_wavfiles\WAVfiles\210830\20210830_073552.wav,3/28/23 9:45,HMS,MoanGrowl,8/30/2021 8:00:44.5,8/30/2021 8:00:50.0,1,NA,NA,NA,NA,NA,NA,NA,NA,2021-08-30,27.79205,-175.819217,Day
C:\Users\mmrph\Desktop\author's Interns\PHR_wavfiles\WAVfiles\210830\20210830_073552.wav,3/28/23 9:45,HMS,Growl,8/30/2021 8:00:50.0,8/30/2021 8:00:55.4,1,NA,NA,NA,NA,NA,NA,NA,NA,2021-08-30,27.79205,-175.819217,Day
C:\Users\mmrph\Desktop\author's Interns\PHR_wavfiles\WAVfiles\210830\20210830_073552.wav,3/28/23 9:46,HMS,Growl,8/30/2021 8:01:58.7,8/30/2021 8:02:00.9,1,NA,NA,NA,NA,NA,NA,NA,NA,2021-08-30,27.79205,-175.819217,Day
C:\Users\mmrph\Desktop\author's Interns\PHR_wavfiles\WAVfiles\210830\20210830_073552.wav,3/28/23 9:46,HMS,Growl,8/30/2021 8:02:06.8,8/30/2021 8:02:09.5,1,NA,NA,NA,NA,NA,NA,NA,NA,2021-08-30,27.79205,-175.819217,Day
C:\Users\mmrph\Desktop\author's Interns\PHR_wavfiles\WAVfiles\210830\20210830_073552.wav,3/28/23 9:47,HMS,Growl,8/30/2021 8:02:43.1,8/30/2021 8:02:46.8,1,NA,NA,NA,NA,NA,NA,NA,NA,2021-08-30,27.79205,-175.819217,Day
C:\Users\mmrph\Desktop\author's Interns\PHR_wavfiles\WAVfiles\210830\20210830_073552.wav,3/28/23 9:47,HMS,Croak,8/30/2021 8:02:47.5,8/30/2021 8:02:47.8,1,NA,NA,NA,NA,NA,NA,NA,NA,2021-08-30,27.79205,-175.819217,Day
C:\Users\mmrph\Desktop\author's Interns\PHR_wavfiles\WAVfiles\210830\20210830_073552.wav,3/28/23 9:48,HMS,Growl,8/30/2021 8:02:49.9,8/30/2021 8:02:54.0,1,NA,NA,NA,NA,NA,NA,NA,NA,2021-08-30,27.79205,-175.819217,Day
C:\Users\mmrph\Desktop\author's Interns\PHR_wavfiles\WAVfiles\210830\20210830_073552.wav,3/28/23 9:48,HMS,Growl,8/30/2021 8:02:58.9,8/30/2021 8:03:02.7,1,NA,NA,NA,NA,NA,NA,NA,NA,2021-08-30,27.79205,-175.819217,Day
C:\Users\mmrph\Desktop\author's Interns\PHR_wavfiles\WAVfiles\210830\20210830_073552.wav,3/28/23 9:49,HMS,Growl,8/30/2021 8:03:08.2,8/30/2021 8:03:11.7,1,NA,NA,NA,NA,NA,NA,NA,NA,2021-08-30,27.79205,-175.819217,Day
C:\Users\mmrph\Desktop\author's Interns\PHR_wavfiles\WAVfiles\210830\20210830_073552.wav,3/28/23 9:49,HMS,Croak,8/30/2021 8:03:15.4,8/30/2021 8:03:15.8,1,NA,NA,NA,NA,NA,NA,NA,NA,2021-08-30,27.79205,-175.819217,Day
C:\Users\mmrph\Desktop\author's Interns\PHR_wavfiles\WAVfiles\210830\20210830_073552.wav,3/28/23 9:50,HMS,Growl,8/30/2021 8:04:02.2,8/30/2021 8:04:04.5,2,NA,NA,NA,NA,NA,NA,NA,NA,2021-08-30,27.79205,-175.819217,Day
C:\Users\mmrph\Desktop\author's Interns\PHR_wavfiles\WAVfiles\210830\20210830_073552.wav,3/28/23 9:51,HMS,Croak,8/30/2021 8:04:05.5,8/30/2021 8:04:05.8,2,NA,NA,NA,NA,NA,NA,NA,NA,2021-08-30,27.79205,-175.819217,Day
C:\Users\mmrph\Desktop\author's Interns\PHR_wavfiles\WAVfiles\210830\20210830_073552.wav,3/28/23 9:51,HMS,Growl,8/30/2021 8:04:08.6,8/30/2021 8:04:12.3,2,NA,NA,NA,NA,NA,NA,NA,NA,2021-08-30,27.79205,-175.819217,Day
C:\Users\mmrph\Desktop\author's Interns\PHR_wavfiles\WAVfiles\210830\20210830_073552.wav,3/28/23 9:51,HMS,Whoop,8/30/2021 8:04:12.5,8/30/2021 8:04:13.5,2,4,NA,NA,NA,NA,NA,NA,NA,2021-08-30,27.79205,-175.819217,Day
C:\Users\mmrph\Desktop\author's Interns\PHR_wavfiles\WAVfiles\210830\20210830_073552.wav,3/28/23 9:51,HMS,Croak,8/30/2021 8:04:17.9,8/30/2021 8:04:18.3,2,NA,NA,NA,NA,NA,NA,NA,NA,2021-08-30,27.79205,-175.819217,Day
C:\Users\mmrph\Desktop\author's Interns\PHR_wavfiles\WAVfiles\210830\20210830_073552.wav,3/28/23 9:51,HMS,Croak,8/30/2021 8:04:18.9,8/30/2021 8:04:19.3,2,NA,NA,NA,NA,NA,NA,NA,NA,2021-08-30,27.79205,-175.819217,Day
C:\Users\mmrph\Desktop\author's Interns\PHR_wavfiles\WAVfiles\210830\20210830_073552.wav,3/28/23 9:51,HMS,Growl,8/30/2021 8:04:21.2,8/30/2021 8:04:24.8,2,NA,NA,NA,NA,NA,NA,NA,NA,2021-08-30,27.79205,-175.819217,Day
C:\Users\mmrph\Desktop\author's Interns\PHR_wavfiles\WAVfiles\210830\20210830_073552.wav,3/28/23 9:51,HMS,Whoop,8/30/2021 8:04:25.6,8/30/2021 8:04:25.9,2,2,NA,NA,NA,NA,NA,NA,NA,2021-08-30,27.79205,-175.819217,Day
C:\Users\mmrph\Desktop\author's Interns\PHR_wavfiles\WAVfiles\210830\20210830_073552.wav,3/28/23 9:52,HMS,Croak,8/30/2021 8:04:27.9,8/30/2021 8:04:28.2,2,NA,NA,NA,NA,NA,NA,NA,NA,2021-08-30,27.79205,-175.819217,Day
C:\Users\mmrph\Desktop\author's Interns\PHR_wavfiles\WAVfiles\210830\20210830_073552.wav,3/28/23 9:53,HMS,Whoop,8/30/2021 8:04:31.4,8/30/2021 8:04:32.0,2,2,NA,NA,NA,NA,NA,NA,NA,2021-08-30,27.79205,-175.819217,Day
C:\Users\mmrph\Desktop\author's Interns\PHR_wavfiles\WAVfiles\210830\20210830_073552.wav,3/28/23 9:53,HMS,Croak,8/30/2021 8:04:32.4,8/30/2021 8:04:32.8,2,NA,NA,NA,NA,NA,NA,NA,NA,2021-08-30,27.79205,-175.819217,Day
C:\Users\mmrph\Desktop\author's Interns\PHR_wavfiles\WAVfiles\210830\20210830_073552.wav,3/28/23 9:53,HMS,Growl,8/30/2021 8:04:33.3,8/30/2021 8:04:37.5,2,NA,NA,NA,NA,NA,NA,NA,NA,2021-08-30,27.79205,-175.819217,Day
C:\Users\mmrph\Desktop\author's Interns\PHR_wavfiles\WAVfiles\210830\20210830_073552.wav,3/28/23 9:54,HMS,Croak,8/30/2021 8:04:41.2,8/30/2021 8:04:41.5,2,NA,NA,NA,NA,NA,NA,NA,NA,2021-08-30,27.79205,-175.819217,Day
C:\Users\mmrph\Desktop\author's Interns\PHR_wavfiles\WAVfiles\210830\20210830_073552.wav,3/28/23 9:54,HMS,Whoop,8/30/2021 8:04:42.0,8/30/2021 8:04:42.1,2,1,NA,NA,NA,NA,NA,NA,NA,2021-08-30,27.79205,-175.819217,Day
C:\Users\mmrph\Desktop\author's Interns\PHR_wavfiles\WAVfiles\210830\20210830_073552.wav,3/28/23 9:54,HMS,Growl,8/30/2021 8:04:47.7,8/30/2021 8:04:49.1,2,NA,NA,NA,NA,NA,NA,NA,NA,2021-08-30,27.79205,-175.819217,Day
C:\Users\mmrph\Desktop\author's Interns\PHR_wavfiles\WAVfiles\210830\20210830_073552.wav,3/28/23 9:54,HMS,Whoop,8/30/2021 8:04:50.5,8/30/2021 8:04:51.4,2,3,NA,NA,NA,NA,NA,NA,NA,2021-08-30,27.79205,-175.819217,Day
C:\Users\mmrph\Desktop\author's Interns\PHR_wavfiles\WAVfiles\210830\20210830_073552.wav,3/28/23 9:54,HMS,Croak,8/30/2021 8:04:51.7,8/30/2021 8:04:52.1,2,NA,NA,NA,NA,NA,NA,NA,NA,2021-08-30,27.79205,-175.819217,Day
C:\Users\mmrph\Desktop\author's Interns\PHR_wavfiles\WAVfiles\210830\20210830_073552.wav,3/28/23 9:54,HMS,Growl,8/30/2021 8:04:52.9,8/30/2021 8:04:56.8,2,NA,NA,NA,NA,NA,NA,NA,NA,2021-08-30,27.79205,-175.819217,Day
C:\Users\mmrph\Desktop\author's Interns\PHR_wavfiles\WAVfiles\210830\20210830_073552.wav,3/28/23 9:55,HMS,Whoop,8/30/2021 8:04:57.3,8/30/2021 8:04:57.4,2,1,NA,NA,NA,NA,NA,NA,NA,2021-08-30,27.79205,-175.819217,Day
C:\Users\mmrph\Desktop\author's Interns\PHR_wavfiles\WAVfiles\210830\20210830_073552.wav,3/28/23 10:06,HMS,Growl,8/30/2021 9:00:41.0,8/30/2021 9:00:46.4,1,NA,NA,NA,NA,NA,NA,NA,NA,2021-08-30,27.79205,-175.819217,Day
C:\Users\mmrph\Desktop\author's Interns\PHR_wavfiles\WAVfiles\210830\20210830_073552.wav,3/28/23 10:06,HMS,Croak,8/30/2021 9:00:47.1,8/30/2021 9:00:47.3,1,NA,NA,NA,NA,NA,NA,NA,NA,2021-08-30,27.79205,-175.819217,Day
C:\Users\mmrph\Desktop\author's Interns\PHR_wavfiles\WAVfiles\210830\20210830_073552.wav,3/28/23 10:06,HMS,Growl,8/30/2021 9:00:50.5,8/30/2021 9:00:53.9,1,NA,NA,NA,NA,NA,NA,NA,NA,2021-08-30,27.79205,-175.819217,Day
C:\Users\mmrph\Desktop\author's Interns\PHR_wavfiles\WAVfiles\210830\20210830_073552.wav,3/28/23 10:07,HMS,Growl,8/30/2021 9:01:06.2,8/30/2021 9:01:09.5,1,NA,NA,NA,NA,NA,NA,NA,NA,2021-08-30,27.79205,-175.819217,Day
C:\Users\mmrph\Desktop\author's Interns\PHR_wavfiles\WAVfiles\210830\20210830_073552.wav,3/28/23 10:09,HMS,Growl,8/30/2021 9:02:32.5,8/30/2021 9:02:36.8,1,NA,NA,NA,NA,NA,NA,NA,NA,2021-08-30,27.79205,-175.819217,Day
C:\Users\mmrph\Desktop\author's Interns\PHR_wavfiles\WAVfiles\210830\20210830_073552.wav,3/28/23 10:09,HMS,Croak,8/30/2021 9:02:41.1,8/30/2021 9:02:41.4,1,NA,NA,NA,NA,NA,NA,NA,NA,2021-08-30,27.79205,-175.819217,Day
C:\Users\mmrph\Desktop\author's Interns\PHR_wavfiles\WAVfiles\210830\20210830_073552.wav,3/28/23 10:09,HMS,Croak,8/30/2021 9:02:49.9,8/30/2021 9:02:50.3,1,NA,NA,NA,NA,NA,NA,NA,NA,2021-08-30,27.79205,-175.819217,Day
C:\Users\mmrph\Desktop\author's Interns\PHR_wavfiles\WAVfiles\210830\20210830_073552.wav,3/28/23 10:09,HMS,Growl,8/30/2021 9:02:51.0,8/30/2021 9:02:53.7,1,NA,NA,NA,NA,NA,NA,NA,NA,2021-08-30,27.79205,-175.819217,Day
C:\Users\mmrph\Desktop\author's Interns\PHR_wavfiles\WAVfiles\210830\20210830_073552.wav,3/28/23 10:11,HMS,Growl,8/30/2021 10:00:46.5,8/30/2021 10:00:49.7,1,NA,NA,NA,NA,NA,NA,NA,NA,2021-08-30,27.79205,-175.819217,Day
C:\Users\mmrph\Desktop\author's Interns\PHR_wavfiles\WAVfiles\210830\20210830_073552.wav,3/28/23 10:11,HMS,Croak,8/30/2021 10:00:53.4,8/30/2021 10:00:53.7,1,NA,NA,NA,NA,NA,NA,NA,NA,2021-08-30,27.79205,-175.819217,Day
C:\Users\mmrph\Desktop\author's Interns\PHR_wavfiles\WAVfiles\210830\20210830_073552.wav,3/28/23 10:14,HMS,Growl,8/30/2021 10:02:31.8,8/30/2021 10:02:36.5,1,NA,NA,NA,NA,NA,NA,NA,NA,2021-08-30,27.79205,-175.819217,Day
C:\Users\mmrph\Desktop\author's Interns\PHR_wavfiles\WAVfiles\210830\20210830_073552.wav,3/28/23 10:15,HMS,Growl,8/30/2021 10:02:40.2,8/30/2021 10:02:43.1,1,NA,NA,NA,NA,NA,NA,NA,NA,2021-08-30,27.79205,-175.819217,Day
C:\Users\mmrph\Desktop\author's Interns\PHR_wavfiles\WAVfiles\210830\20210830_073552.wav,3/28/23 10:15,HMS,Growl,8/30/2021 10:02:55.9,8/30/2021 10:02:59.1,1,NA,NA,NA,NA,NA,NA,NA,NA,2021-08-30,27.79205,-175.819217,Day
C:\Users\mmrph\Desktop\author's Interns\PHR_wavfiles\WAVfiles\210830\20210830_103551.wav,3/28/23 10:16,HMS,Growl,8/30/2021 11:00:31.0,8/30/2021 11:00:35.5,1,NA,NA,NA,NA,NA,NA,NA,NA,2021-08-30,27.79205,-175.819217,Day
C:\Users\mmrph\Desktop\author's Interns\PHR_wavfiles\WAVfiles\210830\20210830_103551.wav,3/28/23 10:16,HMS,Croak,8/30/2021 11:00:36.2,8/30/2021 11:00:36.4,1,NA,NA,NA,NA,NA,NA,NA,NA,2021-08-30,27.79205,-175.819217,Day
C:\Users\mmrph\Desktop\author's Interns\PHR_wavfiles\WAVfiles\210830\20210830_103551.wav,3/28/23 10:16,HMS,Croak,8/30/2021 11:00:40.1,8/30/2021 11:00:40.5,1,NA,NA,NA,NA,NA,NA,NA,NA,2021-08-30,27.79205,-175.819217,Day
C:\Users\mmrph\Desktop\author's Interns\PHR_wavfiles\WAVfiles\210830\20210830_103551.wav,3/28/23 10:16,HMS,Croak,8/30/2021 11:00:43.5,8/30/2021 11:00:43.9,1,NA,NA,NA,NA,NA,NA,NA,NA,2021-08-30,27.79205,-175.819217,Day
C:\Users\mmrph\Desktop\author's Interns\PHR_wavfiles\WAVfiles\210830\20210830_103551.wav,3/28/23 10:16,HMS,Growl,8/30/2021 11:00:44.5,8/30/2021 11:00:47.6,1,NA,NA,NA,NA,NA,NA,NA,NA,2021-08-30,27.79205,-175.819217,Day
C:\Users\mmrph\Desktop\author's Interns\PHR_wavfiles\WAVfiles\210830\20210830_103551.wav,3/28/23 10:17,HMS,Growl,8/30/2021 11:00:48.9,8/30/2021 11:00:52.1,1,NA,NA,NA,NA,NA,NA,NA,NA,2021-08-30,27.79205,-175.819217,Day
C:\Users\mmrph\Desktop\author's Interns\PHR_wavfiles\WAVfiles\210830\20210830_103551.wav,3/28/23 10:25,HMS,Growl,8/30/2021 11:02:30.3,8/30/2021 11:02:35.5,1,NA,NA,NA,NA,NA,NA,NA,NA,2021-08-30,27.79205,-175.819217,Day
C:\Users\mmrph\Desktop\author's Interns\PHR_wavfiles\WAVfiles\210830\20210830_103551.wav,3/28/23 10:25,HMS,Growl,8/30/2021 11:02:36.4,8/30/2021 11:02:40.6,1,NA,NA,NA,NA,NA,NA,NA,NA,2021-08-30,27.79205,-175.819217,Day
C:\Users\mmrph\Desktop\author's Interns\PHR_wavfiles\WAVfiles\210830\20210830_103551.wav,3/28/23 10:26,HMS,Growl,8/30/2021 11:02:47.2,8/30/2021 11:02:48.4,1,NA,NA,NA,NA,NA,NA,NA,NA,2021-08-30,27.79205,-175.819217,Day
C:\Users\mmrph\Desktop\author's Interns\PHR_wavfiles\WAVfiles\210830\20210830_103551.wav,3/28/23 10:27,HMS,Growl,8/30/2021 11:03:00.1,8/30/2021 11:03:01.0,1,NA,NA,NA,NA,NA,NA,NA,NA,2021-08-30,27.79205,-175.819217,Day
C:\Users\mmrph\Desktop\author's Interns\PHR_wavfiles\WAVfiles\210830\20210830_103551.wav,3/28/23 10:28,HMS,Croak,8/30/2021 11:03:01.7,8/30/2021 11:03:02.0,1,NA,NA,NA,NA,NA,NA,NA,NA,2021-08-30,27.79205,-175.819217,Day
C:\Users\mmrph\Desktop\author's Interns\PHR_wavfiles\WAVfiles\210830\20210830_103551.wav,3/28/23 10:28,HMS,Growl,8/30/2021 11:03:03.9,8/30/2021 11:03:06.8,1,NA,NA,NA,NA,NA,NA,NA,NA,2021-08-30,27.79205,-175.819217,Day
C:\Users\mmrph\Desktop\author's Interns\PHR_wavfiles\WAVfiles\210830\20210830_103551.wav,3/28/23 10:29,HMS,Growl,8/30/2021 11:04:51.0,8/30/2021 11:04:55.9,1,NA,NA,NA,NA,NA,author ending,NA,NA,2021-08-30,27.79205,-175.819217,Day
G:\2021\5643\20210830_103551.wav,11/14/23 11:58,HMS,Moan,8/30/2021 12:03:56.6,8/30/2021 12:03:57.4,2,NA,NA,NA,NA,NA,NA,NA,NA,2021-08-30,27.79205,-175.819217,Day
G:\2021\5643\20210830_163549.wav,11/14/23 12:04,HMS,Growl,8/30/2021 17:00:49.2,8/30/2021 17:00:52.7,1,NA,NA,NA,NA,NA,NA,NA,NA,2021-08-30,27.79205,-175.819217,Day
G:\2021\5643\20210830_163549.wav,11/14/23 12:04,HMS,Growl,8/30/2021 17:01:00.7,8/30/2021 17:01:04.4,1,NA,NA,NA,NA,NA,NA,NA,NA,2021-08-30,27.79205,-175.819217,Day
G:\2021\5643\20210830_163549.wav,11/14/23 12:05,HMS,Growl,8/30/2021 18:02:29.1,8/30/2021 18:02:36.4,2,NA,NA,NA,NA,NA,NA,NA,NA,2021-08-30,27.79205,-175.819217,Day
G:\2021\5643\20210830_163549.wav,11/14/23 12:06,HMS,Growl,8/30/2021 18:02:39.3,8/30/2021 18:02:40.2,2,NA,NA,NA,NA,NA,NA,NA,NA,2021-08-30,27.79205,-175.819217,Day
G:\2021\5643\20210830_163549.wav,11/14/23 12:06,HMS,Whoop,8/30/2021 18:02:41.5,8/30/2021 18:02:41.7,2,1,NA,NA,NA,NA,NA,NA,NA,2021-08-30,27.79205,-175.819217,Day
G:\2021\5643\20210830_163549.wav,11/14/23 12:06,HMS,Growl,8/30/2021 18:02:47.2,8/30/2021 18:02:48.3,2,NA,NA,NA,NA,NA,NA,NA,NA,2021-08-30,27.79205,-175.819217,Day
G:\2021\5643\20210830_163549.wav,11/14/23 12:07,HMS,Croak,8/30/2021 18:02:48.5,8/30/2021 18:02:48.8,2,NA,NA,NA,NA,NA,NA,NA,NA,2021-08-30,27.79205,-175.819217,Day
G:\2021\5643\20210830_163549.wav,11/14/23 12:07,HMS,Growl,8/30/2021 18:02:49.8,8/30/2021 18:02:53.5,2,NA,NA,NA,NA,NA,NA,NA,NA,2021-08-30,27.79205,-175.819217,Day
G:\2021\5643\20210830_163549.wav,11/14/23 12:07,HMS,Croak,8/30/2021 18:02:54.1,8/30/2021 18:02:54.3,2,NA,NA,NA,NA,NA,NA,NA,NA,2021-08-30,27.79205,-175.819217,Day
G:\2021\5643\20210830_163549.wav,11/14/23 12:07,HMS,Growl,8/30/2021 18:02:55.4,8/30/2021 18:02:59.3,2,NA,NA,NA,NA,NA,NA,NA,NA,2021-08-30,27.79205,-175.819217,Day
G:\2021\5643\20210830_163549.wav,11/14/23 12:07,HMS,Croak,8/30/2021 18:03:04.3,8/30/2021 18:03:04.7,2,NA,NA,NA,NA,NA,NA,NA,NA,2021-08-30,27.79205,-175.819217,Day
G:\2021\5643\20210830_163549.wav,11/14/23 12:07,HMS,Whoop,8/30/2021 18:03:05.3,8/30/2021 18:03:05.5,1,1,NA,NA,NA,NA,NA,NA,NA,2021-08-30,27.79205,-175.819217,Day
G:\2021\5643\20210830_163549.wav,11/14/23 12:08,HMS,Growl,8/30/2021 19:00:00.6,8/30/2021 19:00:05.6,1,NA,NA,NA,NA,NA,NA,NA,NA,2021-08-30,27.79205,-175.819217,Day
G:\2021\5643\20210830_163549.wav,11/14/23 12:08,HMS,Growl,8/30/2021 19:00:10.2,8/30/2021 19:00:13.8,1,NA,NA,NA,NA,NA,NA,NA,NA,2021-08-30,27.79205,-175.819217,Day
G:\2021\5643\20210830_163549.wav,11/14/23 12:10,HMS,Croak,8/30/2021 19:02:07.0,8/30/2021 19:02:07.5,1,NA,NA,NA,NA,NA,NA,NA,NA,2021-08-30,27.79205,-175.819217,Day
G:\2021\5643\20210830_163549.wav,11/14/23 12:10,HMS,Growl,8/30/2021 19:02:07.6,8/30/2021 19:02:09.8,1,NA,NA,NA,NA,NA,NA,NA,NA,2021-08-30,27.79205,-175.819217,Day
G:\2021\5643\20210830_163549.wav,11/14/23 12:10,HMS,Croak,8/30/2021 19:02:10.0,8/30/2021 19:02:10.4,1,NA,NA,NA,NA,NA,NA,NA,NA,2021-08-30,27.79205,-175.819217,Day
G:\2021\5643\20210830_163549.wav,11/14/23 12:10,HMS,MoanGrowl,8/30/2021 19:02:16.0,8/30/2021 19:02:19.9,1,NA,NA,NA,NA,NA,NA,NA,NA,2021-08-30,27.79205,-175.819217,Day
G:\2021\5643\20210830_163549.wav,11/14/23 12:13,HMS,Growl,8/30/2021 19:04:54.2,8/30/2021 19:04:59.1,1,NA,NA,NA,NA,NA,NA,NA,NA,2021-08-30,27.79205,-175.819217,Day
G:\2021\5643\20210830_193548.wav,11/14/23 13:21,HMS,Growl,8/30/2021 20:00:56.9,8/30/2021 20:01:00.0,1,NA,NA,NA,NA,NA,NA,NA,NA,2021-08-30,27.79205,-175.819217,Day
G:\2021\5643\20210830_193548.wav,11/14/23 13:22,HMS,Growl,8/30/2021 20:01:19.2,8/30/2021 20:01:25.6,2,NA,NA,NA,NA,NA,NA,NA,NA,2021-08-30,27.79205,-175.819217,Day
G:\2021\5643\20210830_193548.wav,11/14/23 13:22,HMS,Croak,8/30/2021 20:01:26.5,8/30/2021 20:01:26.8,2,NA,NA,NA,NA,NA,NA,NA,NA,2021-08-30,27.79205,-175.819217,Day
G:\2021\5643\20210830_193548.wav,11/14/23 13:22,HMS,Croak,8/30/2021 20:01:27.9,8/30/2021 20:01:28.4,2,NA,NA,NA,NA,NA,NA,NA,NA,2021-08-30,27.79205,-175.819217,Day
G:\2021\5643\20210830_193548.wav,11/14/23 13:22,HMS,Growl,8/30/2021 20:01:30.1,8/30/2021 20:01:30.7,2,NA,NA,NA,NA,NA,NA,NA,NA,2021-08-30,27.79205,-175.819217,Day
G:\2021\5643\20210830_193548.wav,11/14/23 13:22,HMS,Growl,8/30/2021 20:01:31.0,8/30/2021 20:01:32.8,2,NA,NA,NA,NA,NA,NA,NA,NA,2021-08-30,27.79205,-175.819217,Day
G:\2021\5643\20210830_193548.wav,11/14/23 13:22,HMS,Growl,8/30/2021 20:01:33.3,8/30/2021 20:01:34.3,2,NA,NA,NA,NA,NA,NA,NA,NA,2021-08-30,27.79205,-175.819217,Day
G:\2021\5643\20210830_193548.wav,11/14/23 13:23,HMS,Whoop,8/30/2021 20:01:36.6,8/30/2021 20:01:37.3,1,3,NA,NA,NA,NA,NA,NA,NA,2021-08-30,27.79205,-175.819217,Day
G:\2021\5643\20210830_193548.wav,11/14/23 13:23,HMS,Moan,8/30/2021 20:01:38.6,8/30/2021 20:01:40.0,2,NA,NA,NA,NA,NA,NA,NA,NA,2021-08-30,27.79205,-175.819217,Day
G:\2021\5643\20210830_193548.wav,11/14/23 13:23,HMS,MoanGrowl,8/30/2021 20:01:40.0,8/30/2021 20:01:45.4,2,NA,NA,NA,NA,NA,NA,NA,NA,2021-08-30,27.79205,-175.819217,Day
G:\2021\5643\20210830_193548.wav,11/14/23 13:23,HMS,Croak,8/30/2021 20:01:47.3,8/30/2021 20:01:47.6,2,NA,NA,NA,NA,NA,NA,NA,NA,2021-08-30,27.79205,-175.819217,Day
G:\2021\5643\20210830_193548.wav,11/14/23 13:23,HMS,Whoop,8/30/2021 20:01:48.0,8/30/2021 20:01:48.5,2,2,NA,NA,NA,NA,NA,NA,NA,2021-08-30,27.79205,-175.819217,Day
G:\2021\5643\20210830_193548.wav,11/14/23 13:24,HMS,Growl,8/30/2021 20:04:03.6,8/30/2021 20:04:06.0,2,NA,NA,NA,NA,NA,NA,NA,NA,2021-08-30,27.79205,-175.819217,Day
G:\2021\5643\20210830_193548.wav,11/14/23 13:24,HMS,Growl,8/30/2021 20:04:06.1,8/30/2021 20:04:06.7,2,NA,NA,NA,NA,NA,NA,NA,NA,2021-08-30,27.79205,-175.819217,Day
G:\2021\5643\20210830_193548.wav,11/14/23 13:24,HMS,Growl,8/30/2021 20:04:08.2,8/30/2021 20:04:11.2,2,NA,NA,NA,NA,NA,NA,NA,NA,2021-08-30,27.79205,-175.819217,Day
G:\2021\5643\20210830_193548.wav,11/14/23 13:24,HMS,Growl,8/30/2021 20:04:12.3,8/30/2021 20:04:13.2,2,NA,NA,NA,NA,NA,NA,NA,NA,2021-08-30,27.79205,-175.819217,Day
G:\2021\5643\20210830_193548.wav,11/14/23 13:24,HMS,Whoop,8/30/2021 20:04:13.7,8/30/2021 20:04:14.7,2,4,NA,NA,NA,NA,NA,NA,NA,2021-08-30,27.79205,-175.819217,Day
G:\2021\5643\20210830_193548.wav,11/14/23 13:24,HMS,Croak,8/30/2021 20:04:14.9,8/30/2021 20:04:15.3,2,NA,NA,NA,NA,NA,NA,NA,NA,2021-08-30,27.79205,-175.819217,Day
G:\2021\5643\20210830_193548.wav,11/14/23 13:24,HMS,Growl,8/30/2021 20:04:16.1,8/30/2021 20:04:18.1,2,NA,NA,NA,NA,NA,NA,NA,NA,2021-08-30,27.79205,-175.819217,Day
G:\2021\5643\20210830_193548.wav,11/14/23 13:24,HMS,Whoop,8/30/2021 20:04:18.3,8/30/2021 20:04:19.1,2,3,NA,NA,NA,NA,NA,NA,NA,2021-08-30,27.79205,-175.819217,Day
G:\2021\5643\20210830_193548.wav,11/14/23 13:25,HMS,MoanGrowl,8/30/2021 20:04:21.0,8/30/2021 20:04:22.5,2,NA,NA,NA,NA,NA,NA,NA,NA,2021-08-30,27.79205,-175.819217,Day
G:\2021\5643\20210830_193548.wav,11/14/23 13:25,HMS,Whoop,8/30/2021 20:04:22.9,8/30/2021 20:04:24.0,2,5,NA,NA,NA,NA,NA,NA,NA,2021-08-30,27.79205,-175.819217,Day
G:\2021\5643\20210830_193548.wav,11/14/23 13:26,HMS,Growl,8/30/2021 20:04:24.0,8/30/2021 21:02:04.4,1,NA,NA,NA,NA,NA,NA,NA,NA,2021-08-30,27.79205,-175.819217,Day
G:\2021\5643\20210830_193548.wav,11/14/23 13:26,HMS,Growl,8/30/2021 21:04:03.4,8/30/2021 21:04:04.7,1,NA,NA,NA,NA,NA,NA,NA,NA,2021-08-30,27.79205,-175.819217,Night
G:\2021\5643\20210830_193548.wav,11/14/23 13:26,HMS,Growl,8/30/2021 21:04:23.4,8/30/2021 21:04:24.1,1,NA,NA,NA,NA,NA,NA,NA,NA,2021-08-30,27.79205,-175.819217,Night
G:\2021\5643\20210830_193548.wav,11/14/23 13:28,HMS,Croak,8/30/2021 22:04:33.0,8/30/2021 22:04:33.3,2,NA,NA,NA,NA,NA,NA,NA,NA,2021-08-30,27.79205,-175.819217,Night
G:\2021\5643\20210830_223547.wav,11/14/23 13:32,HMS,Growl,8/30/2021 23:03:38.4,8/30/2021 23:03:39.1,1,NA,NA,NA,NA,NA,author end,NA,NA,2021-08-30,27.79205,-175.819217,Night
