Input file,Event Number,Species Code,Call,Start time,End time,Parameter 1,Parameter 2,Parameter 3,Parameter 4,Parameter 5,Parameter 6,Comments,Image,Audio,date,lat,lon,DayNight
E:\2021RabbitIsland_SoundTrapData\5641\20210831_092945.wav,3/20/23 9:42,Other,Other,8/31/2021 10:03:19.1,8/31/2021 10:03:19.9,NA,NA,NA,NA,NA,NA,soundtrap deployment,NA,NA,2021-08-31,21.326867,-157.661467,Day
E:\2021RabbitIsland_SoundTrapData\5641\20210831_092945.wav,3/20/23 9:43,Other,Other,8/31/2021 9:54:46.2,8/31/2021 9:54:47.3,NA,NA,NA,NA,NA,NA,in air timestamp,NA,NA,2021-08-31,21.326867,-157.661467,Day
E:\2021RabbitIsland_SoundTrapData\5641\20210831_092945.wav,3/20/23 9:44,Anthro,Ship/Small Boat,8/31/2021 10:20:20.0,8/31/2021 10:22:25.4,NA,NA,NA,NA,NA,NA,NA,NA,NA,2021-08-31,21.326867,-157.661467,Day
E:\2021RabbitIsland_SoundTrapData\5641\20210831_092945.wav,3/20/23 9:45,Anthro,Ship/Small Boat,8/31/2021 10:29:47.5,8/31/2021 10:36:18.3,NA,NA,NA,NA,NA,NA,NA,NA,NA,2021-08-31,21.326867,-157.661467,Day
E:\2021RabbitIsland_SoundTrapData\5641\20210831_092945.wav,3/20/23 9:45,Anthro,Ship/Small Boat,8/31/2021 10:41:13.9,8/31/2021 10:41:56.2,NA,NA,NA,NA,NA,NA,NA,NA,NA,2021-08-31,21.326867,-157.661467,Day
E:\2021RabbitIsland_SoundTrapData\5641\20210831_092945.wav,3/20/23 9:46,Anthro,Ship/Small Boat,8/31/2021 10:55:52.3,8/31/2021 10:57:06.4,NA,NA,NA,NA,NA,NA,NA,NA,NA,2021-08-31,21.326867,-157.661467,Day
E:\2021RabbitIsland_SoundTrapData\5641\20210831_092945.wav,3/20/23 9:54,Anthro,Airplane,8/31/2021 11:21:11.4,8/31/2021 11:21:19.5,NA,NA,NA,NA,NA,NA,NA,NA,NA,2021-08-31,21.326867,-157.661467,Day
E:\2021RabbitIsland_SoundTrapData\5641\20210831_122944.wav,3/20/23 9:58,Anthro,Ship/Small Boat,8/31/2021 13:27:59.1,8/31/2021 13:30:46.0,NA,NA,NA,NA,NA,NA,NA,NA,NA,2021-08-31,21.326867,-157.661467,Day
E:\2021RabbitIsland_SoundTrapData\5641\20210831_152943.wav,3/20/23 10:06,Anthro,Ship/Small Boat,8/31/2021 17:23:00.4,8/31/2021 17:29:16.3,NA,NA,NA,NA,NA,NA,NA,NA,NA,2021-08-31,21.326867,-157.661467,Day
E:\2021RabbitIsland_SoundTrapData\5641\20210831_152943.wav,3/20/23 10:08,Anthro,Airplane,8/31/2021 18:19:49.7,8/31/2021 18:19:59.3,NA,NA,NA,NA,NA,NA,Doppler Effect (DE),NA,NA,2021-08-31,21.326867,-157.661467,Day
E:\2021RabbitIsland_SoundTrapData\5641\20210831_182942.wav,3/20/23 10:13,Anthro,Airplane,8/31/2021 21:14:58.3,8/31/2021 21:15:05.2,NA,NA,NA,NA,NA,NA,DE,NA,NA,2021-08-31,21.326867,-157.661467,Night
E:\2021RabbitIsland_SoundTrapData\5641\20210901_000816.wav,3/20/23 10:19,Other,Other,9/1/2021 0:09:14.6,9/1/2021 0:09:15.4,NA,NA,NA,NA,NA,NA,No HMS vocalizations 8/31/2021,NA,NA,2021-09-01,21.326867,-157.661467,Night
E:\2021RabbitIsland_SoundTrapData\5641\20210901_055008.wav,3/20/23 10:35,Anthro,Ship/Small Boat,9/1/2021 8:39:17.8,9/1/2021 8:43:04.0,NA,NA,NA,NA,NA,NA,NA,NA,NA,2021-09-01,21.326867,-157.661467,Day
E:\2021RabbitIsland_SoundTrapData\5641\20210901_084650.wav,3/20/23 10:40,Anthro,Ship/Small Boat,9/1/2021 10:02:08.5,9/1/2021 10:04:35.3,NA,NA,NA,NA,NA,NA,NA,NA,NA,2021-09-01,21.326867,-157.661467,Day
E:\2021RabbitIsland_SoundTrapData\5641\20210901_114649.wav,3/20/23 10:41,Anthro,Ship/Small Boat,9/1/2021 11:47:12.7,9/1/2021 12:04:41.8,NA,NA,NA,NA,NA,NA,NA,NA,NA,2021-09-01,21.326867,-157.661467,Day
E:\2021RabbitIsland_SoundTrapData\5641\20210901_114649.wav,3/20/23 10:50,Anthro,Airplane,9/1/2021 14:21:07.6,9/1/2021 14:21:32.8,NA,NA,NA,NA,NA,NA,NDE,NA,NA,2021-09-01,21.326867,-157.661467,Day
E:\2021RabbitIsland_SoundTrapData\5641\20210901_144648.wav,3/20/23 10:56,Anthro,Airplane,9/1/2021 16:40:20.2,9/1/2021 16:40:28.1,NA,NA,NA,NA,NA,NA,NDE,NA,NA,2021-09-01,21.326867,-157.661467,Day
E:\2021RabbitIsland_SoundTrapData\5641\20210901_232452.wav,3/20/23 11:15,Other,Other,9/2/2021 2:14:28.0,9/2/2021 2:14:28.9,NA,NA,NA,NA,NA,NA,No HMS Vocalzations 9/01/2021,NA,NA,2021-09-02,21.326867,-157.661467,Night
E:\2021RabbitIsland_SoundTrapData\5641\20210902_105858.wav,3/20/23 11:39,Anthro,Airplane,9/2/2021 11:13:29.7,9/2/2021 11:13:36.5,NA,NA,NA,NA,NA,NA,HDE,NA,NA,2021-09-02,21.326867,-157.661467,Day
E:\2021RabbitIsland_SoundTrapData\5641\20210902_105858.wav,3/20/23 11:40,Anthro,Airplane,9/2/2021 13:14:30.6,9/2/2021 13:14:50.2,NA,NA,NA,NA,NA,NA,NDE,NA,NA,2021-09-02,21.326867,-157.661467,Day
E:\2021RabbitIsland_SoundTrapData\5641\20210902_105858.wav,3/20/23 11:40,Anthro,Airplane,9/2/2021 13:17:35.5,9/2/2021 13:17:49.3,NA,NA,NA,NA,NA,NA,NDE,NA,NA,2021-09-02,21.326867,-157.661467,Day
E:\2021RabbitIsland_SoundTrapData\5641\20210902_224024.wav,3/20/23 13:20,Anthro,Airplane,9/3/2021 1:02:10.3,9/3/2021 1:02:17.4,NA,NA,NA,NA,NA,NA,DE,NA,NA,2021-09-03,21.326867,-157.661467,Night
E:\2021RabbitIsland_SoundTrapData\5641\20210902_224024.wav,3/20/23 13:21,Other,Other,9/3/2021 1:31:02.2,9/3/2021 1:31:03.8,NA,NA,NA,NA,NA,NA,No HMS vocalizations 9/02/2021,NA,NA,2021-09-03,21.326867,-157.661467,Night
E:\2021RabbitIsland_SoundTrapData\5641\20210903_042206.wav,3/20/23 13:45,Anthro,Airplane,9/3/2021 5:22:36.5,9/3/2021 5:23:02.9,NA,NA,NA,NA,NA,NA,DE,NA,NA,2021-09-03,21.326867,-157.661467,Night
E:\2021RabbitIsland_SoundTrapData\5641\20210903_131441.wav,3/20/23 14:00,Anthro,Airplane,9/3/2021 15:13:50.3,9/3/2021 15:13:50.4,NA,NA,NA,NA,NA,NA,NDE,NA,NA,2021-09-03,21.326867,-157.661467,Day
E:\2021RabbitIsland_SoundTrapData\5641\20210903_220416.wav,3/20/23 14:27,Other,Other,9/4/2021 0:55:13.5,9/4/2021 0:55:14.5,NA,NA,NA,NA,NA,NA,No HMS Vocalizations 9/03/2021,NA,NA,2021-09-04,21.326867,-157.661467,Night
E:\2021RabbitIsland_SoundTrapData\5641\20210904_123948.wav,3/20/23 15:02,Anthro,Airplane,9/4/2021 13:36:23.4,9/4/2021 13:36:35.3,NA,NA,NA,NA,NA,NA,DE,NA,NA,2021-09-04,21.326867,-157.661467,Day
E:\2021RabbitIsland_SoundTrapData\5641\20210904_123948.wav,3/20/23 15:02,Anthro,Ship/Other,9/4/2021 15:10:32.1,9/4/2021 15:10:44.8,NA,NA,NA,NA,NA,NA,NDE,NA,NA,2021-09-04,21.326867,-157.661467,Day
E:\2021RabbitIsland_SoundTrapData\5641\20210904_123948.wav,02:49.0,Anthro,Ship/Small Boat,9/4/2021 15:10:32.1,9/4/2021 15:10:44.8,NA,NA,NA,NA,NA,NA,NA,NA,NA,2021-09-04,21.326867,-157.661467,Day
E:\2021RabbitIsland_SoundTrapData\5641\20210904_153947.wav,3/24/23 9:02,Anthro,Other,9/4/2021 15:47:56.6,9/4/2021 15:48:01.7,NA,NA,NA,NA,NA,NA,really small plane/drone?,NA,NA,2021-09-04,21.326867,-157.661467,Day
E:\2021RabbitIsland_SoundTrapData\5641\20210904_212826.wav,3/24/23 9:16,Other,Other,9/5/2021 0:18:56.5,9/5/2021 0:18:57.7,NA,NA,NA,NA,NA,NA,No HMS vocalizations 9/04/2021,NA,NA,2021-09-05,21.326867,-157.661467,Night
E:\2021RabbitIsland_SoundTrapData\5641\20210905_120035.wav,3/24/23 9:39,Anthro,Airplane,9/5/2021 12:44:11.0,9/5/2021 12:44:25.0,NA,NA,NA,NA,NA,NA,NDE,NA,NA,2021-09-05,21.326867,-157.661467,Day
E:\2021RabbitIsland_SoundTrapData\5641\20210905_120035.wav,3/24/23 9:45,Anthro,Ship/Small Boat,9/5/2021 14:45:57.1,9/5/2021 14:51:48.7,NA,NA,NA,NA,NA,NA,jetski?,NA,NA,2021-09-05,21.326867,-157.661467,Day
E:\2021RabbitIsland_SoundTrapData\5641\20210905_150034.wav,3/24/23 9:47,Anthro,Ship/Small Boat,9/5/2021 15:05:56.9,9/5/2021 15:12:05.9,NA,NA,NA,NA,NA,NA,NA,NA,NA,2021-09-05,21.326867,-157.661467,Day
F:\2021RabbitIsland_SoundTrapData\5641\20210905_180033.wav,3/24/23 10:09,Anthro,Airplane,9/5/2021 20:27:55.7,9/5/2021 20:28:02.3,NA,NA,NA,NA,NA,NA,DE,NA,NA,2021-09-05,21.326867,-157.661467,Night
F:\2021RabbitIsland_SoundTrapData\5641\20210905_180033.wav,3/24/23 10:10,Anthro,Airplane,9/5/2021 20:41:26.1,9/5/2021 20:41:32.3,NA,NA,NA,NA,NA,NA,DE,NA,NA,2021-09-05,21.326867,-157.661467,Night
F:\2021RabbitIsland_SoundTrapData\5641\20210905_234012.wav,3/24/23 10:24,Other,Other,9/6/2021 2:31:14.3,9/6/2021 2:31:14.7,NA,NA,NA,NA,NA,NA,No HMS Vocalizations 9/05/2021,NA,NA,2021-09-06,21.326867,-157.661467,Night
F:\2021RabbitIsland_SoundTrapData\5641\20210906_052254.wav,3/24/23 10:26,Anthro,Ship/Small Boat,9/6/2021 3:37:38.3,9/6/2021 3:41:04.7,NA,NA,NA,NA,NA,NA,NA,NA,NA,2021-09-06,21.326867,-157.661467,Night
F:\2021RabbitIsland_SoundTrapData\5641\20210906_081749.wav,3/24/23 10:31,Anthro,Ship/Small Boat,9/6/2021 8:58:57.9,9/6/2021 9:01:33.0,NA,NA,NA,NA,NA,NA,NA,NA,NA,2021-09-06,21.326867,-157.661467,Day
F:\2021RabbitIsland_SoundTrapData\5641\20210906_081749.wav,3/24/23 10:32,Anthro,Ship/Small Boat,9/6/2021 9:45:23.6,9/6/2021 9:48:19.3,NA,NA,NA,NA,NA,NA,NA,NA,NA,2021-09-06,21.326867,-157.661467,Day
F:\2021RabbitIsland_SoundTrapData\5641\20210906_081749.wav,3/24/23 10:42,Anthro,Airplane,9/6/2021 10:51:16.6,9/6/2021 10:51:31.5,NA,NA,NA,NA,NA,NA,NDE,NA,NA,2021-09-06,21.326867,-157.661467,Day
F:\2021RabbitIsland_SoundTrapData\5641\20210906_111749.wav,3/24/23 10:45,Anthro,Ship/Small Boat,9/6/2021 12:17:05.1,9/6/2021 12:19:34.6,NA,NA,NA,NA,NA,NA,NA,NA,NA,2021-09-06,21.326867,-157.661467,Day
F:\2021RabbitIsland_SoundTrapData\5641\20210906_111749.wav,3/24/23 10:45,Anthro,Airplane,9/6/2021 12:31:01.3,9/6/2021 12:31:10.1,NA,NA,NA,NA,NA,NA,DE,NA,NA,2021-09-06,21.326867,-157.661467,Day
F:\2021RabbitIsland_SoundTrapData\5641\20210906_111749.wav,3/24/23 10:47,Anthro,Ship/Small Boat,9/6/2021 13:32:27.4,9/6/2021 13:34:54.9,NA,NA,NA,NA,NA,NA,NA,NA,NA,2021-09-06,21.326867,-157.661467,Day
F:\2021RabbitIsland_SoundTrapData\5641\20210906_141748.wav,3/24/23 10:50,Anthro,Ship/Small Boat,9/6/2021 14:58:08.2,9/6/2021 15:01:46.6,NA,NA,NA,NA,NA,NA,NA,NA,NA,2021-09-06,21.326867,-157.661467,Day
F:\2021RabbitIsland_SoundTrapData\5641\20210906_141748.wav,3/24/23 10:51,Anthro,Ship/Small Boat,9/6/2021 15:07:48.5,9/6/2021 15:11:41.0,NA,NA,NA,NA,NA,NA,NA,NA,NA,2021-09-06,21.326867,-157.661467,Day
F:\2021RabbitIsland_SoundTrapData\5641\20210906_141748.wav,3/24/23 10:52,Anthro,Airplane,9/6/2021 15:19:52.9,9/6/2021 15:20:05.8,NA,NA,NA,NA,NA,NA,DE,NA,NA,2021-09-06,21.326867,-157.661467,Day
F:\2021RabbitIsland_SoundTrapData\5641\20210906_141748.wav,3/24/23 10:53,Anthro,Airplane,9/6/2021 15:46:37.2,9/6/2021 15:48:55.1,NA,NA,NA,NA,NA,NA,jetski?,NA,NA,2021-09-06,21.326867,-157.661467,Day
F:\2021RabbitIsland_SoundTrapData\5641\20210906_141748.wav,3/24/23 10:54,Anthro,Ship/Small Boat,9/6/2021 15:46:40.1,9/6/2021 15:48:55.1,NA,NA,NA,NA,NA,NA,jetski?,NA,NA,2021-09-06,21.326867,-157.661467,Day
F:\2021RabbitIsland_SoundTrapData\5641\20210906_141748.wav,3/24/23 10:57,Anthro,Ship/Small Boat,9/6/2021 16:03:18.3,9/6/2021 16:05:32.1,NA,NA,NA,NA,NA,NA,jetski?,NA,NA,2021-09-06,21.326867,-157.661467,Day
F:\2021RabbitIsland_SoundTrapData\5641\20210906_141748.wav,3/24/23 10:58,Anthro,Ship/Small Boat,9/6/2021 16:18:48.7,9/6/2021 16:31:10.0,NA,NA,NA,NA,NA,NA,jetski?,NA,NA,2021-09-06,21.326867,-157.661467,Day
F:\2021RabbitIsland_SoundTrapData\5641\20210906_141748.wav,3/24/23 11:01,Anthro,Ship/Small Boat,9/6/2021 16:48:01.8,9/6/2021 16:51:17.8,NA,NA,NA,NA,NA,NA,NA,NA,NA,2021-09-06,21.326867,-157.661467,Day
F:\2021RabbitIsland_SoundTrapData\5641\20210906_141748.wav,3/24/23 11:02,Anthro,Ship/Small Boat,9/6/2021 17:09:29.6,9/6/2021 17:10:47.6,NA,NA,NA,NA,NA,NA,NA,NA,NA,2021-09-06,21.326867,-157.661467,Day
F:\2021RabbitIsland_SoundTrapData\5641\20210906_225842.wav,3/24/23 11:27,Other,Other,9/7/2021 1:49:33.0,9/7/2021 1:49:33.7,NA,NA,NA,NA,NA,NA,No HMS vocalizations 9/06/2023,NA,NA,2021-09-07,21.326867,-157.661467,Night
F:\2021RabbitIsland_SoundTrapData\5641\20210907_073341.wav,3/24/23 11:42,Anthro,Airplane,9/7/2021 8:15:46.4,9/7/2021 8:15:59.8,NA,NA,NA,NA,NA,NA,NA,NA,NA,2021-09-07,21.326867,-157.661467,Day
F:\2021RabbitIsland_SoundTrapData\5641\20210907_163339.wav,3/24/23 11:53,Anthro,Airplane,9/7/2021 16:33:50.5,9/7/2021 16:34:04.7,NA,NA,NA,NA,NA,NA,NDE,NA,NA,2021-09-07,21.326867,-157.661467,Day
F:\2021RabbitIsland_SoundTrapData\5641\20210907_163339.wav,3/24/23 12:00,Anthro,Airplane,9/7/2021 18:27:00.2,9/7/2021 18:27:08.1,NA,NA,NA,NA,NA,NA,NDE,NA,NA,2021-09-07,21.326867,-157.661467,Day
F:\2021RabbitIsland_SoundTrapData\5641\20210907_192759.wav,3/24/23 12:06,Anthro,Airplane,9/7/2021 19:45:24.5,9/7/2021 19:45:32.4,NA,NA,NA,NA,NA,NA,DE,NA,NA,2021-09-07,21.326867,-157.661467,Night
F:\2021RabbitIsland_SoundTrapData\5641\20210907_221716.wav,3/24/23 12:12,Other,Other,9/8/2021 1:07:13.8,9/8/2021 1:07:15.1,NA,NA,NA,NA,NA,NA,No HMS Vocalizations 9/07/2021,NA,NA,2021-09-08,21.326867,-157.661467,Night
F:\2021RabbitIsland_SoundTrapData\5641\20210908_094900.wav,3/24/23 12:47,Anthro,Airplane,9/8/2021 10:42:47.0,9/8/2021 10:43:21.1,NA,NA,NA,NA,NA,NA,DE (high quality),NA,NA,2021-09-08,21.326867,-157.661467,Day
F:\2021RabbitIsland_SoundTrapData\5641\20210908_094900.wav,3/24/23 12:47,Anthro,Airplane,9/8/2021 12:23:01.3,9/8/2021 12:23:30.7,NA,NA,NA,NA,NA,NA,NDE,NA,NA,2021-09-08,21.326867,-157.661467,Day
F:\2021RabbitIsland_SoundTrapData\5641\20210908_154858.wav,3/24/23 13:04,Other,Other,9/8/2021 18:35:06.7,9/8/2021 18:36:57.0,NA,NA,NA,NA,NA,NA,Earthquake,NA,NA,2021-09-08,21.326867,-157.661467,Day
F:\2021RabbitIsland_SoundTrapData\5641\20210908_184849.wav,3/24/23 13:12,Other,Other,9/8/2021 19:33:55.9,9/8/2021 19:35:24.5,NA,NA,NA,NA,NA,NA,Earthquake,NA,NA,2021-09-08,21.326867,-157.661467,Night
F:\2021RabbitIsland_SoundTrapData\5641\20210908_213652.wav,3/24/23 13:19,Other,Other,9/9/2021 0:26:49.8,9/9/2021 0:26:50.7,NA,NA,NA,NA,NA,NA,No HMS Vocalizations 9/08/2021,NA,NA,2021-09-09,21.326867,-157.661467,Night
E:\2021RabbitIsland_SoundTrapData\5641\20210909_120956.wav,3/28/23 11:05,Anthro,Ship/Small Boat,9/9/2021 12:45:57.0,9/9/2021 12:49:23.5,NA,NA,NA,NA,NA,NA,NA,NA,NA,2021-09-09,21.326867,-157.661467,Day
E:\2021RabbitIsland_SoundTrapData\5641\20210909_120956.wav,3/28/23 11:08,Anthro,Ship/Small Boat,9/9/2021 14:32:47.2,9/9/2021 14:35:44.8,NA,NA,NA,NA,NA,NA,NA,NA,NA,2021-09-09,21.326867,-157.661467,Day
E:\2021RabbitIsland_SoundTrapData\5641\20210909_205920.wav,3/28/23 11:25,Anthro,Airplane,9/9/2021 22:29:58.3,9/9/2021 22:30:05.8,NA,NA,NA,NA,NA,NA,DE,NA,NA,2021-09-09,21.326867,-157.661467,Night
E:\2021RabbitIsland_SoundTrapData\5641\20210909_235023.wav,3/28/23 11:33,Other,Other,9/10/2021 2:41:21.9,9/10/2021 2:41:22.6,NA,NA,NA,NA,NA,NA,No HMS Vocalizations 9/09/2021,NA,NA,2021-09-10,21.326867,-157.661467,Night
E:\2021RabbitIsland_SoundTrapData\5641\20210910_024206.wav,3/28/23 11:37,Anthro,Airplane,9/10/2021 5:22:31.3,9/10/2021 5:22:38.5,NA,NA,NA,NA,NA,NA,DE,NA,NA,2021-09-10,21.326867,-157.661467,Night
E:\2021RabbitIsland_SoundTrapData\5641\20210910_112810.wav,3/28/23 11:46,Anthro,Ship/Small Boat,9/10/2021 8:34:59.4,9/10/2021 8:43:02.4,NA,NA,NA,NA,NA,NA,jetski?,NA,NA,2021-09-10,21.326867,-157.661467,Day
E:\2021RabbitIsland_SoundTrapData\5641\20210910_112810.wav,3/28/23 11:47,Anthro,Other,9/10/2021 8:54:13.0,9/10/2021 8:54:51.8,NA,NA,NA,NA,NA,NA,sounds like someone swimmimg,NA,NA,2021-09-10,21.326867,-157.661467,Day
E:\2021RabbitIsland_SoundTrapData\5641\20210910_112810.wav,47:48.6,Anthro,Ship/Small Boat,9/10/2021 8:54:13.0,9/10/2021 8:54:51.8,NA,NA,NA,NA,NA,NA,NA,NA,NA,2021-09-10,21.326867,-157.661467,Day
E:\2021RabbitIsland_SoundTrapData\5641\20210910_112810.wav,3/28/23 11:49,Anthro,Ship/Small Boat,9/10/2021 9:19:02.7,9/10/2021 9:22:51.0,NA,NA,NA,NA,NA,NA,NA,NA,NA,2021-09-10,21.326867,-157.661467,Day
E:\2021RabbitIsland_SoundTrapData\5641\20210910_112810.wav,3/28/23 11:50,Anthro,Airplane,9/10/2021 10:03:53.7,9/10/2021 10:04:06.0,NA,NA,NA,NA,NA,NA,NDE,NA,NA,2021-09-10,21.326867,-157.661467,Day
E:\2021RabbitIsland_SoundTrapData\5641\20210910_172808.wav,3/28/23 12:03,Anthro,Airplane,9/10/2021 19:37:29.2,9/10/2021 19:37:37.5,NA,NA,NA,NA,NA,NA,DE,NA,NA,2021-09-10,21.326867,-157.661467,Night
E:\2021RabbitIsland_SoundTrapData\5641\20210910_230808.wav,3/28/23 13:14,Anthro,Airplane,9/10/2021 23:29:18.1,9/10/2021 23:29:25.1,NA,NA,NA,NA,NA,NA,DE,NA,NA,2021-09-10,21.326867,-157.661467,Night
E:\2021RabbitIsland_SoundTrapData\5641\20210910_230808.wav,3/28/23 13:21,HMS,Growl,9/11/2021 1:19:36.8,9/11/2021 1:19:37.4,1,NA,NA,NA,NA,NA,NA,NA,NA,2021-09-11,21.326867,-157.661467,Night
E:\2021RabbitIsland_SoundTrapData\5641\20210910_230808.wav,3/28/23 13:21,HMS,Growl,9/11/2021 1:19:44.8,9/11/2021 1:19:46.6,NA,NA,NA,NA,NA,NA,NA,NA,NA,2021-09-11,21.326867,-157.661467,Night
E:\2021RabbitIsland_SoundTrapData\5641\20210910_230808.wav,3/28/23 13:22,HMS,Whoop,9/11/2021 1:19:46.7,9/11/2021 1:19:48.0,1,4,NA,NA,NA,NA,NA,NA,NA,2021-09-11,21.326867,-157.661467,Night
E:\2021RabbitIsland_SoundTrapData\5641\20210910_230808.wav,3/28/23 13:23,HMS,Growl,9/11/2021 1:19:55.9,9/11/2021 1:19:56.4,1,NA,NA,NA,NA,NA,NA,NA,NA,2021-09-11,21.326867,-157.661467,Night
E:\2021RabbitIsland_SoundTrapData\5641\20210910_230808.wav,3/28/23 13:23,HMS,Croak,9/11/2021 1:19:58.1,9/11/2021 1:19:58.4,1,NA,NA,NA,NA,NA,NA,NA,NA,2021-09-11,21.326867,-157.661467,Night
E:\2021RabbitIsland_SoundTrapData\5641\20210910_230808.wav,3/28/23 13:24,HMS,Growl,9/11/2021 1:19:59.0,9/11/2021 1:20:00.7,1,NA,NA,NA,NA,NA,NA,NA,NA,2021-09-11,21.326867,-157.661467,Night
E:\2021RabbitIsland_SoundTrapData\5641\20210910_230808.wav,3/28/23 13:24,HMS,Whoop,9/11/2021 1:20:01.0,9/11/2021 1:20:01.4,1,2,NA,NA,NA,NA,NA,NA,NA,2021-09-11,21.326867,-157.661467,Night
E:\2021RabbitIsland_SoundTrapData\5641\20210910_230808.wav,3/28/23 13:24,HMS,Growl,9/11/2021 1:20:01.7,9/11/2021 1:20:02.1,1,NA,NA,NA,NA,NA,NA,NA,NA,2021-09-11,21.326867,-157.661467,Night
E:\2021RabbitIsland_SoundTrapData\5641\20210910_230808.wav,3/28/23 13:24,HMS,GrowlRumbleWhoop,9/11/2021 1:20:04.4,9/11/2021 1:20:09.0,1,1,NA,NA,NA,NA,NA,NA,NA,2021-09-11,21.326867,-157.661467,Night
E:\2021RabbitIsland_SoundTrapData\5641\20210910_230808.wav,3/28/23 13:29,HMS,Growl,9/11/2021 1:48:23.7,9/11/2021 1:48:25.1,1,NA,NA,NA,NA,NA,NA,NA,NA,2021-09-11,21.326867,-157.661467,Night
E:\2021RabbitIsland_SoundTrapData\5641\20210910_230808.wav,3/28/23 13:29,HMS,Croak,9/11/2021 1:48:25.6,9/11/2021 1:48:25.9,1,NA,NA,NA,NA,NA,NA,NA,NA,2021-09-11,21.326867,-157.661467,Night
E:\2021RabbitIsland_SoundTrapData\5641\20210910_230808.wav,3/28/23 13:29,HMS,Growl,9/11/2021 1:48:27.6,9/11/2021 1:48:31.7,1,NA,NA,NA,NA,NA,NA,NA,NA,2021-09-11,21.326867,-157.661467,Night
E:\2021RabbitIsland_SoundTrapData\5641\20210910_230808.wav,3/28/23 13:29,HMS,Growl,9/11/2021 1:48:32.4,9/11/2021 1:48:35.1,1,NA,NA,NA,NA,NA,NA,NA,NA,2021-09-11,21.326867,-157.661467,Night
E:\2021RabbitIsland_SoundTrapData\5641\20210910_230808.wav,3/28/23 13:29,HMS,Whoop,9/11/2021 1:48:36.2,9/11/2021 1:48:36.8,1,4,NA,NA,NA,NA,NA,NA,NA,2021-09-11,21.326867,-157.661467,Night
E:\2021RabbitIsland_SoundTrapData\5641\20210910_230808.wav,3/28/23 13:29,HMS,Croak,9/11/2021 1:48:38.9,9/11/2021 1:48:39.1,1,NA,NA,NA,NA,NA,NA,NA,NA,2021-09-11,21.326867,-157.661467,Night
E:\2021RabbitIsland_SoundTrapData\5641\20210911_015851.wav,3/29/23 9:06,HMS,Growl,9/11/2021 3:20:23.9,9/11/2021 3:20:25.4,1,NA,NA,NA,NA,NA,NA,NA,NA,2021-09-11,21.326867,-157.661467,Night
E:\2021RabbitIsland_SoundTrapData\5641\20210911_015851.wav,3/29/23 9:06,HMS,Croak,9/11/2021 3:20:26.6,9/11/2021 3:20:26.8,1,NA,NA,NA,NA,NA,NA,NA,NA,2021-09-11,21.326867,-157.661467,Night
E:\2021RabbitIsland_SoundTrapData\5641\20210911_015851.wav,3/29/23 9:07,HMS,Growl,9/11/2021 3:20:28.4,9/11/2021 3:20:36.1,1,NA,NA,NA,NA,NA,NA,NA,NA,2021-09-11,21.326867,-157.661467,Night
E:\2021RabbitIsland_SoundTrapData\5641\20210911_015851.wav,3/29/23 9:07,HMS,Growl,9/11/2021 3:20:46.3,9/11/2021 3:20:47.9,1,NA,NA,NA,NA,NA,NA,NA,NA,2021-09-11,21.326867,-157.661467,Night
E:\2021RabbitIsland_SoundTrapData\5641\20210911_044936.wav,3/29/23 9:11,HMS,Whoop,9/11/2021 5:16:51.6,9/11/2021 5:16:51.7,1,1,NA,NA,NA,NA,NA,NA,NA,2021-09-11,21.326867,-157.661467,Night
E:\2021RabbitIsland_SoundTrapData\5641\20210911_044936.wav,3/29/23 9:11,HMS,Growl,9/11/2021 5:16:58.1,9/11/2021 5:17:01.7,1,NA,NA,NA,NA,NA,NA,NA,NA,2021-09-11,21.326867,-157.661467,Night
E:\2021RabbitIsland_SoundTrapData\5641\20210911_044936.wav,3/29/23 9:11,HMS,Whoop,9/11/2021 5:17:03.4,9/11/2021 5:17:04.0,1,2,NA,NA,NA,NA,NA,NA,NA,2021-09-11,21.326867,-157.661467,Night
E:\2021RabbitIsland_SoundTrapData\5641\20210911_044936.wav,3/29/23 9:12,HMS,Whoop,9/11/2021 5:17:22.0,9/11/2021 5:17:22.6,1,3,NA,NA,NA,NA,NA,NA,NA,2021-09-11,21.326867,-157.661467,Night
E:\2021RabbitIsland_SoundTrapData\5641\20210911_044936.wav,3/29/23 9:12,HMS,Whoop,9/11/2021 5:17:27.6,9/11/2021 5:17:28.3,1,3,NA,NA,NA,NA,NA,NA,NA,2021-09-11,21.326867,-157.661467,Night
E:\2021RabbitIsland_SoundTrapData\5641\20210911_044936.wav,3/29/23 9:12,HMS,Whoop,9/11/2021 5:17:30.2,9/11/2021 5:17:30.6,1,3,NA,NA,NA,NA,NA,NA,NA,2021-09-11,21.326867,-157.661467,Night
E:\2021RabbitIsland_SoundTrapData\5641\20210911_044936.wav,3/29/23 9:13,HMS,Whoop,9/11/2021 5:17:36.6,9/11/2021 5:17:37.8,1,6,NA,NA,NA,NA,NA,NA,NA,2021-09-11,21.326867,-157.661467,Night
E:\2021RabbitIsland_SoundTrapData\5641\20210911_044936.wav,3/29/23 9:13,HMS,Whoop,9/11/2021 5:17:38.4,9/11/2021 5:17:39.0,1,3,NA,NA,NA,NA,NA,NA,NA,2021-09-11,21.326867,-157.661467,Night
E:\2021RabbitIsland_SoundTrapData\5641\20210911_044936.wav,3/29/23 9:13,HMS,Whoop,9/11/2021 5:17:39.7,9/11/2021 5:17:40.3,1,3,NA,NA,NA,NA,NA,NA,NA,2021-09-11,21.326867,-157.661467,Night
E:\2021RabbitIsland_SoundTrapData\5641\20210911_044936.wav,3/29/23 9:13,HMS,Whoop,9/11/2021 5:17:56.1,9/11/2021 5:17:56.3,1,1,NA,NA,NA,NA,NA,NA,NA,2021-09-11,21.326867,-157.661467,Night
E:\2021RabbitIsland_SoundTrapData\5641\20210911_044936.wav,3/29/23 9:14,HMS,Croak,9/11/2021 5:18:01.6,9/11/2021 5:18:01.9,1,NA,NA,NA,NA,NA,NA,NA,NA,2021-09-11,21.326867,-157.661467,Night
E:\2021RabbitIsland_SoundTrapData\5641\20210911_044936.wav,3/29/23 9:14,HMS,Croak,9/11/2021 5:18:02.5,9/11/2021 5:18:02.8,1,NA,NA,NA,NA,NA,NA,NA,NA,2021-09-11,21.326867,-157.661467,Night
E:\2021RabbitIsland_SoundTrapData\5641\20210911_044936.wav,3/29/23 9:14,HMS,Growl,9/11/2021 5:18:04.7,9/11/2021 5:18:08.7,1,NA,NA,NA,NA,NA,NA,NA,NA,2021-09-11,21.326867,-157.661467,Night
E:\2021RabbitIsland_SoundTrapData\5641\20210911_044936.wav,3/29/23 9:14,HMS,Growl,9/11/2021 5:18:10.0,9/11/2021 5:18:11.6,1,NA,NA,NA,NA,NA,NA,NA,NA,2021-09-11,21.326867,-157.661467,Night
E:\2021RabbitIsland_SoundTrapData\5641\20210911_044936.wav,3/29/23 9:15,HMS,Croak,9/11/2021 5:18:12.9,9/11/2021 5:18:13.2,1,NA,NA,NA,NA,NA,NA,NA,NA,2021-09-11,21.326867,-157.661467,Night
E:\2021RabbitIsland_SoundTrapData\5641\20210911_044936.wav,3/29/23 9:15,HMS,Whoop,9/11/2021 5:18:16.5,9/11/2021 5:18:16.7,1,1,NA,NA,NA,NA,NA,NA,NA,2021-09-11,21.326867,-157.661467,Night
E:\2021RabbitIsland_SoundTrapData\5641\20210911_044936.wav,3/29/23 9:15,HMS,Whoop,9/11/2021 5:18:18.1,9/11/2021 5:18:18.2,1,1,NA,NA,NA,NA,NA,NA,NA,2021-09-11,21.326867,-157.661467,Night
E:\2021RabbitIsland_SoundTrapData\5641\20210911_044936.wav,3/29/23 9:16,HMS,Whoop,9/11/2021 5:18:27.3,9/11/2021 5:18:27.5,1,1,NA,NA,NA,NA,NA,NA,NA,2021-09-11,21.326867,-157.661467,Night
E:\2021RabbitIsland_SoundTrapData\5641\20210911_044936.wav,3/29/23 9:16,HMS,Whoop,9/11/2021 5:18:35.5,9/11/2021 5:18:35.7,1,2,NA,NA,NA,NA,"Did not log any calls between here 5:18 and the next set of calls, but I saved a few Q3 calls to analyze in Raven",NA,NA,2021-09-11,21.326867,-157.661467,Night
E:\2021RabbitIsland_SoundTrapData\5641\20210911_044936.wav,3/29/23 9:16,HMS,GrowlRumbleWhoop,9/11/2021 5:24:01.4,9/11/2021 5:24:05.8,3,1,NA,NA,NA,NA,NA,NA,NA,2021-09-11,21.326867,-157.661467,Night
E:\2021RabbitIsland_SoundTrapData\5641\20210911_044936.wav,3/29/23 9:16,HMS,MoanWhoop,9/11/2021 5:32:23.0,9/11/2021 5:32:25.0,3,1,NA,NA,NA,NA,NA,NA,NA,2021-09-11,21.326867,-157.661467,Night
E:\2021RabbitIsland_SoundTrapData\5641\20210911_044936.wav,3/29/23 9:16,HMS,MoanGrowlRumbleWhoop,9/11/2021 5:32:25.9,9/11/2021 5:32:29.4,3,1,NA,NA,NA,NA,NA,NA,NA,2021-09-11,21.326867,-157.661467,Night
E:\2021RabbitIsland_SoundTrapData\5641\20210911_015851.wav,3/29/23 9:21,HMS,Growl,9/11/2021 6:07:43.3,9/11/2021 6:07:47.5,1,NA,NA,NA,NA,NA,NA,NA,NA,2021-09-11,21.326867,-157.661467,Night
E:\2021RabbitIsland_SoundTrapData\5641\20210911_015851.wav,3/29/23 9:21,HMS,Croak,9/11/2021 6:07:48.3,9/11/2021 6:07:48.5,1,NA,NA,NA,NA,NA,NA,NA,NA,2021-09-11,21.326867,-157.661467,Night
E:\2021RabbitIsland_SoundTrapData\5641\20210911_015851.wav,3/29/23 9:21,HMS,Croak,9/11/2021 6:07:48.9,9/11/2021 6:07:49.1,1,NA,NA,NA,NA,NA,NA,NA,NA,2021-09-11,21.326867,-157.661467,Night
E:\2021RabbitIsland_SoundTrapData\5641\20210911_015851.wav,3/29/23 9:21,HMS,Croak,9/11/2021 6:07:50.9,9/11/2021 6:07:51.2,1,NA,NA,NA,NA,NA,NA,NA,NA,2021-09-11,21.326867,-157.661467,Night
E:\2021RabbitIsland_SoundTrapData\5641\20210911_015851.wav,3/29/23 9:21,HMS,Croak,9/11/2021 6:07:52.0,9/11/2021 6:07:54.7,NA,NA,NA,NA,NA,NA,NA,NA,NA,2021-09-11,21.326867,-157.661467,Night
E:\2021RabbitIsland_SoundTrapData\5641\20210911_015851.wav,3/29/23 9:22,HMS,Growl,9/11/2021 6:11:09.0,9/11/2021 6:11:10.5,1,NA,NA,NA,NA,NA,NA,NA,NA,2021-09-11,21.326867,-157.661467,Night
E:\2021RabbitIsland_SoundTrapData\5641\20210911_015851.wav,3/29/23 9:22,HMS,Croak,9/11/2021 6:11:11.7,9/11/2021 6:11:11.8,1,NA,NA,NA,NA,NA,NA,NA,NA,2021-09-11,21.326867,-157.661467,Night
E:\2021RabbitIsland_SoundTrapData\5641\20210911_015851.wav,3/29/23 9:22,HMS,Growl,9/11/2021 6:11:13.3,9/11/2021 6:11:17.4,1,NA,NA,NA,NA,NA,NA,NA,NA,2021-09-11,21.326867,-157.661467,Night
E:\2021RabbitIsland_SoundTrapData\5641\20210911_015851.wav,3/29/23 9:22,HMS,Growl,9/11/2021 6:11:19.0,9/11/2021 6:11:21.1,1,NA,NA,NA,NA,NA,NA,NA,NA,2021-09-11,21.326867,-157.661467,Night
E:\2021RabbitIsland_SoundTrapData\5641\20210911_074203.wav,3/29/23 9:29,Anthro,Airplane,9/11/2021 8:34:55.1,9/11/2021 8:35:06.4,NA,NA,NA,NA,NA,NA,NDE,NA,NA,2021-09-11,21.326867,-157.661467,Day
E:\2021RabbitIsland_SoundTrapData\5641\20210911_074203.wav,3/29/23 9:31,Anthro,Airplane,9/11/2021 9:44:21.5,9/11/2021 9:44:30.2,NA,NA,NA,NA,NA,NA,NDE,NA,NA,2021-09-11,21.326867,-157.661467,Day
E:\2021RabbitIsland_SoundTrapData\5641\20210911_104202.wav,3/29/23 9:34,Anthro,Airplane,9/11/2021 10:59:27.2,9/11/2021 10:59:37.5,NA,NA,NA,NA,NA,NA,NDE,NA,NA,2021-09-11,21.326867,-157.661467,Day
E:\2021RabbitIsland_SoundTrapData\5641\20210911_104202.wav,3/29/23 9:35,Anthro,Airplane,9/11/2021 11:02:39.0,9/11/2021 11:02:45.7,NA,NA,NA,NA,NA,NA,NDE,NA,NA,2021-09-11,21.326867,-157.661467,Day
E:\2021RabbitIsland_SoundTrapData\5641\20210911_104202.wav,3/29/23 9:35,Anthro,Airplane,9/11/2021 11:03:25.4,9/11/2021 11:03:36.6,NA,NA,NA,NA,NA,NA,NDE,NA,NA,2021-09-11,21.326867,-157.661467,Day
E:\2021RabbitIsland_SoundTrapData\5641\20210911_104202.wav,3/29/23 9:37,Anthro,Ship/Small Boat,9/11/2021 12:08:41.3,9/11/2021 12:12:25.7,NA,NA,NA,NA,NA,NA,NA,NA,NA,2021-09-11,21.326867,-157.661467,Day
E:\2021RabbitIsland_SoundTrapData\5641\20210911_104202.wav,3/29/23 9:38,Anthro,Ship/Small Boat,9/11/2021 12:48:15.2,9/11/2021 12:51:20.2,NA,NA,NA,NA,NA,NA,Jetski?,NA,NA,2021-09-11,21.326867,-157.661467,Day
E:\2021RabbitIsland_SoundTrapData\5641\20210911_134202.wav,3/29/23 9:46,Anthro,Airplane,9/11/2021 15:02:17.4,9/11/2021 15:02:48.6,NA,NA,NA,NA,NA,NA,helicopter,NA,NA,2021-09-11,21.326867,-157.661467,Day
E:\2021RabbitIsland_SoundTrapData\5641\20210912_011609.wav,3/29/23 10:05,Other,Other,9/12/2021 1:45:17.6,9/12/2021 1:47:03.0,NA,NA,NA,NA,NA,NA,Earthquake,NA,NA,2021-09-12,21.326867,-157.661467,Night
E:\2021RabbitIsland_SoundTrapData\5641\20210912_040720.wav,3/29/23 10:11,Other,Other,9/12/2021 4:31:56.6,9/12/2021 4:33:03.0,NA,NA,NA,NA,NA,NA,Earthquake,NA,NA,2021-09-12,21.326867,-157.661467,Night
E:\2021RabbitIsland_SoundTrapData\5641\20210912_040720.wav,3/29/23 10:13,Anthro,Airplane,9/12/2021 5:22:26.0,9/12/2021 5:22:35.3,NA,NA,NA,NA,NA,NA,DE,NA,NA,2021-09-12,21.326867,-157.661467,Night
E:\2021RabbitIsland_SoundTrapData\5641\20210912_040720.wav,3/29/23 10:14,HMS,Growl,9/12/2021 5:40:02.6,9/12/2021 5:40:04.7,2,NA,NA,NA,NA,NA,NA,NA,NA,2021-09-12,21.326867,-157.661467,Night
E:\2021RabbitIsland_SoundTrapData\5641\20210912_040720.wav,3/29/23 10:14,HMS,Growl,9/12/2021 5:40:05.8,9/12/2021 5:40:06.5,2,NA,NA,NA,NA,NA,NA,NA,NA,2021-09-12,21.326867,-157.661467,Night
E:\2021RabbitIsland_SoundTrapData\5641\20210912_040720.wav,3/29/23 10:14,HMS,Growl,9/12/2021 5:40:10.6,9/12/2021 5:40:13.7,2,NA,NA,NA,NA,NA,NA,NA,NA,2021-09-12,21.326867,-157.661467,Night
E:\2021RabbitIsland_SoundTrapData\5641\20210912_040720.wav,3/29/23 10:14,HMS,Growl,9/12/2021 5:40:14.2,9/12/2021 5:40:18.0,2,NA,NA,NA,NA,NA,NA,NA,NA,2021-09-12,21.326867,-157.661467,Night
E:\2021RabbitIsland_SoundTrapData\5641\20210912_040720.wav,3/29/23 10:15,HMS,Whoop,9/12/2021 5:40:19.5,9/12/2021 5:40:19.8,2,2,NA,NA,NA,NA,NA,NA,NA,2021-09-12,21.326867,-157.661467,Night
E:\2021RabbitIsland_SoundTrapData\5641\20210912_040720.wav,3/29/23 10:16,HMS,Growl,9/12/2021 5:40:26.4,9/12/2021 5:40:27.9,2,NA,NA,NA,NA,NA,NA,NA,NA,2021-09-12,21.326867,-157.661467,Night
E:\2021RabbitIsland_SoundTrapData\5641\20210912_040720.wav,3/29/23 10:16,HMS,Croak,9/12/2021 5:40:29.5,9/12/2021 5:40:30.0,2,NA,NA,NA,NA,NA,NA,NA,NA,2021-09-12,21.326867,-157.661467,Night
E:\2021RabbitIsland_SoundTrapData\5641\20210912_040720.wav,3/29/23 10:16,HMS,Whoop,9/12/2021 5:40:36.6,9/12/2021 5:40:36.8,2,1,NA,NA,NA,NA,NA,NA,NA,2021-09-12,21.326867,-157.661467,Night
E:\2021RabbitIsland_SoundTrapData\5641\20210912_040720.wav,3/29/23 10:19,HMS,MoanGrowl,9/12/2021 5:40:38.3,9/12/2021 5:40:42.5,2,NA,NA,NA,NA,NA,NA,NA,NA,2021-09-12,21.326867,-157.661467,Night
E:\2021RabbitIsland_SoundTrapData\5641\20210912_040720.wav,3/29/23 10:19,HMS,Whoop,9/12/2021 5:40:45.7,9/12/2021 5:40:45.9,2,1,NA,NA,NA,NA,NA,NA,NA,2021-09-12,21.326867,-157.661467,Night
E:\2021RabbitIsland_SoundTrapData\5641\20210912_040720.wav,3/29/23 10:19,HMS,GrowlRumble,9/12/2021 5:40:48.3,9/12/2021 5:40:49.5,2,NA,NA,NA,NA,NA,NA,NA,NA,2021-09-12,21.326867,-157.661467,Night
E:\2021RabbitIsland_SoundTrapData\5641\20210912_065820.wav,3/29/23 10:26,Anthro,Ship/Small Boat,9/12/2021 8:22:16.8,9/12/2021 8:25:57.2,NA,NA,NA,NA,NA,NA,NA,NA,NA,2021-09-12,21.326867,-157.661467,Day
E:\2021RabbitIsland_SoundTrapData\5641\20210912_095819.wav,3/29/23 10:27,Anthro,Airplane,9/12/2021 9:58:19.2,9/12/2021 9:58:32.0,NA,NA,NA,NA,NA,NA,NDE,NA,NA,2021-09-12,21.326867,-157.661467,Day
E:\2021RabbitIsland_SoundTrapData\5641\20210912_095819.wav,3/29/23 10:32,Anthro,Ship/Small Boat,9/12/2021 12:21:35.5,9/12/2021 12:26:32.0,NA,NA,NA,NA,NA,NA,NA,NA,NA,2021-09-12,21.326867,-157.661467,Day
E:\2021RabbitIsland_SoundTrapData\5641\20210912_095819.wav,3/29/23 10:32,Anthro,Airplane,9/12/2021 12:33:35.6,9/12/2021 12:33:46.1,NA,NA,NA,NA,NA,NA,NDE,NA,NA,2021-09-12,21.326867,-157.661467,Day
E:\2021RabbitIsland_SoundTrapData\5641\20210912_095819.wav,3/29/23 10:32,Anthro,Airplane,9/12/2021 12:38:19.3,9/12/2021 12:38:39.6,NA,NA,NA,NA,NA,NA,DE,NA,NA,2021-09-12,21.326867,-157.661467,Day
E:\2021RabbitIsland_SoundTrapData\5641\20210912_125818.wav,3/29/23 10:32,Anthro,Airplane,9/12/2021 12:58:32.6,9/12/2021 12:58:39.4,NA,NA,NA,NA,NA,NA,DE,NA,NA,2021-09-12,21.326867,-157.661467,Day
E:\2021RabbitIsland_SoundTrapData\5641\20210912_125818.wav,3/29/23 10:40,Anthro,Ship/Small Boat,9/12/2021 13:11:32.5,9/12/2021 13:28:43.4,NA,NA,NA,NA,NA,NA,NA,NA,NA,2021-09-12,21.326867,-157.661467,Day
E:\2021RabbitIsland_SoundTrapData\5641\20210912_125818.wav,3/29/23 10:40,Anthro,Airplane,9/12/2021 15:11:30.3,9/12/2021 15:11:39.0,NA,NA,NA,NA,NA,NA,NDE,NA,NA,2021-09-12,21.326867,-157.661467,Day
E:\2021RabbitIsland_SoundTrapData\5641\20210912_125818.wav,3/29/23 10:40,Anthro,Airplane,9/12/2021 15:19:08.7,9/12/2021 15:19:23.8,NA,NA,NA,NA,NA,NA,NDE,NA,NA,2021-09-12,21.326867,-157.661467,Day
E:\2021RabbitIsland_SoundTrapData\5641\20210912_185755.wav,3/29/23 10:52,Anthro,Airplane,9/12/2021 21:33:20.5,9/12/2021 21:33:28.9,NA,NA,NA,NA,NA,NA,DE,NA,NA,2021-09-12,21.326867,-157.661467,Night
E:\2021RabbitIsland_SoundTrapData\5641\20210912_185755.wav,3/29/23 10:53,Anthro,Airplane,9/12/2021 21:45:31.8,9/12/2021 21:45:40.4,NA,NA,NA,NA,NA,NA,DE,NA,NA,2021-09-12,21.326867,-157.661467,Night
E:\2021RabbitIsland_SoundTrapData\5641\20210912_214631.wav,3/29/23 14:08,Anthro,Airplane,9/13/2021 0:05:39.6,9/13/2021 0:05:49.9,NA,NA,NA,NA,NA,NA,DE,NA,NA,2021-09-13,21.326867,-157.661467,Night
E:\2021RabbitIsland_SoundTrapData\5641\20210912_214631.wav,3/29/23 14:08,Other,Other,9/13/2021 0:36:51.1,9/13/2021 0:36:52.3,NA,NA,NA,NA,NA,NA,No HMS Vocalizations 09/12/2021,NA,NA,2021-09-13,21.326867,-157.661467,Night
E:\2021RabbitIsland_SoundTrapData\5641\20210913_091750.wav,3/29/23 14:34,Anthro,Airplane,9/13/2021 9:44:54.8,9/13/2021 9:45:07.4,NA,NA,NA,NA,NA,NA,NDE,NA,NA,2021-09-13,21.326867,-157.661467,Day
E:\2021RabbitIsland_SoundTrapData\5641\20210913_091750.wav,3/29/23 14:35,Anthro,Airplane,9/13/2021 10:24:22.9,9/13/2021 10:24:32.3,NA,NA,NA,NA,NA,NA,DE,NA,NA,2021-09-13,21.326867,-157.661467,Day
E:\2021RabbitIsland_SoundTrapData\5641\20210913_121749.wav,3/29/23 14:42,Anthro,Airplane,9/13/2021 13:22:43.9,9/13/2021 13:22:51.7,NA,NA,NA,NA,NA,NA,NDE,NA,NA,2021-09-13,21.326867,-157.661467,Day
E:\2021RabbitIsland_SoundTrapData\5641\20210913_121749.wav,3/29/23 14:43,Anthro,Airplane,9/13/2021 14:31:05.1,9/13/2021 14:31:17.4,NA,NA,NA,NA,NA,NA,NDE,NA,NA,2021-09-13,21.326867,-157.661467,Day
E:\2021RabbitIsland_SoundTrapData\5641\20210913_151749.wav,3/29/23 14:44,Anthro,Airplane,9/13/2021 15:18:26.4,9/13/2021 15:18:38.4,NA,NA,NA,NA,NA,NA,NDE,NA,NA,2021-09-13,21.326867,-157.661467,Day
E:\2021RabbitIsland_SoundTrapData\5641\20210913_151749.wav,3/29/23 14:51,Anthro,Airplane,9/13/2021 17:51:04.8,9/13/2021 17:51:16.0,NA,NA,NA,NA,NA,NA,NDE,NA,NA,2021-09-13,21.326867,-157.661467,Day
E:\2021RabbitIsland_SoundTrapData\5641\20210913_235648.wav,3/29/23 15:18,Other,Other,9/14/2021 2:47:46.2,9/14/2021 2:47:46.8,NA,NA,NA,NA,NA,NA,No HMS Vocalizations 9/13/2021,NA,NA,2021-09-14,21.326867,-157.661467,Night
E:\2021RabbitIsland_SoundTrapData\5641\20210914_083716.wav,4/3/23 9:26,Anthro,Airplane,9/14/2021 9:52:21.7,9/14/2021 9:52:31.8,NA,NA,NA,NA,NA,NA,NDE,NA,NA,2021-09-14,21.326867,-157.661467,Day
E:\2021RabbitIsland_SoundTrapData\5641\20210914_083716.wav,4/3/23 9:28,Anthro,Airplane,9/14/2021 10:52:04.3,9/14/2021 10:52:11.6,NA,NA,NA,NA,NA,NA,NDE,NA,NA,2021-09-14,21.326867,-157.661467,Day
E:\2021RabbitIsland_SoundTrapData\5641\20210914_083716.wav,4/3/23 9:30,Anthro,Airplane,9/14/2021 11:04:06.1,9/14/2021 11:04:13.4,NA,NA,NA,NA,NA,NA,DE,NA,NA,2021-09-14,21.326867,-157.661467,Day
E:\2021RabbitIsland_SoundTrapData\5641\20210914_113715.wav,4/3/23 9:32,Anthro,Airplane,9/14/2021 12:08:37.4,9/14/2021 12:08:45.6,NA,NA,NA,NA,NA,NA,NDE,NA,NA,2021-09-14,21.326867,-157.661467,Day
E:\2021RabbitIsland_SoundTrapData\5641\20210914_173713.wav,4/3/23 9:41,Anthro,Airplane,9/14/2021 17:44:43.9,9/14/2021 17:44:53.5,NA,NA,NA,NA,NA,NA,NDE,NA,NA,2021-09-14,21.326867,-157.661467,Day
E:\2021RabbitIsland_SoundTrapData\5641\20210914_173713.wav,4/3/23 9:44,Anthro,Airplane,9/14/2021 18:08:34.6,9/14/2021 18:08:44.1,NA,NA,NA,NA,NA,NA,NDE,NA,NA,2021-09-14,21.326867,-157.661467,Day
E:\2021RabbitIsland_SoundTrapData\5641\20210914_173713.wav,4/3/23 9:48,Anthro,Airplane,9/14/2021 20:09:17.4,9/14/2021 20:09:26.1,NA,NA,NA,NA,NA,NA,DE,NA,NA,2021-09-14,21.326867,-157.661467,Night
E:\2021RabbitIsland_SoundTrapData\5641\20210915_075747.wav,4/3/23 10:12,Anthro,Airplane,9/15/2021 8:15:24.4,9/15/2021 8:15:31.7,NA,NA,NA,NA,NA,NA,DE,NA,NA,2021-09-15,21.326867,-157.661467,Day
E:\2021RabbitIsland_SoundTrapData\5641\20210915_105746.wav,4/3/23 10:17,Anthro,Airplane,9/15/2021 10:58:36.3,9/15/2021 10:58:46.4,NA,NA,NA,NA,NA,NA,NDE,NA,NA,2021-09-15,21.326867,-157.661467,Day
E:\2021RabbitIsland_SoundTrapData\5641\20210915_105746.wav,4/3/23 10:17,Anthro,Airplane,9/15/2021 10:59:11.3,9/15/2021 10:59:26.1,NA,NA,NA,NA,NA,NA,NDE,NA,NA,2021-09-15,21.326867,-157.661467,Day
E:\2021RabbitIsland_SoundTrapData\5641\20210915_165744.wav,4/3/23 10:28,Anthro,Airplane,9/15/2021 17:09:53.6,9/15/2021 17:10:04.3,NA,NA,NA,NA,NA,NA,NDE,NA,NA,2021-09-15,21.326867,-157.661467,Day
E:\2021RabbitIsland_SoundTrapData\5641\20210915_224134.wav,4/3/23 10:47,Other,Other,9/16/2021 1:33:03.3,9/16/2021 1:33:04.3,NA,NA,NA,NA,NA,NA,No HMS vocalizations 9/14-15/2021,NA,NA,2021-09-16,21.326867,-157.661467,Night
E:\2021RabbitIsland_SoundTrapData\5641\20210916_101644.wav,4/3/23 11:04,Anthro,Airplane,9/16/2021 11:06:07.7,9/16/2021 11:06:14.2,NA,NA,NA,NA,NA,NA,NDE,NA,NA,2021-09-16,21.326867,-157.661467,Day
E:\2021RabbitIsland_SoundTrapData\5641\20210916_131643.wav,4/3/23 11:11,Anthro,Airplane,9/16/2021 14:19:10.6,9/16/2021 14:19:20.4,NA,NA,NA,NA,NA,NA,NDE,NA,NA,2021-09-16,21.326867,-157.661467,Day
E:\2021RabbitIsland_SoundTrapData\5641\20210916_131643.wav,4/3/23 11:13,Anthro,Airplane,9/16/2021 15:09:48.8,9/16/2021 15:09:56.5,NA,NA,NA,NA,NA,NA,NDE,NA,NA,2021-09-16,21.326867,-157.661467,Day
E:\2021RabbitIsland_SoundTrapData\5641\20210916_131643.wav,4/3/23 11:16,Anthro,Airplane,9/16/2021 15:53:22.0,9/16/2021 15:53:26.3,NA,NA,NA,NA,NA,NA,NDE,NA,NA,2021-09-16,21.326867,-157.661467,Day
E:\2021RabbitIsland_SoundTrapData\5641\20210916_161643.wav,4/3/23 11:19,Anthro,Airplane,9/16/2021 16:40:54.5,9/16/2021 16:41:02.9,NA,NA,NA,NA,NA,NA,NDE,NA,NA,2021-09-16,21.326867,-157.661467,Day
E:\2021RabbitIsland_SoundTrapData\5641\20210916_161643.wav,4/3/23 11:28,Anthro,Airplane,9/16/2021 18:49:42.2,9/16/2021 18:49:59.0,NA,NA,NA,NA,NA,NA,NDE,NA,NA,2021-09-16,21.326867,-157.661467,Night
E:\2021RabbitIsland_SoundTrapData\5641\20210916_220446.wav,4/3/23 11:34,Other,Other,9/17/2021 0:55:43.4,9/17/2021 0:55:44.5,NA,NA,NA,NA,NA,NA,No HMS Vocalizations 9/16/2021,NA,NA,2021-09-17,21.326867,-157.661467,Night
E:\2021RabbitIsland_SoundTrapData\5641\20210917_094035.wav,4/3/23 11:54,Anthro,Airplane,9/17/2021 12:14:04.3,9/17/2021 12:14:16.3,NA,NA,NA,NA,NA,NA,NDE,NA,NA,2021-09-17,21.326867,-157.661467,Day
E:\2021RabbitIsland_SoundTrapData\5641\20210917_124034.wav,4/3/23 12:01,Anthro,Ship/Small Boat,9/17/2021 12:55:22.4,9/17/2021 12:56:49.2,NA,NA,NA,NA,NA,NA,NA,NA,NA,2021-09-17,21.326867,-157.661467,Day
E:\2021RabbitIsland_SoundTrapData\5641\20210917_124034.wav,4/3/23 12:01,Anthro,Ship/Small Boat,9/17/2021 14:28:33.7,9/17/2021 14:31:51.1,NA,NA,NA,NA,NA,NA,NA,NA,NA,2021-09-17,21.326867,-157.661467,Day
E:\2021RabbitIsland_SoundTrapData\5641\20210917_124034.wav,4/3/23 12:02,Anthro,Ship/Small Boat,9/17/2021 14:59:00.3,9/17/2021 15:00:07.1,NA,NA,NA,NA,NA,NA,NA,NA,NA,2021-09-17,21.326867,-157.661467,Day
E:\2021RabbitIsland_SoundTrapData\5641\20210917_124034.wav,4/3/23 12:02,Anthro,Ship/Small Boat,9/17/2021 15:09:05.9,9/17/2021 15:13:56.0,NA,NA,NA,NA,NA,NA,NA,NA,NA,2021-09-17,21.326867,-157.661467,Day
E:\2021RabbitIsland_SoundTrapData\5641\20210917_094035.wav,4/3/23 12:04,Other,Other,9/17/2021 11:46:11.4,9/17/2021 11:47:00.1,NA,NA,NA,NA,NA,NA,Earthquake,NA,NA,2021-09-17,21.326867,-157.661467,Day
E:\2021RabbitIsland_SoundTrapData\5641\20210918_002118.wav,4/3/23 12:50,Other,Other,9/18/2021 0:20:37.2,9/18/2021 0:20:38.8,NA,NA,NA,NA,NA,NA,No HMS Vocalizations 9/17/2021,NA,NA,2021-09-18,21.326867,-157.661467,Night
E:\2021RabbitIsland_SoundTrapData\5641\20210918_031409.wav,4/3/23 12:58,HMS,Growl,9/18/2021 5:44:19.7,9/18/2021 5:44:22.9,1,NA,NA,NA,NA,NA,NA,NA,NA,2021-09-18,21.326867,-157.661467,Night
E:\2021RabbitIsland_SoundTrapData\5641\20210918_031409.wav,4/3/23 12:58,HMS,Croak,9/18/2021 5:44:24.5,9/18/2021 5:44:24.9,1,NA,NA,NA,NA,NA,NA,NA,NA,2021-09-18,21.326867,-157.661467,Night
E:\2021RabbitIsland_SoundTrapData\5641\20210918_031409.wav,4/3/23 12:59,HMS,Growl,9/18/2021 5:44:30.4,9/18/2021 5:44:33.4,1,NA,NA,NA,NA,NA,NA,NA,NA,2021-09-18,21.326867,-157.661467,Night
E:\2021RabbitIsland_SoundTrapData\5641\20210918_031409.wav,4/3/23 12:59,HMS,Whoop,9/18/2021 5:44:34.2,9/18/2021 5:44:34.9,1,3,NA,NA,NA,NA,NA,NA,NA,2021-09-18,21.326867,-157.661467,Night
E:\2021RabbitIsland_SoundTrapData\5641\20210918_031409.wav,4/3/23 13:00,HMS,Croak,9/18/2021 5:44:41.4,9/18/2021 5:44:41.6,1,NA,NA,NA,NA,NA,NA,NA,NA,2021-09-18,21.326867,-157.661467,Night
E:\2021RabbitIsland_SoundTrapData\5641\20210918_031409.wav,4/3/23 13:00,HMS,Croak,9/18/2021 5:44:43.9,9/18/2021 5:44:44.3,1,NA,NA,NA,NA,NA,NA,NA,NA,2021-09-18,21.326867,-157.661467,Night
E:\2021RabbitIsland_SoundTrapData\5641\20210918_031409.wav,4/3/23 13:00,HMS,Growl,9/18/2021 5:44:45.7,9/18/2021 5:44:47.9,1,NA,NA,NA,NA,NA,NA,NA,NA,2021-09-18,21.326867,-157.661467,Night
E:\2021RabbitIsland_SoundTrapData\5641\20210918_031409.wav,4/3/23 13:00,HMS,RumbleWhoop,9/18/2021 5:44:48.6,9/18/2021 5:44:50.6,1,NA,NA,NA,NA,NA,NA,NA,NA,2021-09-18,21.326867,-157.661467,Night
E:\2021RabbitIsland_SoundTrapData\5641\20210918_031409.wav,4/3/23 13:01,HMS,Whoop,9/18/2021 5:44:53.0,9/18/2021 5:44:54.0,1,2,NA,NA,NA,NA,NA,NA,NA,2021-09-18,21.326867,-157.661467,Night
E:\2021RabbitIsland_SoundTrapData\5641\20210918_031409.wav,4/3/23 13:01,HMS,Growl,9/18/2021 5:44:57.4,9/18/2021 5:44:59.7,1,NA,NA,NA,NA,NA,NA,NA,NA,2021-09-18,21.326867,-157.661467,Night
E:\2021RabbitIsland_SoundTrapData\5641\20210918_031409.wav,4/3/23 13:02,HMS,Croak,9/18/2021 5:45:04.8,9/18/2021 5:45:05.0,1,NA,NA,NA,NA,NA,NA,NA,NA,2021-09-18,21.326867,-157.661467,Night
E:\2021RabbitIsland_SoundTrapData\5641\20210918_031409.wav,4/3/23 13:02,HMS,Croak,9/18/2021 5:45:06.9,9/18/2021 5:45:07.3,1,NA,NA,NA,NA,NA,NA,NA,NA,2021-09-18,21.326867,-157.661467,Night
E:\2021RabbitIsland_SoundTrapData\5641\20210918_031409.wav,4/3/23 13:02,HMS,Croak,9/18/2021 5:45:07.9,9/18/2021 5:45:08.2,1,NA,NA,NA,NA,NA,NA,NA,NA,2021-09-18,21.326867,-157.661467,Night
E:\2021RabbitIsland_SoundTrapData\5641\20210918_031409.wav,4/3/23 13:02,HMS,Growl,9/18/2021 5:45:10.2,9/18/2021 5:45:11.4,1,NA,NA,NA,NA,NA,NA,NA,NA,2021-09-18,21.326867,-157.661467,Night
E:\2021RabbitIsland_SoundTrapData\5641\20210918_031409.wav,4/3/23 13:02,HMS,Whoop,9/18/2021 5:45:12.9,9/18/2021 5:45:13.0,1,1,NA,NA,NA,NA,NA,NA,NA,2021-09-18,21.326867,-157.661467,Night
E:\2021RabbitIsland_SoundTrapData\5641\20210918_060600.wav,4/3/23 13:18,Anthro,Airplane,9/18/2021 8:54:20.1,9/18/2021 8:54:31.9,NA,NA,NA,NA,NA,NA,NDE,NA,NA,2021-09-18,21.326867,-157.661467,Day
E:\2021RabbitIsland_SoundTrapData\5641\20210918_090559.wav,4/3/23 13:18,Anthro,Airplane,9/18/2021 11:13:52.9,9/18/2021 11:14:20.5,NA,NA,NA,NA,NA,NA,NDE,NA,NA,2021-09-18,21.326867,-157.661467,Day
E:\2021RabbitIsland_SoundTrapData\5641\20210918_120558.wav,4/3/23 13:26,Anthro,Airplane,9/18/2021 14:51:02.1,9/18/2021 14:51:14.0,NA,NA,NA,NA,NA,NA,NDE,NA,NA,2021-09-18,21.326867,-157.661467,Day
E:\2021RabbitIsland_SoundTrapData\5641\20210918_150557.wav,4/3/23 13:34,Anthro,Airplane,9/18/2021 15:21:14.7,9/18/2021 15:21:26.3,NA,NA,NA,NA,NA,NA,NDE,NA,NA,2021-09-18,21.326867,-157.661467,Day
E:\2021RabbitIsland_SoundTrapData\5641\20210919_024127.wav,4/3/23 13:56,Other,Other,9/19/2021 2:40:25.5,9/19/2021 2:40:27.3,NA,NA,NA,NA,NA,NA,No HMS Vocalizatiosn 9/18/2021,NA,NA,2021-09-19,21.326867,-157.661467,Night
E:\2021RabbitIsland_SoundTrapData\5641\20210919_083359.wav,4/3/23 14:20,Anthro,Ship/Small Boat,9/19/2021 9:23:01.2,9/19/2021 9:33:26.9,NA,NA,NA,NA,NA,NA,NA,NA,NA,2021-09-19,21.326867,-157.661467,Day
E:\2021RabbitIsland_SoundTrapData\5641\20210919_083359.wav,4/3/23 14:20,Anthro,Ship/Small Boat,9/19/2021 9:38:03.1,9/19/2021 9:42:16.8,NA,NA,NA,NA,NA,NA,NA,NA,NA,2021-09-19,21.326867,-157.661467,Day
E:\2021RabbitIsland_SoundTrapData\5641\20210919_083359.wav,4/3/23 14:21,Anthro,Airplane,9/19/2021 10:12:16.4,9/19/2021 10:12:26.3,NA,NA,NA,NA,NA,NA,NDE,NA,NA,2021-09-19,21.326867,-157.661467,Day
E:\2021RabbitIsland_SoundTrapData\5641\20210919_083359.wav,4/3/23 14:21,Anthro,Airplane,9/19/2021 11:20:08.1,9/19/2021 11:20:16.9,NA,NA,NA,NA,NA,NA,NDE,NA,NA,2021-09-19,21.326867,-157.661467,Day
E:\2021RabbitIsland_SoundTrapData\5641\20210919_113358.wav,4/4/23 7:56,Anthro,Ship/Small Boat,9/19/2021 11:58:34.0,9/19/2021 12:05:24.9,NA,NA,NA,NA,NA,NA,NA,NA,NA,2021-09-19,21.326867,-157.661467,Day
E:\2021RabbitIsland_SoundTrapData\5641\20210919_113358.wav,4/4/23 7:58,Anthro,Airplane,9/19/2021 12:40:58.0,9/19/2021 12:41:05.6,NA,NA,NA,NA,NA,NA,NDE,NA,NA,2021-09-19,21.326867,-157.661467,Day
E:\2021RabbitIsland_SoundTrapData\5641\20210919_113358.wav,4/4/23 7:59,Anthro,Ship/Small Boat,9/19/2021 13:31:54.7,9/19/2021 13:35:11.9,NA,NA,NA,NA,NA,NA,NA,NA,NA,2021-09-19,21.326867,-157.661467,Day
E:\2021RabbitIsland_SoundTrapData\5641\20210919_202632.wav,4/4/23 8:22,Other,Other,9/19/2021 23:19:21.2,9/19/2021 23:19:21.9,NA,NA,NA,NA,NA,NA,No HMS Vocalization 9/19/2021,NA,NA,2021-09-19,21.326867,-157.661467,Night
E:\2021RabbitIsland_SoundTrapData\5641\20210919_231922.wav,4/4/23 8:30,Other,Other,9/20/2021 0:43:16.2,9/20/2021 0:44:14.4,NA,NA,NA,NA,NA,NA,earthquake,NA,NA,2021-09-20,21.326867,-157.661467,Night
E:\2021RabbitIsland_SoundTrapData\5641\20210920_080356.wav,4/4/23 8:37,Anthro,Airplane,9/20/2021 8:27:18.8,9/20/2021 8:27:28.7,NA,NA,NA,NA,NA,NA,NDE,NA,NA,2021-09-20,21.326867,-157.661467,Day
E:\2021RabbitIsland_SoundTrapData\5641\20210920_080356.wav,4/4/23 8:40,Anthro,Airplane,9/20/2021 9:43:49.7,9/20/2021 9:44:36.6,NA,NA,NA,NA,NA,NA,NA,NA,NA,2021-09-20,21.326867,-157.661467,Day
E:\2021RabbitIsland_SoundTrapData\5641\20210920_080356.wav,4/4/23 8:40,Anthro,Ship/Small Boat,9/20/2021 9:43:49.2,9/20/2021 9:44:36.4,NA,NA,NA,NA,NA,NA,NA,NA,NA,2021-09-20,21.326867,-157.661467,Day
E:\2021RabbitIsland_SoundTrapData\5641\20210920_080356.wav,4/4/23 8:41,Anthro,Airplane,9/20/2021 10:13:33.2,9/20/2021 10:13:42.5,NA,NA,NA,NA,NA,NA,NDE,NA,NA,2021-09-20,21.326867,-157.661467,Day
E:\2021RabbitIsland_SoundTrapData\5641\20210920_080356.wav,41:53.9,Anthro,Ship/Small Boat,9/20/2021 10:13:33.2,9/20/2021 10:13:42.5,NA,NA,NA,NA,NA,NA,NA,NA,NA,2021-09-20,21.326867,-157.661467,Day
E:\2021RabbitIsland_SoundTrapData\5641\20210920_110355.wav,4/4/23 8:44,Anthro,Airplane,9/20/2021 11:06:24.1,9/20/2021 11:06:37.4,NA,NA,NA,NA,NA,NA,NDE,NA,NA,2021-09-20,21.326867,-157.661467,Day
E:\2021RabbitIsland_SoundTrapData\5641\20210920_110355.wav,4/4/23 8:45,Anthro,Airplane,9/20/2021 11:43:53.2,9/20/2021 11:44:00.3,NA,NA,NA,NA,NA,NA,NDE,NA,NA,2021-09-20,21.326867,-157.661467,Day
E:\2021RabbitIsland_SoundTrapData\5641\20210920_110355.wav,4/4/23 8:48,Anthro,Airplane,9/20/2021 12:10:24.9,9/20/2021 12:10:33.9,NA,NA,NA,NA,NA,NA,NDE,NA,NA,2021-09-20,21.326867,-157.661467,Day
E:\2021RabbitIsland_SoundTrapData\5641\20210920_110355.wav,4/4/23 8:54,Other,Other,9/20/2021 12:49:41.0,9/20/2021 12:50:54.7,NA,NA,NA,NA,NA,NA,Earthquake,NA,NA,2021-09-20,21.326867,-157.661467,Day
E:\2021RabbitIsland_SoundTrapData\5641\20210920_140354.wav,4/4/23 9:01,Anthro,Airplane,9/20/2021 15:47:04.6,9/20/2021 15:47:11.8,NA,NA,NA,NA,NA,NA,NDE,NA,NA,2021-09-20,21.326867,-157.661467,Day
E:\2021RabbitIsland_SoundTrapData\5641\20210921_014352.wav,4/4/23 9:38,Other,Other,9/21/2021 2:11:34.5,9/21/2021 2:12:54.2,NA,NA,NA,NA,NA,NA,Earthquake,NA,NA,2021-09-21,21.326867,-157.661467,Night
E:\2021RabbitIsland_SoundTrapData\5641\20210921_043740.wav,4/4/23 9:44,HMS,Growl,9/21/2021 5:06:48.9,9/21/2021 5:06:50.7,1,NA,NA,NA,NA,NA,NA,NA,NA,2021-09-21,21.326867,-157.661467,Night
E:\2021RabbitIsland_SoundTrapData\5641\20210921_043740.wav,4/4/23 9:45,HMS,Croak,9/21/2021 5:06:51.9,9/21/2021 5:06:52.4,1,NA,NA,NA,NA,NA,NA,NA,NA,2021-09-21,21.326867,-157.661467,Night
E:\2021RabbitIsland_SoundTrapData\5641\20210921_043740.wav,4/4/23 9:45,HMS,Croak,9/21/2021 5:06:56.4,9/21/2021 5:06:56.6,1,NA,NA,NA,NA,NA,NA,NA,NA,2021-09-21,21.326867,-157.661467,Night
E:\2021RabbitIsland_SoundTrapData\5641\20210921_043740.wav,4/4/23 9:45,HMS,Growl,9/21/2021 5:06:57.7,9/21/2021 5:07:00.5,1,NA,NA,NA,NA,NA,NA,NA,NA,2021-09-21,21.326867,-157.661467,Night
E:\2021RabbitIsland_SoundTrapData\5641\20210921_043740.wav,4/4/23 9:45,HMS,Growl,9/21/2021 5:07:00.9,9/21/2021 5:07:03.3,1,NA,NA,NA,NA,NA,NA,NA,NA,2021-09-21,21.326867,-157.661467,Night
E:\2021RabbitIsland_SoundTrapData\5641\20210921_043740.wav,4/4/23 9:45,HMS,Croak,9/21/2021 5:07:04.5,9/21/2021 5:07:04.8,1,NA,NA,NA,NA,NA,NA,NA,NA,2021-09-21,21.326867,-157.661467,Night
E:\2021RabbitIsland_SoundTrapData\5641\20210921_043740.wav,4/4/23 9:45,HMS,Croak,9/21/2021 5:07:08.6,9/21/2021 5:07:08.7,1,NA,NA,NA,NA,NA,NA,NA,NA,2021-09-21,21.326867,-157.661467,Night
E:\2021RabbitIsland_SoundTrapData\5641\20210921_043740.wav,4/4/23 9:46,HMS,Whoop,9/21/2021 5:07:16.3,9/21/2021 5:07:16.5,1,1,NA,NA,NA,NA,NA,NA,NA,2021-09-21,21.326867,-157.661467,Night
E:\2021RabbitIsland_SoundTrapData\5641\20210921_043740.wav,4/4/23 9:46,HMS,Growl,9/21/2021 5:07:17.6,9/21/2021 5:07:18.3,1,NA,NA,NA,NA,NA,NA,NA,NA,2021-09-21,21.326867,-157.661467,Night
E:\2021RabbitIsland_SoundTrapData\5641\20210921_043740.wav,4/4/23 9:46,HMS,Croak,9/21/2021 5:07:19.2,9/21/2021 5:07:19.5,1,NA,NA,NA,NA,NA,NA,NA,NA,2021-09-21,21.326867,-157.661467,Night
E:\2021RabbitIsland_SoundTrapData\5641\20210921_043740.wav,4/4/23 9:46,HMS,GrowlRumbleWhoop,9/21/2021 5:07:22.0,9/21/2021 5:07:25.7,1,NA,NA,NA,NA,NA,NA,NA,NA,2021-09-21,21.326867,-157.661467,Night
E:\2021RabbitIsland_SoundTrapData\5641\20210921_043740.wav,4/4/23 9:48,HMS,Growl,9/21/2021 5:07:32.0,9/21/2021 5:07:33.2,1,NA,NA,NA,NA,NA,NA,NA,NA,2021-09-21,21.326867,-157.661467,Night
E:\2021RabbitIsland_SoundTrapData\5641\20210921_043740.wav,4/4/23 9:48,HMS,Whoop,9/21/2021 5:07:33.8,9/21/2021 5:07:35.1,1,1,NA,NA,NA,NA,NA,NA,NA,2021-09-21,21.326867,-157.661467,Night
E:\2021RabbitIsland_SoundTrapData\5641\20210921_043740.wav,4/4/23 9:48,HMS,Growl,9/21/2021 5:07:37.7,9/21/2021 5:07:39.6,1,NA,NA,NA,NA,NA,NA,NA,NA,2021-09-21,21.326867,-157.661467,Night
E:\2021RabbitIsland_SoundTrapData\5641\20210921_043740.wav,4/4/23 9:48,HMS,Whoop,9/21/2021 5:07:40.6,9/21/2021 5:07:41.5,1,3,NA,NA,NA,NA,NA,NA,NA,2021-09-21,21.326867,-157.661467,Night
E:\2021RabbitIsland_SoundTrapData\5641\20210921_043740.wav,4/4/23 9:49,HMS,Croak,9/21/2021 5:07:41.7,9/21/2021 5:07:42.2,1,NA,NA,NA,NA,NA,NA,NA,NA,2021-09-21,21.326867,-157.661467,Night
E:\2021RabbitIsland_SoundTrapData\5641\20210921_043740.wav,4/4/23 9:49,HMS,Whoop,9/21/2021 5:07:45.4,9/21/2021 5:07:45.5,1,1,NA,NA,NA,NA,NA,NA,NA,2021-09-21,21.326867,-157.661467,Night
E:\2021RabbitIsland_SoundTrapData\5641\20210921_043740.wav,4/4/23 9:49,HMS,Growl,9/21/2021 5:07:49.0,9/21/2021 5:07:50.2,1,NA,NA,NA,NA,NA,NA,NA,NA,2021-09-21,21.326867,-157.661467,Night
E:\2021RabbitIsland_SoundTrapData\5641\20210921_043740.wav,4/4/23 9:51,HMS,Whoop,9/21/2021 5:34:32.3,9/21/2021 5:34:32.6,1,2,NA,NA,NA,NA,NA,NA,NA,2021-09-21,21.326867,-157.661467,Night
E:\2021RabbitIsland_SoundTrapData\5641\20210921_043740.wav,4/4/23 9:52,HMS,GrowlWhoop,9/21/2021 5:34:35.4,9/21/2021 5:34:36.5,1,NA,NA,NA,NA,NA,NA,NA,NA,2021-09-21,21.326867,-157.661467,Night
E:\2021RabbitIsland_SoundTrapData\5641\20210921_043740.wav,4/4/23 9:52,HMS,Whoop,9/21/2021 5:34:38.5,9/21/2021 5:34:38.7,1,1,NA,NA,NA,NA,NA,NA,NA,2021-09-21,21.326867,-157.661467,Night
E:\2021RabbitIsland_SoundTrapData\5641\20210921_043740.wav,4/4/23 9:53,HMS,Whoop,9/21/2021 5:34:38.7,9/21/2021 5:34:43.4,1,1,NA,NA,NA,NA,NA,NA,NA,2021-09-21,21.326867,-157.661467,Night
E:\2021RabbitIsland_SoundTrapData\5641\20210921_043740.wav,4/4/23 9:53,HMS,Growl,9/21/2021 5:34:46.4,9/21/2021 5:34:47.6,1,NA,NA,NA,NA,NA,NA,NA,NA,2021-09-21,21.326867,-157.661467,Night
E:\2021RabbitIsland_SoundTrapData\5641\20210921_043740.wav,4/4/23 9:53,HMS,Whoop,9/21/2021 5:34:48.0,9/21/2021 5:34:48.2,1,1,NA,NA,NA,NA,NA,NA,NA,2021-09-21,21.326867,-157.661467,Night
E:\2021RabbitIsland_SoundTrapData\5641\20210921_043740.wav,4/4/23 9:53,HMS,Whoop,9/21/2021 5:34:52.9,9/21/2021 5:34:54.4,1,6,NA,NA,NA,NA,NA,NA,NA,2021-09-21,21.326867,-157.661467,Night
E:\2021RabbitIsland_SoundTrapData\5641\20210921_043740.wav,4/4/23 9:54,HMS,Whoop,9/21/2021 5:35:13.3,9/21/2021 5:35:13.7,1,2,NA,NA,NA,NA,NA,NA,NA,2021-09-21,21.326867,-157.661467,Night
E:\2021RabbitIsland_SoundTrapData\5641\20210921_043740.wav,4/4/23 9:54,HMS,Whoop,9/21/2021 5:35:18.4,9/21/2021 5:35:18.6,1,1,NA,NA,NA,NA,NA,NA,NA,2021-09-21,21.326867,-157.661467,Night
E:\2021RabbitIsland_SoundTrapData\5641\20210921_043740.wav,4/4/23 9:55,HMS,Whoop,9/21/2021 5:35:19.5,9/21/2021 5:35:20.1,1,2,NA,NA,NA,NA,NA,NA,NA,2021-09-21,21.326867,-157.661467,Night
E:\2021RabbitIsland_SoundTrapData\5641\20210921_043740.wav,4/4/23 9:55,HMS,Whoop,9/21/2021 5:35:40.7,9/21/2021 5:35:40.9,1,1,NA,NA,NA,NA,NA,NA,NA,2021-09-21,21.326867,-157.661467,Night
E:\2021RabbitIsland_SoundTrapData\5641\20210921_043740.wav,4/4/23 9:55,HMS,Growl,9/21/2021 5:35:43.1,9/21/2021 5:35:44.3,1,NA,NA,NA,NA,NA,NA,NA,NA,2021-09-21,21.326867,-157.661467,Night
E:\2021RabbitIsland_SoundTrapData\5641\20210921_043740.wav,4/4/23 9:55,HMS,Croak,9/21/2021 5:35:45.4,9/21/2021 5:35:45.8,1,NA,NA,NA,NA,NA,NA,NA,NA,2021-09-21,21.326867,-157.661467,Night
E:\2021RabbitIsland_SoundTrapData\5641\20210921_043740.wav,4/4/23 9:56,HMS,Growl,9/21/2021 5:35:46.4,9/21/2021 5:35:47.5,1,NA,NA,NA,NA,NA,NA,NA,NA,2021-09-21,21.326867,-157.661467,Night
E:\2021RabbitIsland_SoundTrapData\5641\20210921_043740.wav,4/4/23 9:56,HMS,Whoop,9/21/2021 5:35:47.8,9/21/2021 5:35:47.9,1,1,NA,NA,NA,NA,NA,NA,NA,2021-09-21,21.326867,-157.661467,Night
E:\2021RabbitIsland_SoundTrapData\5641\20210921_043740.wav,4/4/23 9:56,HMS,Whoop,9/21/2021 5:35:48.4,9/21/2021 5:35:48.7,1,2,NA,NA,NA,NA,NA,NA,NA,2021-09-21,21.326867,-157.661467,Night
E:\2021RabbitIsland_SoundTrapData\5641\20210921_043740.wav,4/4/23 9:56,HMS,Whoop,9/21/2021 5:35:48.7,9/21/2021 5:35:59.2,1,2,NA,NA,NA,NA,NA,NA,NA,2021-09-21,21.326867,-157.661467,Night
E:\2021RabbitIsland_SoundTrapData\5641\20210921_043740.wav,4/4/23 9:57,HMS,Whoop,9/21/2021 5:36:05.5,9/21/2021 5:36:08.3,1,5,NA,NA,NA,NA,NA,NA,NA,2021-09-21,21.326867,-157.661467,Night
E:\2021RabbitIsland_SoundTrapData\5641\20210921_043740.wav,4/4/23 9:57,HMS,Growl,9/21/2021 5:36:08.5,9/21/2021 5:36:09.1,1,NA,NA,NA,NA,NA,NA,NA,NA,2021-09-21,21.326867,-157.661467,Night
E:\2021RabbitIsland_SoundTrapData\5641\20210921_043740.wav,4/4/23 9:57,HMS,Growl,9/21/2021 5:36:09.8,9/21/2021 5:36:10.4,1,NA,NA,NA,NA,NA,NA,NA,NA,2021-09-21,21.326867,-157.661467,Night
E:\2021RabbitIsland_SoundTrapData\5641\20210921_043740.wav,4/4/23 9:57,HMS,Growl,9/21/2021 5:36:11.5,9/21/2021 5:36:13.1,1,NA,NA,NA,NA,NA,NA,NA,NA,2021-09-21,21.326867,-157.661467,Night
E:\2021RabbitIsland_SoundTrapData\5641\20210921_043740.wav,4/4/23 9:58,HMS,Whoop,9/21/2021 5:36:13.8,9/21/2021 5:36:14.8,1,3,NA,NA,NA,NA,NA,NA,NA,2021-09-21,21.326867,-157.661467,Night
E:\2021RabbitIsland_SoundTrapData\5641\20210921_043740.wav,4/4/23 9:58,HMS,Whoop,9/21/2021 5:36:28.6,9/21/2021 5:36:29.1,1,3,NA,NA,NA,NA,NA,NA,NA,2021-09-21,21.326867,-157.661467,Night
E:\2021RabbitIsland_SoundTrapData\5641\20210921_043740.wav,4/4/23 9:58,HMS,Whoop,9/21/2021 5:36:29.7,9/21/2021 5:36:29.8,1,1,NA,NA,NA,NA,NA,NA,NA,2021-09-21,21.326867,-157.661467,Night
E:\2021RabbitIsland_SoundTrapData\5641\20210921_043740.wav,4/4/23 9:59,HMS,Whoop,9/21/2021 5:36:36.8,9/21/2021 5:36:37.5,1,4,NA,NA,NA,NA,NA,NA,NA,2021-09-21,21.326867,-157.661467,Night
E:\2021RabbitIsland_SoundTrapData\5641\20210921_043740.wav,4/4/23 9:59,HMS,Whoop,9/21/2021 5:36:38.1,9/21/2021 5:36:38.6,1,2,NA,NA,NA,NA,NA,NA,NA,2021-09-21,21.326867,-157.661467,Night
E:\2021RabbitIsland_SoundTrapData\5641\20210921_043740.wav,4/4/23 10:00,HMS,Whoop,9/21/2021 5:37:29.4,9/21/2021 5:37:29.8,1,3,NA,NA,NA,NA,higher pitched whoops,NA,NA,2021-09-21,21.326867,-157.661467,Night
E:\2021RabbitIsland_SoundTrapData\5641\20210921_043740.wav,4/4/23 10:00,HMS,Growl,9/21/2021 5:37:35.4,9/21/2021 5:37:37.0,1,NA,NA,NA,NA,NA,NA,NA,NA,2021-09-21,21.326867,-157.661467,Night
E:\2021RabbitIsland_SoundTrapData\5641\20210921_043740.wav,4/4/23 10:01,HMS,Whoop,9/21/2021 5:37:37.3,9/21/2021 5:37:38.7,1,6,NA,NA,NA,NA,NA,NA,NA,2021-09-21,21.326867,-157.661467,Night
E:\2021RabbitIsland_SoundTrapData\5641\20210921_043740.wav,4/4/23 10:01,HMS,Whoop,9/21/2021 5:37:39.2,9/21/2021 5:37:39.7,1,3,NA,NA,NA,NA,higher pitched whoops,NA,NA,2021-09-21,21.326867,-157.661467,Night
E:\2021RabbitIsland_SoundTrapData\5641\20210921_043740.wav,4/4/23 10:02,HMS,Whoop,9/21/2021 5:37:40.0,9/21/2021 5:37:40.7,1,4,NA,NA,NA,NA,higher pitched whoops,NA,NA,2021-09-21,21.326867,-157.661467,Night
E:\2021RabbitIsland_SoundTrapData\5641\20210921_043740.wav,4/4/23 10:03,HMS,Whoop,9/21/2021 5:37:49.6,9/21/2021 5:37:50.2,1,4,NA,NA,NA,NA,NA,NA,NA,2021-09-21,21.326867,-157.661467,Night
E:\2021RabbitIsland_SoundTrapData\5641\20210921_043740.wav,4/4/23 10:04,HMS,Whoop,9/21/2021 5:38:27.3,9/21/2021 5:38:27.8,2,3,NA,NA,NA,NA,NA,NA,NA,2021-09-21,21.326867,-157.661467,Night
E:\2021RabbitIsland_SoundTrapData\5641\20210921_043740.wav,4/4/23 10:05,HMS,MoanGrowlWhoop,9/21/2021 5:38:30.3,9/21/2021 5:38:32.6,1,NA,NA,NA,NA,NA,NA,NA,NA,2021-09-21,21.326867,-157.661467,Night
E:\2021RabbitIsland_SoundTrapData\5641\20210921_043740.wav,4/4/23 10:06,HMS,MoanGrowl,9/21/2021 5:38:35.5,9/21/2021 5:38:37.9,1,NA,NA,NA,NA,NA,NA,NA,NA,2021-09-21,21.326867,-157.661467,Night
E:\2021RabbitIsland_SoundTrapData\5641\20210921_043740.wav,4/4/23 10:06,HMS,Croak,9/21/2021 5:38:38.6,9/21/2021 5:38:39.0,1,NA,NA,NA,NA,NA,NA,NA,NA,2021-09-21,21.326867,-157.661467,Night
E:\2021RabbitIsland_SoundTrapData\5641\20210921_043740.wav,4/4/23 10:06,HMS,GrowlRumbleWhoop,9/21/2021 5:38:39.9,9/21/2021 5:38:41.1,2,NA,NA,NA,NA,NA,changed this from growl to growlrumblewhoop,NA,NA,2021-09-21,21.326867,-157.661467,Night
E:\2021RabbitIsland_SoundTrapData\5641\20210921_043740.wav,4/4/23 10:07,HMS,Whoop,9/21/2021 5:38:41.1,9/21/2021 5:38:42.3,1,4,NA,NA,NA,NA,NA,NA,NA,2021-09-21,21.326867,-157.661467,Night
E:\2021RabbitIsland_SoundTrapData\5641\20210921_043740.wav,4/4/23 10:08,HMS,Whoop,9/21/2021 5:38:52.7,9/21/2021 5:38:54.3,2,10,NA,NA,NA,NA,whoops with a grunt like sound in the middle,NA,NA,2021-09-21,21.326867,-157.661467,Night
E:\2021RabbitIsland_SoundTrapData\5641\20210921_043740.wav,4/4/23 10:08,HMS,Whoop,9/21/2021 5:38:56.0,9/21/2021 5:38:56.6,2,3,NA,NA,NA,NA,NA,NA,NA,2021-09-21,21.326867,-157.661467,Night
E:\2021RabbitIsland_SoundTrapData\5641\20210921_043740.wav,4/4/23 10:09,HMS,Whoop,9/21/2021 5:38:58.6,9/21/2021 5:38:58.8,2,1,NA,NA,NA,NA,NA,NA,NA,2021-09-21,21.326867,-157.661467,Night
E:\2021RabbitIsland_SoundTrapData\5641\20210921_043740.wav,4/4/23 10:09,HMS,MoanGrowlWhoop,9/21/2021 5:39:00.2,9/21/2021 5:39:02.4,1,NA,NA,NA,NA,NA,NA,NA,NA,2021-09-21,21.326867,-157.661467,Night
E:\2021RabbitIsland_SoundTrapData\5641\20210921_043740.wav,4/4/23 10:09,HMS,Whoop,9/21/2021 5:39:03.7,9/21/2021 5:39:05.6,1,9,NA,NA,NA,NA,NA,NA,NA,2021-09-21,21.326867,-157.661467,Night
E:\2021RabbitIsland_SoundTrapData\5641\20210921_043740.wav,4/4/23 10:11,HMS,Whoop,9/21/2021 5:39:24.9,9/21/2021 5:39:26.8,1,9,NA,NA,NA,NA,"whoops with 2 grunt like sound in the middle, maybe blowing bubbles",NA,NA,2021-09-21,21.326867,-157.661467,Night
E:\2021RabbitIsland_SoundTrapData\5641\20210921_043740.wav,4/4/23 10:11,HMS,Whoop,9/21/2021 5:39:29.2,9/21/2021 5:39:29.6,1,3,NA,NA,NA,NA,NA,NA,NA,2021-09-21,21.326867,-157.661467,Night
E:\2021RabbitIsland_SoundTrapData\5641\20210921_043740.wav,4/4/23 10:11,HMS,Whoop,9/21/2021 5:39:30.3,9/21/2021 5:39:30.8,1,3,NA,NA,NA,NA,NA,NA,NA,2021-09-21,21.326867,-157.661467,Night
E:\2021RabbitIsland_SoundTrapData\5641\20210921_043740.wav,4/4/23 10:11,HMS,Whoop,9/21/2021 5:39:32.7,9/21/2021 5:39:32.8,1,1,NA,NA,NA,NA,NA,NA,NA,2021-09-21,21.326867,-157.661467,Night
E:\2021RabbitIsland_SoundTrapData\5641\20210921_043740.wav,4/4/23 10:11,HMS,Growl,9/21/2021 5:39:34.2,9/21/2021 5:39:35.8,1,NA,NA,NA,NA,NA,NA,NA,NA,2021-09-21,21.326867,-157.661467,Night
E:\2021RabbitIsland_SoundTrapData\5641\20210921_043740.wav,4/4/23 10:12,HMS,Whoop,9/21/2021 5:39:37.0,9/21/2021 5:39:37.5,1,3,NA,NA,NA,NA,NA,NA,NA,2021-09-21,21.326867,-157.661467,Night
E:\2021RabbitIsland_SoundTrapData\5641\20210921_043740.wav,4/4/23 10:12,HMS,Whoop,9/21/2021 5:39:40.8,9/21/2021 5:39:41.6,1,4,NA,NA,NA,NA,NA,NA,NA,2021-09-21,21.326867,-157.661467,Night
E:\2021RabbitIsland_SoundTrapData\5641\20210921_043740.wav,4/4/23 10:12,HMS,Whoop,9/21/2021 5:39:49.7,9/21/2021 5:39:49.8,1,1,NA,NA,NA,NA,NA,NA,NA,2021-09-21,21.326867,-157.661467,Night
E:\2021RabbitIsland_SoundTrapData\5641\20210921_043740.wav,4/4/23 10:12,HMS,Whoop,9/21/2021 5:39:50.9,9/21/2021 5:39:51.8,1,4,NA,NA,NA,NA,NA,NA,NA,2021-09-21,21.326867,-157.661467,Night
E:\2021RabbitIsland_SoundTrapData\5641\20210921_043740.wav,4/4/23 10:13,HMS,Whoop,9/21/2021 5:40:00.4,9/21/2021 5:40:00.5,1,1,NA,NA,NA,NA,NA,NA,NA,2021-09-21,21.326867,-157.661467,Night
E:\2021RabbitIsland_SoundTrapData\5641\20210921_043740.wav,4/4/23 10:13,HMS,Growl,9/21/2021 5:40:02.5,9/21/2021 5:40:04.6,1,NA,NA,NA,NA,NA,NA,NA,NA,2021-09-21,21.326867,-157.661467,Night
E:\2021RabbitIsland_SoundTrapData\5641\20210921_043740.wav,4/4/23 10:13,HMS,Croak,9/21/2021 5:40:05.4,9/21/2021 5:40:05.8,1,NA,NA,NA,NA,NA,NA,NA,NA,2021-09-21,21.326867,-157.661467,Night
E:\2021RabbitIsland_SoundTrapData\5641\20210921_043740.wav,4/4/23 10:13,HMS,Whoop,9/21/2021 5:40:06.3,9/21/2021 5:40:07.3,1,5,NA,NA,NA,NA,NA,NA,NA,2021-09-21,21.326867,-157.661467,Night
E:\2021RabbitIsland_SoundTrapData\5641\20210921_043740.wav,4/4/23 10:14,HMS,Moan,9/21/2021 5:40:24.2,9/21/2021 5:40:24.4,1,NA,NA,NA,NA,NA,NA,NA,NA,2021-09-21,21.326867,-157.661467,Night
E:\2021RabbitIsland_SoundTrapData\5641\20210921_043740.wav,4/4/23 10:14,HMS,Whoop,9/21/2021 5:40:24.5,9/21/2021 5:40:25.3,1,5,NA,NA,NA,NA,NA,NA,NA,2021-09-21,21.326867,-157.661467,Night
E:\2021RabbitIsland_SoundTrapData\5641\20210921_222416.wav,4/10/23 9:04,Other,Other,9/22/2021 1:17:13.2,9/22/2021 1:17:14.7,NA,NA,NA,NA,NA,NA,No HMS Vocalizations 9/21/2021,NA,NA,2021-09-22,21.326867,-157.661467,Night
E:\2021RabbitIsland_SoundTrapData\5641\20210922_041151.wav,4/10/23 9:12,Anthro,Airplane,9/22/2021 6:38:05.3,9/22/2021 6:38:16.2,NA,NA,NA,NA,NA,NA,NDE,NA,NA,2021-09-22,21.326867,-157.661467,Day
E:\2021RabbitIsland_SoundTrapData\5641\20210922_070543.wav,4/10/23 9:17,Anthro,Airplane,9/22/2021 9:00:06.4,9/22/2021 9:00:16.9,NA,NA,NA,NA,NA,NA,NDE,NA,NA,2021-09-22,21.326867,-157.661467,Day
E:\2021RabbitIsland_SoundTrapData\5641\20210922_100542.wav,4/10/23 9:21,Anthro,Airplane,9/22/2021 11:27:31.4,9/22/2021 11:27:41.2,NA,NA,NA,NA,NA,NA,NDE,NA,NA,2021-09-22,21.326867,-157.661467,Day
E:\2021RabbitIsland_SoundTrapData\5641\20210922_100542.wav,4/10/23 9:22,Other,Other,9/22/2021 11:35:25.1,9/22/2021 11:36:09.0,NA,NA,NA,NA,NA,NA,Earthquake,NA,NA,2021-09-22,21.326867,-157.661467,Day
E:\2021RabbitIsland_SoundTrapData\5641\20210922_130541.wav,4/10/23 9:30,Anthro,Airplane,9/22/2021 15:18:43.8,9/22/2021 15:18:53.8,NA,NA,NA,NA,NA,NA,DE/NDE (may be a formation),NA,NA,2021-09-22,21.326867,-157.661467,Day
E:\2021RabbitIsland_SoundTrapData\5641\20210922_215724.wav,4/10/23 9:46,Other,Other,9/23/2021 0:50:22.0,9/23/2021 0:50:23.3,NA,NA,NA,NA,NA,NA,No HMS Vocalizations 9/22/2021,NA,NA,2021-09-23,21.326867,-157.661467,Night
E:\2021RabbitIsland_SoundTrapData\5641\20210923_063715.wav,4/10/23 10:14,Anthro,Airplane,9/23/2021 9:13:08.1,9/23/2021 9:13:14.7,NA,NA,NA,NA,NA,NA,NDE,NA,NA,2021-09-23,21.326867,-157.661467,Day
E:\2021RabbitIsland_SoundTrapData\5641\20210923_153712.wav,4/10/23 10:27,Anthro,Airplane,9/23/2021 16:09:25.5,9/23/2021 16:09:29.9,NA,NA,NA,NA,NA,NA,NDE,NA,NA,2021-09-23,21.326867,-157.661467,Day
E:\2021RabbitIsland_SoundTrapData\5641\20210924_002000.wav,4/10/23 10:44,Other,Other,9/24/2021 0:19:17.0,9/24/2021 0:19:18.1,NA,NA,NA,NA,NA,NA,No HMS Vocalizations 9/23/2021,NA,NA,2021-09-24,21.326867,-157.661467,Night
E:\2021RabbitIsland_SoundTrapData\5641\20210924_090545.wav,4/10/23 10:59,Anthro,Airplane,9/24/2021 10:24:03.2,9/24/2021 10:24:09.8,NA,NA,NA,NA,NA,NA,NDE,NA,NA,2021-09-24,21.326867,-157.661467,Day
E:\2021RabbitIsland_SoundTrapData\5641\20210924_090545.wav,4/10/23 11:01,Anthro,Airplane,9/24/2021 11:34:05.2,9/24/2021 11:34:11.9,NA,NA,NA,NA,NA,NA,NDE,NA,NA,2021-09-24,21.326867,-157.661467,Day
E:\2021RabbitIsland_SoundTrapData\5641\20210924_090545.wav,4/10/23 11:02,Anthro,Airplane,9/24/2021 11:40:50.1,9/24/2021 11:40:59.6,NA,NA,NA,NA,NA,NA,NDE,NA,NA,2021-09-24,21.326867,-157.661467,Day
E:\2021RabbitIsland_SoundTrapData\5641\20210924_234815.wav,4/10/23 11:24,Other,Other,9/25/2021 2:41:12.9,9/25/2021 2:41:13.5,NA,NA,NA,NA,NA,NA,No HMS Vocalizations 9/24/2021,NA,NA,2021-09-25,21.326867,-157.661467,Night
E:\2021RabbitIsland_SoundTrapData\5641\20210925_024118.wav,4/10/23 11:37,Other,Other,9/25/2021 3:33:44.5,9/25/2021 3:34:53.4,NA,NA,NA,NA,NA,NA,Earthquake,NA,NA,2021-09-25,21.326867,-157.661467,Night
E:\2021RabbitIsland_SoundTrapData\5641\20210925_083202.wav,4/10/23 11:49,Other,Other,9/25/2021 11:17:41.5,9/25/2021 11:19:11.3,NA,NA,NA,NA,NA,NA,Earthquake,NA,NA,2021-09-25,21.326867,-157.661467,Day
E:\2021RabbitIsland_SoundTrapData\5641\20210925_113201.wav,4/10/23 12:27,Anthro,Airplane,9/25/2021 12:19:03.0,9/25/2021 12:19:12.0,NA,NA,NA,NA,NA,NA,NDE,NA,NA,2021-09-25,21.326867,-157.661467,Day
E:\2021RabbitIsland_SoundTrapData\5641\20210925_143200.wav,4/10/23 12:38,Anthro,Airplane,9/25/2021 14:41:06.9,9/25/2021 14:41:15.9,NA,NA,NA,NA,NA,NA,NDE,NA,NA,2021-09-25,21.326867,-157.661467,Day
E:\2021RabbitIsland_SoundTrapData\5641\20210925_143200.wav,4/10/23 12:38,Anthro,Airplane,9/25/2021 15:09:34.8,9/25/2021 15:09:41.3,NA,NA,NA,NA,NA,NA,NDE,NA,NA,2021-09-25,21.326867,-157.661467,Day
E:\2021RabbitIsland_SoundTrapData\5641\20210925_143200.wav,4/10/23 12:39,Anthro,Ship/Small Boat,9/25/2021 15:25:29.0,9/25/2021 15:49:40.5,NA,NA,NA,NA,NA,NA,NA,NA,NA,2021-09-25,21.326867,-157.661467,Day
E:\2021RabbitIsland_SoundTrapData\5641\20210926_020640.wav,4/10/23 12:56,Other,Other,9/26/2021 2:06:04.2,9/26/2021 2:06:04.3,NA,NA,NA,NA,NA,NA,No HMS Vocalziations 9/25/2021,NA,NA,2021-09-26,21.326867,-157.661467,Night
E:\2021RabbitIsland_SoundTrapData\5641\20210926_135427.wav,4/11/23 8:36,Anthro,Ship/Small Boat,9/26/2021 15:31:41.4,9/26/2021 15:38:38.6,NA,NA,NA,NA,NA,NA,NA,NA,NA,2021-09-26,21.326867,-157.661467,Day
E:\2021RabbitIsland_SoundTrapData\5641\20210926_165427.wav,4/11/23 8:39,Anthro,Airplane,9/26/2021 17:20:24.5,9/26/2021 17:20:37.3,NA,NA,NA,NA,NA,NA,NDE,NA,NA,2021-09-26,21.326867,-157.661467,Day
E:\2021RabbitIsland_SoundTrapData\5641\20210926_165427.wav,4/11/23 8:40,Anthro,Ship/Small Boat,9/26/2021 17:43:12.4,9/26/2021 17:45:07.0,NA,NA,NA,NA,NA,NA,NA,NA,NA,2021-09-26,21.326867,-157.661467,Day
E:\2021RabbitIsland_SoundTrapData\5641\20210926_165427.wav,4/11/23 8:41,Anthro,Ship/Small Boat,9/26/2021 17:49:50.6,9/26/2021 17:56:11.7,NA,NA,NA,NA,NA,NA,NA,NA,NA,2021-09-26,21.326867,-157.661467,Day
E:\2021RabbitIsland_SoundTrapData\5641\20210926_194832.wav,4/11/23 8:46,Other,Other,9/26/2021 21:04:10.6,9/26/2021 21:04:31.5,NA,NA,NA,NA,NA,NA,Earthquake,NA,NA,2021-09-26,21.326867,-157.661467,Night
E:\2021RabbitIsland_SoundTrapData\5641\20210926_223856.wav,4/11/23 8:54,Other,Other,9/27/2021 1:29:53.1,9/27/2021 1:29:54.1,NA,NA,NA,NA,NA,NA,No HMS Vocalizations 9/26/2021,NA,NA,2021-09-27,21.326867,-157.661467,Night
E:\2021RabbitIsland_SoundTrapData\5641\20210927_013030.wav,4/11/23 9:01,Other,Other,9/27/2021 3:42:25.0,9/27/2021 3:43:53.2,NA,NA,NA,NA,NA,NA,earthquake,NA,NA,2021-09-27,21.326867,-157.661467,Night
E:\2021RabbitIsland_SoundTrapData\5641\20210928_005153.wav,4/11/23 9:39,Other,Other,9/28/2021 0:50:52.0,9/28/2021 0:50:53.0,NA,NA,NA,NA,NA,NA,No HMS Vocalizations 9/27/2021,NA,NA,2021-09-28,21.326867,-157.661467,Night
E:\2021RabbitIsland_SoundTrapData\5641\20210928_063523.wav,4/11/23 10:01,Anthro,Airplane,9/28/2021 8:16:42.5,9/28/2021 8:16:57.3,NA,NA,NA,NA,NA,NA,NDE,NA,NA,2021-09-28,21.326867,-157.661467,Day
E:\2021RabbitIsland_SoundTrapData\5641\20210928_093522.wav,4/11/23 10:04,Other,Other,9/28/2021 9:53:57.0,9/28/2021 9:54:54.1,NA,NA,NA,NA,NA,NA,Earthquake,NA,NA,2021-09-28,21.326867,-157.661467,Day
E:\2021RabbitIsland_SoundTrapData\5641\20210928_093522.wav,4/11/23 10:05,Anthro,Airplane,9/28/2021 10:02:32.3,9/28/2021 10:02:46.6,NA,NA,NA,NA,NA,NA,NDE,NA,NA,2021-09-28,21.326867,-157.661467,Day
E:\2021RabbitIsland_SoundTrapData\5641\20210928_093522.wav,4/11/23 10:07,Anthro,Airplane,9/28/2021 10:40:40.1,9/28/2021 10:40:48.3,NA,NA,NA,NA,NA,NA,NDE,NA,NA,2021-09-28,21.326867,-157.661467,Day
E:\2021RabbitIsland_SoundTrapData\5641\20210928_093522.wav,4/11/23 10:09,Anthro,Ship/Small Boat,9/28/2021 11:58:30.1,9/28/2021 12:01:49.9,NA,NA,NA,NA,NA,NA,NA,NA,NA,2021-09-28,21.326867,-157.661467,Day
E:\2021RabbitIsland_SoundTrapData\5641\20210928_123521.wav,4/11/23 10:15,Anthro,Airplane,9/28/2021 13:38:32.2,9/28/2021 13:38:40.2,NA,NA,NA,NA,NA,NA,DE,NA,NA,2021-09-28,21.326867,-157.661467,Day
E:\2021RabbitIsland_SoundTrapData\5641\20210928_123521.wav,4/11/23 10:15,Anthro,Airplane,9/28/2021 13:38:58.4,9/28/2021 13:39:12.8,NA,NA,NA,NA,NA,NA,NDE,NA,NA,2021-09-28,21.326867,-157.661467,Day
E:\2021RabbitIsland_SoundTrapData\5641\20210929_001447.wav,4/11/23 10:32,Other,Other,9/29/2021 0:14:45.9,9/29/2021 0:14:46.7,NA,NA,NA,NA,NA,NA,No HMS Vocalizations 9/28/2021,NA,NA,2021-09-29,21.326867,-157.661467,Night
E:\2021RabbitIsland_SoundTrapData\5641\20210929_085818.wav,4/11/23 13:11,Anthro,Airplane,9/29/2021 9:03:40.6,9/29/2021 9:03:51.4,NA,NA,NA,NA,NA,NA,NDE,NA,NA,2021-09-29,21.326867,-157.661467,Day
E:\2021RabbitIsland_SoundTrapData\5641\20210930_023039.wav,4/11/23 13:42,Other,Other,9/30/2021 2:29:55.7,9/30/2021 2:29:58.6,NA,NA,NA,NA,NA,NA,No HMS Vocalizations 9/29/2021,NA,NA,2021-09-30,21.326867,-157.661467,Night
E:\2021RabbitIsland_SoundTrapData\5641\20210930_052349.wav,4/11/23 13:53,Anthro,Airplane,9/30/2021 6:45:06.9,9/30/2021 6:45:15.3,NA,NA,NA,NA,NA,NA,DE,NA,NA,2021-09-30,21.326867,-157.661467,Day
E:\2021RabbitIsland_SoundTrapData\5641\20210930_082057.wav,4/11/23 14:01,Other,Other,9/30/2021 8:54:14.7,9/30/2021 8:55:01.8,NA,NA,NA,NA,NA,NA,Earthquake,NA,NA,2021-09-30,21.326867,-157.661467,Day
E:\2021RabbitIsland_SoundTrapData\5641\20210930_142055.wav,4/11/23 14:14,Anthro,Airplane,9/30/2021 14:28:27.3,9/30/2021 14:28:46.8,NA,NA,NA,NA,NA,NA,helicopter,NA,NA,2021-09-30,21.326867,-157.661467,Day
E:\2021RabbitIsland_SoundTrapData\5641\20210930_142055.wav,4/11/23 14:15,Anthro,Airplane,9/30/2021 16:33:33.0,9/30/2021 16:33:47.1,NA,NA,NA,NA,NA,NA,NDE,NA,NA,2021-09-30,21.326867,-157.661467,Day
E:\2021RabbitIsland_SoundTrapData\5641\20210930_230405.wav,4/11/23 14:33,Other,Other,10/1/2021 1:56:00.8,10/1/2021 1:56:03.2,NA,NA,NA,NA,NA,NA,No HMS Vocalizations 9/30/2021,NA,NA,2021-10-01,21.326867,-157.661467,Night
E:\2021RabbitIsland_SoundTrapData\5641\20211001_074353.wav,4/11/23 14:51,Anthro,Airplane,10/1/2021 10:15:04.0,10/1/2021 10:15:12.3,NA,NA,NA,NA,NA,NA,DE,NA,NA,2021-10-01,21.326867,-157.661467,Day
E:\2021RabbitIsland_SoundTrapData\5641\20211001_104352.wav,4/11/23 14:58,Anthro,Ship/Small Boat,10/1/2021 11:07:02.9,10/1/2021 11:23:51.1,NA,NA,NA,NA,NA,NA,NA,NA,NA,2021-10-01,21.326867,-157.661467,Day
E:\2021RabbitIsland_SoundTrapData\5641\20211001_104352.wav,4/11/23 14:58,Anthro,Ship/Small Boat,10/1/2021 11:43:01.4,10/1/2021 12:13:39.2,NA,NA,NA,NA,NA,NA,NA,NA,NA,2021-10-01,21.326867,-157.661467,Day
E:\2021RabbitIsland_SoundTrapData\5641\20211001_104352.wav,4/11/23 15:01,Anthro,Ship/Small Boat,10/1/2021 12:18:04.5,10/1/2021 12:18:15.2,NA,NA,NA,NA,NA,NA,NDE,NA,NA,2021-10-01,21.326867,-157.661467,Day
E:\2021RabbitIsland_SoundTrapData\5641\20211001_134351.wav,4/11/23 15:19,Anthro,Airplane,10/1/2021 14:01:00.4,10/1/2021 14:01:14.2,NA,NA,NA,NA,NA,NA,NDE,NA,NA,2021-10-01,21.326867,-157.661467,Day
E:\2021RabbitIsland_SoundTrapData\5641\20211001_134351.wav,4/11/23 15:19,Anthro,Airplane,10/1/2021 14:06:18.4,10/1/2021 14:06:35.3,NA,NA,NA,NA,NA,NA,NDE,NA,NA,2021-10-01,21.326867,-157.661467,Day
E:\2021RabbitIsland_SoundTrapData\5641\20211001_211946.wav,4/11/23 15:42,Other,Other,10/2/2021 0:10:42.8,10/2/2021 0:10:43.6,NA,NA,NA,NA,NA,NA,No HMS Vocalizations 10/01/2021,NA,NA,2021-10-02,21.326867,-157.661467,Night
E:\2021RabbitIsland_SoundTrapData\5641\20211002_115440.wav,4/17/23 8:35,Anthro,Other,10/2/2021 12:02:33.4,10/2/2021 12:02:38.5,NA,NA,NA,NA,NA,NA,"Diver knocking somthing against their tank?
meatal on metal                            
",NA,NA,2021-10-02,21.326867,-157.661467,Day
E:\2021RabbitIsland_SoundTrapData\5641\20211002_145438.wav,4/17/23 8:44,Anthro,Airplane,10/2/2021 16:50:41.2,10/2/2021 16:50:55.6,NA,NA,NA,NA,NA,NA,NDE,NA,NA,2021-10-02,21.326867,-157.661467,Day
E:\2021RabbitIsland_SoundTrapData\5641\20211002_145438.wav,4/17/23 8:45,Anthro,Airplane,10/2/2021 17:37:49.9,10/2/2021 17:37:58.7,NA,NA,NA,NA,NA,NA,NDE,NA,NA,2021-10-02,21.326867,-157.661467,Day
E:\2021RabbitIsland_SoundTrapData\5641\20211002_175436.wav,4/17/23 8:50,HMS,Growl,10/2/2021 19:01:13.1,10/2/2021 19:01:15.9,2,NA,NA,NA,NA,NA,NA,NA,NA,2021-10-02,21.326867,-157.661467,Night
E:\2021RabbitIsland_SoundTrapData\5641\20211002_175436.wav,4/17/23 8:50,HMS,Croak,10/2/2021 19:01:18.4,10/2/2021 19:01:18.7,2,NA,NA,NA,NA,NA,NA,NA,NA,2021-10-02,21.326867,-157.661467,Night
E:\2021RabbitIsland_SoundTrapData\5641\20211002_175436.wav,4/17/23 8:50,HMS,MoanGrowl,10/2/2021 19:01:21.8,10/2/2021 19:01:25.4,3,NA,NA,NA,NA,NA,NA,NA,NA,2021-10-02,21.326867,-157.661467,Night
E:\2021RabbitIsland_SoundTrapData\5641\20211002_175436.wav,4/17/23 8:51,HMS,Whoop,10/2/2021 19:01:27.5,10/2/2021 19:01:27.7,3,1,NA,NA,NA,NA,NA,NA,NA,2021-10-02,21.326867,-157.661467,Night
E:\2021RabbitIsland_SoundTrapData\5641\20211002_175436.wav,4/17/23 8:51,HMS,Whoop,10/2/2021 19:01:19.2,10/2/2021 19:01:19.5,1,2,NA,NA,NA,NA,NA,NA,NA,2021-10-02,21.326867,-157.661467,Night
E:\2021RabbitIsland_SoundTrapData\5641\20211002_175436.wav,4/17/23 8:54,Anthro,Airplane,10/2/2021 20:26:42.1,10/2/2021 20:26:49.1,NA,NA,NA,NA,NA,NA,DE,NA,NA,2021-10-02,21.326867,-157.661467,Night
E:\2021RabbitIsland_SoundTrapData\5641\20211003_081544.wav,4/17/23 9:16,Anthro,Ship/Small Boat,10/3/2021 8:34:59.6,10/3/2021 8:38:25.9,NA,NA,NA,NA,NA,NA,NA,NA,NA,2021-10-03,21.326867,-157.661467,Day
E:\2021RabbitIsland_SoundTrapData\5641\20211003_081544.wav,4/17/23 9:18,Anthro,Airplane,10/3/2021 10:02:29.4,10/3/2021 10:02:38.1,NA,NA,NA,NA,NA,NA,NDE,NA,NA,2021-10-03,21.326867,-157.661467,Day
E:\2021RabbitIsland_SoundTrapData\5641\20211003_081544.wav,4/17/23 9:19,Anthro,Airplane,10/3/2021 10:15:29.0,10/3/2021 10:15:43.2,NA,NA,NA,NA,NA,NA,NDE,NA,NA,2021-10-03,21.326867,-157.661467,Day
E:\2021RabbitIsland_SoundTrapData\5641\20211003_081544.wav,4/17/23 9:21,Anthro,Ship/Small Boat,10/3/2021 10:28:54.8,10/3/2021 10:34:09.3,NA,NA,NA,NA,NA,NA,NA,NA,NA,2021-10-03,21.326867,-157.661467,Day
E:\2021RabbitIsland_SoundTrapData\5641\20211003_111543.wav,4/17/23 9:24,Anthro,Ship/Small Boat,10/3/2021 12:09:58.7,10/3/2021 12:19:22.5,NA,NA,NA,NA,NA,NA,NA,NA,NA,2021-10-03,21.326867,-157.661467,Day
E:\2021RabbitIsland_SoundTrapData\5641\20211003_111543.wav,4/17/23 9:27,Anthro,Airplane,10/3/2021 13:45:15.7,10/3/2021 13:45:23.1,NA,NA,NA,NA,NA,NA,NDE,NA,NA,2021-10-03,21.326867,-157.661467,Day
E:\2021RabbitIsland_SoundTrapData\5641\20211003_141542.wav,4/17/23 9:29,Anthro,Airplane,10/3/2021 14:23:06.2,10/3/2021 14:23:13.0,NA,NA,NA,NA,NA,NA,NDE,NA,NA,2021-10-03,21.326867,-157.661467,Day
E:\2021RabbitIsland_SoundTrapData\5641\20211003_141542.wav,4/17/23 9:33,Anthro,Airplane,10/3/2021 16:13:38.7,10/3/2021 16:13:50.3,NA,NA,NA,NA,NA,NA,NDE,NA,NA,2021-10-03,21.326867,-157.661467,Day
E:\2021RabbitIsland_SoundTrapData\5641\20211003_225824.wav,4/17/23 9:50,Other,Other,10/4/2021 1:49:20.3,10/4/2021 1:49:22.2,NA,NA,NA,NA,NA,NA,No HMS Vocalizations 10/02-03/2021,NA,NA,2021-10-04,21.326867,-157.661467,Night
E:\2021RabbitIsland_SoundTrapData\5641\20211004_015009.wav,4/17/23 9:52,Anthro,Airplane,10/4/2021 3:12:28.6,10/4/2021 3:12:39.4,NA,NA,NA,NA,NA,NA,DE,NA,NA,2021-10-04,21.326867,-157.661467,Night
E:\2021RabbitIsland_SoundTrapData\5641\20211004_044208.wav,4/17/23 10:00,Other,Other,10/4/2021 7:18:20.2,10/4/2021 7:19:26.4,NA,NA,NA,NA,NA,NA,Earthquake,NA,NA,2021-10-04,21.326867,-157.661467,Day
E:\2021RabbitIsland_SoundTrapData\5641\20211004_103556.wav,4/17/23 10:14,Anthro,Airplane,10/4/2021 11:21:01.5,10/4/2021 11:21:10.0,NA,NA,NA,NA,NA,NA,NDE,NA,NA,2021-10-04,21.326867,-157.661467,Day
E:\2021RabbitIsland_SoundTrapData\5641\20211004_103556.wav,4/17/23 10:17,Anthro,Airplane,10/4/2021 12:24:00.4,10/4/2021 12:24:17.6,NA,NA,NA,NA,NA,NA,helicopter,NA,NA,2021-10-04,21.326867,-157.661467,Day
E:\2021RabbitIsland_SoundTrapData\5641\20211004_133555.wav,4/17/23 10:25,Anthro,Airplane,10/4/2021 13:57:29.7,10/4/2021 13:57:40.4,NA,NA,NA,NA,NA,NA,NDE,NA,NA,2021-10-04,21.326867,-157.661467,Day
E:\2021RabbitIsland_SoundTrapData\5641\20211004_133555.wav,4/17/23 10:25,Anthro,Airplane,10/4/2021 14:04:55.8,10/4/2021 14:05:07.2,NA,NA,NA,NA,NA,NA,NDE,NA,NA,2021-10-04,21.326867,-157.661467,Day
E:\2021RabbitIsland_SoundTrapData\5641\20211004_133555.wav,4/17/23 10:26,Other,Other,10/4/2021 15:30:15.4,10/4/2021 15:30:28.1,NA,NA,NA,NA,NA,NA,Earthquake,NA,NA,2021-10-04,21.326867,-157.661467,Day
E:\2021RabbitIsland_SoundTrapData\5641\20211004_133555.wav,4/17/23 10:28,Anthro,Other,10/4/2021 15:46:16.0,10/4/2021 15:46:20.0,NA,NA,NA,NA,NA,NA,Metal on metal sound again,NA,NA,2021-10-04,21.326867,-157.661467,Day
E:\2021RabbitIsland_SoundTrapData\5641\20211004_163554.wav,4/17/23 10:36,Anthro,Airplane,10/4/2021 18:55:06.5,10/4/2021 18:55:19.1,NA,NA,NA,NA,NA,NA,NDE,NA,NA,2021-10-04,21.326867,-157.661467,Night
E:\2021RabbitIsland_SoundTrapData\5641\20211004_222106.wav,4/17/23 10:50,Other,Other,10/5/2021 1:12:02.1,10/5/2021 1:12:04.7,NA,NA,NA,NA,NA,NA,No HMS Vocalizations 10/04/2021,NA,NA,2021-10-05,21.326867,-157.661467,Night
E:\2021RabbitIsland_SoundTrapData\5641\20211005_065555.wav,4/18/23 9:41,Anthro,Airplane,10/5/2021 9:12:44.9,10/5/2021 9:12:58.2,NA,NA,NA,NA,NA,NA,NDE,NA,NA,2021-10-05,21.326867,-157.661467,Day
E:\2021RabbitIsland_SoundTrapData\5641\20211005_065555.wav,4/18/23 9:43,Anthro,Ship/Small Boat,10/5/2021 9:52:27.9,10/5/2021 10:00:14.1,NA,NA,NA,NA,NA,NA,NA,NA,NA,2021-10-05,21.326867,-157.661467,Day
E:\2021RabbitIsland_SoundTrapData\5641\20211005_095554.wav,4/18/23 9:44,Anthro,Airplane,10/5/2021 10:13:08.4,10/5/2021 10:13:18.7,NA,NA,NA,NA,NA,NA,NDE,NA,NA,2021-10-05,21.326867,-157.661467,Day
E:\2021RabbitIsland_SoundTrapData\5641\20211005_095554.wav,4/18/23 9:46,Anthro,Airplane,10/5/2021 11:55:13.7,10/5/2021 11:55:35.7,NA,NA,NA,NA,NA,NA,NDE,NA,NA,2021-10-05,21.326867,-157.661467,Day
E:\2021RabbitIsland_SoundTrapData\5641\20211005_095554.wav,4/18/23 9:48,Anthro,Other,10/5/2021 12:30:54.2,10/5/2021 12:30:57.6,NA,NA,NA,NA,NA,NA,metal on metal tapping sound again,NA,NA,2021-10-05,21.326867,-157.661467,Day
E:\2021RabbitIsland_SoundTrapData\5641\20211005_185405.wav,4/18/23 10:51,Anthro,Airplane,10/5/2021 20:26:20.6,10/5/2021 20:26:27.9,NA,NA,NA,NA,NA,NA,DE,NA,NA,2021-10-05,21.326867,-157.661467,Night
E:\2021RabbitIsland_SoundTrapData\5641\20211005_185405.wav,4/18/23 10:51,Other,Other,10/5/2021 20:37:47.4,10/5/2021 20:39:52.5,NA,NA,NA,NA,NA,NA,earthquake,NA,NA,2021-10-05,21.326867,-157.661467,Night
E:\2021RabbitIsland_SoundTrapData\5641\20211005_185405.wav,4/18/23 10:52,Other,Other,10/5/2021 20:40:16.1,10/5/2021 20:41:21.3,NA,NA,NA,NA,NA,NA,earthquake,NA,NA,2021-10-05,21.326867,-157.661467,Night
E:\2021RabbitIsland_SoundTrapData\5641\20211005_185405.wav,4/18/23 10:53,Anthro,Airplane,10/5/2021 21:40:35.3,10/5/2021 21:40:41.8,NA,NA,NA,NA,NA,NA,DE,NA,NA,2021-10-05,21.326867,-157.661467,Night
E:\2021RabbitIsland_SoundTrapData\5641\20211005_214342.wav,4/18/23 10:56,HMS,Growl,10/5/2021 22:15:10.3,10/5/2021 22:15:12.8,1,NA,NA,NA,NA,NA,NA,NA,NA,2021-10-05,21.326867,-157.661467,Night
E:\2021RabbitIsland_SoundTrapData\5641\20211005_214342.wav,4/18/23 10:56,HMS,Croak,10/5/2021 22:15:13.7,10/5/2021 22:15:14.0,1,NA,NA,NA,NA,NA,NA,NA,NA,2021-10-05,21.326867,-157.661467,Night
E:\2021RabbitIsland_SoundTrapData\5641\20211005_214342.wav,4/18/23 10:57,HMS,Growl,10/5/2021 22:15:16.6,10/5/2021 22:15:19.4,1,NA,NA,NA,NA,NA,NA,NA,NA,2021-10-05,21.326867,-157.661467,Night
E:\2021RabbitIsland_SoundTrapData\5641\20211005_214342.wav,4/18/23 10:57,HMS,Growl,10/5/2021 22:15:25.2,10/5/2021 22:15:25.9,1,NA,NA,NA,NA,NA,NA,NA,NA,2021-10-05,21.326867,-157.661467,Night
E:\2021RabbitIsland_SoundTrapData\5641\20211005_214342.wav,4/18/23 10:57,HMS,Growl,10/5/2021 22:15:26.6,10/5/2021 22:15:29.2,1,NA,NA,NA,NA,NA,NA,NA,NA,2021-10-05,21.326867,-157.661467,Night
E:\2021RabbitIsland_SoundTrapData\5641\20211005_214342.wav,4/18/23 10:58,HMS,Whoop,10/5/2021 22:15:34.2,10/5/2021 22:15:34.3,1,1,NA,NA,NA,NA,NA,NA,NA,2021-10-05,21.326867,-157.661467,Night
E:\2021RabbitIsland_SoundTrapData\5641\20211005_214342.wav,4/18/23 10:58,HMS,MoanWhoop,10/5/2021 22:15:35.1,10/5/2021 22:15:37.1,2,NA,NA,NA,NA,NA,NA,NA,NA,2021-10-05,21.326867,-157.661467,Night
E:\2021RabbitIsland_SoundTrapData\5641\20211005_214342.wav,4/18/23 10:59,HMS,MoanGrowl,10/5/2021 22:15:37.5,10/5/2021 22:15:40.9,2,NA,NA,NA,NA,NA,NA,NA,NA,2021-10-05,21.326867,-157.661467,Night
E:\2021RabbitIsland_SoundTrapData\5641\20211005_214342.wav,4/18/23 11:00,HMS,Whoop,10/5/2021 22:15:39.9,10/5/2021 22:15:40.0,2,1,NA,NA,NA,NA,overlapped by growl from another HMS,NA,NA,2021-10-05,21.326867,-157.661467,Night
E:\2021RabbitIsland_SoundTrapData\5641\20211005_214342.wav,4/18/23 11:01,HMS,Whoop,10/5/2021 22:15:42.1,10/5/2021 22:15:42.8,2,3,NA,NA,NA,NA,NA,NA,NA,2021-10-05,21.326867,-157.661467,Night
E:\2021RabbitIsland_SoundTrapData\5641\20211005_214342.wav,4/18/23 11:01,HMS,Whoop,10/5/2021 22:15:43.6,10/5/2021 22:15:44.2,2,2,NA,NA,NA,NA,NA,NA,NA,2021-10-05,21.326867,-157.661467,Night
E:\2021RabbitIsland_SoundTrapData\5641\20211005_214342.wav,4/18/23 11:01,HMS,Whoop,10/5/2021 22:15:44.5,10/5/2021 22:15:44.6,1,2,NA,NA,NA,NA,NA,NA,NA,2021-10-05,21.326867,-157.661467,Night
E:\2021RabbitIsland_SoundTrapData\5641\20211005_214342.wav,4/18/23 11:01,HMS,Whoop,10/5/2021 22:15:45.1,10/5/2021 22:15:46.0,1,4,NA,NA,NA,NA,NA,NA,NA,2021-10-05,21.326867,-157.661467,Night
E:\2021RabbitIsland_SoundTrapData\5641\20211005_214342.wav,4/18/23 11:02,HMS,Growl,10/5/2021 22:15:46.0,10/5/2021 22:15:46.9,1,NA,NA,NA,NA,NA,NA,NA,NA,2021-10-05,21.326867,-157.661467,Night
E:\2021RabbitIsland_SoundTrapData\5641\20211005_214342.wav,4/18/23 11:02,HMS,Whoop,10/5/2021 22:15:47.5,10/5/2021 22:15:47.8,1,2,NA,NA,NA,NA,NA,NA,NA,2021-10-05,21.326867,-157.661467,Night
E:\2021RabbitIsland_SoundTrapData\5641\20211005_214342.wav,4/18/23 11:02,HMS,Whoop,10/5/2021 22:15:48.3,10/5/2021 22:15:48.4,1,1,NA,NA,NA,NA,overlapping growl,NA,NA,2021-10-05,21.326867,-157.661467,Night
E:\2021RabbitIsland_SoundTrapData\5641\20211005_214342.wav,4/18/23 11:02,HMS,Growl,10/5/2021 22:15:48.3,10/5/2021 22:15:48.8,1,NA,NA,NA,NA,NA,NA,NA,NA,2021-10-05,21.326867,-157.661467,Night
E:\2021RabbitIsland_SoundTrapData\5641\20211005_214342.wav,4/18/23 11:03,HMS,Croak,10/5/2021 22:15:51.3,10/5/2021 22:15:51.6,NA,NA,NA,NA,NA,NA,NA,NA,NA,2021-10-05,21.326867,-157.661467,Night
E:\2021RabbitIsland_SoundTrapData\5641\20211005_214342.wav,4/18/23 11:03,HMS,Growl,10/5/2021 22:15:54.3,10/5/2021 22:15:55.1,1,NA,NA,NA,NA,NA,NA,NA,NA,2021-10-05,21.326867,-157.661467,Night
E:\2021RabbitIsland_SoundTrapData\5641\20211006_091708.wav,4/18/23 11:36,Anthro,Airplane,10/6/2021 10:00:56.6,10/6/2021 10:01:06.4,NA,NA,NA,NA,NA,NA,NDE,NA,NA,2021-10-06,21.326867,-157.661467,Day
E:\2021RabbitIsland_SoundTrapData\5641\20211006_091708.wav,4/18/23 11:36,Anthro,Airplane,10/6/2021 10:03:01.2,10/6/2021 10:03:14.7,NA,NA,NA,NA,NA,NA,NDE,NA,NA,2021-10-06,21.326867,-157.661467,Day
E:\2021RabbitIsland_SoundTrapData\5641\20211006_091708.wav,4/18/23 11:38,Anthro,Airplane,10/6/2021 11:33:13.8,10/6/2021 11:33:24.4,NA,NA,NA,NA,NA,NA,NDE,NA,NA,2021-10-06,21.326867,-157.661467,Day
E:\2021RabbitIsland_SoundTrapData\5641\20211006_121707.wav,4/18/23 11:41,Anthro,Airplane,10/6/2021 12:34:54.6,10/6/2021 12:35:06.1,NA,NA,NA,NA,NA,NA,NDE,NA,NA,2021-10-06,21.326867,-157.661467,Day
E:\2021RabbitIsland_SoundTrapData\5641\20211006_210631.wav,4/18/23 11:59,Other,Other,10/6/2021 23:58:15.9,10/6/2021 23:58:16.2,NA,NA,NA,NA,NA,NA,No HMS Vocalizations 10/6/2021,NA,NA,2021-10-06,21.326867,-157.661467,Night
E:\2021RabbitIsland_SoundTrapData\5641\20211007_054337.wav,4/18/23 12:11,Anthro,Airplane,10/7/2021 7:20:39.3,10/7/2021 7:20:50.8,NA,NA,NA,NA,NA,NA,DE,NA,NA,2021-10-07,21.326867,-157.661467,Day
E:\2021RabbitIsland_SoundTrapData\5641\20211007_084230.wav,4/18/23 12:16,Anthro,Airplane,10/7/2021 10:09:47.1,10/7/2021 10:09:59.2,NA,NA,NA,NA,NA,NA,NDE,NA,NA,2021-10-07,21.326867,-157.661467,Day
E:\2021RabbitIsland_SoundTrapData\5641\20211007_084230.wav,4/18/23 12:17,HMS,Growl,10/7/2021 10:24:05.1,10/7/2021 10:24:08.3,2,NA,NA,NA,NA,NA,NA,NA,NA,2021-10-07,21.326867,-157.661467,Day
E:\2021RabbitIsland_SoundTrapData\5641\20211007_084230.wav,4/18/23 12:17,HMS,Croak,10/7/2021 10:24:09.5,10/7/2021 10:24:09.8,2,NA,NA,NA,NA,NA,NA,NA,NA,2021-10-07,21.326867,-157.661467,Day
E:\2021RabbitIsland_SoundTrapData\5641\20211007_084230.wav,4/18/23 12:17,HMS,MoanWhoop,10/7/2021 10:24:11.5,10/7/2021 10:24:14.7,2,1,NA,NA,NA,NA,NA,NA,NA,2021-10-07,21.326867,-157.661467,Day
E:\2021RabbitIsland_SoundTrapData\5641\20211007_084230.wav,4/18/23 12:54,Anthro,Airplane,10/7/2021 11:41:31.2,10/7/2021 11:41:42.2,NA,NA,NA,NA,NA,NA,NDE,NA,NA,2021-10-07,21.326867,-157.661467,Day
E:\2021RabbitIsland_SoundTrapData\5641\20211007_144229.wav,4/18/23 13:01,Anthro,Airplane,10/7/2021 15:36:15.1,10/7/2021 15:36:26.3,NA,NA,NA,NA,NA,NA,NDE,NA,NA,2021-10-07,21.326867,-157.661467,Day
E:\2021RabbitIsland_SoundTrapData\5641\20211007_174228.wav,4/18/23 13:07,HMS,Growl,10/7/2021 18:51:43.8,10/7/2021 18:51:46.5,2,NA,NA,NA,NA,NA,NA,NA,NA,2021-10-07,21.326867,-157.661467,Night
E:\2021RabbitIsland_SoundTrapData\5641\20211007_174228.wav,4/18/23 13:07,HMS,Moan,10/7/2021 18:51:47.2,10/7/2021 18:51:47.6,2,NA,NA,NA,NA,NA,NA,NA,NA,2021-10-07,21.326867,-157.661467,Night
E:\2021RabbitIsland_SoundTrapData\5641\20211007_174228.wav,4/18/23 13:07,HMS,Rumble,10/7/2021 18:51:48.5,10/7/2021 18:51:49.7,2,NA,NA,NA,NA,NA,NA,NA,NA,2021-10-07,21.326867,-157.661467,Night
E:\2021RabbitIsland_SoundTrapData\5641\20211007_174228.wav,4/18/23 13:07,HMS,Moan,10/7/2021 18:51:42.4,10/7/2021 18:51:52.9,2,NA,NA,NA,NA,NA,NA,NA,NA,2021-10-07,21.326867,-157.661467,Night
E:\2021RabbitIsland_SoundTrapData\5641\20211007_174228.wav,4/18/23 13:07,HMS,Growl,10/7/2021 18:51:58.9,10/7/2021 18:52:01.7,1,NA,NA,NA,NA,NA,NA,NA,NA,2021-10-07,21.326867,-157.661467,Night
E:\2021RabbitIsland_SoundTrapData\5641\20211007_174228.wav,4/18/23 13:08,HMS,Whoop,10/7/2021 18:52:05.9,10/7/2021 18:52:06.0,1,1,NA,NA,NA,NA,NA,NA,NA,2021-10-07,21.326867,-157.661467,Night
E:\2021RabbitIsland_SoundTrapData\5641\20211007_174228.wav,4/18/23 13:09,HMS,MoanWhoop,10/7/2021 18:52:08.2,10/7/2021 18:52:09.9,2,NA,NA,NA,NA,NA,NA,NA,NA,2021-10-07,21.326867,-157.661467,Night
E:\2021RabbitIsland_SoundTrapData\5641\20211007_174228.wav,4/18/23 13:09,HMS,MoanWhoop,10/7/2021 18:52:11.1,10/7/2021 18:52:12.2,3,NA,NA,NA,NA,NA,NA,NA,NA,2021-10-07,21.326867,-157.661467,Night
E:\2021RabbitIsland_SoundTrapData\5641\20211007_174228.wav,4/18/23 13:14,Other,Other,10/7/2021 20:25:53.6,10/7/2021 20:26:57.7,NA,NA,NA,NA,NA,NA,earthquake,NA,NA,2021-10-07,21.326867,-157.661467,Night
E:\2021RabbitIsland_SoundTrapData\5641\20211008_111506.wav,4/18/23 13:40,Anthro,Airplane,10/8/2021 11:20:17.3,10/8/2021 11:20:26.5,NA,NA,NA,NA,NA,NA,NDE,NA,NA,2021-10-08,21.326867,-157.661467,Day
E:\2021RabbitIsland_SoundTrapData\5641\20211008_111506.wav,4/18/23 13:42,Anthro,Other,10/8/2021 13:13:10.6,10/8/2021 13:13:14.9,NA,NA,NA,NA,NA,NA,Metal on metal sound again,NA,NA,2021-10-08,21.326867,-157.661467,Day
E:\2021RabbitIsland_SoundTrapData\5641\20211009_020032.wav,4/18/23 14:04,Other,Other,10/9/2021 1:59:51.0,10/9/2021 1:59:53.4,NA,NA,NA,NA,NA,NA,No HMS Vocalizations 10/08/2021,NA,NA,2021-10-09,21.326867,-157.661467,Night
E:\2021RabbitIsland_SoundTrapData\5641\20211009_225700.wav,4/18/23 15:01,Other,Other,10/10/2021 1:55:57.2,10/10/2021 1:55:58.2,NA,NA,NA,NA,NA,NA,No HMS Vocalizatiosn 10/09/2021,NA,NA,2021-10-10,21.326867,-157.661467,Night
E:\2021RabbitIsland_SoundTrapData\5641\20211010_075658.wav,4/24/23 9:41,Anthro,Airplane,10/10/2021 9:27:17.2,10/10/2021 9:27:25.4,NA,NA,NA,NA,NA,NA,NDE,NA,NA,2021-10-10,21.326867,-157.661467,Day
E:\2021RabbitIsland_SoundTrapData\5641\20211010_075658.wav,4/24/23 9:42,Anthro,Airplane,10/10/2021 9:55:23.4,10/10/2021 9:55:32.9,NA,NA,NA,NA,NA,NA,NDE,NA,NA,2021-10-10,21.326867,-157.661467,Day
E:\2021RabbitIsland_SoundTrapData\5641\20211010_075658.wav,4/24/23 9:44,Anthro,Airplane,10/10/2021 10:50:27.7,10/10/2021 10:50:35.0,NA,NA,NA,NA,NA,NA,NDE,NA,NA,2021-10-10,21.326867,-157.661467,Day
E:\2021RabbitIsland_SoundTrapData\5641\20211010_105657.wav,4/24/23 9:49,Other,Other,10/10/2021 11:49:23.3,10/10/2021 11:53:11.5,NA,NA,NA,NA,NA,NA,earthquake,NA,NA,2021-10-10,21.326867,-157.661467,Day
E:\2021RabbitIsland_SoundTrapData\5641\20211010_105657.wav,4/24/23 9:49,Other,Other,10/10/2021 11:53:54.7,10/10/2021 11:54:46.0,NA,NA,NA,NA,NA,NA,earthquake,NA,NA,2021-10-10,21.326867,-157.661467,Day
E:\2021RabbitIsland_SoundTrapData\5641\20211010_105657.wav,4/24/23 9:50,Anthro,Ship/Small Boat,10/10/2021 12:29:19.7,10/10/2021 12:31:23.5,NA,NA,NA,NA,NA,NA,NA,NA,NA,2021-10-10,21.326867,-157.661467,Day
E:\2021RabbitIsland_SoundTrapData\5641\20211010_135656.wav,4/24/23 9:57,Anthro,Airplane,10/10/2021 16:21:29.6,10/10/2021 16:21:47.3,NA,NA,NA,NA,NA,NA,NDE,NA,NA,2021-10-10,21.326867,-157.661467,Day
E:\2021RabbitIsland_SoundTrapData\5641\20211010_225253.wav,4/24/23 10:15,Other,Other,10/11/2021 1:49:33.1,10/11/2021 1:49:33.2,NA,NA,NA,NA,NA,NA,No HMS Vocalizations 10/10/2021,NA,NA,2021-10-11,21.326867,-157.661467,Night
E:\2021RabbitIsland_SoundTrapData\5641\20211011_223254.wav,4/24/23 10:54,Anthro,Airplane,10/11/2021 22:37:34.8,10/11/2021 22:37:43.1,NA,NA,NA,NA,NA,NA,NDE,NA,NA,2021-10-11,21.326867,-157.661467,Night
E:\2021RabbitIsland_SoundTrapData\5641\20211011_223254.wav,4/24/23 11:00,Other,Other,10/12/2021 1:26:36.0,10/12/2021 1:26:37.9,NA,NA,NA,NA,NA,NA,No HMS Vocalizations 10/11/2021,NA,NA,2021-10-12,21.326867,-157.661467,Night
E:\2021RabbitIsland_SoundTrapData\5641\20211012_101803.wav,4/24/23 11:31,Anthro,Airplane,10/12/2021 11:15:20.2,10/12/2021 11:15:24.9,NA,NA,NA,NA,NA,NA,NDE,NA,NA,2021-10-12,21.326867,-157.661467,Day
E:\2021RabbitIsland_SoundTrapData\5641\20211012_101803.wav,4/24/23 11:32,Anthro,Airplane,10/12/2021 12:34:30.2,10/12/2021 12:34:38.8,NA,NA,NA,NA,NA,NA,NDE,NA,NA,2021-10-12,21.326867,-157.661467,Day
E:\2021RabbitIsland_SoundTrapData\5641\20211012_101803.wav,4/24/23 11:34,Anthro,Airplane,10/12/2021 12:50:58.2,10/12/2021 12:51:09.7,NA,NA,NA,NA,NA,NA,NDE,NA,NA,2021-10-12,21.326867,-157.661467,Day
E:\2021RabbitIsland_SoundTrapData\5641\20211012_131802.wav,4/24/23 11:43,Anthro,Airplane,10/12/2021 15:36:46.8,10/12/2021 15:36:59.7,NA,NA,NA,NA,NA,NA,DE,NA,NA,2021-10-12,21.326867,-157.661467,Day
E:\2021RabbitIsland_SoundTrapData\5641\20211012_161802.wav,4/24/23 11:51,Anthro,Airplane,10/12/2021 18:47:34.1,10/12/2021 18:47:48.0,NA,NA,NA,NA,NA,NA,NDE,NA,NA,2021-10-12,21.326867,-157.661467,Night
E:\2021RabbitIsland_SoundTrapData\5641\20211012_161802.wav,4/24/23 11:52,Anthro,Airplane,10/12/2021 18:53:29.2,10/12/2021 18:53:41.7,NA,NA,NA,NA,NA,NA,NDE,NA,NA,2021-10-12,21.326867,-157.661467,Night
E:\2021RabbitIsland_SoundTrapData\5641\20211012_221105.wav,4/24/23 12:48,Other,Other,10/13/2021 1:05:02.2,10/13/2021 1:05:03.6,NA,NA,NA,NA,NA,NA,No HMS Vocalizations 10/12/2021,NA,NA,2021-10-13,21.326867,-157.661467,Night
E:\2021RabbitIsland_SoundTrapData\5641\20211013_065548.wav,4/24/23 13:07,Anthro,Airplane,10/13/2021 7:35:27.2,10/13/2021 7:35:37.6,NA,NA,NA,NA,NA,NA,NDE,NA,NA,2021-10-13,21.326867,-157.661467,Day
E:\2021RabbitIsland_SoundTrapData\5641\20211013_065548.wav,4/24/23 13:08,Anthro,Airplane,10/13/2021 7:37:46.3,10/13/2021 7:38:01.6,NA,NA,NA,NA,NA,NA,NDE,NA,NA,2021-10-13,21.326867,-157.661467,Day
E:\2021RabbitIsland_SoundTrapData\5641\20211013_065548.wav,4/24/23 13:11,Anthro,Other,10/13/2021 9:48:18.4,10/13/2021 9:49:36.9,NA,NA,NA,NA,NA,NA,"High pitched screeching noise, may be mechanical noise",NA,NA,2021-10-13,21.326867,-157.661467,Day
E:\2021RabbitIsland_SoundTrapData\5641\20211013_095547.wav,4/24/23 13:31,Anthro,Airplane,10/13/2021 11:13:50.5,10/13/2021 11:14:03.2,NA,NA,NA,NA,NA,NA,NDE,NA,NA,2021-10-13,21.326867,-157.661467,Day
E:\2021RabbitIsland_SoundTrapData\5641\20211013_095547.wav,4/24/23 13:31,Anthro,Airplane,10/13/2021 10:07:16.5,10/13/2021 10:07:29.0,NA,NA,NA,NA,NA,NA,NDE,NA,NA,2021-10-13,21.326867,-157.661467,Day
E:\2021RabbitIsland_SoundTrapData\5641\20211013_214851.wav,4/24/23 14:06,Other,Other,10/14/2021 0:42:41.7,10/14/2021 0:42:43.8,NA,NA,NA,NA,NA,NA,No HMS Vocalizations 10/13/2021,NA,NA,2021-10-14,21.326867,-157.661467,Night
E:\2021RabbitIsland_SoundTrapData\5641\20211014_033719.wav,4/24/23 14:31,Anthro,Airplane,10/14/2021 5:40:09.3,10/14/2021 5:40:16.9,NA,NA,NA,NA,NA,NA,DE,NA,NA,2021-10-14,21.326867,-157.661467,Night
E:\2021RabbitIsland_SoundTrapData\5641\20211014_063112.wav,4/24/23 14:40,Anthro,Airplane,10/14/2021 7:31:07.0,10/14/2021 7:31:22.0,NA,NA,NA,NA,NA,NA,NDE,NA,NA,2021-10-14,21.326867,-157.661467,Day
E:\2021RabbitIsland_SoundTrapData\5641\20211014_063112.wav,4/24/23 14:40,Anthro,Ship/Other,10/14/2021 8:51:29.1,10/14/2021 8:52:14.6,NA,NA,NA,NA,NA,NA,NA,NA,NA,2021-10-14,21.326867,-157.661467,Day
E:\2021RabbitIsland_SoundTrapData\5641\20211014_063112.wav,4/24/23 14:42,Anthro,Ship/Other,10/14/2021 9:22:20.1,10/14/2021 9:23:18.1,NA,NA,NA,NA,NA,NA,weird metalic screeching sound again,NA,NA,2021-10-14,21.326867,-157.661467,Day
E:\2021RabbitIsland_SoundTrapData\5641\20211014_093111.wav,4/24/23 14:53,Anthro,Ship/Other,10/14/2021 10:33:00.5,10/14/2021 10:34:58.6,NA,NA,NA,NA,NA,NA,NA,NA,NA,2021-10-14,21.326867,-157.661467,Day
E:\2021RabbitIsland_SoundTrapData\5641\20211014_093111.wav,4/24/23 14:53,Anthro,Ship/Other,10/14/2021 10:42:22.9,10/14/2021 10:43:22.4,NA,NA,NA,NA,NA,NA,NA,NA,NA,2021-10-14,21.326867,-157.661467,Day
E:\2021RabbitIsland_SoundTrapData\5641\20211014_093111.wav,4/24/23 14:54,Anthro,Ship/Other,10/14/2021 12:19:18.2,10/14/2021 12:20:32.8,NA,NA,NA,NA,NA,NA,NA,NA,NA,2021-10-14,21.326867,-157.661467,Day
E:\2021RabbitIsland_SoundTrapData\5641\20211014_123110.wav,4/24/23 15:02,Anthro,Airplane,10/14/2021 13:18:29.0,10/14/2021 13:18:40.3,NA,NA,NA,NA,NA,NA,DE,NA,NA,2021-10-14,21.326867,-157.661467,Day
E:\2021RabbitIsland_SoundTrapData\5641\20211014_123110.wav,4/24/23 15:03,Anthro,Ship/Other,10/14/2021 13:42:22.7,10/14/2021 13:43:57.4,NA,NA,NA,NA,NA,NA,NA,NA,NA,2021-10-14,21.326867,-157.661467,Day
E:\2021RabbitIsland_SoundTrapData\5641\20211014_153109.wav,4/24/23 15:11,Anthro,Airplane,10/14/2021 17:01:58.2,10/14/2021 17:02:07.7,NA,NA,NA,NA,NA,NA,NDE,NA,NA,2021-10-14,21.326867,-157.661467,Day
E:\2021RabbitIsland_SoundTrapData\5641\20211014_212433.wav,4/24/23 15:28,Other,Other,10/15/2021 0:03:51.9,10/15/2021 0:05:01.1,NA,NA,NA,NA,NA,NA,Earthquake,NA,NA,2021-10-15,21.326867,-157.661467,Night
E:\2021RabbitIsland_SoundTrapData\5641\20211014_212433.wav,4/24/23 15:28,Anthro,Airplane,10/14/2021 21:25:34.8,10/14/2021 21:25:43.9,NA,NA,NA,NA,NA,NA,DE,NA,NA,2021-10-14,21.326867,-157.661467,Night
E:\2021RabbitIsland_SoundTrapData\5641\20211014_212433.wav,4/24/23 15:30,Other,Other,10/15/2021 0:19:24.3,10/15/2021 0:19:29.1,NA,NA,NA,NA,NA,NA,No HMS Vocalizations 10/14/2021,NA,NA,2021-10-15,21.326867,-157.661467,Night
E:\2021RabbitIsland_SoundTrapData\5641\20211015_031441.wav,4/24/23 15:46,Anthro,Airplane,10/15/2021 5:29:46.4,10/15/2021 5:29:55.7,NA,NA,NA,NA,NA,NA,DE,NA,NA,2021-10-15,21.326867,-157.661467,Night
E:\2021RabbitIsland_SoundTrapData\5641\20211015_090916.wav,4/25/23 8:25,Anthro,Airplane,10/15/2021 10:19:36.6,10/15/2021 10:19:48.1,NA,NA,NA,NA,NA,NA,NDE,NA,NA,2021-10-15,21.326867,-157.661467,Day
E:\2021RabbitIsland_SoundTrapData\5641\20211015_090916.wav,4/25/23 8:26,Anthro,Airplane,10/15/2021 11:16:17.6,10/15/2021 11:16:30.4,NA,NA,NA,NA,NA,NA,NDE,NA,NA,2021-10-15,21.326867,-157.661467,Day
E:\2021RabbitIsland_SoundTrapData\5641\20211015_090916.wav,4/25/23 8:27,Anthro,Airplane,10/15/2021 11:40:29.5,10/15/2021 11:40:41.6,NA,NA,NA,NA,NA,NA,NDE,NA,NA,2021-10-15,21.326867,-157.661467,Day
E:\2021RabbitIsland_SoundTrapData\5641\20211015_090916.wav,4/25/23 8:28,Anthro,Airplane,10/15/2021 11:46:26.8,10/15/2021 11:46:33.1,NA,NA,NA,NA,NA,NA,NDE,NA,NA,2021-10-15,21.326867,-157.661467,Day
E:\2021RabbitIsland_SoundTrapData\5641\20211015_210115.wav,4/25/23 8:48,Anthro,Airplane,10/15/2021 22:48:18.0,10/15/2021 22:48:26.0,NA,NA,NA,NA,NA,NA,DE,NA,NA,2021-10-15,21.326867,-157.661467,Night
E:\2021RabbitIsland_SoundTrapData\5641\20211015_235537.wav,4/25/23 8:51,Other,Other,10/16/2021 0:00:36.0,10/16/2021 0:00:36.0,NA,NA,NA,NA,NA,NA,NO HMS Vocalizations 10/15/2021,NA,NA,2021-10-16,21.326867,-157.661467,Night
E:\2021RabbitIsland_SoundTrapData\5641\20211016_054533.wav,4/25/23 9:06,HMS,Growl,10/16/2021 8:23:51.2,10/16/2021 8:23:57.9,1,NA,NA,NA,NA,NA,NA,NA,NA,2021-10-16,21.326867,-157.661467,Day
E:\2021RabbitIsland_SoundTrapData\5641\20211016_054533.wav,4/25/23 9:07,HMS,Croak,10/16/2021 8:23:59.2,10/16/2021 8:23:59.5,1,NA,NA,NA,NA,NA,NA,NA,NA,2021-10-16,21.326867,-157.661467,Day
E:\2021RabbitIsland_SoundTrapData\5641\20211016_054533.wav,4/25/23 9:07,HMS,Growl,10/16/2021 8:24:03.4,10/16/2021 8:24:05.8,1,NA,NA,NA,NA,NA,NA,NA,NA,2021-10-16,21.326867,-157.661467,Day
E:\2021RabbitIsland_SoundTrapData\5641\20211016_054533.wav,4/25/23 9:08,HMS,Whoop,10/16/2021 8:24:06.3,10/16/2021 8:24:06.4,1,1,NA,NA,NA,NA,NA,NA,NA,2021-10-16,21.326867,-157.661467,Day
E:\2021RabbitIsland_SoundTrapData\5641\20211016_054533.wav,4/25/23 9:08,HMS,Whoop,10/16/2021 8:24:07.0,10/16/2021 8:24:07.2,2,1,NA,NA,NA,NA,weird whoop?,NA,NA,2021-10-16,21.326867,-157.661467,Day
E:\2021RabbitIsland_SoundTrapData\5641\20211016_054533.wav,4/25/23 9:09,HMS,Whoop,10/16/2021 8:24:09.1,10/16/2021 8:24:09.7,1,4,NA,NA,NA,NA,more weird whoops (higher frequency),NA,NA,2021-10-16,21.326867,-157.661467,Day
E:\2021RabbitIsland_SoundTrapData\5641\20211016_054533.wav,4/25/23 9:09,HMS,Growl,10/16/2021 8:24:11.6,10/16/2021 8:24:12.5,1,NA,NA,NA,NA,NA,NA,NA,NA,2021-10-16,21.326867,-157.661467,Day
E:\2021RabbitIsland_SoundTrapData\5641\20211016_054533.wav,4/25/23 9:10,HMS,Growl,10/16/2021 8:24:13.0,10/16/2021 8:24:13.8,1,NA,NA,NA,NA,NA,growl overlapping whoops from another HMS,NA,NA,2021-10-16,21.326867,-157.661467,Day
E:\2021RabbitIsland_SoundTrapData\5641\20211016_054533.wav,4/25/23 9:10,HMS,Whoop,10/16/2021 8:24:12.5,10/16/2021 8:24:13.1,1,4,NA,NA,NA,NA,NA,NA,NA,2021-10-16,21.326867,-157.661467,Day
E:\2021RabbitIsland_SoundTrapData\5641\20211016_054533.wav,4/25/23 9:11,HMS,Whoop,10/16/2021 8:24:13.9,10/16/2021 8:24:14.3,1,3,NA,NA,NA,NA,NA,NA,NA,2021-10-16,21.326867,-157.661467,Day
E:\2021RabbitIsland_SoundTrapData\5641\20211016_054533.wav,4/25/23 9:11,HMS,Growl,10/16/2021 8:24:16.5,10/16/2021 8:24:17.4,1,NA,NA,NA,NA,NA,NA,NA,NA,2021-10-16,21.326867,-157.661467,Day
E:\2021RabbitIsland_SoundTrapData\5641\20211016_054533.wav,4/25/23 9:11,HMS,Whoop,10/16/2021 8:24:19.4,10/16/2021 8:24:20.4,1,6,NA,NA,NA,NA,NA,NA,NA,2021-10-16,21.326867,-157.661467,Day
E:\2021RabbitIsland_SoundTrapData\5641\20211016_054533.wav,4/25/23 9:12,HMS,Whoop,10/16/2021 8:24:21.8,10/16/2021 8:24:22.4,1,4,NA,NA,NA,NA,NA,NA,NA,2021-10-16,21.326867,-157.661467,Day
E:\2021RabbitIsland_SoundTrapData\5641\20211016_054533.wav,4/25/23 9:12,HMS,Growl,10/16/2021 8:24:22.4,10/16/2021 8:24:23.0,1,NA,NA,NA,NA,NA,NA,NA,NA,2021-10-16,21.326867,-157.661467,Day
E:\2021RabbitIsland_SoundTrapData\5641\20211016_054533.wav,4/25/23 9:12,HMS,Moan,10/16/2021 8:24:25.7,10/16/2021 8:24:26.3,1,NA,NA,NA,NA,NA,NA,NA,NA,2021-10-16,21.326867,-157.661467,Day
E:\2021RabbitIsland_SoundTrapData\5641\20211016_054533.wav,4/25/23 9:12,HMS,Whoop,10/16/2021 8:24:27.0,10/16/2021 8:24:27.5,1,4,NA,NA,NA,NA,NA,NA,NA,2021-10-16,21.326867,-157.661467,Day
E:\2021RabbitIsland_SoundTrapData\5641\20211016_054533.wav,4/25/23 9:13,HMS,Growl,10/16/2021 8:24:28.1,10/16/2021 8:24:30.5,2,NA,NA,NA,NA,NA,NA,NA,NA,2021-10-16,21.326867,-157.661467,Day
E:\2021RabbitIsland_SoundTrapData\5641\20211016_054533.wav,4/25/23 9:13,HMS,Whoop,10/16/2021 8:24:33.1,10/16/2021 8:24:33.3,2,1,NA,NA,NA,NA,NA,NA,NA,2021-10-16,21.326867,-157.661467,Day
E:\2021RabbitIsland_SoundTrapData\5641\20211016_054533.wav,4/25/23 9:14,HMS,Whoop,10/16/2021 8:24:33.7,10/16/2021 8:24:34.8,1,6,NA,NA,NA,NA,NA,NA,NA,2021-10-16,21.326867,-157.661467,Day
E:\2021RabbitIsland_SoundTrapData\5641\20211016_054533.wav,4/25/23 9:14,HMS,Croak,10/16/2021 8:24:35.0,10/16/2021 8:24:35.6,3,NA,NA,NA,NA,NA,NA,NA,NA,2021-10-16,21.326867,-157.661467,Day
E:\2021RabbitIsland_SoundTrapData\5641\20211016_084532.wav,4/25/23 9:21,Anthro,Ship/Small Boat,10/16/2021 9:07:33.8,10/16/2021 9:11:22.1,NA,NA,NA,NA,NA,NA,NA,NA,NA,2021-10-16,21.326867,-157.661467,Day
E:\2021RabbitIsland_SoundTrapData\5641\20211016_084532.wav,4/25/23 9:22,Anthro,Airplane,10/16/2021 10:05:03.2,10/16/2021 10:05:11.8,NA,NA,NA,NA,NA,NA,NDE,NA,NA,2021-10-16,21.326867,-157.661467,Day
E:\2021RabbitIsland_SoundTrapData\5641\20211016_114531.wav,4/25/23 9:37,Anthro,Airplane,10/16/2021 12:02:16.4,10/16/2021 12:02:29.6,NA,NA,NA,NA,NA,NA,NDE,NA,NA,2021-10-16,21.326867,-157.661467,Day
E:\2021RabbitIsland_SoundTrapData\5641\20211016_114531.wav,4/25/23 9:38,Anthro,Ship/Small Boat,10/16/2021 12:58:36.9,10/16/2021 13:01:21.2,NA,NA,NA,NA,NA,NA,NA,NA,NA,2021-10-16,21.326867,-157.661467,Day
E:\2021RabbitIsland_SoundTrapData\5641\20211016_144531.wav,4/25/23 9:44,Anthro,Airplane,10/16/2021 15:44:36.1,10/16/2021 15:45:03.6,NA,NA,NA,NA,NA,NA,NDE,NA,NA,2021-10-16,21.326867,-157.661467,Day
E:\2021RabbitIsland_SoundTrapData\5641\20211016_144531.wav,4/25/23 9:44,Anthro,Airplane,10/16/2021 16:40:02.7,10/16/2021 16:40:17.5,NA,NA,NA,NA,NA,NA,NDE,NA,NA,2021-10-16,21.326867,-157.661467,Day
E:\2021RabbitIsland_SoundTrapData\5641\20211017_052300.wav,4/25/23 10:24,Other,Other,10/17/2021 5:52:40.5,10/17/2021 5:54:01.2,NA,NA,NA,NA,NA,NA,earthquake,NA,NA,2021-10-17,21.326867,-157.661467,Night
E:\2021RabbitIsland_SoundTrapData\5641\20211017_052300.wav,4/25/23 10:24,Anthro,Ship/Small Boat,10/17/2021 8:01:09.6,10/17/2021 8:04:12.3,NA,NA,NA,NA,NA,NA,NA,NA,NA,2021-10-17,21.326867,-157.661467,Day
E:\2021RabbitIsland_SoundTrapData\5641\20211017_082250.wav,4/25/23 10:26,Anthro,Ship/Small Boat,10/17/2021 8:23:04.1,10/17/2021 8:25:04.7,NA,NA,NA,NA,NA,NA,NA,NA,NA,2021-10-17,21.326867,-157.661467,Day
E:\2021RabbitIsland_SoundTrapData\5641\20211017_082250.wav,4/25/23 10:33,Anthro,Airplane,10/17/2021 9:00:26.4,10/17/2021 9:00:38.9,NA,NA,NA,NA,NA,NA,NDE,NA,NA,2021-10-17,21.326867,-157.661467,Day
E:\2021RabbitIsland_SoundTrapData\5641\20211017_082250.wav,4/25/23 10:34,Anthro,Airplane,10/17/2021 9:58:06.8,10/17/2021 9:58:43.5,NA,NA,NA,NA,NA,NA,NDE,NA,NA,2021-10-17,21.326867,-157.661467,Day
E:\2021RabbitIsland_SoundTrapData\5641\20211017_082250.wav,4/25/23 10:36,HMS,Whoop,10/17/2021 10:02:55.3,10/17/2021 10:02:55.6,1,2,NA,NA,NA,NA,NA,NA,NA,2021-10-17,21.326867,-157.661467,Day
E:\2021RabbitIsland_SoundTrapData\5641\20211017_082250.wav,4/25/23 10:37,HMS,Growl,10/17/2021 10:02:57.3,10/17/2021 10:02:58.5,1,NA,NA,NA,NA,NA,NA,NA,NA,2021-10-17,21.326867,-157.661467,Day
E:\2021RabbitIsland_SoundTrapData\5641\20211017_082250.wav,4/25/23 10:37,HMS,Whoop,10/17/2021 10:02:58.5,10/17/2021 10:02:59.7,1,4,NA,NA,NA,NA,NA,NA,NA,2021-10-17,21.326867,-157.661467,Day
E:\2021RabbitIsland_SoundTrapData\5641\20211017_082250.wav,4/25/23 10:37,HMS,MoanWhoop,10/17/2021 10:03:05.3,10/17/2021 10:03:05.6,1,NA,NA,NA,NA,NA,NA,NA,NA,2021-10-17,21.326867,-157.661467,Day
E:\2021RabbitIsland_SoundTrapData\5641\20211017_082250.wav,4/25/23 10:38,HMS,Growl,10/17/2021 10:03:21.5,10/17/2021 10:03:23.8,1,NA,NA,NA,NA,NA,NA,NA,NA,2021-10-17,21.326867,-157.661467,Day
E:\2021RabbitIsland_SoundTrapData\5641\20211017_082250.wav,4/25/23 10:39,HMS,Croak,10/17/2021 10:03:25.6,10/17/2021 10:03:25.8,1,NA,NA,NA,NA,NA,NA,NA,NA,2021-10-17,21.326867,-157.661467,Day
E:\2021RabbitIsland_SoundTrapData\5641\20211017_082250.wav,4/25/23 10:39,HMS,Croak,10/17/2021 10:03:26.4,10/17/2021 10:03:26.7,1,NA,NA,NA,NA,NA,NA,NA,NA,2021-10-17,21.326867,-157.661467,Day
E:\2021RabbitIsland_SoundTrapData\5641\20211017_082250.wav,4/25/23 10:39,HMS,Growl,10/17/2021 10:03:27.1,10/17/2021 10:03:28.4,1,NA,NA,NA,NA,NA,NA,NA,NA,2021-10-17,21.326867,-157.661467,Day
E:\2021RabbitIsland_SoundTrapData\5641\20211017_082250.wav,4/25/23 10:39,HMS,Whoop,10/17/2021 10:03:27.8,10/17/2021 10:03:28.5,1,4,NA,NA,NA,NA,overlapped by growl from other HMS,NA,NA,2021-10-17,21.326867,-157.661467,Day
E:\2021RabbitIsland_SoundTrapData\5641\20211017_082250.wav,4/25/23 10:40,HMS,Growl,10/17/2021 10:03:30.5,10/17/2021 10:03:31.1,1,NA,NA,NA,NA,NA,NA,NA,NA,2021-10-17,21.326867,-157.661467,Day
E:\2021RabbitIsland_SoundTrapData\5641\20211017_082250.wav,4/25/23 10:40,HMS,Growl,10/17/2021 10:03:34.3,10/17/2021 10:03:35.8,1,NA,NA,NA,NA,NA,NA,NA,NA,2021-10-17,21.326867,-157.661467,Day
E:\2021RabbitIsland_SoundTrapData\5641\20211017_082250.wav,4/25/23 10:40,HMS,Growl,10/17/2021 10:03:37.0,10/17/2021 10:03:37.9,1,NA,NA,NA,NA,NA,NA,NA,NA,2021-10-17,21.326867,-157.661467,Day
E:\2021RabbitIsland_SoundTrapData\5641\20211017_082250.wav,4/25/23 10:40,HMS,Whoop,10/17/2021 10:03:42.6,10/17/2021 10:03:42.9,1,2,NA,NA,NA,NA,NA,NA,NA,2021-10-17,21.326867,-157.661467,Day
E:\2021RabbitIsland_SoundTrapData\5641\20211017_082250.wav,4/25/23 10:40,HMS,MoanWhoop,10/17/2021 10:03:44.3,10/17/2021 10:03:47.7,1,NA,NA,NA,NA,NA,NA,NA,NA,2021-10-17,21.326867,-157.661467,Day
E:\2021RabbitIsland_SoundTrapData\5641\20211017_082250.wav,4/25/23 10:41,HMS,Whoop,10/17/2021 10:04:33.1,10/17/2021 10:04:34.4,1,4,NA,NA,NA,NA,NA,NA,NA,2021-10-17,21.326867,-157.661467,Day
E:\2021RabbitIsland_SoundTrapData\5641\20211017_082250.wav,4/25/23 10:42,HMS,Whoop,10/17/2021 10:04:34.8,10/17/2021 10:04:35.7,1,4,NA,NA,NA,NA,NA,NA,NA,2021-10-17,21.326867,-157.661467,Day
E:\2021RabbitIsland_SoundTrapData\5641\20211017_082250.wav,5/1/23 9:08,Anthro,Ship/Small Boat,10/17/2021 11:06:37.0,10/17/2021 11:10:58.0,NA,NA,NA,NA,NA,NA,NA,NA,NA,2021-10-17,21.326867,-157.661467,Day
E:\2021RabbitIsland_SoundTrapData\5641\20211017_112249.wav,5/1/23 9:10,Anthro,Ship/Small Boat,10/17/2021 12:03:12.6,10/17/2021 12:07:44.0,NA,NA,NA,NA,NA,NA,NA,NA,NA,2021-10-17,21.326867,-157.661467,Day
E:\2021RabbitIsland_SoundTrapData\5641\20211017_112249.wav,5/1/23 9:13,Anthro,Other,10/17/2021 13:33:42.9,10/17/2021 13:33:47.6,NA,NA,NA,NA,NA,NA,Metal to metal dinging sound again,NA,NA,2021-10-17,21.326867,-157.661467,Day
E:\2021RabbitIsland_SoundTrapData\5641\20211017_112249.wav,13:42.8,Anthro,Ship/Small Boat,10/17/2021 13:33:42.9,10/17/2021 13:33:47.6,NA,NA,NA,NA,NA,NA,NA,NA,NA,2021-10-17,21.326867,-157.661467,Day
E:\2021RabbitIsland_SoundTrapData\5641\20211017_142249.wav,5/1/23 9:18,Anthro,Airplane,10/17/2021 15:09:24.7,10/17/2021 15:09:38.4,NA,NA,NA,NA,NA,NA,NDE,NA,NA,2021-10-17,21.326867,-157.661467,Day
E:\2021RabbitIsland_SoundTrapData\5641\20211017_142249.wav,18:03.2,Anthro,Ship/Small Boat,10/17/2021 15:09:24.7,10/17/2021 15:09:38.4,NA,NA,NA,NA,NA,NA,NA,NA,NA,2021-10-17,21.326867,-157.661467,Day
E:\2021RabbitIsland_SoundTrapData\5641\20211017_142249.wav,5/1/23 9:19,Anthro,Airplane,10/17/2021 15:53:07.8,10/17/2021 15:53:25.6,NA,NA,NA,NA,NA,NA,NDE,NA,NA,2021-10-17,21.326867,-157.661467,Day
E:\2021RabbitIsland_SoundTrapData\5641\20211017_142249.wav,19:19.3,Anthro,Ship/Small Boat,10/17/2021 15:53:07.8,10/17/2021 15:53:25.6,NA,NA,NA,NA,NA,NA,NA,NA,NA,2021-10-17,21.326867,-157.661467,Day
E:\2021RabbitIsland_SoundTrapData\5641\20211017_172248.wav,5/1/23 9:23,Anthro,Airplane,10/17/2021 17:44:15.7,10/17/2021 17:44:31.9,NA,NA,NA,NA,NA,NA,NDE,NA,NA,2021-10-17,21.326867,-157.661467,Day
E:\2021RabbitIsland_SoundTrapData\5641\20211017_172248.wav,23:51.9,Anthro,Ship/Small Boat,10/17/2021 17:44:15.7,10/17/2021 17:44:31.9,NA,NA,NA,NA,NA,NA,NA,NA,NA,2021-10-17,21.326867,-157.661467,Day
E:\2021RabbitIsland_SoundTrapData\5641\20211017_201741.wav,5/1/23 9:32,Other,Other,10/17/2021 22:56:50.9,10/17/2021 22:57:58.4,NA,NA,NA,NA,NA,NA,earthquake,NA,NA,2021-10-17,21.326867,-157.661467,Night
E:\2021RabbitIsland_SoundTrapData\5641\20211017_231303.wav,5/1/23 9:47,Other,Other,10/18/2021 2:08:59.5,10/18/2021 2:09:01.5,NA,NA,NA,NA,NA,NA,No HMS Vocalizations 10/17/2021,NA,NA,2021-10-18,21.326867,-157.661467,Night
E:\2021RabbitIsland_SoundTrapData\5641\20211018_050431.wav,5/1/23 9:56,Anthro,Ship/Small Boat,10/18/2021 7:49:50.2,10/18/2021 7:53:40.3,NA,NA,NA,NA,NA,NA,NA,NA,NA,2021-10-18,21.326867,-157.661467,Day
E:\2021RabbitIsland_SoundTrapData\5641\20211018_080323.wav,5/1/23 10:05,Anthro,Airplane,10/18/2021 9:45:45.0,10/18/2021 9:45:58.8,NA,NA,NA,NA,NA,NA,NDE,NA,NA,2021-10-18,21.326867,-157.661467,Day
E:\2021RabbitIsland_SoundTrapData\5641\20211018_080323.wav,5/1/23 10:06,Anthro,Other,10/18/2021 10:20:46.4,10/18/2021 10:21:01.3,NA,NA,NA,NA,NA,NA,metal to metal dinging sound,NA,NA,2021-10-18,21.326867,-157.661467,Day
E:\2021RabbitIsland_SoundTrapData\5641\20211018_110322.wav,5/1/23 10:38,Anthro,Airplane,10/18/2021 11:05:40.9,10/18/2021 11:05:54.3,NA,NA,NA,NA,NA,NA,NDE,NA,NA,2021-10-18,21.326867,-157.661467,Day
E:\2021RabbitIsland_SoundTrapData\5641\20211018_110322.wav,5/1/23 10:39,Anthro,Airplane,10/18/2021 11:17:33.7,10/18/2021 11:17:45.7,NA,NA,NA,NA,NA,NA,NDE,NA,NA,2021-10-18,21.326867,-157.661467,Day
E:\2021RabbitIsland_SoundTrapData\5641\20211018_110322.wav,5/1/23 10:39,Anthro,Ship/Small Boat,10/18/2021 11:22:25.9,10/18/2021 11:24:24.6,NA,NA,NA,NA,NA,NA,NA,NA,NA,2021-10-18,21.326867,-157.661467,Day
E:\2021RabbitIsland_SoundTrapData\5641\20211018_110322.wav,5/1/23 10:39,Anthro,Airplane,10/18/2021 11:55:00.1,10/18/2021 11:55:06.8,NA,NA,NA,NA,NA,NA,NDE,NA,NA,2021-10-18,21.326867,-157.661467,Day
E:\2021RabbitIsland_SoundTrapData\5641\20211018_110322.wav,5/1/23 10:40,Anthro,Airplane,10/18/2021 13:53:30.5,10/18/2021 13:53:39.8,NA,NA,NA,NA,NA,NA,NDE,NA,NA,2021-10-18,21.326867,-157.661467,Day
E:\2021RabbitIsland_SoundTrapData\5641\20211018_140321.wav,5/1/23 10:47,Anthro,Airplane,10/18/2021 14:30:58.2,10/18/2021 14:31:26.5,NA,NA,NA,NA,NA,NA,NDE,NA,NA,2021-10-18,21.326867,-157.661467,Day
E:\2021RabbitIsland_SoundTrapData\5641\20211018_140321.wav,5/1/23 10:48,Anthro,Other,10/18/2021 15:27:34.4,10/18/2021 15:27:48.6,NA,NA,NA,NA,NA,NA,metal on metal dinging sound,NA,NA,2021-10-18,21.326867,-157.661467,Day
E:\2021RabbitIsland_SoundTrapData\5641\20211018_140321.wav,5/1/23 10:48,Anthro,Other,10/18/2021 15:33:26.5,10/18/2021 15:33:37.1,NA,NA,NA,NA,NA,NA,metal on metal dinging sound,NA,NA,2021-10-18,21.326867,-157.661467,Day
E:\2021RabbitIsland_SoundTrapData\5641\20211018_140321.wav,5/1/23 10:49,Anthro,Other,10/18/2021 15:58:50.9,10/18/2021 15:58:52.4,NA,NA,NA,NA,NA,NA,metal on metal dinging sound,NA,NA,2021-10-18,21.326867,-157.661467,Day
E:\2021RabbitIsland_SoundTrapData\5641\20211018_140321.wav,5/1/23 10:55,Anthro,Airplane,10/18/2021 15:58:52.4,10/18/2021 15:58:52.4,NA,NA,NA,NA,NA,NA,NDE,NA,NA,2021-10-18,21.326867,-157.661467,Day
E:\2021RabbitIsland_SoundTrapData\5641\20211018_195833.wav,5/1/23 11:01,Anthro,Airplane,10/18/2021 20:16:26.7,10/18/2021 20:16:43.3,NA,NA,NA,NA,NA,NA,DE,NA,NA,2021-10-18,21.326867,-157.661467,Night
E:\2021RabbitIsland_SoundTrapData\5641\20211018_195833.wav,5/1/23 11:02,Anthro,Airplane,10/18/2021 21:24:21.2,10/18/2021 21:24:29.2,NA,NA,NA,NA,NA,NA,DE,NA,NA,2021-10-18,21.326867,-157.661467,Night
E:\2021RabbitIsland_SoundTrapData\5641\20211018_225325.wav,5/1/23 11:09,Other,Other,10/19/2021 1:23:57.1,10/19/2021 1:24:40.2,NA,NA,NA,NA,NA,NA,earthquake,NA,NA,2021-10-19,21.326867,-157.661467,Night
E:\2021RabbitIsland_SoundTrapData\5641\20211018_225325.wav,5/1/23 11:10,Other,Other,10/19/2021 1:48:51.7,10/19/2021 1:48:54.0,NA,NA,NA,NA,NA,NA,No HMS Vocalizations 10/18/2021,NA,NA,2021-10-19,21.326867,-157.661467,Night
E:\2021RabbitIsland_SoundTrapData\5641\20211019_104149.wav,5/1/23 11:34,Anthro,Airplane,10/19/2021 5:35:42.0,10/19/2021 5:35:54.3,NA,NA,NA,NA,NA,NA,NDE,NA,NA,2021-10-19,21.326867,-157.661467,Night
E:\2021RabbitIsland_SoundTrapData\5641\20211019_223338.wav,5/1/23 12:29,Anthro,Airplane,10/20/2021 1:29:33.5,10/20/2021 1:29:35.4,NA,NA,NA,NA,NA,NA,No HMS Vocalizations 10/19/2021,NA,NA,2021-10-20,21.326867,-157.661467,Night
E:\2021RabbitIsland_SoundTrapData\5641\20211020_072227.wav,5/1/23 13:08,Anthro,Ship/Small Boat,10/20/2021 8:09:36.5,10/20/2021 8:17:23.8,NA,NA,NA,NA,NA,NA,NA,NA,NA,2021-10-20,21.326867,-157.661467,Day
E:\2021RabbitIsland_SoundTrapData\5641\20211020_072227.wav,5/1/23 13:10,Anthro,Ship/Small Boat,10/20/2021 8:22:42.0,10/20/2021 8:45:23.7,NA,NA,NA,NA,NA,NA,NA,NA,NA,2021-10-20,21.326867,-157.661467,Day
E:\2021RabbitIsland_SoundTrapData\5641\20211020_072227.wav,5/1/23 13:11,Anthro,Ship/Small Boat,10/20/2021 8:45:28.0,10/20/2021 8:45:56.3,NA,NA,NA,NA,NA,NA,Soundtrap Retreived,NA,NA,2021-10-20,21.326867,-157.661467,Day
