Input file,Event Number,Species Code,Call,Start time,End time,Parameter 1,Parameter 2,Parameter 3,Parameter 4,Parameter 5,Parameter 6,Comments,Image,Audio,date,lat,lon,DayNight
C:\Users\mmrph\Desktop\author's Interns\Kala_wavfiles_2023\230726\5641.230726092959.wav,2/12/24 10:58,Other,Other,7/26/2023 14:00:41.9,NA,NA,NA,NA,NA,NA,NA,"Deployment, author has checked all of 7/26",NA,NA,2023-07-26,21.203633,-156.98395,Day
F:\2023 Kalaupapa_SoundTrapData\5641\5641.230726092959.wav,3/21/24 15:50,Other,Other,7/26/2023 14:02:53.7,7/26/2023 14:08:19.6,NA,NA,NA,NA,NA,NA,strange mechanical sound/potential foraging calls right after deployment,NA,NA,2023-07-26,21.203633,-156.98395,Day
F:\2023 Kalaupapa_SoundTrapData\5641\5641.230726092959.wav,3/21/24 15:50,HMS,Rumble,7/26/2023 17:59:56.2,7/26/2023 17:59:59.3,NA,NA,NA,NA,NA,NA,"no calls on 7/28 OR 7/29, double checked",NA,NA,2023-07-26,21.203633,-156.98395,Day
C:\Users\mmrph\Desktop\author's Interns\Kala_wavfiles_2023\230730\5641.230729195506.wav,4/2/24 12:56,Other,Other,7/30/2023 0:04:51.5,7/30/2023 0:04:53.1,NA,NA,NA,NA,NA,NA,no calls,NA,NA,2023-07-30,21.203633,-156.98395,Night
C:\Users\mmrph\Desktop\author's Interns\Kala_wavfiles_2023\230730\5641.230730004431.wav,4/2/24 12:58,Other,Other,7/30/2023 1:04:39.3,7/30/2023 1:04:41.4,NA,NA,NA,NA,NA,NA,no calls,NA,NA,2023-07-30,21.203633,-156.98395,Night
C:\Users\mmrph\Desktop\author's Interns\Kala_wavfiles_2023\230730\5641.230730004431.wav,4/2/24 13:04,Other,Other,7/30/2023 2:04:41.3,7/30/2023 2:04:42.2,NA,NA,NA,NA,NA,NA,no calls,NA,NA,2023-07-30,21.203633,-156.98395,Night
C:\Users\mmrph\Desktop\author's Interns\Kala_wavfiles_2023\230730\5641.230730004431.wav,4/2/24 13:05,Other,Other,7/30/2023 3:04:48.6,7/30/2023 3:04:51.0,NA,NA,NA,NA,NA,NA,no calls,NA,NA,2023-07-30,21.203633,-156.98395,Night
C:\Users\mmrph\Desktop\author's Interns\Kala_wavfiles_2023\230730\5641.230730004431.wav,4/2/24 13:07,Other,Other,7/30/2023 4:04:58.8,7/30/2023 4:04:59.8,NA,NA,NA,NA,NA,NA,no calls,NA,NA,2023-07-30,21.203633,-156.98395,Night
C:\Users\mmrph\Desktop\author's Interns\Kala_wavfiles_2023\230730\5641.230730004431.wav,4/2/24 13:07,Other,Other,7/30/2023 5:04:57.3,7/30/2023 5:04:57.7,NA,NA,NA,NA,NA,NA,no calls,NA,NA,2023-07-30,21.203633,-156.98395,Night
C:\Users\mmrph\Desktop\author's Interns\Kala_wavfiles_2023\230730\5641.230730053446.wav,4/2/24 13:08,Other,Other,7/30/2023 6:04:51.2,7/30/2023 6:04:51.7,NA,NA,NA,NA,NA,NA,no calls,NA,NA,2023-07-30,21.203633,-156.98395,Day
C:\Users\mmrph\Desktop\author's Interns\Kala_wavfiles_2023\230730\5641.230730053446.wav,4/2/24 13:10,Other,Other,7/30/2023 7:04:39.9,7/30/2023 7:04:40.6,NA,NA,NA,NA,NA,NA,no calls,NA,NA,2023-07-30,21.203633,-156.98395,Day
C:\Users\mmrph\Desktop\author's Interns\Kala_wavfiles_2023\230730\5641.230730053446.wav,4/2/24 13:12,Other,Other,7/30/2023 9:04:20.0,7/30/2023 9:04:20.5,NA,NA,NA,NA,NA,NA,no calls,NA,NA,2023-07-30,21.203633,-156.98395,Day
C:\Users\mmrph\Desktop\author's Interns\Kala_wavfiles_2023\230730\5641.230730053446.wav,4/2/24 13:13,Other,Other,7/30/2023 10:04:39.7,7/30/2023 10:04:40.8,NA,NA,NA,NA,NA,NA,no calls,NA,NA,2023-07-30,21.203633,-156.98395,Day
C:\Users\mmrph\Desktop\author's Interns\Kala_wavfiles_2023\230730\5641.230730104104.wav,4/2/24 13:14,Other,Other,7/30/2023 11:04:31.0,7/30/2023 11:04:31.3,NA,NA,NA,NA,NA,NA,no calls,NA,NA,2023-07-30,21.203633,-156.98395,Day
C:\Users\mmrph\Desktop\author's Interns\Kala_wavfiles_2023\230730\5641.230730104104.wav,4/2/24 13:15,Other,Other,7/30/2023 12:04:54.7,7/30/2023 12:04:55.0,NA,NA,NA,NA,NA,NA,no calls,NA,NA,2023-07-30,21.203633,-156.98395,Day
C:\Users\mmrph\Desktop\author's Interns\Kala_wavfiles_2023\230730\5641.230730104104.wav,4/2/24 13:18,Other,Other,7/30/2023 14:04:46.0,7/30/2023 14:04:47.5,NA,NA,NA,NA,NA,NA,no calls,NA,NA,2023-07-30,21.203633,-156.98395,Day
C:\Users\mmrph\Desktop\author's Interns\Kala_wavfiles_2023\230730\5641.230730104104.wav,4/2/24 13:29,Other,Other,7/30/2023 15:04:48.7,7/30/2023 15:04:49.5,NA,NA,NA,NA,NA,NA,no calls,NA,NA,2023-07-30,21.203633,-156.98395,Day
C:\Users\mmrph\Desktop\author's Interns\Kala_wavfiles_2023\230730\5641.230730104104.wav,4/2/24 13:30,Other,Other,7/30/2023 16:04:56.1,7/30/2023 16:04:56.6,NA,NA,NA,NA,NA,NA,no calls,NA,NA,2023-07-30,21.203633,-156.98395,Day
C:\Users\mmrph\Desktop\author's Interns\Kala_wavfiles_2023\230730\5641.230730161903.wav,4/2/24 13:33,Other,Other,7/30/2023 18:04:53.3,7/30/2023 18:04:53.8,NA,NA,NA,NA,NA,NA,no calls,NA,NA,2023-07-30,21.203633,-156.98395,Day
C:\Users\mmrph\Desktop\author's Interns\Kala_wavfiles_2023\230730\5641.230730161903.wav,4/2/24 13:45,Other,Other,7/30/2023 20:04:30.2,7/30/2023 20:04:30.9,NA,NA,NA,NA,NA,NA,no calls just fish,NA,NA,2023-07-30,21.203633,-156.98395,Night
C:\Users\mmrph\Desktop\author's Interns\Kala_wavfiles_2023\230730\5641.230730212442.wav,4/2/24 13:52,Other,Other,7/30/2023 23:04:30.8,7/30/2023 23:04:32.7,NA,NA,NA,NA,NA,NA,no other calls...maddie end analysis,NA,NA,2023-07-30,21.203633,-156.98395,Night
G:\2023 Kalaupapa_SoundTrapData\5641\5641.230801083917.wav,3/25/24 15:30,Other,Other,8/1/2023 12:02:45.0,8/1/2023 12:02:47.9,1,NA,NA,NA,NA,NA,This is the day NPS divers heard seals underwater.,NA,NA,2023-08-01,21.203633,-156.98395,Day
G:\2023 Kalaupapa_SoundTrapData\5641\5641.230801140650.wav,3/25/24 16:42,Anthropogenic,Airplane,8/1/2023 15:01:21.5,8/1/2023 15:01:28.4,NA,NA,NA,NA,NA,NA,NA,NA,NA,2023-08-01,21.203633,-156.98395,Day
C:\Users\mmrph\Desktop\author's Interns\Kala_wavfiles_2023\230801\5641.230801140650.wav,3/5/24 10:47,Anthro,Airplane,8/1/2023 15:01:22.4,8/1/2023 15:01:27.8,NA,NA,NA,NA,NA,NA,(intern - we listened to this and think it's a boat),NA,NA,2023-08-01,21.203633,-156.98395,Day
C:\Users\mmrph\Desktop\author's Interns\Kala_wavfiles_2023\230802\5641.230801193124.wav,4/8/24 11:23,Other,Other,8/2/2023 0:05:00.3,NA,NA,NA,NA,NA,NA,NA,"intern start analysis, no calls",NA,NA,2023-08-02,21.203633,-156.98395,Night
C:\Users\mmrph\Desktop\author's Interns\Kala_wavfiles_2023\230802\5641.230802001906.wav,4/8/24 11:25,Other,Other,8/2/2023 1:05:00.2,NA,NA,NA,NA,NA,NA,NA,no calls,NA,NA,2023-08-02,21.203633,-156.98395,Night
C:\Users\mmrph\Desktop\author's Interns\Kala_wavfiles_2023\230802\5641.230802001906.wav,4/8/24 11:27,Other,Other,8/2/2023 3:05:00.6,NA,NA,NA,NA,NA,NA,NA,no calls,NA,NA,2023-08-02,21.203633,-156.98395,Night
C:\Users\mmrph\Desktop\author's Interns\Kala_wavfiles_2023\230802\5641.230802001906.wav,4/8/24 11:28,Other,Other,8/2/2023 5:05:00.4,NA,NA,NA,NA,NA,NA,NA,no calls,NA,NA,2023-08-02,21.203633,-156.98395,Night
C:\Users\mmrph\Desktop\author's Interns\Kala_wavfiles_2023\230802\5641.230802050917.wav,4/8/24 11:29,Other,Other,8/2/2023 6:05:00.6,NA,NA,NA,NA,NA,NA,NA,no calls,NA,NA,2023-08-02,21.203633,-156.98395,Day
C:\Users\mmrph\Desktop\author's Interns\Kala_wavfiles_2023\230802\5641.230802050917.wav,4/8/24 11:33,Other,Other,8/2/2023 8:05:00.6,NA,NA,NA,NA,NA,NA,NA,no calls,NA,NA,2023-08-02,21.203633,-156.98395,Day
C:\Users\mmrph\Desktop\author's Interns\Kala_wavfiles_2023\230802\5641.230802050917.wav,4/8/24 11:36,Other,Other,8/2/2023 10:05:00.5,NA,NA,NA,NA,NA,NA,NA,no calls,NA,NA,2023-08-02,21.203633,-156.98395,Day
C:\Users\mmrph\Desktop\author's Interns\Kala_wavfiles_2023\230802\5641.230802101404.wav,4/8/24 11:38,Other,Other,8/2/2023 12:05:00.5,NA,NA,NA,NA,NA,NA,NA,no calls,NA,NA,2023-08-02,21.203633,-156.98395,Day
C:\Users\mmrph\Desktop\author's Interns\Kala_wavfiles_2023\230802\5641.230802101404.wav,4/8/24 11:39,Other,Other,8/2/2023 13:05:00.7,NA,NA,NA,NA,NA,NA,NA,no calls,NA,NA,2023-08-02,21.203633,-156.98395,Day
G:\2023 Kalaupapa_SoundTrapData\5641\5641.230802101404.wav,3/25/24 16:52,Anthropogenic,Airplane,8/2/2023 14:16:04.9,8/2/2023 14:16:11.9,NA,NA,NA,NA,NA,NA,Analyzing all of 8/2 from 1400-1600 because this was the time when NPS divers heard seals calling underwater.,NA,NA,2023-08-02,21.203633,-156.98395,Day
G:\2023 Kalaupapa_SoundTrapData\5641\5641.230802101404.wav,3/25/24 16:07,Anthropogenic,Airplane,8/2/2023 14:16:05.5,8/2/2023 14:16:12.1,NA,NA,NA,NA,NA,NA,NA,NA,NA,2023-08-02,21.203633,-156.98395,Day
G:\2023 Kalaupapa_SoundTrapData\5641\5641.230802101404.wav,3/25/24 16:17,HMS,Moan,8/2/2023 14:23:34.8,8/2/2023 14:23:37.2,1,NA,NA,NA,NA,NA,NA,NA,NA,2023-08-02,21.203633,-156.98395,Day
NA,3/25/24 16:19,HMS,Whoop,8/2/2023 14:23:37.3,8/2/2023 14:23:38.0,1,4,NA,NA,NA,NA,NA,NA,NA,2023-08-02,21.203633,-156.98395,Day
G:\2023 Kalaupapa_SoundTrapData\5641\5641.230802101404.wav,3/25/24 16:54,HMS,MoanGrowl,8/2/2023 14:23:46.0,8/2/2023 14:23:50.3,3,NA,NA,NA,NA,NA,NA,NA,NA,2023-08-02,21.203633,-156.98395,Day
G:\2023 Kalaupapa_SoundTrapData\5641\5641.230802101404.wav,3/25/24 16:06,HMS,Croak,8/2/2023 14:23:51.1,8/2/2023 14:23:51.6,2,NA,NA,NA,NA,NA,NA,NA,NA,2023-08-02,21.203633,-156.98395,Day
G:\2023 Kalaupapa_SoundTrapData\5641\5641.230802101404.wav,3/25/24 16:55,HMS,Whoop,8/2/2023 14:23:52.2,8/2/2023 14:23:52.4,2,1,NA,NA,NA,NA,intern finishing analysis,NA,NA,2023-08-02,21.203633,-156.98395,Day
C:\Users\mmrph\Desktop\author's Interns\Kala_wavfiles_2023\230802\5641.230802101404.wav,4/8/24 11:42,Other,Other,8/2/2023 15:05:00.6,NA,NA,NA,NA,NA,NA,NA,no calls,NA,NA,2023-08-02,21.203633,-156.98395,Day
G:\2023 Kalaupapa_SoundTrapData\5641\5641.230802101404.wav,3/25/24 16:30,HMS,Growl,8/2/2023 15:41:11.0,8/2/2023 15:41:13.7,3,NA,NA,NA,NA,NA,really good vocal bout here**,NA,NA,2023-08-02,21.203633,-156.98395,Day
G:\2023 Kalaupapa_SoundTrapData\5641\5641.230802101404.wav,3/25/24 16:30,HMS,Croak,8/2/2023 15:41:14.1,8/2/2023 15:41:14.7,3,NA,NA,NA,NA,NA,NA,NA,NA,2023-08-02,21.203633,-156.98395,Day
G:\2023 Kalaupapa_SoundTrapData\5641\5641.230802101404.wav,3/25/24 16:30,HMS,GrowlRumbleWhoop,8/2/2023 15:41:18.4,8/2/2023 15:41:24.5,3,NA,NA,NA,NA,NA,NA,NA,NA,2023-08-02,21.203633,-156.98395,Day
G:\2023 Kalaupapa_SoundTrapData\5641\5641.230802101404.wav,3/25/24 16:33,HMS,Whoop,8/2/2023 15:41:30.3,8/2/2023 15:41:31.7,2,4,NA,NA,NA,NA,NA,NA,NA,2023-08-02,21.203633,-156.98395,Day
G:\2023 Kalaupapa_SoundTrapData\5641\5641.230802101404.wav,3/25/24 16:33,HMS,Croak,8/2/2023 15:41:31.9,8/2/2023 15:41:32.6,3,NA,NA,NA,NA,NA,NA,NA,NA,2023-08-02,21.203633,-156.98395,Day
G:\2023 Kalaupapa_SoundTrapData\5641\5641.230802101404.wav,3/25/24 16:33,HMS,Croak,8/2/2023 15:41:32.9,8/2/2023 15:41:33.8,3,NA,NA,NA,NA,NA,NA,NA,NA,2023-08-02,21.203633,-156.98395,Day
G:\2023 Kalaupapa_SoundTrapData\5641\5641.230802101404.wav,3/25/24 16:33,HMS,Growl,8/2/2023 15:41:34.6,8/2/2023 15:41:38.9,3,NA,NA,NA,NA,NA,NA,NA,NA,2023-08-02,21.203633,-156.98395,Day
G:\2023 Kalaupapa_SoundTrapData\5641\5641.230802101404.wav,3/25/24 16:34,HMS,Whoop,8/2/2023 15:41:40.1,8/2/2023 15:41:40.8,3,3,NA,NA,NA,NA,NA,NA,NA,2023-08-02,21.203633,-156.98395,Day
G:\2023 Kalaupapa_SoundTrapData\5641\5641.230802101404.wav,3/25/24 16:34,HMS,Croak,8/2/2023 15:41:45.8,8/2/2023 15:41:46.1,2,NA,NA,NA,NA,NA,NA,NA,NA,2023-08-02,21.203633,-156.98395,Day
G:\2023 Kalaupapa_SoundTrapData\5641\5641.230802101404.wav,3/25/24 16:34,HMS,Whoop,8/2/2023 15:41:46.7,8/2/2023 15:41:47.7,1,3,NA,NA,NA,NA,far apart but sound like whoops,NA,NA,2023-08-02,21.203633,-156.98395,Day
G:\2023 Kalaupapa_SoundTrapData\5641\5641.230802101404.wav,3/25/24 16:35,HMS,Growl,8/2/2023 15:41:48.1,8/2/2023 15:41:49.6,3,NA,NA,NA,NA,NA,NA,NA,NA,2023-08-02,21.203633,-156.98395,Day
C:\Users\mmrph\Desktop\author's Interns\Kala_wavfiles_2023\230802\5641.230802154610.wav,4/8/24 11:42,Other,Other,8/2/2023 16:05:00.6,NA,NA,NA,NA,NA,NA,NA,no calls,NA,NA,2023-08-02,21.203633,-156.98395,Day
C:\Users\mmrph\Desktop\author's Interns\Kala_wavfiles_2023\230802\5641.230802154610.wav,4/8/24 11:47,Other,Other,8/2/2023 18:05:00.7,NA,NA,NA,NA,NA,NA,NA,no calls,NA,NA,2023-08-02,21.203633,-156.98395,Day
C:\Users\mmrph\Desktop\author's Interns\Kala_wavfiles_2023\230802\5641.230802154610.wav,4/8/24 11:50,Other,Other,8/2/2023 20:05:00.6,NA,NA,NA,NA,NA,NA,NA,no calls,NA,NA,2023-08-02,21.203633,-156.98395,Night
C:\Users\mmrph\Desktop\author's Interns\Kala_wavfiles_2023\230802\5641.230802205211.wav,4/8/24 11:52,Other,Other,8/2/2023 22:05:00.3,NA,NA,NA,NA,NA,NA,NA,no calls,NA,NA,2023-08-02,21.203633,-156.98395,Night
C:\Users\mmrph\Desktop\author's Interns\Kala_wavfiles_2023\230802\5641.230802205211.wav,4/8/24 11:52,Other,Other,8/2/2023 23:05:01.6,NA,NA,NA,NA,NA,NA,NA,no calls,NA,NA,2023-08-02,21.203633,-156.98395,Night
C:\Users\mmrph\Desktop\author's Interns\Kala_wavfiles_2023\230804\5641.230803223227.wav,4/8/24 11:54,Other,Other,8/4/2023 0:05:00.4,NA,NA,NA,NA,NA,NA,NA,no calls,NA,NA,2023-08-04,21.203633,-156.98395,Night
C:\Users\mmrph\Desktop\author's Interns\Kala_wavfiles_2023\230804\5641.230803223227.wav,4/8/24 13:17,Other,Other,8/4/2023 1:05:00.9,NA,NA,NA,NA,NA,NA,NA,no calls,NA,NA,2023-08-04,21.203633,-156.98395,Night
C:\Users\mmrph\Desktop\author's Interns\Kala_wavfiles_2023\230804\5641.230803223227.wav,4/8/24 13:17,Other,Other,8/4/2023 2:05:00.6,NA,NA,NA,NA,NA,NA,NA,no calls,NA,NA,2023-08-04,21.203633,-156.98395,Night
C:\Users\mmrph\Desktop\author's Interns\Kala_wavfiles_2023\230804\5641.230803223227.wav,4/8/24 11:56,Other,Other,8/4/2023 3:05:00.9,NA,NA,NA,NA,NA,NA,NA,no calls,NA,NA,2023-08-04,21.203633,-156.98395,Night
C:\Users\mmrph\Desktop\author's Interns\Kala_wavfiles_2023\230804\5641.230804032120.wav,4/8/24 11:57,Other,Other,8/4/2023 4:05:00.1,NA,NA,NA,NA,NA,NA,NA,no calls,NA,NA,2023-08-04,21.203633,-156.98395,Night
C:\Users\mmrph\Desktop\author's Interns\Kala_wavfiles_2023\230804\5641.230804032120.wav,4/8/24 13:18,Other,Other,8/4/2023 5:05:00.6,NA,NA,NA,NA,NA,NA,NA,no calls,NA,NA,2023-08-04,21.203633,-156.98395,Night
C:\Users\mmrph\Desktop\author's Interns\Kala_wavfiles_2023\230804\5641.230804032120.wav,4/8/24 12:00,Other,Other,8/4/2023 6:05:00.2,NA,NA,NA,NA,NA,NA,NA,no calls,NA,NA,2023-08-04,21.203633,-156.98395,Day
C:\Users\mmrph\Desktop\author's Interns\Kala_wavfiles_2023\230804\5641.230804032120.wav,4/8/24 12:00,Other,Other,8/4/2023 7:05:00.9,NA,NA,NA,NA,NA,NA,NA,no calls,NA,NA,2023-08-04,21.203633,-156.98395,Day
C:\Users\mmrph\Desktop\author's Interns\Kala_wavfiles_2023\230804\5641.230804032120.wav,4/8/24 12:01,Other,Other,8/4/2023 8:05:00.2,NA,NA,NA,NA,NA,NA,NA,no calls,NA,NA,2023-08-04,21.203633,-156.98395,Day
C:\Users\mmrph\Desktop\author's Interns\Kala_wavfiles_2023\230804\5641.230804081805.wav,4/8/24 12:02,Other,Other,8/4/2023 9:05:01.1,NA,NA,NA,NA,NA,NA,NA,no calls,NA,NA,2023-08-04,21.203633,-156.98395,Day
C:\Users\mmrph\Desktop\author's Interns\Kala_wavfiles_2023\230804\5641.230804081805.wav,4/8/24 12:02,Other,Other,8/4/2023 10:05:00.9,NA,NA,NA,NA,NA,NA,NA,no calls,NA,NA,2023-08-04,21.203633,-156.98395,Day
C:\Users\mmrph\Desktop\author's Interns\Kala_wavfiles_2023\230804\5641.230804081805.wav,4/8/24 12:03,Other,Other,8/4/2023 11:05:00.8,NA,NA,NA,NA,NA,NA,NA,no calls,NA,NA,2023-08-04,21.203633,-156.98395,Day
C:\Users\mmrph\Desktop\author's Interns\Kala_wavfiles_2023\230804\5641.230804081805.wav,4/8/24 13:16,Other,Other,8/4/2023 13:05:01.6,NA,NA,NA,NA,NA,NA,NA,no calls,NA,NA,2023-08-04,21.203633,-156.98395,Day
C:\Users\mmrph\Desktop\author's Interns\Kala_wavfiles_2023\230804\5641.230804081805.wav,4/8/24 13:04,Other,Other,8/4/2023 12:05:01.0,NA,NA,NA,NA,NA,NA,NA,no calls,NA,NA,2023-08-04,21.203633,-156.98395,Day
C:\Users\mmrph\Desktop\author's Interns\Kala_wavfiles_2023\230804\5641.230804134716.wav,4/8/24 13:06,Other,Other,8/4/2023 14:05:01.4,NA,NA,NA,NA,NA,NA,NA,no calls,NA,NA,2023-08-04,21.203633,-156.98395,Day
C:\Users\mmrph\Desktop\author's Interns\Kala_wavfiles_2023\230804\5641.230804134716.wav,4/8/24 13:07,Other,Other,8/4/2023 15:05:00.6,NA,NA,NA,NA,NA,NA,NA,no calls,NA,NA,2023-08-04,21.203633,-156.98395,Day
C:\Users\mmrph\Desktop\author's Interns\Kala_wavfiles_2023\230804\5641.230804134716.wav,4/8/24 13:08,Other,Other,8/4/2023 16:05:00.9,NA,NA,NA,NA,NA,NA,NA,no calls,NA,NA,2023-08-04,21.203633,-156.98395,Day
C:\Users\mmrph\Desktop\author's Interns\Kala_wavfiles_2023\230804\5641.230804134716.wav,4/8/24 13:15,Other,Other,8/4/2023 17:05:00.8,NA,NA,NA,NA,NA,NA,NA,no calls,NA,NA,2023-08-04,21.203633,-156.98395,Day
C:\Users\mmrph\Desktop\author's Interns\Kala_wavfiles_2023\230804\5641.230804134716.wav,4/8/24 13:09,Other,Other,8/4/2023 18:05:00.6,NA,NA,NA,NA,NA,NA,NA,no calls,NA,NA,2023-08-04,21.203633,-156.98395,Day
C:\Users\mmrph\Desktop\author's Interns\Kala_wavfiles_2023\230804\5641.230804191852.wav,4/8/24 13:15,Other,Other,8/4/2023 20:05:02.3,NA,NA,NA,NA,NA,NA,NA,no calls,NA,NA,2023-08-04,21.203633,-156.98395,Night
C:\Users\mmrph\Desktop\author's Interns\Kala_wavfiles_2023\230804\5641.230804134716.wav,4/8/24 13:11,Other,Other,8/4/2023 19:05:01.0,NA,NA,NA,NA,NA,NA,NA,no calls,NA,NA,2023-08-04,21.203633,-156.98395,Day
C:\Users\mmrph\Desktop\author's Interns\Kala_wavfiles_2023\230804\5641.230804191852.wav,4/8/24 13:12,Other,Other,8/4/2023 21:05:00.8,NA,NA,NA,NA,NA,NA,NA,no calls,NA,NA,2023-08-04,21.203633,-156.98395,Night
C:\Users\mmrph\Desktop\author's Interns\Kala_wavfiles_2023\230804\5641.230804191852.wav,4/8/24 13:13,Other,Other,8/4/2023 22:05:00.7,NA,NA,NA,NA,NA,NA,NA,no calls,NA,NA,2023-08-04,21.203633,-156.98395,Night
C:\Users\mmrph\Desktop\author's Interns\Kala_wavfiles_2023\230804\5641.230804191852.wav,4/8/24 13:13,Other,Other,8/4/2023 23:05:00.3,NA,NA,NA,NA,NA,NA,NA,no calls,NA,NA,2023-08-04,21.203633,-156.98395,Night
C:\Users\mmrph\Desktop\author's Interns\Kala_wavfiles_2023\230805\5641.230805095941.wav,3/11/24 12:05,Other,UF,8/5/2023 8:03:43.5,8/5/2023 10:00:35.3,1,NA,NA,NA,NA,NA,NA,NA,NA,2023-08-05,21.203633,-156.98395,Day
C:\Users\mmrph\Desktop\author's Interns\Kala_wavfiles_2023\230805\5641.230805095941.wav,3/11/24 12:05,Other,UF,8/5/2023 10:00:32.0,8/5/2023 10:00:43.0,1,NA,NA,NA,NA,NA,NA,NA,NA,2023-08-05,21.203633,-156.98395,Day
C:\Users\mmrph\Desktop\author's Interns\Kala_wavfiles_2023\230805\5641.230805095941.wav,3/11/24 12:07,Other,UF,8/5/2023 10:00:39.4,8/5/2023 12:00:41.1,2,NA,NA,NA,NA,NA,NA,NA,NA,2023-08-05,21.203633,-156.98395,Day
C:\Users\mmrph\Desktop\author's Interns\Kala_wavfiles_2023\230805\5641.230805095941.wav,3/11/24 12:08,Other,UF,8/5/2023 12:00:40.4,8/5/2023 12:02:14.4,1,NA,NA,NA,NA,NA,NA,NA,NA,2023-08-05,21.203633,-156.98395,Day
C:\Users\mmrph\Desktop\author's Interns\Kala_wavfiles_2023\230805\5641.230805095941.wav,3/11/24 12:10,Other,UF,8/5/2023 12:02:12.0,8/5/2023 14:01:34.4,3,NA,NA,NA,NA,NA,NA,NA,NA,2023-08-05,21.203633,-156.98395,Day
C:\Users\mmrph\Desktop\author's Interns\Kala_wavfiles_2023\230805\5641.230805154119.wav,3/11/24 12:15,Other,UF,8/5/2023 15:04:21.9,8/5/2023 17:02:39.7,3,NA,NA,NA,NA,NA,NA,NA,NA,2023-08-05,21.203633,-156.98395,Day
C:\Users\mmrph\Desktop\author's Interns\Kala_wavfiles_2023\230805\5641.230805154119.wav,3/11/24 12:17,Other,UF,8/5/2023 17:02:38.9,8/5/2023 19:01:12.7,2,NA,NA,NA,NA,NA,NA,NA,NA,2023-08-05,21.203633,-156.98395,Day
C:\Users\mmrph\Desktop\author's Interns\Kala_wavfiles_2023\230807\5641.230807030704.wav,3/12/24 13:14,Other,UF,8/5/2023 19:01:12.0,8/7/2023 7:00:08.2,1,NA,NA,NA,NA,NA,"maybe not a seal,",NA,NA,2023-08-05,21.203633,-156.98395,Day
C:\Users\mmrph\Desktop\author's Interns\Kala_wavfiles_2023\230806\5641.230805205713.wav,4/8/24 13:20,Other,Other,8/6/2023 0:05:00.7,NA,NA,NA,NA,NA,NA,NA,no calls,NA,NA,2023-08-06,21.203633,-156.98395,Night
C:\Users\mmrph\Desktop\author's Interns\Kala_wavfiles_2023\230806\5641.230805205713.wav,4/8/24 13:21,Other,Other,8/6/2023 1:05:00.5,NA,NA,NA,NA,NA,NA,NA,no calls,NA,NA,2023-08-06,21.203633,-156.98395,Night
C:\Users\mmrph\Desktop\author's Interns\Kala_wavfiles_2023\230806\5641.230806014426.wav,4/8/24 13:21,Other,Other,8/6/2023 2:05:00.9,NA,NA,NA,NA,NA,NA,NA,no calls,NA,NA,2023-08-06,21.203633,-156.98395,Night
C:\Users\mmrph\Desktop\author's Interns\Kala_wavfiles_2023\230806\5641.230806014426.wav,4/8/24 13:22,Other,Other,8/6/2023 3:05:01.5,NA,NA,NA,NA,NA,NA,NA,no calls,NA,NA,2023-08-06,21.203633,-156.98395,Night
C:\Users\mmrph\Desktop\author's Interns\Kala_wavfiles_2023\230806\5641.230806014426.wav,4/8/24 13:23,Other,Other,8/6/2023 4:05:00.2,NA,NA,NA,NA,NA,NA,NA,no calls,NA,NA,2023-08-06,21.203633,-156.98395,Night
C:\Users\mmrph\Desktop\author's Interns\Kala_wavfiles_2023\230806\5641.230806014426.wav,4/8/24 13:24,Other,Other,8/6/2023 5:05:00.4,NA,NA,NA,NA,NA,NA,NA,no calls,NA,NA,2023-08-06,21.203633,-156.98395,Night
C:\Users\mmrph\Desktop\author's Interns\Kala_wavfiles_2023\230806\5641.230806014426.wav,4/8/24 13:25,Other,UF,8/6/2023 6:01:09.0,8/6/2023 6:01:10.0,1,NA,NA,NA,NA,NA,NA,NA,NA,2023-08-06,21.203633,-156.98395,Night
C:\Users\mmrph\Desktop\author's Interns\Kala_wavfiles_2023\230806\5641.230806014426.wav,4/8/24 13:25,Other,UF,8/6/2023 6:01:18.5,8/6/2023 6:01:19.0,1,NA,NA,NA,NA,NA,NA,NA,NA,2023-08-06,21.203633,-156.98395,Night
C:\Users\mmrph\Desktop\author's Interns\Kala_wavfiles_2023\230806\5641.230806063341.wav,4/8/24 13:27,Other,Other,8/6/2023 7:05:00.6,NA,NA,NA,NA,NA,NA,NA,no calls,NA,NA,2023-08-06,21.203633,-156.98395,Day
C:\Users\mmrph\Desktop\author's Interns\Kala_wavfiles_2023\230806\5641.230806063341.wav,4/8/24 13:28,Other,Other,8/6/2023 8:05:00.3,NA,NA,NA,NA,NA,NA,NA,no calls,NA,NA,2023-08-06,21.203633,-156.98395,Day
C:\Users\mmrph\Desktop\author's Interns\Kala_wavfiles_2023\230806\5641.230806063341.wav,4/8/24 13:29,Other,Other,8/6/2023 9:05:00.5,NA,NA,NA,NA,NA,NA,NA,no calls,NA,NA,2023-08-06,21.203633,-156.98395,Day
C:\Users\mmrph\Desktop\author's Interns\Kala_wavfiles_2023\230806\5641.230806063341.wav,4/8/24 13:30,Other,Other,8/6/2023 10:05:00.3,NA,NA,NA,NA,NA,NA,NA,no calls,NA,NA,2023-08-06,21.203633,-156.98395,Day
C:\Users\mmrph\Desktop\author's Interns\Kala_wavfiles_2023\230806\5641.230806063341.wav,4/8/24 13:30,Other,Other,8/6/2023 11:05:01.1,NA,NA,NA,NA,NA,NA,NA,no calls,NA,NA,2023-08-06,21.203633,-156.98395,Day
C:\Users\mmrph\Desktop\author's Interns\Kala_wavfiles_2023\230806\5641.230806114647.wav,4/8/24 13:33,Other,UF,8/6/2023 12:00:41.8,8/6/2023 12:00:42.8,2,NA,NA,NA,NA,NA,NA,NA,NA,2023-08-06,21.203633,-156.98395,Day
C:\Users\mmrph\Desktop\author's Interns\Kala_wavfiles_2023\230806\5641.230806114647.wav,4/8/24 13:44,Other,Other,8/6/2023 13:05:00.6,NA,NA,NA,NA,NA,NA,NA,no calls,NA,NA,2023-08-06,21.203633,-156.98395,Day
C:\Users\mmrph\Desktop\author's Interns\Kala_wavfiles_2023\230806\5641.230806114647.wav,4/8/24 13:36,Other,Other,8/6/2023 14:05:00.8,NA,NA,NA,NA,NA,NA,NA,no calls,NA,NA,2023-08-06,21.203633,-156.98395,Day
C:\Users\mmrph\Desktop\author's Interns\Kala_wavfiles_2023\230806\5641.230806114647.wav,4/8/24 13:36,Other,Other,8/6/2023 15:05:00.2,NA,NA,NA,NA,NA,NA,NA,no calls,NA,NA,2023-08-06,21.203633,-156.98395,Day
C:\Users\mmrph\Desktop\author's Interns\Kala_wavfiles_2023\230806\5641.230806114647.wav,4/8/24 13:38,Other,Other,8/6/2023 16:05:00.8,NA,NA,NA,NA,NA,NA,NA,no calls,NA,NA,2023-08-06,21.203633,-156.98395,Day
C:\Users\mmrph\Desktop\author's Interns\Kala_wavfiles_2023\230806\5641.230806114647.wav,4/8/24 13:38,Other,Other,8/6/2023 17:05:00.5,NA,NA,NA,NA,NA,NA,NA,no calls,NA,NA,2023-08-06,21.203633,-156.98395,Day
C:\Users\mmrph\Desktop\author's Interns\Kala_wavfiles_2023\230806\5641.230806172354.wav,4/8/24 13:40,Other,Other,8/6/2023 18:05:00.9,NA,NA,NA,NA,NA,NA,NA,no calls,NA,NA,2023-08-06,21.203633,-156.98395,Day
C:\Users\mmrph\Desktop\author's Interns\Kala_wavfiles_2023\230806\5641.230806172354.wav,4/8/24 13:40,Other,Other,8/6/2023 19:05:00.5,NA,NA,NA,NA,NA,NA,NA,no calls,NA,NA,2023-08-06,21.203633,-156.98395,Day
C:\Users\mmrph\Desktop\author's Interns\Kala_wavfiles_2023\230806\5641.230806172354.wav,4/8/24 13:41,Other,Other,8/6/2023 20:05:01.0,NA,NA,NA,NA,NA,NA,NA,no calls,NA,NA,2023-08-06,21.203633,-156.98395,Night
C:\Users\mmrph\Desktop\author's Interns\Kala_wavfiles_2023\230806\5641.230806172354.wav,4/8/24 13:41,Other,Other,8/6/2023 21:05:00.4,NA,NA,NA,NA,NA,NA,NA,no calls,NA,NA,2023-08-06,21.203633,-156.98395,Night
C:\Users\mmrph\Desktop\author's Interns\Kala_wavfiles_2023\230806\5641.230806172354.wav,4/8/24 13:42,Other,Other,8/6/2023 22:01:13.5,8/6/2023 22:01:15.7,NA,NA,NA,NA,NA,NA,weird noise,NA,NA,2023-08-06,21.203633,-156.98395,Night
C:\Users\mmrph\Desktop\author's Interns\Kala_wavfiles_2023\230806\5641.230806222003.wav,4/8/24 13:43,Other,Other,8/6/2023 23:05:00.6,NA,NA,NA,NA,NA,NA,NA,no calls,NA,NA,2023-08-06,21.203633,-156.98395,Night
C:\Users\mmrph\Desktop\author's Interns\Kala_wavfiles_2023\230807\5641.230807030704.wav,3/12/24 13:15,Other,UF,8/7/2023 7:00:07.8,8/7/2023 7:00:09.7,2,NA,NA,NA,NA,NA,author has checked all of 8/7,NA,NA,2023-08-07,21.203633,-156.98395,Day
C:\Users\mmrph\Desktop\author's Interns\Kala_wavfiles_2023\230807\5641.230807030704.wav,3/12/24 13:15,Other,UF,8/7/2023 7:00:08.6,8/7/2023 7:00:16.1,2,NA,NA,NA,NA,NA,NA,NA,NA,2023-08-07,21.203633,-156.98395,Day
C:\Users\mmrph\Desktop\author's Interns\Kala_wavfiles_2023\230807\5641.230807030704.wav,3/12/24 13:15,Other,UF,8/7/2023 7:00:15.2,8/7/2023 7:00:16.1,2,NA,NA,NA,NA,NA,NA,NA,NA,2023-08-07,21.203633,-156.98395,Day
C:\Users\mmrph\Desktop\author's Interns\Kala_wavfiles_2023\230808\5641.230808000324.wav,4/8/24 13:48,Other,Other,8/8/2023 0:05:00.4,NA,NA,NA,NA,NA,NA,NA,no calls,NA,NA,2023-08-08,21.203633,-156.98395,Night
C:\Users\mmrph\Desktop\author's Interns\Kala_wavfiles_2023\230808\5641.230808000324.wav,4/8/24 13:49,Other,Other,8/8/2023 1:05:00.9,NA,NA,NA,NA,NA,NA,NA,no calls,NA,NA,2023-08-08,21.203633,-156.98395,Night
C:\Users\mmrph\Desktop\author's Interns\Kala_wavfiles_2023\230808\5641.230808000324.wav,4/8/24 13:54,Other,Other,8/8/2023 2:05:00.5,NA,NA,NA,NA,NA,NA,NA,no calls,NA,NA,2023-08-08,21.203633,-156.98395,Night
C:\Users\mmrph\Desktop\author's Interns\Kala_wavfiles_2023\230808\5641.230808000324.wav,4/8/24 13:55,Other,Other,8/8/2023 3:05:01.0,NA,NA,NA,NA,NA,NA,NA,no calls,NA,NA,2023-08-08,21.203633,-156.98395,Night
C:\Users\mmrph\Desktop\author's Interns\Kala_wavfiles_2023\230808\5641.230808000324.wav,4/8/24 13:56,Other,Other,8/8/2023 4:05:00.7,NA,NA,NA,NA,NA,NA,NA,no calls,NA,NA,2023-08-08,21.203633,-156.98395,Night
C:\Users\mmrph\Desktop\author's Interns\Kala_wavfiles_2023\230808\5641.230808050026.wav,4/8/24 13:56,Other,Other,8/8/2023 5:05:00.8,NA,NA,NA,NA,NA,NA,NA,no calls,NA,NA,2023-08-08,21.203633,-156.98395,Night
C:\Users\mmrph\Desktop\author's Interns\Kala_wavfiles_2023\230808\5641.230808050026.wav,4/8/24 14:01,Other,Other,8/8/2023 7:05:00.6,NA,NA,NA,NA,NA,NA,NA,no calls,NA,NA,2023-08-08,21.203633,-156.98395,Day
C:\Users\mmrph\Desktop\author's Interns\Kala_wavfiles_2023\230808\5641.230808050026.wav,4/8/24 14:02,Other,Other,8/8/2023 8:05:00.4,NA,NA,NA,NA,NA,NA,NA,no calls,NA,NA,2023-08-08,21.203633,-156.98395,Day
C:\Users\mmrph\Desktop\author's Interns\Kala_wavfiles_2023\230808\5641.230808050026.wav,4/8/24 14:03,Other,Other,8/8/2023 9:05:00.7,NA,NA,NA,NA,NA,NA,NA,no calls,NA,NA,2023-08-08,21.203633,-156.98395,Day
C:\Users\mmrph\Desktop\author's Interns\Kala_wavfiles_2023\230808\5641.230808100705.wav,4/8/24 14:06,Other,Other,8/8/2023 11:05:00.9,NA,NA,NA,NA,NA,NA,NA,no calls,NA,NA,2023-08-08,21.203633,-156.98395,Day
C:\Users\mmrph\Desktop\author's Interns\Kala_wavfiles_2023\230808\5641.230808100705.wav,4/8/24 14:06,Other,Other,8/8/2023 12:05:00.7,NA,NA,NA,NA,NA,NA,NA,no calls,NA,NA,2023-08-08,21.203633,-156.98395,Day
C:\Users\mmrph\Desktop\author's Interns\Kala_wavfiles_2023\230808\5641.230808100705.wav,4/8/24 14:07,Other,Other,8/8/2023 13:05:00.5,NA,NA,NA,NA,NA,NA,NA,no calls,NA,NA,2023-08-08,21.203633,-156.98395,Day
C:\Users\mmrph\Desktop\author's Interns\Kala_wavfiles_2023\230808\5641.230808100705.wav,4/8/24 14:09,Other,Other,8/8/2023 14:05:00.9,NA,NA,NA,NA,NA,NA,NA,no calls,NA,NA,2023-08-08,21.203633,-156.98395,Day
C:\Users\mmrph\Desktop\author's Interns\Kala_wavfiles_2023\230808\5641.230808154759.wav,4/8/24 14:27,Other,Other,8/8/2023 17:05:00.8,NA,NA,NA,NA,NA,NA,NA,no calls,NA,NA,2023-08-08,21.203633,-156.98395,Day
C:\Users\mmrph\Desktop\author's Interns\Kala_wavfiles_2023\230808\5641.230808154759.wav,4/8/24 14:30,Other,Other,8/8/2023 19:05:00.4,NA,NA,NA,NA,NA,NA,NA,no calls,NA,NA,2023-08-08,21.203633,-156.98395,Night
C:\Users\mmrph\Desktop\author's Interns\Kala_wavfiles_2023\230808\5641.230808154759.wav,4/8/24 14:30,Other,Other,8/8/2023 20:05:01.3,NA,NA,NA,NA,NA,NA,NA,no calls,NA,NA,2023-08-08,21.203633,-156.98395,Night
C:\Users\mmrph\Desktop\author's Interns\Kala_wavfiles_2023\230808\5641.230808210123.wav,4/8/24 14:31,Other,Other,8/8/2023 21:05:01.1,NA,NA,NA,NA,NA,NA,NA,no calls,NA,NA,2023-08-08,21.203633,-156.98395,Night
C:\Users\mmrph\Desktop\author's Interns\Kala_wavfiles_2023\230808\5641.230808210123.wav,4/8/24 14:32,Other,Other,8/8/2023 22:05:00.9,NA,NA,NA,NA,NA,NA,NA,no calls,NA,NA,2023-08-08,21.203633,-156.98395,Night
C:\Users\mmrph\Desktop\author's Interns\Kala_wavfiles_2023\230808\5641.230808210123.wav,4/8/24 14:32,Other,Other,8/8/2023 23:05:01.2,NA,NA,NA,NA,NA,NA,NA,no calls,NA,NA,2023-08-08,21.203633,-156.98395,Night
C:\Users\mmrph\Desktop\author's Interns\Kala_wavfiles_2023\230811\5641.230811091538.wav,3/25/24 11:39,Other,Other,8/11/2023 14:00:16.7,8/11/2023 14:00:27.0,2,NA,NA,NA,NA,NA,"weird knocking noise, maybe anthropogenic. author has checked all of 8/11",NA,NA,2023-08-11,21.203633,-156.98395,Day
C:\Users\mmrph\Desktop\author's Interns\Kala_wavfiles_2023\230811\5641.230811144410.wav,3/25/24 11:52,Anthro,Airplane,8/11/2023 19:03:23.0,8/11/2023 19:03:29.1,NA,NA,NA,NA,NA,NA,NA,NA,NA,2023-08-11,21.203633,-156.98395,Night
C:\Users\mmrph\Desktop\author's Interns\Kala_wavfiles_2023\230813\5641.230812212241.wav,4/8/24 14:34,Other,Other,8/13/2023 0:05:00.8,NA,NA,NA,NA,NA,NA,NA,no calls,NA,NA,2023-08-13,21.203633,-156.98395,Night
C:\Users\mmrph\Desktop\author's Interns\Kala_wavfiles_2023\230813\5641.230812212241.wav,4/8/24 14:34,Other,Other,8/13/2023 1:05:00.8,NA,NA,NA,NA,NA,NA,NA,no calls,NA,NA,2023-08-13,21.203633,-156.98395,Night
C:\Users\mmrph\Desktop\author's Interns\Kala_wavfiles_2023\230813\5641.230812212241.wav,4/8/24 14:35,Other,Other,8/13/2023 2:05:01.1,NA,NA,NA,NA,NA,NA,NA,no calls,NA,NA,2023-08-13,21.203633,-156.98395,Night
C:\Users\mmrph\Desktop\author's Interns\Kala_wavfiles_2023\230813\5641.230813020916.wav,4/8/24 14:36,Other,Other,8/13/2023 3:05:00.4,NA,NA,NA,NA,NA,NA,NA,no calls,NA,NA,2023-08-13,21.203633,-156.98395,Night
C:\Users\mmrph\Desktop\author's Interns\Kala_wavfiles_2023\230813\5641.230813020916.wav,4/8/24 14:38,Other,Other,8/13/2023 4:02:11.2,8/13/2023 4:02:15.2,NA,NA,NA,NA,NA,NA,weird hitting noises througout these few minutes,NA,NA,2023-08-13,21.203633,-156.98395,Night
C:\Users\mmrph\Desktop\author's Interns\Kala_wavfiles_2023\230813\5641.230813020916.wav,4/8/24 14:39,Other,Other,8/13/2023 4:05:01.0,NA,NA,NA,NA,NA,NA,NA,no calls,NA,NA,2023-08-13,21.203633,-156.98395,Night
C:\Users\mmrph\Desktop\author's Interns\Kala_wavfiles_2023\230813\5641.230813020916.wav,4/8/24 14:41,Other,Other,8/13/2023 5:05:01.6,NA,NA,NA,NA,NA,NA,NA,no calls,NA,NA,2023-08-13,21.203633,-156.98395,Night
C:\Users\mmrph\Desktop\author's Interns\Kala_wavfiles_2023\230813\5641.230813020916.wav,4/8/24 14:42,Other,Other,8/13/2023 6:05:01.5,NA,NA,NA,NA,NA,NA,NA,no calls,NA,NA,2023-08-13,21.203633,-156.98395,Night
C:\Users\mmrph\Desktop\author's Interns\Kala_wavfiles_2023\230813\5641.230813065849.wav,4/8/24 14:42,Other,Other,8/13/2023 7:05:00.6,NA,NA,NA,NA,NA,NA,NA,no calls,NA,NA,2023-08-13,21.203633,-156.98395,Day
C:\Users\mmrph\Desktop\author's Interns\Kala_wavfiles_2023\230813\5641.230813065849.wav,4/8/24 14:46,Other,Other,8/13/2023 10:05:01.2,NA,NA,NA,NA,NA,NA,NA,no calls,NA,NA,2023-08-13,21.203633,-156.98395,Day
C:\Users\mmrph\Desktop\author's Interns\Kala_wavfiles_2023\230813\5641.230813065849.wav,4/8/24 14:47,Other,Other,8/13/2023 11:05:00.6,NA,NA,NA,NA,NA,NA,NA,no calls,NA,NA,2023-08-13,21.203633,-156.98395,Day
C:\Users\mmrph\Desktop\author's Interns\Kala_wavfiles_2023\230813\5641.230813065849.wav,4/8/24 14:49,Other,Other,8/13/2023 12:05:01.1,NA,NA,NA,NA,NA,NA,NA,no calls,NA,NA,2023-08-13,21.203633,-156.98395,Day
C:\Users\mmrph\Desktop\author's Interns\Kala_wavfiles_2023\230813\5641.230813121607.wav,4/8/24 14:50,Other,Other,8/13/2023 13:05:01.4,NA,NA,NA,NA,NA,NA,NA,"no calls, intern end analysis",NA,NA,2023-08-13,21.203633,-156.98395,Day
C:\Users\mmrph\Desktop\author's Interns\Kala_wavfiles_2023\230813\5641.230813121607.wav,4/9/24 10:29,Other,Other,8/13/2023 15:01:31.0,8/13/2023 15:01:31.4,NA,NA,NA,NA,NA,NA,just fish i think,NA,NA,2023-08-13,21.203633,-156.98395,Day
C:\Users\mmrph\Desktop\author's Interns\Kala_wavfiles_2023\230813\5641.230813121607.wav,4/9/24 10:49,Other,Other,8/13/2023 16:04:45.0,8/13/2023 16:04:45.3,NA,NA,NA,NA,NA,NA,no calls,NA,NA,2023-08-13,21.203633,-156.98395,Day
C:\Users\mmrph\Desktop\author's Interns\Kala_wavfiles_2023\230813\5641.230813121607.wav,4/9/24 10:50,Other,Other,8/13/2023 17:04:49.9,8/13/2023 17:04:50.5,NA,NA,NA,NA,NA,NA,no calls,NA,NA,2023-08-13,21.203633,-156.98395,Day
C:\Users\mmrph\Desktop\author's Interns\Kala_wavfiles_2023\230813\5641.230813175410.wav,4/9/24 10:53,Other,Other,8/13/2023 18:04:52.7,8/13/2023 18:04:53.1,NA,NA,NA,NA,NA,NA,no calls,NA,NA,2023-08-13,21.203633,-156.98395,Day
C:\Users\mmrph\Desktop\author's Interns\Kala_wavfiles_2023\230813\5641.230813175410.wav,4/9/24 10:54,Other,Other,8/13/2023 19:04:58.0,8/13/2023 19:04:58.5,NA,NA,NA,NA,NA,NA,no calls,NA,NA,2023-08-13,21.203633,-156.98395,Night
C:\Users\mmrph\Desktop\author's Interns\Kala_wavfiles_2023\230813\5641.230813175410.wav,4/9/24 10:56,Other,Other,8/13/2023 20:04:56.8,8/13/2023 20:04:58.9,NA,NA,NA,NA,NA,NA,no calls,NA,NA,2023-08-13,21.203633,-156.98395,Night
C:\Users\mmrph\Desktop\author's Interns\Kala_wavfiles_2023\230813\5641.230813175410.wav,4/9/24 11:38,Other,Other,8/13/2023 21:04:51.5,8/13/2023 21:04:51.7,NA,NA,NA,NA,NA,NA,no calls,NA,NA,2023-08-13,21.203633,-156.98395,Night
C:\Users\mmrph\Desktop\author's Interns\Kala_wavfiles_2023\230813\5641.230813175410.wav,4/9/24 11:39,Other,Other,8/13/2023 22:03:04.2,8/13/2023 22:03:04.4,NA,NA,NA,NA,NA,NA,most likely fish,NA,NA,2023-08-13,21.203633,-156.98395,Night
C:\Users\mmrph\Desktop\author's Interns\Kala_wavfiles_2023\230813\5641.230813224618.wav,4/9/24 11:42,Other,Other,8/13/2023 23:04:57.6,8/13/2023 23:04:58.0,NA,NA,NA,NA,NA,NA,no calls,NA,NA,2023-08-13,21.203633,-156.98395,Night
C:\Users\mmrph\Desktop\author's Interns\Kala_wavfiles_2023\230815\5641.230814235326.wav,4/9/24 13:19,Other,Other,8/15/2023 0:04:58.1,8/15/2023 0:04:59.2,NA,NA,NA,NA,NA,NA,no calls,NA,NA,2023-08-15,21.203633,-156.98395,Night
C:\Users\mmrph\Desktop\author's Interns\Kala_wavfiles_2023\230815\5641.230814235326.wav,4/9/24 13:20,Other,Other,8/15/2023 1:04:55.7,8/15/2023 1:04:59.2,NA,NA,NA,NA,NA,NA,no calls,NA,NA,2023-08-15,21.203633,-156.98395,Night
C:\Users\mmrph\Desktop\author's Interns\Kala_wavfiles_2023\230815\5641.230814235326.wav,4/9/24 13:21,Other,Other,8/15/2023 2:04:55.5,8/15/2023 2:04:57.8,NA,NA,NA,NA,NA,NA,no calls,NA,NA,2023-08-15,21.203633,-156.98395,Night
C:\Users\mmrph\Desktop\author's Interns\Kala_wavfiles_2023\230815\5641.230814235326.wav,4/9/24 13:22,Other,Other,8/15/2023 3:04:58.0,8/15/2023 3:04:59.2,NA,NA,NA,NA,NA,NA,no calls,NA,NA,2023-08-15,21.203633,-156.98395,Night
C:\Users\mmrph\Desktop\author's Interns\Kala_wavfiles_2023\230815\5641.230814235326.wav,4/9/24 13:23,Other,Other,8/15/2023 4:04:57.9,8/15/2023 4:04:58.9,NA,NA,NA,NA,NA,NA,no calls,NA,NA,2023-08-15,21.203633,-156.98395,Night
C:\Users\mmrph\Desktop\author's Interns\Kala_wavfiles_2023\230815\5641.230815043818.wav,4/9/24 13:24,Other,Other,8/15/2023 5:04:58.0,8/15/2023 5:04:59.7,NA,NA,NA,NA,NA,NA,no calls,NA,NA,2023-08-15,21.203633,-156.98395,Night
C:\Users\mmrph\Desktop\author's Interns\Kala_wavfiles_2023\230815\5641.230815043818.wav,4/9/24 13:25,Other,Other,8/15/2023 6:04:56.1,8/15/2023 6:04:57.5,NA,NA,NA,NA,NA,NA,no calls,NA,NA,2023-08-15,21.203633,-156.98395,Night
C:\Users\mmrph\Desktop\author's Interns\Kala_wavfiles_2023\230815\5641.230815043818.wav,4/9/24 13:26,Other,Other,8/15/2023 7:04:58.0,8/15/2023 7:04:59.6,NA,NA,NA,NA,NA,NA,no calls,NA,NA,2023-08-15,21.203633,-156.98395,Day
C:\Users\mmrph\Desktop\author's Interns\Kala_wavfiles_2023\230815\5641.230815043818.wav,4/9/24 13:27,Other,Other,8/15/2023 8:03:47.3,8/15/2023 8:03:48.1,NA,NA,NA,NA,NA,NA,most likely fish,NA,NA,2023-08-15,21.203633,-156.98395,Day
C:\Users\mmrph\Desktop\author's Interns\Kala_wavfiles_2023\230815\5641.230815043818.wav,4/9/24 13:28,Other,Other,8/15/2023 8:03:48.1,8/15/2023 9:01:03.2,NA,NA,NA,NA,NA,NA,fish? not sure,NA,NA,2023-08-15,21.203633,-156.98395,Day
C:\Users\mmrph\Desktop\author's Interns\Kala_wavfiles_2023\230815\5641.230815043818.wav,4/9/24 13:29,Other,Other,8/15/2023 9:01:17.2,8/15/2023 9:01:17.9,NA,NA,NA,NA,NA,NA,fish?,NA,NA,2023-08-15,21.203633,-156.98395,Day
C:\Users\mmrph\Desktop\author's Interns\Kala_wavfiles_2023\230815\5641.230815043818.wav,4/9/24 13:29,Other,Other,8/15/2023 9:01:19.4,8/15/2023 9:01:19.9,NA,NA,NA,NA,NA,NA,fish?,NA,NA,2023-08-15,21.203633,-156.98395,Day
C:\Users\mmrph\Desktop\author's Interns\Kala_wavfiles_2023\230815\5641.230815043818.wav,4/9/24 13:30,Other,Other,8/15/2023 9:01:46.2,8/15/2023 9:01:47.5,NA,NA,NA,NA,NA,NA,fish? sounds like growl but no other calls near it,NA,NA,2023-08-15,21.203633,-156.98395,Day
C:\Users\mmrph\Desktop\author's Interns\Kala_wavfiles_2023\230815\5641.230815093551.wav,4/9/24 13:31,Other,Other,8/15/2023 10:04:56.1,8/15/2023 10:04:58.1,NA,NA,NA,NA,NA,NA,no calls,NA,NA,2023-08-15,21.203633,-156.98395,Day
C:\Users\mmrph\Desktop\author's Interns\Kala_wavfiles_2023\230815\5641.230815093551.wav,4/9/24 13:32,Other,Other,8/15/2023 11:04:56.1,8/15/2023 11:04:58.2,NA,NA,NA,NA,NA,NA,no calls,NA,NA,2023-08-15,21.203633,-156.98395,Day
C:\Users\mmrph\Desktop\author's Interns\Kala_wavfiles_2023\230815\5641.230815093551.wav,4/9/24 13:33,Other,Other,8/15/2023 12:04:56.6,8/15/2023 12:04:58.3,NA,NA,NA,NA,NA,NA,no calls,NA,NA,2023-08-15,21.203633,-156.98395,Day
C:\Users\mmrph\Desktop\author's Interns\Kala_wavfiles_2023\230815\5641.230815093551.wav,4/9/24 13:34,Other,Other,8/15/2023 13:04:57.2,8/15/2023 13:04:57.6,NA,NA,NA,NA,NA,NA,no calls,NA,NA,2023-08-15,21.203633,-156.98395,Day
C:\Users\mmrph\Desktop\author's Interns\Kala_wavfiles_2023\230815\5641.230815093551.wav,4/9/24 13:34,Other,Other,8/15/2023 14:04:57.6,8/15/2023 14:04:58.6,NA,NA,NA,NA,NA,NA,no calls,NA,NA,2023-08-15,21.203633,-156.98395,Day
C:\Users\mmrph\Desktop\author's Interns\Kala_wavfiles_2023\230815\5641.230815093551.wav,4/9/24 13:39,Other,Other,8/15/2023 15:04:35.2,8/15/2023 15:04:35.8,NA,NA,NA,NA,NA,NA,fish,NA,NA,2023-08-15,21.203633,-156.98395,Day
C:\Users\mmrph\Desktop\author's Interns\Kala_wavfiles_2023\230815\5641.230815150223.wav,4/9/24 13:40,Other,Other,8/15/2023 16:04:55.7,8/15/2023 16:04:56.6,NA,NA,NA,NA,NA,NA,no calls,NA,NA,2023-08-15,21.203633,-156.98395,Day
C:\Users\mmrph\Desktop\author's Interns\Kala_wavfiles_2023\230815\5641.230815150223.wav,4/9/24 13:41,Other,Other,8/15/2023 17:04:58.5,8/15/2023 17:04:59.3,NA,NA,NA,NA,NA,NA,no calls,NA,NA,2023-08-15,21.203633,-156.98395,Day
C:\Users\mmrph\Desktop\author's Interns\Kala_wavfiles_2023\230815\5641.230815150223.wav,4/9/24 13:41,Other,Other,8/15/2023 18:04:57.0,8/15/2023 18:04:57.4,NA,NA,NA,NA,NA,NA,no calls,NA,NA,2023-08-15,21.203633,-156.98395,Day
C:\Users\mmrph\Desktop\author's Interns\Kala_wavfiles_2023\230815\5641.230815150223.wav,4/9/24 13:42,Other,Other,8/15/2023 19:04:58.1,8/15/2023 19:04:59.5,NA,NA,NA,NA,NA,NA,no calls,NA,NA,2023-08-15,21.203633,-156.98395,Night
C:\Users\mmrph\Desktop\author's Interns\Kala_wavfiles_2023\230815\5641.230815150223.wav,4/9/24 13:42,Other,Other,8/15/2023 20:04:51.7,8/15/2023 20:04:52.3,NA,NA,NA,NA,NA,NA,no calls,NA,NA,2023-08-15,21.203633,-156.98395,Night
C:\Users\mmrph\Desktop\author's Interns\Kala_wavfiles_2023\230815\5641.230815201618.wav,4/9/24 13:45,Other,Other,8/15/2023 21:04:55.6,8/15/2023 21:04:57.3,NA,NA,NA,NA,NA,NA,no calls,NA,NA,2023-08-15,21.203633,-156.98395,Night
C:\Users\mmrph\Desktop\author's Interns\Kala_wavfiles_2023\230815\5641.230815201618.wav,4/9/24 13:46,Other,Other,8/15/2023 22:04:56.9,8/15/2023 22:04:58.2,NA,NA,NA,NA,NA,NA,no calls,NA,NA,2023-08-15,21.203633,-156.98395,Night
C:\Users\mmrph\Desktop\author's Interns\Kala_wavfiles_2023\230815\5641.230815201618.wav,4/9/24 13:47,Other,Other,8/15/2023 23:03:16.3,8/15/2023 23:03:17.2,NA,NA,NA,NA,NA,NA,fish,NA,NA,2023-08-15,21.203633,-156.98395,Night
C:\Users\mmrph\Desktop\author's Interns\Kala_wavfiles_2023\230815\5641.230815201618.wav,4/9/24 13:47,Other,Other,8/15/2023 23:04:57.0,8/15/2023 23:04:57.5,NA,NA,NA,NA,NA,NA,no calls,NA,NA,2023-08-15,21.203633,-156.98395,Night
C:\Users\mmrph\Desktop\author's Interns\Kala_wavfiles_2023\230815\5641.230815201618.wav,4/9/24 13:48,Other,Other,8/16/2023 0:00:33.2,8/16/2023 0:00:33.5,NA,NA,NA,NA,NA,NA,fish???,NA,NA,2023-08-16,21.203633,-156.98395,Night
C:\Users\mmrph\Desktop\author's Interns\Kala_wavfiles_2023\230815\5641.230815201618.wav,4/9/24 13:49,Other,Other,8/16/2023 0:04:56.9,8/16/2023 0:04:57.5,NA,NA,NA,NA,NA,NA,no calls,NA,NA,2023-08-16,21.203633,-156.98395,Night
C:\Users\mmrph\Desktop\author's Interns\Kala_wavfiles_2023\230816\5641.230816010246.wav,4/9/24 13:53,Other,Other,8/16/2023 1:04:55.1,8/16/2023 1:04:56.1,NA,NA,NA,NA,NA,NA,no calls,NA,NA,2023-08-16,21.203633,-156.98395,Night
C:\Users\mmrph\Desktop\author's Interns\Kala_wavfiles_2023\230816\5641.230816010246.wav,4/9/24 13:53,Other,Other,8/16/2023 2:04:55.6,8/16/2023 2:04:57.3,NA,NA,NA,NA,NA,NA,no calls,NA,NA,2023-08-16,21.203633,-156.98395,Night
C:\Users\mmrph\Desktop\author's Interns\Kala_wavfiles_2023\230816\5641.230816010246.wav,4/9/24 13:53,Other,Other,8/16/2023 3:04:55.6,8/16/2023 3:04:57.8,NA,NA,NA,NA,NA,NA,no calls,NA,NA,2023-08-16,21.203633,-156.98395,Night
C:\Users\mmrph\Desktop\author's Interns\Kala_wavfiles_2023\230816\5641.230816010246.wav,4/9/24 13:54,Other,Other,8/16/2023 4:04:56.7,8/16/2023 4:04:58.5,NA,NA,NA,NA,NA,NA,no calls,NA,NA,2023-08-16,21.203633,-156.98395,Night
C:\Users\mmrph\Desktop\author's Interns\Kala_wavfiles_2023\230816\5641.230816010246.wav,4/9/24 13:55,Other,Other,8/16/2023 5:04:57.1,8/16/2023 5:04:58.0,NA,NA,NA,NA,NA,NA,no calls,NA,NA,2023-08-16,21.203633,-156.98395,Night
C:\Users\mmrph\Desktop\author's Interns\Kala_wavfiles_2023\230816\5641.230816054958.wav,4/9/24 13:56,Other,Other,8/16/2023 6:04:56.2,8/16/2023 6:04:57.4,NA,NA,NA,NA,NA,NA,no calls,NA,NA,2023-08-16,21.203633,-156.98395,Night
C:\Users\mmrph\Desktop\author's Interns\Kala_wavfiles_2023\230816\5641.230816054958.wav,4/9/24 13:56,Other,Other,8/16/2023 7:04:57.3,8/16/2023 7:04:58.5,NA,NA,NA,NA,NA,NA,no calls,NA,NA,2023-08-16,21.203633,-156.98395,Day
C:\Users\mmrph\Desktop\author's Interns\Kala_wavfiles_2023\230816\5641.230816054958.wav,4/9/24 13:56,Other,Other,8/16/2023 8:04:56.7,8/16/2023 8:04:58.3,NA,NA,NA,NA,NA,NA,no calls,NA,NA,2023-08-16,21.203633,-156.98395,Day
C:\Users\mmrph\Desktop\author's Interns\Kala_wavfiles_2023\230816\5641.230816054958.wav,4/9/24 13:57,Other,Other,8/16/2023 9:04:56.9,8/16/2023 9:04:58.5,NA,NA,NA,NA,NA,NA,no calls,NA,NA,2023-08-16,21.203633,-156.98395,Day
C:\Users\mmrph\Desktop\author's Interns\Kala_wavfiles_2023\230816\5641.230816054958.wav,4/9/24 13:58,Other,Other,8/16/2023 10:04:56.7,8/16/2023 10:04:58.9,NA,NA,NA,NA,NA,NA,no calls,NA,NA,2023-08-16,21.203633,-156.98395,Day
C:\Users\mmrph\Desktop\author's Interns\Kala_wavfiles_2023\230816\5641.230816105655.wav,4/9/24 13:59,Other,Other,8/16/2023 11:04:56.7,8/16/2023 11:04:58.1,NA,NA,NA,NA,NA,NA,no calls,NA,NA,2023-08-16,21.203633,-156.98395,Day
C:\Users\mmrph\Desktop\author's Interns\Kala_wavfiles_2023\230816\5641.230816105655.wav,4/9/24 14:00,Other,Other,8/16/2023 12:03:41.1,8/16/2023 12:03:59.7,NA,NA,NA,NA,NA,NA,sound trap making noise,NA,NA,2023-08-16,21.203633,-156.98395,Day
C:\Users\mmrph\Desktop\author's Interns\Kala_wavfiles_2023\230816\5641.230816105655.wav,4/9/24 14:00,Other,Other,8/16/2023 12:04:00.2,8/16/2023 12:04:10.7,NA,NA,NA,NA,NA,NA,sound trap making noise,NA,NA,2023-08-16,21.203633,-156.98395,Day
C:\Users\mmrph\Desktop\author's Interns\Kala_wavfiles_2023\230816\5641.230816105655.wav,4/9/24 14:06,Other,Other,8/16/2023 13:04:57.2,8/16/2023 13:04:58.6,NA,NA,NA,NA,NA,NA,no calls,NA,NA,2023-08-16,21.203633,-156.98395,Day
C:\Users\mmrph\Desktop\author's Interns\Kala_wavfiles_2023\230816\5641.230816105655.wav,4/9/24 14:07,Other,Other,8/16/2023 14:04:56.8,8/16/2023 14:04:58.2,NA,NA,NA,NA,NA,NA,no calls,NA,NA,2023-08-16,21.203633,-156.98395,Day
C:\Users\mmrph\Desktop\author's Interns\Kala_wavfiles_2023\230816\5641.230816105655.wav,4/9/24 14:07,Other,Other,8/16/2023 15:04:56.7,8/16/2023 15:04:58.4,NA,NA,NA,NA,NA,NA,no calls,NA,NA,2023-08-16,21.203633,-156.98395,Day
C:\Users\mmrph\Desktop\author's Interns\Kala_wavfiles_2023\230816\5641.230816105655.wav,4/9/24 14:08,Other,Other,8/16/2023 16:04:56.3,8/16/2023 16:04:58.0,NA,NA,NA,NA,NA,NA,no calls,NA,NA,2023-08-16,21.203633,-156.98395,Day
C:\Users\mmrph\Desktop\author's Interns\Kala_wavfiles_2023\230816\5641.230816162933.wav,4/9/24 14:09,Other,Other,8/16/2023 17:04:57.5,8/16/2023 17:04:58.7,NA,NA,NA,NA,NA,NA,no calls,NA,NA,2023-08-16,21.203633,-156.98395,Day
C:\Users\mmrph\Desktop\author's Interns\Kala_wavfiles_2023\230816\5641.230816162933.wav,4/9/24 14:10,Other,Other,8/16/2023 18:01:55.4,8/16/2023 18:01:56.4,NA,NA,NA,NA,NA,NA,just fish,NA,NA,2023-08-16,21.203633,-156.98395,Day
C:\Users\mmrph\Desktop\author's Interns\Kala_wavfiles_2023\230816\5641.230816162933.wav,4/9/24 14:10,Other,Other,8/16/2023 18:02:25.0,8/16/2023 18:02:25.9,NA,NA,NA,NA,NA,NA,fish,NA,NA,2023-08-16,21.203633,-156.98395,Day
C:\Users\mmrph\Desktop\author's Interns\Kala_wavfiles_2023\230816\5641.230816162933.wav,4/9/24 14:10,Other,Other,8/16/2023 18:04:55.6,8/16/2023 18:04:57.5,NA,NA,NA,NA,NA,NA,no calls,NA,NA,2023-08-16,21.203633,-156.98395,Day
C:\Users\mmrph\Desktop\author's Interns\Kala_wavfiles_2023\230816\5641.230816162933.wav,4/9/24 14:11,Other,Other,8/16/2023 18:04:57.5,8/16/2023 19:01:02.5,NA,NA,NA,NA,NA,NA,fish??? looks like whoops but does not have that sound,NA,NA,2023-08-16,21.203633,-156.98395,Day
C:\Users\mmrph\Desktop\author's Interns\Kala_wavfiles_2023\230816\5641.230816162933.wav,4/9/24 14:12,Other,Other,8/16/2023 19:04:56.6,8/16/2023 19:04:57.8,NA,NA,NA,NA,NA,NA,no calls,NA,NA,2023-08-16,21.203633,-156.98395,Night
C:\Users\mmrph\Desktop\author's Interns\Kala_wavfiles_2023\230816\5641.230816162933.wav,4/9/24 14:12,Other,Other,8/16/2023 20:04:56.2,8/16/2023 20:04:57.5,NA,NA,NA,NA,NA,NA,no calls,NA,NA,2023-08-16,21.203633,-156.98395,Night
C:\Users\mmrph\Desktop\author's Interns\Kala_wavfiles_2023\230816\5641.230816162933.wav,4/9/24 14:13,Other,Other,8/16/2023 21:04:57.1,8/16/2023 21:04:58.3,NA,NA,NA,NA,NA,NA,no calls,NA,NA,2023-08-16,21.203633,-156.98395,Night
C:\Users\mmrph\Desktop\author's Interns\Kala_wavfiles_2023\230816\5641.230816213016.wav,4/9/24 14:14,Other,Other,8/16/2023 22:04:57.2,8/16/2023 22:04:58.6,NA,NA,NA,NA,NA,NA,no calls,NA,NA,2023-08-16,21.203633,-156.98395,Night
C:\Users\mmrph\Desktop\author's Interns\Kala_wavfiles_2023\230816\5641.230816213016.wav,4/9/24 14:14,Other,Other,8/16/2023 23:04:56.1,8/16/2023 23:04:58.0,NA,NA,NA,NA,NA,NA,no calls,NA,NA,2023-08-16,21.203633,-156.98395,Night
C:\Users\mmrph\Desktop\author's Interns\Kala_wavfiles_2023\230818\5641.230817224818.wav,4/9/24 14:16,Other,Other,8/18/2023 0:04:56.7,8/18/2023 0:04:58.1,NA,NA,NA,NA,NA,NA,no calls,NA,NA,2023-08-18,21.203633,-156.98395,Night
C:\Users\mmrph\Desktop\author's Interns\Kala_wavfiles_2023\230818\5641.230817224818.wav,4/9/24 14:17,Other,Other,8/18/2023 1:03:33.4,8/18/2023 1:03:35.8,NA,NA,NA,NA,NA,NA,just fish,NA,NA,2023-08-18,21.203633,-156.98395,Night
C:\Users\mmrph\Desktop\author's Interns\Kala_wavfiles_2023\230818\5641.230817224818.wav,4/9/24 14:17,Other,Other,8/18/2023 1:04:56.4,8/18/2023 1:04:58.8,NA,NA,NA,NA,NA,NA,no calls,NA,NA,2023-08-18,21.203633,-156.98395,Night
C:\Users\mmrph\Desktop\author's Interns\Kala_wavfiles_2023\230818\5641.230817224818.wav,4/9/24 14:17,Other,Other,8/18/2023 2:04:56.1,8/18/2023 2:04:58.7,NA,NA,NA,NA,NA,NA,no calls,NA,NA,2023-08-18,21.203633,-156.98395,Night
C:\Users\mmrph\Desktop\author's Interns\Kala_wavfiles_2023\230818\5641.230817224818.wav,4/9/24 14:18,Other,Other,8/18/2023 3:04:57.1,8/18/2023 3:04:58.6,NA,NA,NA,NA,NA,NA,no calls,NA,NA,2023-08-18,21.203633,-156.98395,Night
C:\Users\mmrph\Desktop\author's Interns\Kala_wavfiles_2023\230818\5641.230818033256.wav,4/9/24 14:18,Other,Other,8/18/2023 4:04:57.1,8/18/2023 4:04:57.9,NA,NA,NA,NA,NA,NA,no calls,NA,NA,2023-08-18,21.203633,-156.98395,Night
C:\Users\mmrph\Desktop\author's Interns\Kala_wavfiles_2023\230818\5641.230818033256.wav,4/9/24 14:19,Other,Other,8/18/2023 5:04:56.7,8/18/2023 5:04:58.0,NA,NA,NA,NA,NA,NA,no calls,NA,NA,2023-08-18,21.203633,-156.98395,Night
C:\Users\mmrph\Desktop\author's Interns\Kala_wavfiles_2023\230818\5641.230818033256.wav,4/9/24 14:19,Other,Other,8/18/2023 6:01:45.1,8/18/2023 6:01:45.9,NA,NA,NA,NA,NA,NA,just fish,NA,NA,2023-08-18,21.203633,-156.98395,Night
C:\Users\mmrph\Desktop\author's Interns\Kala_wavfiles_2023\230818\5641.230818033256.wav,4/9/24 14:20,Other,Other,8/18/2023 6:04:57.3,8/18/2023 6:04:58.5,NA,NA,NA,NA,NA,NA,no calls,NA,NA,2023-08-18,21.203633,-156.98395,Night
C:\Users\mmrph\Desktop\author's Interns\Kala_wavfiles_2023\230818\5641.230818033256.wav,4/9/24 14:21,Other,Other,8/18/2023 7:04:52.6,8/18/2023 7:04:52.9,NA,NA,NA,NA,NA,NA,fish...no calls,NA,NA,2023-08-18,21.203633,-156.98395,Day
C:\Users\mmrph\Desktop\author's Interns\Kala_wavfiles_2023\230818\5641.230818033256.wav,4/9/24 14:21,Other,Other,8/18/2023 8:00:38.8,8/18/2023 8:00:41.5,NA,NA,NA,NA,NA,NA,wave noise,NA,NA,2023-08-18,21.203633,-156.98395,Day
C:\Users\mmrph\Desktop\author's Interns\Kala_wavfiles_2023\230818\5641.230818033256.wav,4/9/24 14:22,Other,Other,8/18/2023 8:00:49.4,8/18/2023 8:00:52.1,NA,NA,NA,NA,NA,NA,wave noise,NA,NA,2023-08-18,21.203633,-156.98395,Day
C:\Users\mmrph\Desktop\author's Interns\Kala_wavfiles_2023\230818\5641.230818033256.wav,4/9/24 14:22,Other,Other,8/18/2023 8:04:56.9,8/18/2023 8:04:58.6,NA,NA,NA,NA,NA,NA,no calls,NA,NA,2023-08-18,21.203633,-156.98395,Day
C:\Users\mmrph\Desktop\author's Interns\Kala_wavfiles_2023\230818\5641.230818082547.wav,4/9/24 14:23,Other,Other,8/18/2023 9:03:18.1,8/18/2023 9:03:18.9,NA,NA,NA,NA,NA,NA,fish? could be growl but does not seem like it,NA,NA,2023-08-18,21.203633,-156.98395,Day
C:\Users\mmrph\Desktop\author's Interns\Kala_wavfiles_2023\230818\5641.230818082547.wav,4/9/24 14:24,Other,Other,8/18/2023 10:04:08.9,8/18/2023 10:04:09.4,NA,NA,NA,NA,NA,NA,fish,NA,NA,2023-08-18,21.203633,-156.98395,Day
C:\Users\mmrph\Desktop\author's Interns\Kala_wavfiles_2023\230818\5641.230818082547.wav,4/9/24 14:24,Other,Other,8/18/2023 10:04:57.2,8/18/2023 10:04:58.1,NA,NA,NA,NA,NA,NA,no calls,NA,NA,2023-08-18,21.203633,-156.98395,Day
C:\Users\mmrph\Desktop\author's Interns\Kala_wavfiles_2023\230818\5641.230818082547.wav,4/9/24 14:25,Other,Other,8/18/2023 11:03:07.3,8/18/2023 11:03:20.3,NA,NA,NA,NA,NA,NA,sound trap making noise,NA,NA,2023-08-18,21.203633,-156.98395,Day
C:\Users\mmrph\Desktop\author's Interns\Kala_wavfiles_2023\230818\5641.230818082547.wav,4/9/24 14:25,Other,Other,8/18/2023 11:04:55.3,8/18/2023 11:04:57.0,NA,NA,NA,NA,NA,NA,no calls,NA,NA,2023-08-18,21.203633,-156.98395,Day
C:\Users\mmrph\Desktop\author's Interns\Kala_wavfiles_2023\230818\5641.230818082547.wav,4/9/24 14:26,Other,Other,8/18/2023 12:04:57.0,8/18/2023 12:04:58.5,NA,NA,NA,NA,NA,NA,no calls,NA,NA,2023-08-18,21.203633,-156.98395,Day
C:\Users\mmrph\Desktop\author's Interns\Kala_wavfiles_2023\230818\5641.230818082547.wav,4/9/24 14:26,Other,Other,8/18/2023 13:04:57.0,8/18/2023 13:04:58.6,NA,NA,NA,NA,NA,NA,no calls,NA,NA,2023-08-18,21.203633,-156.98395,Day
C:\Users\mmrph\Desktop\author's Interns\Kala_wavfiles_2023\230818\5641.230818134841.wav,4/9/24 14:27,Other,Other,8/18/2023 14:04:56.9,8/18/2023 14:04:59.2,NA,NA,NA,NA,NA,NA,no calls,NA,NA,2023-08-18,21.203633,-156.98395,Day
C:\Users\mmrph\Desktop\author's Interns\Kala_wavfiles_2023\230818\5641.230818134841.wav,4/9/24 14:27,Other,Other,8/18/2023 15:04:57.2,8/18/2023 15:04:59.5,NA,NA,NA,NA,NA,NA,no calls,NA,NA,2023-08-18,21.203633,-156.98395,Day
C:\Users\mmrph\Desktop\author's Interns\Kala_wavfiles_2023\230818\5641.230818134841.wav,4/9/24 14:28,Other,Other,8/18/2023 16:02:37.1,8/18/2023 16:02:49.2,NA,NA,NA,NA,NA,NA,sound trap,NA,NA,2023-08-18,21.203633,-156.98395,Day
C:\Users\mmrph\Desktop\author's Interns\Kala_wavfiles_2023\230818\5641.230818134841.wav,4/9/24 14:29,Other,Other,8/18/2023 17:04:57.3,8/18/2023 17:04:58.4,NA,NA,NA,NA,NA,NA,no calls,NA,NA,2023-08-18,21.203633,-156.98395,Day
C:\Users\mmrph\Desktop\author's Interns\Kala_wavfiles_2023\230818\5641.230818134841.wav,4/9/24 14:30,Other,Other,8/18/2023 18:04:57.4,8/18/2023 18:04:58.9,NA,NA,NA,NA,NA,NA,no calls,NA,NA,2023-08-18,21.203633,-156.98395,Day
C:\Users\mmrph\Desktop\author's Interns\Kala_wavfiles_2023\230818\5641.230818134841.wav,4/9/24 14:32,Other,Other,8/18/2023 19:04:56.1,8/18/2023 19:04:56.6,NA,NA,NA,NA,NA,NA,fish,NA,NA,2023-08-18,21.203633,-156.98395,Night
C:\Users\mmrph\Desktop\author's Interns\Kala_wavfiles_2023\230818\5641.230818191525.wav,4/9/24 14:32,Other,Other,8/18/2023 20:04:56.4,8/18/2023 20:04:57.7,NA,NA,NA,NA,NA,NA,no calls,NA,NA,2023-08-18,21.203633,-156.98395,Night
C:\Users\mmrph\Desktop\author's Interns\Kala_wavfiles_2023\230818\5641.230818191525.wav,4/9/24 14:33,Other,Other,8/18/2023 21:04:56.7,8/18/2023 21:04:58.3,NA,NA,NA,NA,NA,NA,no calls,NA,NA,2023-08-18,21.203633,-156.98395,Night
C:\Users\mmrph\Desktop\author's Interns\Kala_wavfiles_2023\230818\5641.230818191525.wav,4/9/24 14:33,Other,Other,8/18/2023 22:04:56.5,8/18/2023 22:04:57.3,NA,NA,NA,NA,NA,NA,no calls,NA,NA,2023-08-18,21.203633,-156.98395,Night
C:\Users\mmrph\Desktop\author's Interns\Kala_wavfiles_2023\230818\5641.230818191525.wav,4/9/24 14:34,Other,Other,8/18/2023 23:04:57.1,8/18/2023 23:04:58.5,NA,NA,NA,NA,NA,NA,no calls intern end analysis,NA,NA,2023-08-18,21.203633,-156.98395,Night
C:\Users\mmrph\Desktop\author's Interns\Kala_wavfiles_2023\230819\5641.230819094923.wav,4/1/24 10:16,HMS,Growl,8/19/2023 11:00:25.3,8/19/2023 11:00:26.4,2,NA,NA,NA,NA,NA,NA,NA,NA,2023-08-19,21.203633,-156.98395,Day
C:\Users\mmrph\Desktop\author's Interns\Kala_wavfiles_2023\230819\5641.230819094923.wav,4/1/24 10:17,HMS,Croak,8/19/2023 11:00:26.6,8/19/2023 11:00:26.9,1,NA,NA,NA,NA,NA,NA,NA,NA,2023-08-19,21.203633,-156.98395,Day
C:\Users\mmrph\Desktop\author's Interns\Kala_wavfiles_2023\230820\5641.230819203925.wav,4/15/24 11:03,Other,Other,8/20/2023 0:05:00.9,NA,NA,NA,NA,NA,NA,NA,no calls,NA,NA,2023-08-20,21.203633,-156.98395,Night
C:\Users\mmrph\Desktop\author's Interns\Kala_wavfiles_2023\230820\5641.230819203925.wav,4/15/24 11:04,Other,Other,8/20/2023 1:05:01.6,NA,NA,NA,NA,NA,NA,NA,Morgan start analysis… no calls,NA,NA,2023-08-20,21.203633,-156.98395,Night
C:\Users\mmrph\Desktop\author's Interns\Kala_wavfiles_2023\230820\5641.230820012610.wav,4/15/24 11:04,Other,Other,8/20/2023 2:05:00.8,NA,NA,NA,NA,NA,NA,NA,no calls,NA,NA,2023-08-20,21.203633,-156.98395,Night
C:\Users\mmrph\Desktop\author's Interns\Kala_wavfiles_2023\230820\5641.230820012610.wav,4/15/24 11:05,Other,Other,8/20/2023 3:05:01.1,NA,NA,NA,NA,NA,NA,NA,no calls,NA,NA,2023-08-20,21.203633,-156.98395,Night
C:\Users\mmrph\Desktop\author's Interns\Kala_wavfiles_2023\230820\5641.230820012610.wav,4/15/24 11:05,Other,Other,8/20/2023 4:05:00.7,NA,NA,NA,NA,NA,NA,NA,no calls,NA,NA,2023-08-20,21.203633,-156.98395,Night
C:\Users\mmrph\Desktop\author's Interns\Kala_wavfiles_2023\230820\5641.230820012610.wav,4/15/24 11:08,Other,Other,8/20/2023 5:03:47.1,8/20/2023 5:03:48.8,NA,NA,NA,NA,NA,NA,knocking sound,NA,NA,2023-08-20,21.203633,-156.98395,Night
C:\Users\mmrph\Desktop\author's Interns\Kala_wavfiles_2023\230820\5641.230820012610.wav,4/15/24 11:08,Other,Other,8/20/2023 5:05:00.9,NA,NA,NA,NA,NA,NA,NA,no calls,NA,NA,2023-08-20,21.203633,-156.98395,Night
C:\Users\mmrph\Desktop\author's Interns\Kala_wavfiles_2023\230820\5641.230820061452.wav,4/15/24 11:13,Other,Other,8/20/2023 8:05:01.0,NA,NA,NA,NA,NA,NA,NA,no calls,NA,NA,2023-08-20,21.203633,-156.98395,Day
C:\Users\mmrph\Desktop\author's Interns\Kala_wavfiles_2023\230820\5641.230820061452.wav,4/15/24 11:14,Other,Other,8/20/2023 9:05:00.4,NA,NA,NA,NA,NA,NA,NA,no calls,NA,NA,2023-08-20,21.203633,-156.98395,Day
C:\Users\mmrph\Desktop\author's Interns\Kala_wavfiles_2023\230820\5641.230820061452.wav,4/15/24 11:16,Other,Other,8/20/2023 10:05:01.4,NA,NA,NA,NA,NA,NA,NA,no calls,NA,NA,2023-08-20,21.203633,-156.98395,Day
C:\Users\mmrph\Desktop\author's Interns\Kala_wavfiles_2023\230820\5641.230820061452.wav,4/15/24 11:17,Other,Other,8/20/2023 11:05:01.3,NA,NA,NA,NA,NA,NA,NA,no calls,NA,NA,2023-08-20,21.203633,-156.98395,Day
C:\Users\mmrph\Desktop\author's Interns\Kala_wavfiles_2023\230820\5641.230820112824.wav,4/15/24 11:18,Other,Other,8/20/2023 12:05:01.6,NA,NA,NA,NA,NA,NA,NA,no calls,NA,NA,2023-08-20,21.203633,-156.98395,Day
C:\Users\mmrph\Desktop\author's Interns\Kala_wavfiles_2023\230820\5641.230820112824.wav,4/15/24 11:19,Other,Other,8/20/2023 13:05:01.3,NA,NA,NA,NA,NA,NA,NA,no calls,NA,NA,2023-08-20,21.203633,-156.98395,Day
C:\Users\mmrph\Desktop\author's Interns\Kala_wavfiles_2023\230820\5641.230820112824.wav,4/15/24 11:20,Other,Other,8/20/2023 14:05:01.2,NA,NA,NA,NA,NA,NA,NA,no calls,NA,NA,2023-08-20,21.203633,-156.98395,Day
C:\Users\mmrph\Desktop\author's Interns\Kala_wavfiles_2023\230820\5641.230820112824.wav,4/15/24 11:21,Anthro,Airplane,8/20/2023 15:04:48.9,8/20/2023 15:04:54.3,NA,NA,NA,NA,NA,NA,boat or plane?,NA,NA,2023-08-20,21.203633,-156.98395,Day
C:\Users\mmrph\Desktop\author's Interns\Kala_wavfiles_2023\230820\5641.230820112824.wav,4/15/24 11:21,Other,Other,8/20/2023 15:05:01.3,NA,NA,NA,NA,NA,NA,NA,no calls,NA,NA,2023-08-20,21.203633,-156.98395,Day
C:\Users\mmrph\Desktop\author's Interns\Kala_wavfiles_2023\230820\5641.230820112824.wav,4/15/24 11:22,Other,Other,8/20/2023 16:05:00.7,NA,NA,NA,NA,NA,NA,NA,no calls,NA,NA,2023-08-20,21.203633,-156.98395,Day
C:\Users\mmrph\Desktop\author's Interns\Kala_wavfiles_2023\230820\5641.230820112824.wav,4/15/24 11:22,Other,Other,8/20/2023 17:05:01.0,NA,NA,NA,NA,NA,NA,NA,no calls,NA,NA,2023-08-20,21.203633,-156.98395,Day
C:\Users\mmrph\Desktop\author's Interns\Kala_wavfiles_2023\230820\5641.230820171213.wav,4/15/24 11:23,Other,Other,8/20/2023 18:05:00.7,NA,NA,NA,NA,NA,NA,NA,no calls,NA,NA,2023-08-20,21.203633,-156.98395,Day
C:\Users\mmrph\Desktop\author's Interns\Kala_wavfiles_2023\230820\5641.230820171213.wav,4/15/24 11:26,Other,Other,8/20/2023 20:05:00.2,NA,NA,NA,NA,NA,NA,NA,no calls,NA,NA,2023-08-20,21.203633,-156.98395,Night
C:\Users\mmrph\Desktop\author's Interns\Kala_wavfiles_2023\230820\5641.230820171213.wav,4/15/24 11:27,Other,Other,8/20/2023 21:05:01.1,NA,NA,NA,NA,NA,NA,NA,no calls,NA,NA,2023-08-20,21.203633,-156.98395,Night
C:\Users\mmrph\Desktop\author's Interns\Kala_wavfiles_2023\230820\5641.230820171213.wav,4/15/24 11:27,Other,Other,8/20/2023 22:05:00.8,NA,NA,NA,NA,NA,NA,NA,no calls,NA,NA,2023-08-20,21.203633,-156.98395,Night
C:\Users\mmrph\Desktop\author's Interns\Kala_wavfiles_2023\230820\5641.230820221318.wav,4/15/24 11:28,Other,Other,8/20/2023 23:05:01.5,NA,NA,NA,NA,NA,NA,NA,no calls,NA,NA,2023-08-20,21.203633,-156.98395,Night
C:\Users\mmrph\OneDrive\Desktop\Intern\Kalaupapa\230821\5641.230820221318.wav,3/19/24 9:44,HMS,Moan,8/21/2023 0:03:17.6,8/21/2023 0:03:20.2,1,NA,NA,NA,NA,NA,NA,NA,NA,2023-08-21,21.203633,-156.98395,Night
C:\Users\mmrph\OneDrive\Desktop\Intern\Kalaupapa\230821\5641.230821075411.wav,4/2/24 10:47,Anthro,Ship/Other,8/21/2023 9:00:49.5,8/21/2023 9:00:51.6,NA,NA,NA,NA,NA,NA,maybe a far away boat noise- intern start analysis,NA,NA,2023-08-21,21.203633,-156.98395,Day
C:\Users\mmrph\OneDrive\Desktop\Intern\Kalaupapa\230821\5641.230821131322.wav,4/2/24 11:22,Other,Other,8/21/2023 14:04:58.3,8/21/2023 14:04:59.4,NA,NA,NA,NA,NA,NA,no calls 08/21 at 14:00 first 5 min,NA,NA,2023-08-21,21.203633,-156.98395,Day
C:\Users\mmrph\OneDrive\Desktop\Intern\Kalaupapa\230821\5641.230821131322.wav,4/2/24 11:25,Other,Other,8/21/2023 15:04:58.8,8/21/2023 15:04:59.3,NA,NA,NA,NA,NA,NA,no calls 08/21 at 15:00 first 5 min,NA,NA,2023-08-21,21.203633,-156.98395,Day
C:\Users\mmrph\OneDrive\Desktop\Intern\Kalaupapa\230821\5641.230821131322.wav,4/2/24 11:37,Other,Other,8/21/2023 16:02:52.8,8/21/2023 16:03:09.8,NA,NA,NA,NA,NA,NA,maybe boat/helicopter or a quick sun shower- not sure,NA,NA,2023-08-21,21.203633,-156.98395,Day
C:\Users\mmrph\OneDrive\Desktop\Intern\Kalaupapa\230821\5641.230821131322.wav,4/2/24 11:38,Other,Other,8/21/2023 17:04:58.6,8/21/2023 17:04:59.1,NA,NA,NA,NA,NA,NA,no calls 08/21 at 17:00 for first 5 min,NA,NA,2023-08-21,21.203633,-156.98395,Day
C:\Users\mmrph\OneDrive\Desktop\Intern\Kalaupapa\230821\5641.230821131322.wav,4/2/24 11:43,Other,Other,8/21/2023 18:04:58.5,8/21/2023 18:04:59.0,NA,NA,NA,NA,NA,NA,no calls 08/21 at 18:00 in first 5 min,NA,NA,2023-08-21,21.203633,-156.98395,Day
C:\Users\mmrph\OneDrive\Desktop\Intern\Kalaupapa\230821\5641.230821185125.wav,4/2/24 11:52,Other,Other,8/21/2023 19:03:15.6,8/21/2023 19:03:16.6,NA,NA,NA,NA,NA,NA,probably just a fish but it looks odd on the spectrogram,NA,NA,2023-08-21,21.203633,-156.98395,Night
C:\Users\mmrph\OneDrive\Desktop\Intern\Kalaupapa\230821\5641.230821185125.wav,4/2/24 11:59,Other,Other,8/21/2023 20:04:59.1,8/21/2023 20:04:59.5,NA,NA,NA,NA,NA,NA,no calls 08/21 at 20:00 in first 5 min,NA,NA,2023-08-21,21.203633,-156.98395,Night
C:\Users\mmrph\OneDrive\Desktop\Intern\Kalaupapa\230821\5641.230821185125.wav,4/2/24 12:16,Other,Other,8/21/2023 21:04:58.8,8/21/2023 21:04:59.2,NA,NA,NA,NA,NA,NA,no calls 08/21 at 21:00 in first 5 min,NA,NA,2023-08-21,21.203633,-156.98395,Night
C:\Users\mmrph\OneDrive\Desktop\Intern\Kalaupapa\230821\5641.230821185125.wav,4/2/24 12:20,Other,Other,8/21/2023 22:04:58.4,8/21/2023 22:04:58.8,NA,NA,NA,NA,NA,NA,no call 08/21 at 22:00 in first 5 min,NA,NA,2023-08-21,21.203633,-156.98395,Night
C:\Users\mmrph\OneDrive\Desktop\Intern\Kalaupapa\230821\5641.230821185125.wav,4/2/24 12:22,Other,Other,8/21/2023 23:04:58.8,8/21/2023 23:04:59.4,NA,NA,NA,NA,NA,NA,no calls 08/21 at 23:00 in first 5 min,NA,NA,2023-08-21,21.203633,-156.98395,Night
C:\Users\mmrph\Desktop\author's Interns\Kala_wavfiles_2023\230822\5641.230821234200.wav,4/15/24 11:30,Other,Other,8/22/2023 0:05:00.9,NA,NA,NA,NA,NA,NA,NA,no calls,NA,NA,2023-08-22,21.203633,-156.98395,Night
C:\Users\mmrph\Desktop\author's Interns\Kala_wavfiles_2023\230822\5641.230821234200.wav,4/15/24 11:31,Other,Other,8/22/2023 1:05:01.1,NA,NA,NA,NA,NA,NA,NA,no calls,NA,NA,2023-08-22,21.203633,-156.98395,Night
C:\Users\mmrph\Desktop\author's Interns\Kala_wavfiles_2023\230822\5641.230821234200.wav,4/15/24 11:31,Other,Other,8/22/2023 2:05:00.9,NA,NA,NA,NA,NA,NA,NA,no calls,NA,NA,2023-08-22,21.203633,-156.98395,Night
C:\Users\mmrph\Desktop\author's Interns\Kala_wavfiles_2023\230822\5641.230821234200.wav,4/15/24 11:32,Other,Other,8/22/2023 3:05:01.1,NA,NA,NA,NA,NA,NA,NA,no calls,NA,NA,2023-08-22,21.203633,-156.98395,Night
C:\Users\mmrph\Desktop\author's Interns\Kala_wavfiles_2023\230822\5641.230821234200.wav,4/15/24 11:32,Other,Other,8/22/2023 4:05:00.7,NA,NA,NA,NA,NA,NA,NA,no calls,NA,NA,2023-08-22,21.203633,-156.98395,Night
C:\Users\mmrph\Desktop\author's Interns\Kala_wavfiles_2023\230822\5641.230822043320.wav,4/15/24 11:33,Other,Other,8/22/2023 5:05:00.8,NA,NA,NA,NA,NA,NA,NA,no calls,NA,NA,2023-08-22,21.203633,-156.98395,Night
C:\Users\mmrph\Desktop\author's Interns\Kala_wavfiles_2023\230822\5641.230822043320.wav,4/15/24 11:37,Other,Other,8/22/2023 7:05:00.8,NA,NA,NA,NA,NA,NA,NA,no calls,NA,NA,2023-08-22,21.203633,-156.98395,Day
C:\Users\mmrph\Desktop\author's Interns\Kala_wavfiles_2023\230822\5641.230822043320.wav,4/15/24 11:38,Other,Other,8/22/2023 8:05:00.8,NA,NA,NA,NA,NA,NA,NA,no calls,NA,NA,2023-08-22,21.203633,-156.98395,Day
C:\Users\mmrph\Desktop\author's Interns\Kala_wavfiles_2023\230822\5641.230822043320.wav,4/15/24 11:38,Other,Other,8/22/2023 9:05:00.9,NA,NA,NA,NA,NA,NA,NA,no calls,NA,NA,2023-08-22,21.203633,-156.98395,Day
C:\Users\mmrph\Desktop\author's Interns\Kala_wavfiles_2023\230822\5641.230822093432.wav,4/15/24 11:40,Other,Other,8/22/2023 10:05:01.1,NA,NA,NA,NA,NA,NA,NA,no calls,NA,NA,2023-08-22,21.203633,-156.98395,Day
C:\Users\mmrph\Desktop\author's Interns\Kala_wavfiles_2023\230822\5641.230822093432.wav,4/15/24 11:40,Other,Other,8/22/2023 11:05:00.7,NA,NA,NA,NA,NA,NA,NA,no calls,NA,NA,2023-08-22,21.203633,-156.98395,Day
C:\Users\mmrph\Desktop\author's Interns\Kala_wavfiles_2023\230822\5641.230822093432.wav,4/15/24 11:41,Other,Other,8/22/2023 12:05:01.5,NA,NA,NA,NA,NA,NA,NA,no calls,NA,NA,2023-08-22,21.203633,-156.98395,Day
C:\Users\mmrph\Desktop\author's Interns\Kala_wavfiles_2023\230822\5641.230822093432.wav,4/15/24 11:42,Other,Other,8/22/2023 13:05:00.9,NA,NA,NA,NA,NA,NA,NA,no calls,NA,NA,2023-08-22,21.203633,-156.98395,Day
C:\Users\mmrph\Desktop\author's Interns\Kala_wavfiles_2023\230822\5641.230822093432.wav,4/15/24 11:42,Other,Other,8/22/2023 14:05:00.8,NA,NA,NA,NA,NA,NA,NA,no calls,NA,NA,2023-08-22,21.203633,-156.98395,Day
C:\Users\mmrph\Desktop\author's Interns\Kala_wavfiles_2023\230822\5641.230822093432.wav,4/15/24 11:43,Other,Other,8/22/2023 15:05:00.9,NA,NA,NA,NA,NA,NA,NA,no calls,NA,NA,2023-08-22,21.203633,-156.98395,Day
C:\Users\mmrph\Desktop\author's Interns\Kala_wavfiles_2023\230822\5641.230822151903.wav,4/15/24 11:44,Other,Other,8/22/2023 16:05:01.5,NA,NA,NA,NA,NA,NA,NA,no calls,NA,NA,2023-08-22,21.203633,-156.98395,Day
C:\Users\mmrph\Desktop\author's Interns\Kala_wavfiles_2023\230822\5641.230822151903.wav,4/15/24 11:44,Other,Other,8/22/2023 17:05:01.1,NA,NA,NA,NA,NA,NA,NA,no calls,NA,NA,2023-08-22,21.203633,-156.98395,Day
C:\Users\mmrph\Desktop\author's Interns\Kala_wavfiles_2023\230822\5641.230822151903.wav,4/15/24 11:45,Other,Other,8/22/2023 18:05:00.4,NA,NA,NA,NA,NA,NA,NA,no calls,NA,NA,2023-08-22,21.203633,-156.98395,Day
C:\Users\mmrph\Desktop\author's Interns\Kala_wavfiles_2023\230822\5641.230822151903.wav,4/15/24 12:50,Other,Other,8/22/2023 20:05:00.5,NA,NA,NA,NA,NA,NA,NA,no calls,NA,NA,2023-08-22,21.203633,-156.98395,Night
C:\Users\mmrph\Desktop\author's Interns\Kala_wavfiles_2023\230822\5641.230822203904.wav,4/15/24 12:52,Other,Other,8/22/2023 21:05:00.8,NA,NA,NA,NA,NA,NA,NA,no calls,NA,NA,2023-08-22,21.203633,-156.98395,Night
C:\Users\mmrph\Desktop\author's Interns\Kala_wavfiles_2023\230822\5641.230822203904.wav,4/15/24 12:52,Other,Other,8/22/2023 22:05:00.4,NA,NA,NA,NA,NA,NA,NA,no calls,NA,NA,2023-08-22,21.203633,-156.98395,Night
C:\Users\mmrph\Desktop\author's Interns\Kala_wavfiles_2023\230822\5641.230822203904.wav,4/15/24 12:52,Other,Other,8/22/2023 23:05:00.9,NA,NA,NA,NA,NA,NA,NA,no calls,NA,NA,2023-08-22,21.203633,-156.98395,Night
C:\Users\mmrph\Desktop\author's Interns\Kala_wavfiles_2023\230823\5641.230822203904.wav,4/15/24 13:40,Other,Other,8/23/2023 0:05:00.7,NA,NA,NA,NA,NA,NA,NA,no calls,NA,NA,2023-08-23,21.203633,-156.98395,Night
C:\Users\mmrph\Desktop\author's Interns\Kala_wavfiles_2023\230823\5641.230822203904.wav,4/15/24 13:40,Other,Other,8/23/2023 1:05:01.5,NA,NA,NA,NA,NA,NA,NA,no calls,NA,NA,2023-08-23,21.203633,-156.98395,Night
C:\Users\mmrph\Desktop\author's Interns\Kala_wavfiles_2023\230823\5641.230823012754.wav,4/15/24 13:41,Other,Other,8/23/2023 2:05:00.6,NA,NA,NA,NA,NA,NA,NA,no calls,NA,NA,2023-08-23,21.203633,-156.98395,Night
C:\Users\mmrph\Desktop\author's Interns\Kala_wavfiles_2023\230823\5641.230823012754.wav,4/15/24 13:42,Other,Other,8/23/2023 3:05:00.6,NA,NA,NA,NA,NA,NA,NA,no calls,NA,NA,2023-08-23,21.203633,-156.98395,Night
C:\Users\mmrph\Desktop\author's Interns\Kala_wavfiles_2023\230823\5641.230823012754.wav,4/15/24 13:43,Other,Other,8/23/2023 4:05:00.6,NA,NA,NA,NA,NA,NA,NA,no calls,NA,NA,2023-08-23,21.203633,-156.98395,Night
C:\Users\mmrph\Desktop\author's Interns\Kala_wavfiles_2023\230823\5641.230823012754.wav,4/15/24 13:43,Other,Other,8/23/2023 5:05:00.6,NA,NA,NA,NA,NA,NA,NA,no calls,NA,NA,2023-08-23,21.203633,-156.98395,Night
C:\Users\mmrph\Desktop\author's Interns\Kala_wavfiles_2023\230823\5641.230823012754.wav,4/15/24 13:44,Other,Other,8/23/2023 6:05:00.7,NA,NA,NA,NA,NA,NA,NA,no calls,NA,NA,2023-08-23,21.203633,-156.98395,Night
C:\Users\mmrph\Desktop\author's Interns\Kala_wavfiles_2023\230823\5641.230823061610.wav,4/15/24 13:52,Other,Other,8/23/2023 10:05:00.8,NA,NA,NA,NA,NA,NA,NA,no calls,NA,NA,2023-08-23,21.203633,-156.98395,Day
C:\Users\mmrph\Desktop\author's Interns\Kala_wavfiles_2023\230823\5641.230823061610.wav,4/15/24 13:53,Other,Other,8/23/2023 11:05:00.6,NA,NA,NA,NA,NA,NA,NA,no calls,NA,NA,2023-08-23,21.203633,-156.98395,Day
C:\Users\mmrph\Desktop\author's Interns\Kala_wavfiles_2023\230823\5641.230823112714.wav,4/15/24 13:54,Other,Other,8/23/2023 12:05:00.3,NA,NA,NA,NA,NA,NA,NA,no calls,NA,NA,2023-08-23,21.203633,-156.98395,Day
C:\Users\mmrph\Desktop\author's Interns\Kala_wavfiles_2023\230823\5641.230823112714.wav,4/15/24 13:54,Other,Other,8/23/2023 13:05:00.5,NA,NA,NA,NA,NA,NA,NA,no calls,NA,NA,2023-08-23,21.203633,-156.98395,Day
C:\Users\mmrph\Desktop\author's Interns\Kala_wavfiles_2023\230823\5641.230823112714.wav,4/15/24 13:55,Other,Other,8/23/2023 14:05:00.5,NA,NA,NA,NA,NA,NA,NA,no calls,NA,NA,2023-08-23,21.203633,-156.98395,Day
C:\Users\mmrph\Desktop\author's Interns\Kala_wavfiles_2023\230823\5641.230823112714.wav,4/15/24 13:56,Other,Other,8/23/2023 15:05:00.9,NA,NA,NA,NA,NA,NA,NA,no calls,NA,NA,2023-08-23,21.203633,-156.98395,Day
C:\Users\mmrph\Desktop\author's Interns\Kala_wavfiles_2023\230823\5641.230823112714.wav,4/15/24 13:59,Other,Other,8/23/2023 16:05:00.6,NA,NA,NA,NA,NA,NA,NA,no calls,NA,NA,2023-08-23,21.203633,-156.98395,Day
C:\Users\mmrph\Desktop\author's Interns\Kala_wavfiles_2023\230823\5641.230823112714.wav,4/15/24 14:00,Other,Other,8/23/2023 17:05:00.8,NA,NA,NA,NA,NA,NA,NA,no calls,NA,NA,2023-08-23,21.203633,-156.98395,Day
C:\Users\mmrph\Desktop\author's Interns\Kala_wavfiles_2023\230823\5641.230823171027.wav,4/15/24 14:24,Other,Other,8/23/2023 18:05:00.9,NA,NA,NA,NA,NA,NA,NA,no calls,NA,NA,2023-08-23,21.203633,-156.98395,Day
C:\Users\mmrph\Desktop\author's Interns\Kala_wavfiles_2023\230823\5641.230823171027.wav,4/15/24 14:28,Other,Other,8/23/2023 19:05:00.2,NA,NA,NA,NA,NA,NA,NA,no calls,NA,NA,2023-08-23,21.203633,-156.98395,Night
C:\Users\mmrph\Desktop\author's Interns\Kala_wavfiles_2023\230823\5641.230823171027.wav,4/15/24 14:29,Other,Other,8/23/2023 20:05:00.4,NA,NA,NA,NA,NA,NA,NA,no calls,NA,NA,2023-08-23,21.203633,-156.98395,Night
C:\Users\mmrph\Desktop\author's Interns\Kala_wavfiles_2023\230823\5641.230823171027.wav,4/15/24 14:29,Other,Other,8/23/2023 21:05:00.3,NA,NA,NA,NA,NA,NA,NA,no calls,NA,NA,2023-08-23,21.203633,-156.98395,Night
C:\Users\mmrph\Desktop\author's Interns\Kala_wavfiles_2023\230823\5641.230823171027.wav,4/15/24 14:29,Other,Other,8/23/2023 22:05:00.5,NA,NA,NA,NA,NA,NA,NA,no calls,NA,NA,2023-08-23,21.203633,-156.98395,Night
C:\Users\mmrph\Desktop\author's Interns\Kala_wavfiles_2023\230823\5641.230823221035.wav,4/15/24 14:30,Other,Other,8/23/2023 23:05:00.9,NA,NA,NA,NA,NA,NA,NA,no calls,NA,NA,2023-08-23,21.203633,-156.98395,Night
C:\Users\mmrph\OneDrive\Desktop\Intern\Kalaupapa\230824\5641.230823221035.wav,4/2/24 12:27,Other,Other,8/24/2023 0:04:58.9,8/24/2023 0:04:59.3,NA,NA,NA,NA,NA,NA,no calls 08/24 at 00:00 in first 5 min,NA,NA,2023-08-24,21.203633,-156.98395,Night
C:\Users\mmrph\OneDrive\Desktop\Intern\Kalaupapa\230824\5641.230823221035.wav,4/2/24 12:30,Other,Other,8/24/2023 1:04:58.6,8/24/2023 1:04:58.7,NA,NA,NA,NA,NA,NA,no calls 08/24 at 01:00 in first 5 min,NA,NA,2023-08-24,21.203633,-156.98395,Night
C:\Users\mmrph\OneDrive\Desktop\Intern\Kalaupapa\230824\5641.230823221035.wav,4/2/24 12:32,Other,Other,8/24/2023 2:04:58.3,8/24/2023 2:04:58.7,NA,NA,NA,NA,NA,NA,no calls 08/24 at 02:00 in first 5 min,NA,NA,2023-08-24,21.203633,-156.98395,Night
C:\Users\mmrph\OneDrive\Desktop\Intern\Kalaupapa\230824\5641.230824025931.wav,4/2/24 12:36,Other,Other,8/24/2023 3:04:58.6,8/24/2023 3:04:58.9,NA,NA,NA,NA,NA,NA,no calls 08/24 at 03:00 in first 5 min,NA,NA,2023-08-24,21.203633,-156.98395,Night
C:\Users\mmrph\OneDrive\Desktop\Intern\Kalaupapa\230824\5641.230824025931.wav,4/2/24 12:37,Other,Other,8/24/2023 4:04:58.1,8/24/2023 4:04:58.8,NA,NA,NA,NA,NA,NA,no calls 08/24 at 04:00 in first 5 min,NA,NA,2023-08-24,21.203633,-156.98395,Night
C:\Users\mmrph\OneDrive\Desktop\Intern\Kalaupapa\230824\5641.230824025931.wav,4/2/24 12:42,Other,Other,8/24/2023 5:04:58.3,8/24/2023 5:04:58.9,NA,NA,NA,NA,NA,NA,no calls 08/24 at 05:00 in first 5 min,NA,NA,2023-08-24,21.203633,-156.98395,Night
C:\Users\mmrph\OneDrive\Desktop\Intern\Kalaupapa\230824\5641.230824025931.wav,4/2/24 12:43,Other,Other,8/24/2023 6:04:58.8,8/24/2023 6:04:58.8,NA,NA,NA,NA,NA,NA,no calls 08/24 at 06:00 in first 5 min,NA,NA,2023-08-24,21.203633,-156.98395,Night
C:\Users\mmrph\OneDrive\Desktop\Intern\Kalaupapa\230824\5641.230824025931.wav,4/2/24 12:46,Other,Other,8/24/2023 7:04:59.1,8/24/2023 7:04:59.3,NA,NA,NA,NA,NA,NA,no calls 08/24 at 07:00 in first 5 min,NA,NA,2023-08-24,21.203633,-156.98395,Day
C:\Users\mmrph\OneDrive\Desktop\Intern\Kalaupapa\230824\5641.230824075254.wav,4/2/24 12:54,Other,Other,8/24/2023 9:04:58.4,8/24/2023 9:04:58.4,NA,NA,NA,NA,NA,NA,no calls 08/24 at 09:00 in first 5 min,NA,NA,2023-08-24,21.203633,-156.98395,Day
C:\Users\mmrph\OneDrive\Desktop\Intern\Kalaupapa\230824\5641.230824075254.wav,4/2/24 12:54,Other,Other,8/24/2023 10:04:58.6,8/24/2023 10:04:58.8,NA,NA,NA,NA,NA,NA,no calls 08/24 at 10:00 in first 5 min,NA,NA,2023-08-24,21.203633,-156.98395,Day
C:\Users\mmrph\OneDrive\Desktop\Intern\Kalaupapa\230824\5641.230824075254.wav,4/2/24 12:55,Other,Other,8/24/2023 11:04:58.8,8/24/2023 11:04:59.2,NA,NA,NA,NA,NA,NA,no calls 08/24 at 11:00 in first 5 min,NA,NA,2023-08-24,21.203633,-156.98395,Day
C:\Users\mmrph\OneDrive\Desktop\Intern\Kalaupapa\230824\5641.230824075254.wav,4/2/24 12:58,Other,Other,8/24/2023 12:04:58.9,8/24/2023 12:04:59.5,NA,NA,NA,NA,NA,NA,no calls 08/24 at 12:00 in first 5 min,NA,NA,2023-08-24,21.203633,-156.98395,Day
C:\Users\mmrph\OneDrive\Desktop\Intern\Kalaupapa\230824\5641.230824075254.wav,4/2/24 12:59,Other,Other,8/24/2023 13:04:58.6,8/24/2023 13:04:59.0,NA,NA,NA,NA,NA,NA,no calls 08/24 at 13:00 in first 5 min,NA,NA,2023-08-24,21.203633,-156.98395,Day
C:\Users\mmrph\OneDrive\Desktop\Intern\Kalaupapa\230824\5641.230824131954.wav,4/2/24 13:13,Other,Other,8/24/2023 14:04:59.2,8/24/2023 14:04:59.3,NA,NA,NA,NA,NA,NA,no calls 08/24 at 14:00 in first 5 min,NA,NA,2023-08-24,21.203633,-156.98395,Day
C:\Users\mmrph\OneDrive\Desktop\Intern\Kalaupapa\230824\5641.230824131954.wav,4/2/24 13:17,Other,Other,8/24/2023 15:04:58.3,8/24/2023 15:04:58.8,NA,NA,NA,NA,NA,NA,no call 08/24 at 15:00 in first 5 min,NA,NA,2023-08-24,21.203633,-156.98395,Day
C:\Users\mmrph\OneDrive\Desktop\Intern\Kalaupapa\230824\5641.230824131954.wav,4/2/24 13:19,Other,Other,8/24/2023 16:04:58.5,8/24/2023 16:04:59.1,NA,NA,NA,NA,NA,NA,no calls 08/24 at 16:00 in first 5 min,NA,NA,2023-08-24,21.203633,-156.98395,Day
C:\Users\mmrph\OneDrive\Desktop\Intern\Kalaupapa\230824\5641.230824131954.wav,4/2/24 13:25,Other,Other,8/24/2023 17:04:58.5,8/24/2023 17:04:59.0,NA,NA,NA,NA,NA,NA,no calls 08/24 at 17:00 in frist 5 min,NA,NA,2023-08-24,21.203633,-156.98395,Day
C:\Users\mmrph\OneDrive\Desktop\Intern\Kalaupapa\230824\5641.230824131954.wav,4/2/24 13:27,Other,Other,8/24/2023 18:04:59.1,8/24/2023 18:04:59.1,NA,NA,NA,NA,NA,NA,no calls 08/24 at 18:00 in first 5 min,NA,NA,2023-08-24,21.203633,-156.98395,Day
C:\Users\mmrph\OneDrive\Desktop\Intern\Kalaupapa\230824\5641.230824185737.wav,4/2/24 13:32,Other,Other,8/24/2023 19:04:59.0,8/24/2023 19:04:59.1,NA,NA,NA,NA,NA,NA,no calls 08/24 at 19:00 in first 5 min,NA,NA,2023-08-24,21.203633,-156.98395,Night
C:\Users\mmrph\OneDrive\Desktop\Intern\Kalaupapa\230824\5641.230824185737.wav,4/2/24 13:34,Other,Other,8/24/2023 20:04:59.0,8/24/2023 20:04:59.2,NA,NA,NA,NA,NA,NA,no calls 08/24 at 20:00 in first 5 min,NA,NA,2023-08-24,21.203633,-156.98395,Night
C:\Users\mmrph\OneDrive\Desktop\Intern\Kalaupapa\230824\5641.230824185737.wav,4/2/24 13:36,Other,Other,8/24/2023 21:04:58.8,8/24/2023 21:04:59.0,NA,NA,NA,NA,NA,NA,no call 08/24 at 21:00 in first 5 min,NA,NA,2023-08-24,21.203633,-156.98395,Night
C:\Users\mmrph\OneDrive\Desktop\Intern\Kalaupapa\230824\5641.230824185737.wav,4/2/24 13:40,Other,Other,8/24/2023 22:04:59.2,8/24/2023 22:04:59.2,NA,NA,NA,NA,NA,NA,no call 08/24 at 22:00 in first 5 min,NA,NA,2023-08-24,21.203633,-156.98395,Night
C:\Users\mmrph\OneDrive\Desktop\Intern\Kalaupapa\230824\5641.230824185737.wav,4/2/24 13:41,Other,Other,8/24/2023 23:04:58.5,8/24/2023 23:04:58.7,NA,NA,NA,NA,NA,NA,no calls 08/24 at 23:00 in first 5 min,NA,NA,2023-08-24,21.203633,-156.98395,Night
C:\Users\mmrph\Desktop\author's Interns\Kala_wavfiles_2023\230825\5641.230824234730.wav,4/15/24 14:32,Other,Other,8/25/2023 0:05:00.6,NA,NA,NA,NA,NA,NA,NA,no calls,NA,NA,2023-08-25,21.203633,-156.98395,Night
C:\Users\mmrph\Desktop\author's Interns\Kala_wavfiles_2023\230825\5641.230824234730.wav,4/15/24 14:43,Other,Other,8/25/2023 1:05:00.4,NA,NA,NA,NA,NA,NA,NA,no calls,NA,NA,2023-08-25,21.203633,-156.98395,Night
C:\Users\mmrph\Desktop\author's Interns\Kala_wavfiles_2023\230825\5641.230824234730.wav,4/15/24 15:02,Other,Other,8/25/2023 2:05:00.7,NA,NA,NA,NA,NA,NA,NA,no calls,NA,NA,2023-08-25,21.203633,-156.98395,Night
C:\Users\mmrph\Desktop\author's Interns\Kala_wavfiles_2023\230825\5641.230824234730.wav,4/15/24 15:03,Other,Other,8/25/2023 3:05:00.9,NA,NA,NA,NA,NA,NA,NA,no calls,NA,NA,2023-08-25,21.203633,-156.98395,Night
C:\Users\mmrph\Desktop\author's Interns\Kala_wavfiles_2023\230825\5641.230824234730.wav,4/15/24 15:03,Other,Other,8/25/2023 4:05:00.7,NA,NA,NA,NA,NA,NA,NA,no calls,NA,NA,2023-08-25,21.203633,-156.98395,Night
C:\Users\mmrph\Desktop\author's Interns\Kala_wavfiles_2023\230825\5641.230825043727.wav,4/15/24 15:04,Other,Other,8/25/2023 5:05:01.2,NA,NA,NA,NA,NA,NA,NA,no calls,NA,NA,2023-08-25,21.203633,-156.98395,Night
C:\Users\mmrph\Desktop\author's Interns\Kala_wavfiles_2023\230825\5641.230825043727.wav,4/15/24 15:06,Other,Other,8/25/2023 6:05:00.8,NA,NA,NA,NA,NA,NA,NA,no calls,NA,NA,2023-08-25,21.203633,-156.98395,Night
C:\Users\mmrph\Desktop\author's Interns\Kala_wavfiles_2023\230825\5641.230825043727.wav,4/15/24 15:06,Other,Other,8/25/2023 7:05:00.6,NA,NA,NA,NA,NA,NA,NA,no calls,NA,NA,2023-08-25,21.203633,-156.98395,Day
C:\Users\mmrph\Desktop\author's Interns\Kala_wavfiles_2023\230825\5641.230825043727.wav,4/15/24 15:09,Other,Other,8/25/2023 8:05:00.7,NA,NA,NA,NA,NA,NA,NA,no calls,NA,NA,2023-08-25,21.203633,-156.98395,Day
C:\Users\mmrph\Desktop\author's Interns\Kala_wavfiles_2023\230825\5641.230825043727.wav,4/15/24 15:10,Other,Other,8/25/2023 9:05:01.1,NA,NA,NA,NA,NA,NA,NA,no calls,NA,NA,2023-08-25,21.203633,-156.98395,Day
C:\Users\mmrph\Desktop\author's Interns\Kala_wavfiles_2023\230825\5641.230825093618.wav,4/15/24 15:12,Other,Other,8/25/2023 10:05:01.0,NA,NA,NA,NA,NA,NA,NA,no calls,NA,NA,2023-08-25,21.203633,-156.98395,Day
C:\Users\mmrph\Desktop\author's Interns\Kala_wavfiles_2023\230825\5641.230825093618.wav,4/15/24 15:13,Other,Other,8/25/2023 11:05:00.6,NA,NA,NA,NA,NA,NA,NA,no calls,NA,NA,2023-08-25,21.203633,-156.98395,Day
C:\Users\mmrph\Desktop\author's Interns\Kala_wavfiles_2023\230825\5641.230825093618.wav,4/15/24 15:14,Other,Other,8/25/2023 12:05:00.6,NA,NA,NA,NA,NA,NA,NA,no calls,NA,NA,2023-08-25,21.203633,-156.98395,Day
C:\Users\mmrph\Desktop\author's Interns\Kala_wavfiles_2023\230825\5641.230825093618.wav,4/15/24 15:15,Other,Other,8/25/2023 13:05:00.7,NA,NA,NA,NA,NA,NA,NA,no calls,NA,NA,2023-08-25,21.203633,-156.98395,Day
C:\Users\mmrph\Desktop\author's Interns\Kala_wavfiles_2023\230825\5641.230825093618.wav,4/15/24 15:16,Other,Other,8/25/2023 14:05:01.0,NA,NA,NA,NA,NA,NA,NA,no calls,NA,NA,2023-08-25,21.203633,-156.98395,Day
C:\Users\mmrph\Desktop\author's Interns\Kala_wavfiles_2023\230825\5641.230825093618.wav,4/15/24 15:17,Other,Other,8/25/2023 15:05:00.9,NA,NA,NA,NA,NA,NA,NA,no calls,NA,NA,2023-08-25,21.203633,-156.98395,Day
C:\Users\mmrph\Desktop\author's Interns\Kala_wavfiles_2023\230825\5641.230825151342.wav,4/15/24 15:18,Other,Other,8/25/2023 16:05:00.3,NA,NA,NA,NA,NA,NA,NA,no calls,NA,NA,2023-08-25,21.203633,-156.98395,Day
C:\Users\mmrph\Desktop\author's Interns\Kala_wavfiles_2023\230825\5641.230825151342.wav,4/15/24 15:18,Other,Other,8/25/2023 17:05:00.9,NA,NA,NA,NA,NA,NA,NA,no calls,NA,NA,2023-08-25,21.203633,-156.98395,Day
C:\Users\mmrph\Desktop\author's Interns\Kala_wavfiles_2023\230825\5641.230825151342.wav,4/15/24 15:20,Other,Other,8/25/2023 18:05:00.6,NA,NA,NA,NA,NA,NA,NA,no calls,NA,NA,2023-08-25,21.203633,-156.98395,Day
C:\Users\mmrph\Desktop\author's Interns\Kala_wavfiles_2023\230825\5641.230825151342.wav,4/15/24 15:20,Other,Other,8/25/2023 19:05:00.5,NA,NA,NA,NA,NA,NA,NA,no calls,NA,NA,2023-08-25,21.203633,-156.98395,Night
C:\Users\mmrph\Desktop\author's Interns\Kala_wavfiles_2023\230825\5641.230825151342.wav,4/15/24 15:23,Other,Other,8/25/2023 20:05:01.2,NA,NA,NA,NA,NA,NA,NA,no calls,NA,NA,2023-08-25,21.203633,-156.98395,Night
C:\Users\mmrph\Desktop\author's Interns\Kala_wavfiles_2023\230825\5641.230825203043.wav,4/15/24 15:23,Other,Other,8/25/2023 21:05:00.5,NA,NA,NA,NA,NA,NA,NA,no calls,NA,NA,2023-08-25,21.203633,-156.98395,Night
C:\Users\mmrph\Desktop\author's Interns\Kala_wavfiles_2023\230825\5641.230825203043.wav,4/15/24 15:25,Other,Other,8/25/2023 22:05:01.2,NA,NA,NA,NA,NA,NA,NA,no calls,NA,NA,2023-08-25,21.203633,-156.98395,Night
C:\Users\mmrph\Desktop\author's Interns\Kala_wavfiles_2023\230825\5641.230825203043.wav,4/15/24 15:25,Other,Other,8/25/2023 23:05:00.8,NA,NA,NA,NA,NA,NA,NA,no calls,NA,NA,2023-08-25,21.203633,-156.98395,Night
C:\Users\mmrph\OneDrive\Desktop\Intern\Kalaupapa\230826\5641.230825203043.wav,4/8/24 11:25,Other,Other,8/26/2023 1:04:58.4,8/26/2023 1:04:58.4,NA,NA,NA,NA,NA,NA,no calls 08/26 at 01:00 in first 5 min,NA,NA,2023-08-26,21.203633,-156.98395,Night
C:\Users\mmrph\OneDrive\Desktop\Intern\Kalaupapa\230826\5641.230826011911.wav,4/8/24 11:28,Other,Other,8/26/2023 2:04:58.9,8/26/2023 2:04:59.8,NA,NA,NA,NA,NA,NA,no calls 08/26 at 02:00 in first 5 mins,NA,NA,2023-08-26,21.203633,-156.98395,Night
C:\Users\mmrph\OneDrive\Desktop\Intern\Kalaupapa\230826\5641.230826011911.wav,4/8/24 11:30,Other,Other,8/26/2023 3:04:59.1,8/26/2023 3:04:59.1,NA,NA,NA,NA,NA,NA,no calls 08/26 at 03:00 in first 5 mins,NA,NA,2023-08-26,21.203633,-156.98395,Night
C:\Users\mmrph\OneDrive\Desktop\Intern\Kalaupapa\230826\5641.230826011911.wav,4/8/24 11:32,Other,Other,8/26/2023 4:04:59.1,8/26/2023 4:04:59.6,NA,NA,NA,NA,NA,NA,no calls 08/26 at 04:00 in first 5 mins,NA,NA,2023-08-26,21.203633,-156.98395,Night
C:\Users\mmrph\OneDrive\Desktop\Intern\Kalaupapa\230826\5641.230826011911.wav,4/8/24 11:33,Other,Other,8/26/2023 5:04:59.1,8/26/2023 5:04:59.7,NA,NA,NA,NA,NA,NA,no calls 08/26 at 05:00 in first 5 mins,NA,NA,2023-08-26,21.203633,-156.98395,Night
C:\Users\mmrph\OneDrive\Desktop\Intern\Kalaupapa\230826\5641.230826060721.wav,4/8/24 11:43,Anthro,Airplane,8/26/2023 8:00:28.8,8/26/2023 8:00:33.8,NA,NA,NA,NA,NA,NA,NA,NA,NA,2023-08-26,21.203633,-156.98395,Day
C:\Users\mmrph\OneDrive\Desktop\Intern\Kalaupapa\230826\5641.230826060721.wav,4/8/24 11:44,Other,Other,8/26/2023 8:04:58.0,8/26/2023 8:04:59.5,NA,NA,NA,NA,NA,NA,no calls 08/26 at 08:00 in first 5 mins except for the airplane,NA,NA,2023-08-26,21.203633,-156.98395,Day
C:\Users\mmrph\OneDrive\Desktop\Intern\Kalaupapa\230826\5641.230826060721.wav,4/8/24 11:45,Other,Other,8/26/2023 9:04:57.8,8/26/2023 9:04:59.5,NA,NA,NA,NA,NA,NA,no calls 08/26 at 09:00 in first 5 mins,NA,NA,2023-08-26,21.203633,-156.98395,Day
C:\Users\mmrph\OneDrive\Desktop\Intern\Kalaupapa\230826\5641.230826060721.wav,4/8/24 11:46,Other,Other,8/26/2023 10:04:58.3,8/26/2023 10:04:59.6,NA,NA,NA,NA,NA,NA,no calls 08/26 at 10:00 in first 5 mins,NA,NA,2023-08-26,21.203633,-156.98395,Day
C:\Users\mmrph\OneDrive\Desktop\Intern\Kalaupapa\230826\5641.230826060721.wav,4/8/24 11:46,Other,Other,8/26/2023 11:04:58.4,8/26/2023 11:04:59.7,NA,NA,NA,NA,NA,NA,no calls 08/26 at 11:00 in first 5 mins,NA,NA,2023-08-26,21.203633,-156.98395,Day
C:\Users\mmrph\OneDrive\Desktop\Intern\Kalaupapa\230826\5641.230826111446.wav,4/8/24 11:48,Other,Other,8/26/2023 12:04:57.6,8/26/2023 12:04:59.6,NA,NA,NA,NA,NA,NA,no calls 08/26 at 12:00 in first 5 mins,NA,NA,2023-08-26,21.203633,-156.98395,Day
C:\Users\mmrph\OneDrive\Desktop\Intern\Kalaupapa\230826\5641.230826111446.wav,4/8/24 11:49,Other,Other,8/26/2023 13:04:58.4,8/26/2023 13:04:59.6,NA,NA,NA,NA,NA,NA,no calls 08/26 at 13:00 in first 5 mins,NA,NA,2023-08-26,21.203633,-156.98395,Day
C:\Users\mmrph\OneDrive\Desktop\Intern\Kalaupapa\230826\5641.230826111446.wav,4/8/24 11:49,Other,Other,8/26/2023 14:04:58.6,8/26/2023 14:04:59.5,NA,NA,NA,NA,NA,NA,no calls 08/26 at 14:00 in first 5 mins,NA,NA,2023-08-26,21.203633,-156.98395,Day
C:\Users\mmrph\OneDrive\Desktop\Intern\Kalaupapa\230826\5641.230826111446.wav,4/8/24 11:51,Other,Other,8/26/2023 15:04:58.1,8/26/2023 15:04:59.3,NA,NA,NA,NA,NA,NA,no calls 08/26 at 15:00 in first 5 mins,NA,NA,2023-08-26,21.203633,-156.98395,Day
C:\Users\mmrph\OneDrive\Desktop\Intern\Kalaupapa\230826\5641.230826111446.wav,4/8/24 11:52,Other,Other,8/26/2023 16:04:58.6,8/26/2023 16:04:59.8,NA,NA,NA,NA,NA,NA,no calls 08/26 at 16:00 in first 5 mins,NA,NA,2023-08-26,21.203633,-156.98395,Day
C:\Users\mmrph\OneDrive\Desktop\Intern\Kalaupapa\230826\5641.230826165407.wav,4/8/24 11:54,Other,Other,8/26/2023 18:04:58.2,8/26/2023 18:04:59.6,NA,NA,NA,NA,NA,NA,no calls 08/26 at 18:00 in first 5 mins,NA,NA,2023-08-26,21.203633,-156.98395,Day
C:\Users\mmrph\OneDrive\Desktop\Intern\Kalaupapa\230826\5641.230826165407.wav,4/8/24 11:56,Other,Other,8/26/2023 19:04:58.4,8/26/2023 19:04:59.7,NA,NA,NA,NA,NA,NA,no calls 08/26 at 19:00 in first 5 mins,NA,NA,2023-08-26,21.203633,-156.98395,Night
C:\Users\mmrph\OneDrive\Desktop\Intern\Kalaupapa\230826\5641.230826165407.wav,4/8/24 11:57,Other,Other,8/26/2023 20:04:58.3,8/26/2023 20:04:59.7,NA,NA,NA,NA,NA,NA,no calls 08/26 at 20:00 in first 5 mins,NA,NA,2023-08-26,21.203633,-156.98395,Night
C:\Users\mmrph\OneDrive\Desktop\Intern\Kalaupapa\230826\5641.230826165407.wav,4/8/24 11:58,Other,Other,8/26/2023 21:04:58.4,8/26/2023 21:04:59.7,NA,NA,NA,NA,NA,NA,no calls 08/26 at 21:00 in first 5 mins,NA,NA,2023-08-26,21.203633,-156.98395,Night
C:\Users\mmrph\OneDrive\Desktop\Intern\Kalaupapa\230826\5641.230826215259.wav,4/8/24 11:59,Other,Other,8/26/2023 22:04:58.4,8/26/2023 22:04:59.7,NA,NA,NA,NA,NA,NA,no calls 08/26 at 22:00 in first 5 mins,NA,NA,2023-08-26,21.203633,-156.98395,Night
C:\Users\mmrph\OneDrive\Desktop\Intern\Kalaupapa\230826\5641.230826215259.wav,4/8/24 12:00,Other,Other,8/26/2023 23:04:58.3,8/26/2023 23:04:59.5,NA,NA,NA,NA,NA,NA,no calls 08/26 at 23:00 in first 5 mins,NA,NA,2023-08-26,21.203633,-156.98395,Night
C:\Users\mmrph\Desktop\author's Interns\Kala_wavfiles_2023\230827\5641.230826215259.wav,4/15/24 15:27,Other,Other,8/27/2023 0:05:01.6,NA,NA,NA,NA,NA,NA,NA,no calls,NA,NA,2023-08-27,21.203633,-156.98395,Night
C:\Users\mmrph\Desktop\author's Interns\Kala_wavfiles_2023\230827\5641.230826215259.wav,4/15/24 15:27,Other,Other,8/27/2023 1:05:00.7,NA,NA,NA,NA,NA,NA,NA,no calls,NA,NA,2023-08-27,21.203633,-156.98395,Night
C:\Users\mmrph\Desktop\author's Interns\Kala_wavfiles_2023\230827\5641.230826215259.wav,4/15/24 15:28,Other,Other,8/27/2023 2:05:01.1,NA,NA,NA,NA,NA,NA,NA,no calls,NA,NA,2023-08-27,21.203633,-156.98395,Night
C:\Users\mmrph\Desktop\author's Interns\Kala_wavfiles_2023\230827\5641.230827024341.wav,4/15/24 15:29,Other,Other,8/27/2023 3:05:00.7,NA,NA,NA,NA,NA,NA,NA,no calls,NA,NA,2023-08-27,21.203633,-156.98395,Night
C:\Users\mmrph\Desktop\author's Interns\Kala_wavfiles_2023\230827\5641.230827024341.wav,4/15/24 15:29,Other,Other,8/27/2023 4:05:00.8,NA,NA,NA,NA,NA,NA,NA,no calls,NA,NA,2023-08-27,21.203633,-156.98395,Night
C:\Users\mmrph\Desktop\author's Interns\Kala_wavfiles_2023\230827\5641.230827024341.wav,4/15/24 15:30,Other,Other,8/27/2023 5:05:00.4,NA,NA,NA,NA,NA,NA,NA,no calls,NA,NA,2023-08-27,21.203633,-156.98395,Night
C:\Users\mmrph\Desktop\author's Interns\Kala_wavfiles_2023\230827\5641.230827024341.wav,4/15/24 15:30,Other,Other,8/27/2023 6:05:01.4,NA,NA,NA,NA,NA,NA,NA,no calls,NA,NA,2023-08-27,21.203633,-156.98395,Night
C:\Users\mmrph\Desktop\author's Interns\Kala_wavfiles_2023\230827\5641.230827024341.wav,4/15/24 15:31,Other,Other,8/27/2023 7:05:01.0,NA,NA,NA,NA,NA,NA,NA,no calls,NA,NA,2023-08-27,21.203633,-156.98395,Day
C:\Users\mmrph\Desktop\author's Interns\Kala_wavfiles_2023\230827\5641.230827073541.wav,4/15/24 15:35,Other,Other,8/27/2023 9:05:01.1,NA,NA,NA,NA,NA,NA,NA,no calls,NA,NA,2023-08-27,21.203633,-156.98395,Day
C:\Users\mmrph\Desktop\author's Interns\Kala_wavfiles_2023\230827\5641.230827073541.wav,4/15/24 15:36,Other,Other,8/27/2023 10:05:00.7,NA,NA,NA,NA,NA,NA,NA,no calls,NA,NA,2023-08-27,21.203633,-156.98395,Day
C:\Users\mmrph\Desktop\author's Interns\Kala_wavfiles_2023\230827\5641.230827073541.wav,4/15/24 15:37,Other,Other,8/27/2023 12:05:00.5,NA,NA,NA,NA,NA,NA,NA,no calls,NA,NA,2023-08-27,21.203633,-156.98395,Day
C:\Users\mmrph\Desktop\author's Interns\Kala_wavfiles_2023\230827\5641.230827125617.wav,4/16/24 11:12,Other,Other,8/27/2023 13:01:29.3,8/27/2023 13:01:29.7,NA,NA,NA,NA,NA,NA,Maddie start analysis...fish,NA,NA,2023-08-27,21.203633,-156.98395,Day
C:\Users\mmrph\Desktop\author's Interns\Kala_wavfiles_2023\230827\5641.230827125617.wav,4/16/24 11:15,Other,Other,8/27/2023 13:05:27.3,8/27/2023 13:05:28.5,NA,NA,NA,NA,NA,NA,no calls just fish,NA,NA,2023-08-27,21.203633,-156.98395,Day
C:\Users\mmrph\Desktop\author's Interns\Kala_wavfiles_2023\230827\5641.230827125617.wav,4/16/24 11:16,Other,Other,8/27/2023 14:04:56.6,8/27/2023 14:04:58.4,NA,NA,NA,NA,NA,NA,no calls,NA,NA,2023-08-27,21.203633,-156.98395,Day
C:\Users\mmrph\Desktop\author's Interns\Kala_wavfiles_2023\230827\5641.230827125617.wav,4/16/24 11:17,Other,Other,8/27/2023 15:04:56.5,8/27/2023 15:04:58.2,NA,NA,NA,NA,NA,NA,no calls,NA,NA,2023-08-27,21.203633,-156.98395,Day
C:\Users\mmrph\Desktop\author's Interns\Kala_wavfiles_2023\230827\5641.230827125617.wav,4/16/24 11:18,Other,Other,8/27/2023 16:04:57.6,8/27/2023 16:04:59.0,NA,NA,NA,NA,NA,NA,no calls,NA,NA,2023-08-27,21.203633,-156.98395,Day
C:\Users\mmrph\Desktop\author's Interns\Kala_wavfiles_2023\230827\5641.230827125617.wav,4/16/24 11:18,Other,Other,8/27/2023 17:04:56.1,8/27/2023 17:04:58.1,NA,NA,NA,NA,NA,NA,no calls,NA,NA,2023-08-27,21.203633,-156.98395,Day
C:\Users\mmrph\Desktop\author's Interns\Kala_wavfiles_2023\230827\5641.230827125617.wav,4/16/24 11:21,Other,Other,8/27/2023 18:04:58.7,8/27/2023 18:04:59.6,NA,NA,NA,NA,NA,NA,"no calls, first few minutes start out clear, then rain or wave action progreinternively gets louder",NA,NA,2023-08-27,21.203633,-156.98395,Day
C:\Users\mmrph\Desktop\author's Interns\Kala_wavfiles_2023\230827\5641.230827183133.wav,4/16/24 11:22,Other,Other,8/27/2023 19:04:56.8,8/27/2023 19:04:58.6,NA,NA,NA,NA,NA,NA,no calls,NA,NA,2023-08-27,21.203633,-156.98395,Night
C:\Users\mmrph\Desktop\author's Interns\Kala_wavfiles_2023\230827\5641.230827183133.wav,4/16/24 11:23,Other,Other,8/27/2023 20:04:57.1,8/27/2023 20:04:58.3,NA,NA,NA,NA,NA,NA,no calls,NA,NA,2023-08-27,21.203633,-156.98395,Night
C:\Users\mmrph\Desktop\author's Interns\Kala_wavfiles_2023\230827\5641.230827183133.wav,4/16/24 11:24,Other,Other,8/27/2023 21:04:57.5,8/27/2023 21:04:59.0,NA,NA,NA,NA,NA,NA,no calls,NA,NA,2023-08-27,21.203633,-156.98395,Night
C:\Users\mmrph\Desktop\author's Interns\Kala_wavfiles_2023\230827\5641.230827183133.wav,4/16/24 11:26,Other,Other,8/27/2023 22:04:57.1,8/27/2023 22:04:58.9,NA,NA,NA,NA,NA,NA,no calls,NA,NA,2023-08-27,21.203633,-156.98395,Night
C:\Users\mmrph\Desktop\author's Interns\Kala_wavfiles_2023\230827\5641.230827183133.wav,4/16/24 11:28,Other,Other,8/27/2023 23:04:56.7,8/27/2023 23:04:58.8,NA,NA,NA,NA,NA,NA,no calls,NA,NA,2023-08-27,21.203633,-156.98395,Night
NA,NA,NA,NA,NA,NA,NA,NA,NA,NA,NA,NA,"no calls on 8/28, double checked",NA,NA,NA,NA,NA,NA
C:\Users\mmrph\Desktop\author's Interns\Kala_wavfiles_2023\230829\5641.230828194147.wav,4/16/24 11:30,Other,Other,8/29/2023 0:04:57.8,8/29/2023 0:04:58.7,NA,NA,NA,NA,NA,NA,no calls,NA,NA,2023-08-29,21.203633,-156.98395,Night
C:\Users\mmrph\Desktop\author's Interns\Kala_wavfiles_2023\230829\5641.230829002900.wav,4/16/24 11:31,Other,Other,8/29/2023 1:04:57.6,8/29/2023 1:04:59.4,NA,NA,NA,NA,NA,NA,no calls,NA,NA,2023-08-29,21.203633,-156.98395,Night
C:\Users\mmrph\Desktop\author's Interns\Kala_wavfiles_2023\230829\5641.230829002900.wav,4/16/24 11:32,Other,Other,8/29/2023 2:04:57.7,8/29/2023 2:04:59.3,NA,NA,NA,NA,NA,NA,no calls,NA,NA,2023-08-29,21.203633,-156.98395,Night
C:\Users\mmrph\Desktop\author's Interns\Kala_wavfiles_2023\230829\5641.230829002900.wav,4/16/24 11:33,Other,Other,8/29/2023 3:04:57.8,8/29/2023 3:04:59.1,NA,NA,NA,NA,NA,NA,no calls,NA,NA,2023-08-29,21.203633,-156.98395,Night
C:\Users\mmrph\Desktop\author's Interns\Kala_wavfiles_2023\230829\5641.230829002900.wav,4/16/24 11:33,Other,Other,8/29/2023 4:04:56.7,8/29/2023 4:04:59.3,NA,NA,NA,NA,NA,NA,no calls,NA,NA,2023-08-29,21.203633,-156.98395,Night
C:\Users\mmrph\Desktop\author's Interns\Kala_wavfiles_2023\230829\5641.230829002900.wav,4/16/24 11:34,Other,Other,8/29/2023 5:04:57.7,8/29/2023 5:04:58.7,NA,NA,NA,NA,NA,NA,no calls,NA,NA,2023-08-29,21.203633,-156.98395,Night
C:\Users\mmrph\Desktop\author's Interns\Kala_wavfiles_2023\230829\5641.230829051852.wav,4/16/24 11:35,Other,Other,8/29/2023 6:04:57.2,8/29/2023 6:04:58.6,NA,NA,NA,NA,NA,NA,no calls,NA,NA,2023-08-29,21.203633,-156.98395,Night
C:\Users\mmrph\Desktop\author's Interns\Kala_wavfiles_2023\230829\5641.230829051852.wav,4/16/24 11:36,Other,Other,8/29/2023 7:04:56.2,8/29/2023 7:04:57.9,NA,NA,NA,NA,NA,NA,no calls,NA,NA,2023-08-29,21.203633,-156.98395,Day
C:\Users\mmrph\Desktop\author's Interns\Kala_wavfiles_2023\230829\5641.230829051852.wav,4/16/24 11:37,Other,Other,8/29/2023 8:04:57.0,8/29/2023 8:04:58.6,NA,NA,NA,NA,NA,NA,no calls,NA,NA,2023-08-29,21.203633,-156.98395,Day
C:\Users\mmrph\Desktop\author's Interns\Kala_wavfiles_2023\230829\5641.230829051852.wav,4/16/24 11:37,Other,Other,8/29/2023 9:04:57.4,8/29/2023 9:04:59.0,NA,NA,NA,NA,NA,NA,no calls,NA,NA,2023-08-29,21.203633,-156.98395,Day
C:\Users\mmrph\Desktop\author's Interns\Kala_wavfiles_2023\230829\5641.230829051852.wav,4/16/24 11:38,Other,Other,8/29/2023 10:04:57.0,8/29/2023 10:04:58.9,NA,NA,NA,NA,NA,NA,no calls,NA,NA,2023-08-29,21.203633,-156.98395,Day
C:\Users\mmrph\Desktop\author's Interns\Kala_wavfiles_2023\230829\5641.230829102428.wav,4/16/24 11:40,Other,Other,8/29/2023 11:04:55.3,8/29/2023 11:04:58.9,NA,NA,NA,NA,NA,NA,no calls,NA,NA,2023-08-29,21.203633,-156.98395,Day
C:\Users\mmrph\Desktop\author's Interns\Kala_wavfiles_2023\230829\5641.230829102428.wav,4/16/24 11:40,Other,Other,8/29/2023 12:04:56.5,8/29/2023 12:04:59.0,NA,NA,NA,NA,NA,NA,no calls,NA,NA,2023-08-29,21.203633,-156.98395,Day
C:\Users\mmrph\Desktop\author's Interns\Kala_wavfiles_2023\230829\5641.230829102428.wav,4/16/24 11:44,Other,Other,8/29/2023 13:04:45.9,8/29/2023 13:05:03.8,NA,NA,NA,NA,NA,NA,no calls but weird horizontal line of sound near end of the five minutes,NA,NA,2023-08-29,21.203633,-156.98395,Day
C:\Users\mmrph\Desktop\author's Interns\Kala_wavfiles_2023\230829\5641.230829102428.wav,4/16/24 11:46,Other,Other,8/29/2023 14:04:57.5,8/29/2023 14:04:59.0,NA,NA,NA,NA,NA,NA,no calls,NA,NA,2023-08-29,21.203633,-156.98395,Day
C:\Users\mmrph\Desktop\author's Interns\Kala_wavfiles_2023\230829\5641.230829102428.wav,4/16/24 11:48,Other,Other,8/29/2023 15:04:57.0,8/29/2023 15:04:58.2,NA,NA,NA,NA,NA,NA,no calls,NA,NA,2023-08-29,21.203633,-156.98395,Day
C:\Users\mmrph\Desktop\author's Interns\Kala_wavfiles_2023\230829\5641.230829160030.wav,4/16/24 11:49,Other,Other,8/29/2023 16:04:56.9,8/29/2023 16:04:59.1,NA,NA,NA,NA,NA,NA,no calls,NA,NA,2023-08-29,21.203633,-156.98395,Day
C:\Users\mmrph\Desktop\author's Interns\Kala_wavfiles_2023\230829\5641.230829160030.wav,4/16/24 11:49,Other,Other,8/29/2023 17:04:56.2,8/29/2023 17:04:58.8,NA,NA,NA,NA,NA,NA,no calls,NA,NA,2023-08-29,21.203633,-156.98395,Day
C:\Users\mmrph\Desktop\author's Interns\Kala_wavfiles_2023\230829\5641.230829160030.wav,4/16/24 11:50,Other,Other,8/29/2023 18:04:57.0,8/29/2023 18:04:59.1,NA,NA,NA,NA,NA,NA,no calls,NA,NA,2023-08-29,21.203633,-156.98395,Day
C:\Users\mmrph\Desktop\author's Interns\Kala_wavfiles_2023\230829\5641.230829160030.wav,4/16/24 11:52,Other,Other,8/29/2023 19:04:56.2,8/29/2023 19:04:58.6,NA,NA,NA,NA,NA,NA,no calls,NA,NA,2023-08-29,21.203633,-156.98395,Night
C:\Users\mmrph\Desktop\author's Interns\Kala_wavfiles_2023\230829\5641.230829160030.wav,4/16/24 11:54,Other,Other,8/29/2023 20:04:57.3,8/29/2023 20:04:59.0,NA,NA,NA,NA,NA,NA,no calls,NA,NA,2023-08-29,21.203633,-156.98395,Night
C:\Users\mmrph\Desktop\author's Interns\Kala_wavfiles_2023\230829\5641.230829160030.wav,4/16/24 12:12,Other,Other,8/29/2023 21:04:55.9,8/29/2023 21:04:59.3,NA,NA,NA,NA,NA,NA,no calls,NA,NA,2023-08-29,21.203633,-156.98395,Night
C:\Users\mmrph\Desktop\author's Interns\Kala_wavfiles_2023\230829\5641.230829210757.wav,4/16/24 12:13,Other,Other,8/29/2023 22:04:56.5,8/29/2023 22:04:58.5,NA,NA,NA,NA,NA,NA,no calls,NA,NA,2023-08-29,21.203633,-156.98395,Night
C:\Users\mmrph\Desktop\author's Interns\Kala_wavfiles_2023\230829\5641.230829210757.wav,4/16/24 12:13,Other,Other,8/29/2023 23:04:56.4,8/29/2023 23:04:59.2,NA,NA,NA,NA,NA,NA,no calls,NA,NA,2023-08-29,21.203633,-156.98395,Night
C:\Users\mmrph\OneDrive\Desktop\Intern\Kalaupapa\230831\5641.230830225622.wav,4/8/24 12:01,Other,Other,8/31/2023 0:04:58.2,8/31/2023 0:04:59.7,NA,NA,NA,NA,NA,NA,no calls 08/31 at 00:00 in first 5 mins,NA,NA,2023-08-31,21.203633,-156.98395,Night
C:\Users\mmrph\OneDrive\Desktop\Intern\Kalaupapa\230831\5641.230830225622.wav,4/8/24 12:02,Other,Other,8/31/2023 1:04:58.2,8/31/2023 1:04:59.7,NA,NA,NA,NA,NA,NA,no calls 08/31 at 01:00 in first 5 mins,NA,NA,2023-08-31,21.203633,-156.98395,Night
C:\Users\mmrph\OneDrive\Desktop\Intern\Kalaupapa\230831\5641.230830225622.wav,4/8/24 12:03,Other,Other,8/31/2023 2:04:58.2,8/31/2023 2:04:59.4,NA,NA,NA,NA,NA,NA,no calls 08/31 at 02:00 in first 5 mins,NA,NA,2023-08-31,21.203633,-156.98395,Night
C:\Users\mmrph\OneDrive\Desktop\Intern\Kalaupapa\230831\5641.230830225622.wav,4/8/24 12:04,Other,Other,8/31/2023 3:04:58.4,8/31/2023 3:04:59.5,NA,NA,NA,NA,NA,NA,no calls 08/31 at 03:00 in first 5 mins,NA,NA,2023-08-31,21.203633,-156.98395,Night
C:\Users\mmrph\OneDrive\Desktop\Intern\Kalaupapa\230831\5641.230831035142.wav,4/8/24 12:06,Other,Other,8/31/2023 4:04:58.7,8/31/2023 4:04:59.6,NA,NA,NA,NA,NA,NA,no calls 08/31 at 04:00 in first 5 mins,NA,NA,2023-08-31,21.203633,-156.98395,Night
C:\Users\mmrph\OneDrive\Desktop\Intern\Kalaupapa\230831\5641.230831035142.wav,4/8/24 12:07,Other,Other,8/31/2023 5:04:58.5,8/31/2023 5:04:59.6,NA,NA,NA,NA,NA,NA,no calls 08/31 at 05:00 in first 5 mins,NA,NA,2023-08-31,21.203633,-156.98395,Night
C:\Users\mmrph\OneDrive\Desktop\Intern\Kalaupapa\230831\5641.230831035142.wav,4/8/24 13:01,Other,Other,8/31/2023 7:04:58.9,8/31/2023 7:04:59.6,NA,NA,NA,NA,NA,NA,no calls 08/31 at 07:00 in first 5 mins,NA,NA,2023-08-31,21.203633,-156.98395,Day
C:\Users\mmrph\OneDrive\Desktop\Intern\Kalaupapa\230831\5641.230831035142.wav,4/8/24 13:03,Other,Other,8/31/2023 8:04:58.7,8/31/2023 8:04:59.7,NA,NA,NA,NA,NA,NA,no calls 08/31 at 08:00 in first 5 mins,NA,NA,2023-08-31,21.203633,-156.98395,Day
C:\Users\mmrph\OneDrive\Desktop\Intern\Kalaupapa\230831\5641.230831085050.wav,4/8/24 13:04,Other,Other,8/31/2023 9:04:58.9,8/31/2023 9:04:59.6,NA,NA,NA,NA,NA,NA,no calls 08/31 at 09:00 in first 5 mins,NA,NA,2023-08-31,21.203633,-156.98395,Day
C:\Users\mmrph\OneDrive\Desktop\Intern\Kalaupapa\230831\5641.230831085050.wav,4/8/24 13:05,Other,Other,8/31/2023 10:04:58.3,8/31/2023 10:04:59.6,NA,NA,NA,NA,NA,NA,no calls 08/31 at 10:00 in first 5 mins,NA,NA,2023-08-31,21.203633,-156.98395,Day
C:\Users\mmrph\OneDrive\Desktop\Intern\Kalaupapa\230831\5641.230831085050.wav,4/8/24 13:06,Other,Other,8/31/2023 11:04:58.6,8/31/2023 11:04:59.7,NA,NA,NA,NA,NA,NA,no calls 08/31 at 11:00 in first 5 mins,NA,NA,2023-08-31,21.203633,-156.98395,Day
C:\Users\mmrph\OneDrive\Desktop\Intern\Kalaupapa\230831\5641.230831085050.wav,4/8/24 13:09,Other,Other,8/31/2023 13:04:58.3,8/31/2023 13:04:59.6,NA,NA,NA,NA,NA,NA,no calls 08/31 at 13:00 in first 5 mins,NA,NA,2023-08-31,21.203633,-156.98395,Day
C:\Users\mmrph\OneDrive\Desktop\Intern\Kalaupapa\230831\5641.230831085050.wav,4/8/24 13:10,Other,Other,8/31/2023 14:04:58.8,8/31/2023 14:04:59.7,NA,NA,NA,NA,NA,NA,no calls 08/31 at 14:00 in first 5 mins,NA,NA,2023-08-31,21.203633,-156.98395,Day
C:\Users\mmrph\OneDrive\Desktop\Intern\Kalaupapa\230831\5641.230831141734.wav,4/8/24 13:12,Other,Other,8/31/2023 15:04:58.7,8/31/2023 15:04:59.7,NA,NA,NA,NA,NA,NA,no calls 08/31 at 15:00 in first 5 mins,NA,NA,2023-08-31,21.203633,-156.98395,Day
C:\Users\mmrph\OneDrive\Desktop\Intern\Kalaupapa\230831\5641.230831141734.wav,4/8/24 13:12,Other,Other,8/31/2023 16:04:58.6,8/31/2023 16:04:59.8,NA,NA,NA,NA,NA,NA,no calls 08/31 at 16:00 in first 5 mins,NA,NA,2023-08-31,21.203633,-156.98395,Day
C:\Users\mmrph\OneDrive\Desktop\Intern\Kalaupapa\230831\5641.230831141734.wav,4/8/24 13:14,Other,Other,8/31/2023 17:04:58.3,8/31/2023 17:04:59.6,NA,NA,NA,NA,NA,NA,no calls 08/31 at 17:00 in first 5 mins,NA,NA,2023-08-31,21.203633,-156.98395,Day
C:\Users\mmrph\OneDrive\Desktop\Intern\Kalaupapa\230831\5641.230831141734.wav,4/8/24 13:16,Other,Other,8/31/2023 18:04:58.2,8/31/2023 18:04:59.6,NA,NA,NA,NA,NA,NA,no calls 08/31 at 18:00 in first 5 mins,NA,NA,2023-08-31,21.203633,-156.98395,Day
C:\Users\mmrph\OneDrive\Desktop\Intern\Kalaupapa\230831\5641.230831141734.wav,4/8/24 13:21,Other,Other,8/31/2023 19:04:58.5,8/31/2023 19:04:59.6,NA,NA,NA,NA,NA,NA,no calls 08/31 at 19:00 in first 5 mins,NA,NA,2023-08-31,21.203633,-156.98395,Night
C:\Users\mmrph\OneDrive\Desktop\Intern\Kalaupapa\230831\5641.230831194307.wav,4/8/24 13:23,Other,Other,8/31/2023 20:04:58.9,8/31/2023 20:04:59.8,NA,NA,NA,NA,NA,NA,no calls 08/31 at 20:00 in first 5 mins,NA,NA,2023-08-31,21.203633,-156.98395,Night
C:\Users\mmrph\OneDrive\Desktop\Intern\Kalaupapa\230831\5641.230831194307.wav,4/8/24 13:23,Other,Other,8/31/2023 21:04:58.5,8/31/2023 21:04:59.7,NA,NA,NA,NA,NA,NA,no calls 08/31 at 21:00 in first 5 mins,NA,NA,2023-08-31,21.203633,-156.98395,Night
C:\Users\mmrph\OneDrive\Desktop\Intern\Kalaupapa\230831\5641.230831194307.wav,4/8/24 13:24,Other,Other,8/31/2023 22:04:58.5,8/31/2023 22:04:59.6,NA,NA,NA,NA,NA,NA,no calls 08/31 at 22:00 in first 5 mins,NA,NA,2023-08-31,21.203633,-156.98395,Night
C:\Users\mmrph\OneDrive\Desktop\Intern\Kalaupapa\230831\5641.230831194307.wav,4/8/24 13:25,Other,Other,8/31/2023 23:04:58.6,8/31/2023 23:04:59.7,NA,NA,NA,NA,NA,NA,no calls 08/31 at 23:00 in first 5 mins,NA,NA,2023-08-31,21.203633,-156.98395,Night
C:\Users\mmrph\OneDrive\Desktop\Intern\Kalaupapa\230831\5641.230831194307.wav,4/8/24 13:29,Other,Other,8/31/2023 23:04:58.9,8/31/2023 23:04:59.6,NA,NA,NA,NA,NA,NA,intern end analysis,NA,NA,2023-08-31,21.203633,-156.98395,Night
C:\Users\mmrph\OneDrive\Desktop\Intern\Kalaupapa\230901\5641.230831194307.wav,4/8/24 14:00,Other,Other,9/1/2023 0:04:58.5,9/1/2023 0:04:59.7,NA,NA,NA,NA,NA,NA,no calls 09/01 at 00:00 in first 5 mins; intern start analysis,NA,NA,2023-09-01,21.203633,-156.98395,Night
C:\Users\mmrph\OneDrive\Desktop\Intern\Kalaupapa\230901\5641.230901003236.wav,4/8/24 14:02,Other,Other,9/1/2023 1:04:58.9,9/1/2023 1:04:59.7,NA,NA,NA,NA,NA,NA,no calls 09/01 at 01:00 in first 5 mins,NA,NA,2023-09-01,21.203633,-156.98395,Night
C:\Users\mmrph\OneDrive\Desktop\Intern\Kalaupapa\230901\5641.230901003236.wav,4/8/24 14:03,Other,Other,9/1/2023 2:04:58.7,9/1/2023 2:04:59.7,NA,NA,NA,NA,NA,NA,no calls 09/01 at 02:00 in first 5 mins,NA,NA,2023-09-01,21.203633,-156.98395,Night
C:\Users\mmrph\OneDrive\Desktop\Intern\Kalaupapa\230901\5641.230901003236.wav,4/8/24 14:04,Other,Other,9/1/2023 3:04:59.1,9/1/2023 3:04:59.6,NA,NA,NA,NA,NA,NA,no calls 09/01 at 03:00 in first 5 mins,NA,NA,2023-09-01,21.203633,-156.98395,Night
C:\Users\mmrph\OneDrive\Desktop\Intern\Kalaupapa\230901\5641.230901003236.wav,4/8/24 14:05,Other,Other,9/1/2023 4:04:58.5,9/1/2023 4:04:59.7,NA,NA,NA,NA,NA,NA,no calls 09/01 at 04:00 in first 5 mins,NA,NA,2023-09-01,21.203633,-156.98395,Night
C:\Users\mmrph\OneDrive\Desktop\Intern\Kalaupapa\230901\5641.230901003236.wav,4/8/24 14:06,Other,Other,9/1/2023 5:04:58.5,9/1/2023 5:04:59.6,NA,NA,NA,NA,NA,NA,no calls 09/01 at 05:00 in first 5 mins,NA,NA,2023-09-01,21.203633,-156.98395,Night
C:\Users\mmrph\OneDrive\Desktop\Intern\Kalaupapa\230901\5641.230901052453.wav,4/8/24 14:08,Other,Other,9/1/2023 6:04:58.6,9/1/2023 6:04:59.6,NA,NA,NA,NA,NA,NA,no calls 09/01 at 06:00 in first 5 mins,NA,NA,2023-09-01,21.203633,-156.98395,Night
C:\Users\mmrph\OneDrive\Desktop\Intern\Kalaupapa\230901\5641.230901052453.wav,4/8/24 14:09,Other,Other,9/1/2023 7:04:58.4,9/1/2023 7:04:59.7,NA,NA,NA,NA,NA,NA,no calls 09/01 at 07:00 in first 5 mins,NA,NA,2023-09-01,21.203633,-156.98395,Day
C:\Users\mmrph\OneDrive\Desktop\Intern\Kalaupapa\230901\5641.230901052453.wav,4/8/24 14:09,Other,Other,9/1/2023 8:04:58.7,9/1/2023 8:04:59.8,NA,NA,NA,NA,NA,NA,no calls 09/01 at 08:00 in first 5 mins,NA,NA,2023-09-01,21.203633,-156.98395,Day
C:\Users\mmrph\OneDrive\Desktop\Intern\Kalaupapa\230901\5641.230901103036.wav,4/8/24 14:17,Other,Other,9/1/2023 11:04:58.6,9/1/2023 11:04:59.6,NA,NA,NA,NA,NA,NA,no calls 09/01 at 11:00 in first 5 mins,NA,NA,2023-09-01,21.203633,-156.98395,Day
C:\Users\mmrph\OneDrive\Desktop\Intern\Kalaupapa\230901\5641.230901103036.wav,4/8/24 14:18,Other,Other,9/1/2023 12:04:58.7,9/1/2023 12:04:59.7,NA,NA,NA,NA,NA,NA,no calls 09/01 at 12:00 in first 5 mins,NA,NA,2023-09-01,21.203633,-156.98395,Day
C:\Users\mmrph\OneDrive\Desktop\Intern\Kalaupapa\230901\5641.230901103036.wav,4/8/24 14:19,Other,Other,9/1/2023 13:04:58.4,9/1/2023 13:04:59.4,NA,NA,NA,NA,NA,NA,no calls 09/01 at 13:00 in first 5 mins,NA,NA,2023-09-01,21.203633,-156.98395,Day
C:\Users\mmrph\OneDrive\Desktop\Intern\Kalaupapa\230901\5641.230901103036.wav,4/8/24 14:20,Other,Other,9/1/2023 14:04:58.7,9/1/2023 14:04:59.5,NA,NA,NA,NA,NA,NA,no calls 09/01 at 14:00 in first 5 mins,NA,NA,2023-09-01,21.203633,-156.98395,Day
C:\Users\mmrph\OneDrive\Desktop\Intern\Kalaupapa\230901\5641.230901103036.wav,4/8/24 14:21,Anthro,Airplane,9/1/2023 15:00:29.3,9/1/2023 15:00:32.8,NA,NA,NA,NA,NA,NA,NA,NA,NA,2023-09-01,21.203633,-156.98395,Day
C:\Users\mmrph\OneDrive\Desktop\Intern\Kalaupapa\230901\5641.230901103036.wav,4/8/24 14:24,Other,Other,9/1/2023 16:04:58.6,9/1/2023 16:04:59.6,NA,NA,NA,NA,NA,NA,no calls 09/01 at 16:00 in first 5 mins,NA,NA,2023-09-01,21.203633,-156.98395,Day
C:\Users\mmrph\OneDrive\Desktop\Intern\Kalaupapa\230901\5641.230901161103.wav,4/8/24 14:31,Anthro,Airplane,9/1/2023 18:03:13.7,9/1/2023 18:03:18.6,NA,NA,NA,NA,NA,NA,NA,NA,NA,2023-09-01,21.203633,-156.98395,Day
C:\Users\mmrph\OneDrive\Desktop\Intern\Kalaupapa\230901\5641.230901161103.wav,4/8/24 14:36,Other,Other,9/1/2023 20:04:59.0,9/1/2023 20:04:59.7,NA,NA,NA,NA,NA,NA,no calls 09/01 at 20:00 in first 5 mins,NA,NA,2023-09-01,21.203633,-156.98395,Night
C:\Users\mmrph\OneDrive\Desktop\Intern\Kalaupapa\230901\5641.230901161103.wav,4/8/24 14:38,Other,Other,9/1/2023 21:04:58.6,9/1/2023 21:04:59.6,NA,NA,NA,NA,NA,NA,no calls 09/01 at 21:00 in first 5 mins,NA,NA,2023-09-01,21.203633,-156.98395,Night
C:\Users\mmrph\OneDrive\Desktop\Intern\Kalaupapa\230901\5641.230901211908.wav,4/8/24 14:39,Other,Other,9/1/2023 22:04:58.9,9/1/2023 22:04:59.6,NA,NA,NA,NA,NA,NA,no calls 09/01 at 22:00 in first 5 mins,NA,NA,2023-09-01,21.203633,-156.98395,Night
C:\Users\mmrph\OneDrive\Desktop\Intern\Kalaupapa\230901\5641.230901211908.wav,4/8/24 14:40,Other,Other,9/1/2023 23:04:58.8,9/1/2023 23:04:59.7,NA,NA,NA,NA,NA,NA,no calls 09/01 at 23:00 in first 5 mins,NA,NA,2023-09-01,21.203633,-156.98395,Night
C:\Users\mmrph\OneDrive\Desktop\Intern\Kalaupapa\230903\5641.230902224743.wav,4/8/24 14:41,Other,Other,9/3/2023 0:04:58.9,9/3/2023 0:04:59.8,NA,NA,NA,NA,NA,NA,no calls 09/03 at 00:00 in first 5 mins,NA,NA,2023-09-03,21.203633,-156.98395,Night
C:\Users\mmrph\OneDrive\Desktop\Intern\Kalaupapa\230903\5641.230902224743.wav,4/8/24 14:42,Other,Other,9/3/2023 1:04:58.8,9/3/2023 1:04:59.7,NA,NA,NA,NA,NA,NA,no calls 09/03 at 01:00 in first 5 mins,NA,NA,2023-09-03,21.203633,-156.98395,Night
C:\Users\mmrph\OneDrive\Desktop\Intern\Kalaupapa\230903\5641.230902224743.wav,4/8/24 14:43,Other,Other,9/3/2023 2:04:58.6,9/3/2023 2:04:59.6,NA,NA,NA,NA,NA,NA,no calls 09/03 at 02:00 in first 5 mins,NA,NA,2023-09-03,21.203633,-156.98395,Night
C:\Users\mmrph\OneDrive\Desktop\Intern\Kalaupapa\230903\5641.230902224743.wav,4/8/24 14:44,Other,Other,9/3/2023 3:04:58.6,9/3/2023 3:04:59.7,NA,NA,NA,NA,NA,NA,no calls 09/03 at 03:00 in first 5 mins,NA,NA,2023-09-03,21.203633,-156.98395,Night
C:\Users\mmrph\OneDrive\Desktop\Intern\Kalaupapa\230903\5641.230903033636.wav,4/8/24 14:47,Other,Other,9/3/2023 4:04:58.7,9/3/2023 4:04:59.5,NA,NA,NA,NA,NA,NA,no calls 09/03 at 04:00 in first 5 mins; intern ending analysis,NA,NA,2023-09-03,21.203633,-156.98395,Night
C:\Users\mmrph\OneDrive\Desktop\Intern\Kalaupapa\230903\5641.230903033636.wav,4/9/24 10:26,Other,Other,9/3/2023 5:04:58.3,9/3/2023 5:04:58.7,NA,NA,NA,NA,NA,NA,no calls on 09/03 at 05:00 in first 5 min- intern start analysis,NA,NA,2023-09-03,21.203633,-156.98395,Night
C:\Users\mmrph\OneDrive\Desktop\Intern\Kalaupapa\230903\5641.230903033636.wav,4/9/24 11:03,Other,Other,9/3/2023 7:04:58.5,9/3/2023 7:04:59.1,NA,NA,NA,NA,NA,NA,no calls 09/03 at 07:00 in first 5 min,NA,NA,2023-09-03,21.203633,-156.98395,Day
C:\Users\mmrph\OneDrive\Desktop\Intern\Kalaupapa\230903\5641.230903033636.wav,4/9/24 11:08,Other,Other,9/3/2023 8:04:58.5,9/3/2023 8:04:58.7,NA,NA,NA,NA,NA,NA,no calls 09/03 at 08:00 in first 5 min,NA,NA,2023-09-03,21.203633,-156.98395,Day
C:\Users\mmrph\OneDrive\Desktop\Intern\Kalaupapa\230903\5641.230903083150.wav,4/9/24 11:26,Other,Other,9/3/2023 9:04:58.5,9/3/2023 9:04:58.9,NA,NA,NA,NA,NA,NA,no calls 09/03 at 09:00 in first 5 min,NA,NA,2023-09-03,21.203633,-156.98395,Day
C:\Users\mmrph\OneDrive\Desktop\Intern\Kalaupapa\230903\5641.230903083150.wav,4/9/24 11:29,Other,Other,9/3/2023 10:04:58.7,9/3/2023 10:04:59.4,NA,NA,NA,NA,NA,NA,no calls 09/03 at 10:00 in first 5 min,NA,NA,2023-09-03,21.203633,-156.98395,Day
C:\Users\mmrph\OneDrive\Desktop\Intern\Kalaupapa\230903\5641.230903083150.wav,4/9/24 11:31,Other,Other,9/3/2023 11:04:58.7,9/3/2023 11:04:58.7,NA,NA,NA,NA,NA,NA,no calls 09/03 at 11:00 in first 5 min,NA,NA,2023-09-03,21.203633,-156.98395,Day
C:\Users\mmrph\OneDrive\Desktop\Intern\Kalaupapa\230903\5641.230903083150.wav,4/9/24 11:32,Anthro,Ship/Other,9/3/2023 12:00:44.8,9/3/2023 12:00:50.1,NA,NA,NA,NA,NA,NA,I am pretty sure this is just the water but it could maybe be boat motor,NA,NA,2023-09-03,21.203633,-156.98395,Day
C:\Users\mmrph\OneDrive\Desktop\Intern\Kalaupapa\230903\5641.230903083150.wav,4/9/24 11:34,Anthro,Ship/Other,9/3/2023 12:01:17.9,9/3/2023 12:01:29.5,NA,NA,NA,NA,NA,NA,same comment as previous log,NA,NA,2023-09-03,21.203633,-156.98395,Day
C:\Users\mmrph\OneDrive\Desktop\Intern\Kalaupapa\230903\5641.230903083150.wav,4/9/24 11:35,Other,Other,9/3/2023 13:04:59.1,9/3/2023 13:04:59.3,NA,NA,NA,NA,NA,NA,no calls 09/03 at 13:00 in first 5 min,NA,NA,2023-09-03,21.203633,-156.98395,Day
C:\Users\mmrph\OneDrive\Desktop\Intern\Kalaupapa\230903\5641.230903135447.wav,4/9/24 11:39,Other,Other,9/3/2023 14:04:58.9,9/3/2023 14:04:59.4,NA,NA,NA,NA,NA,NA,no calls 09/03 at 14:00 in first 5 min,NA,NA,2023-09-03,21.203633,-156.98395,Day
C:\Users\mmrph\OneDrive\Desktop\Intern\Kalaupapa\230903\5641.230903135447.wav,4/9/24 11:48,Other,Other,9/3/2023 15:04:58.3,9/3/2023 15:04:59.0,NA,NA,NA,NA,NA,NA,no calls 09/03 at 15:00 in first 5 min,NA,NA,2023-09-03,21.203633,-156.98395,Day
C:\Users\mmrph\OneDrive\Desktop\Intern\Kalaupapa\230903\5641.230903135447.wav,4/9/24 11:51,Anthro,Airplane,9/3/2023 16:01:52.6,9/3/2023 16:01:58.0,NA,NA,NA,NA,NA,NA,NA,NA,NA,2023-09-03,21.203633,-156.98395,Day
C:\Users\mmrph\OneDrive\Desktop\Intern\Kalaupapa\230903\5641.230903135447.wav,4/9/24 11:55,Other,Other,9/3/2023 17:03:20.3,9/3/2023 17:03:20.7,NA,NA,NA,NA,NA,NA,interesting and deep fish noise- there are others around it. worth checking out ?,NA,NA,2023-09-03,21.203633,-156.98395,Day
C:\Users\mmrph\OneDrive\Desktop\Intern\Kalaupapa\230903\5641.230903135447.wav,4/9/24 11:57,Other,Other,9/3/2023 18:04:58.8,9/3/2023 18:04:59.2,NA,NA,NA,NA,NA,NA,no calls 09/03 at 18:00 in first 5 min,NA,NA,2023-09-03,21.203633,-156.98395,Day
C:\Users\mmrph\OneDrive\Desktop\Intern\Kalaupapa\230903\5641.230903135447.wav,4/9/24 11:59,Other,Other,9/3/2023 19:04:58.2,9/3/2023 19:04:58.8,NA,NA,NA,NA,NA,NA,no calls 09/03 at 19:00 in first 5 min- but there is a constant rumbling sound for the entirie 5 min,NA,NA,2023-09-03,21.203633,-156.98395,Night
C:\Users\mmrph\OneDrive\Desktop\Intern\Kalaupapa\230903\5641.230903191612.wav,4/9/24 12:14,Other,Other,9/3/2023 20:04:58.5,9/3/2023 20:04:58.7,NA,NA,NA,NA,NA,NA,no calls 09/03 at 20:00 in first 5 min,NA,NA,2023-09-03,21.203633,-156.98395,Night
C:\Users\mmrph\OneDrive\Desktop\Intern\Kalaupapa\230903\5641.230903191612.wav,4/9/24 12:15,Other,Other,9/3/2023 21:04:58.5,9/3/2023 21:04:59.4,NA,NA,NA,NA,NA,NA,no calls 09/03 at 21:00 in first 5 min,NA,NA,2023-09-03,21.203633,-156.98395,Night
C:\Users\mmrph\OneDrive\Desktop\Intern\Kalaupapa\230903\5641.230903191612.wav,4/9/24 12:18,Other,Other,9/3/2023 22:04:58.5,9/3/2023 22:04:59.2,NA,NA,NA,NA,NA,NA,no calls 09/03 at 22:00 in first 5 min,NA,NA,2023-09-03,21.203633,-156.98395,Night
C:\Users\mmrph\OneDrive\Desktop\Intern\Kalaupapa\230903\5641.230903191612.wav,4/9/24 13:13,Other,Other,9/3/2023 23:04:58.9,9/3/2023 23:04:59.4,NA,NA,NA,NA,NA,NA,no calls 09/03 at 23:00 in first 5 min,NA,NA,2023-09-03,21.203633,-156.98395,Night
C:\Users\mmrph\OneDrive\Desktop\Intern\Kalaupapa\230906\5641.230905215720.wav,4/9/24 13:18,Other,Other,9/6/2023 0:04:58.8,9/6/2023 0:04:59.5,NA,NA,NA,NA,NA,NA,no calls 09/06 00:00 in first 5 min,NA,NA,2023-09-06,21.203633,-156.98395,Night
C:\Users\mmrph\OneDrive\Desktop\Intern\Kalaupapa\230906\5641.230905215720.wav,4/9/24 13:19,Other,Other,9/6/2023 1:04:58.5,9/6/2023 1:04:59.2,NA,NA,NA,NA,NA,NA,no calls 09/06 01:00 in first 5 min,NA,NA,2023-09-06,21.203633,-156.98395,Night
C:\Users\mmrph\OneDrive\Desktop\Intern\Kalaupapa\230906\5641.230905215720.wav,4/9/24 13:19,Other,Other,9/6/2023 2:04:58.8,9/6/2023 2:04:59.0,NA,NA,NA,NA,NA,NA,no calls 09/06 02:00 in first 5 min,NA,NA,2023-09-06,21.203633,-156.98395,Night
C:\Users\mmrph\OneDrive\Desktop\Intern\Kalaupapa\230906\5641.230906024530.wav,4/9/24 13:21,Other,Other,9/6/2023 3:04:57.2,9/6/2023 3:04:57.5,NA,NA,NA,NA,NA,NA,no calls 09/06 03:00 in first 5 min,NA,NA,2023-09-06,21.203633,-156.98395,Night
C:\Users\mmrph\OneDrive\Desktop\Intern\Kalaupapa\230906\5641.230906024530.wav,4/9/24 13:21,Other,Other,9/6/2023 4:04:58.3,9/6/2023 4:04:58.5,NA,NA,NA,NA,NA,NA,no calls 09/06 04:00 in first 5 min,NA,NA,2023-09-06,21.203633,-156.98395,Night
C:\Users\mmrph\OneDrive\Desktop\Intern\Kalaupapa\230906\5641.230906024530.wav,4/9/24 13:22,Other,Other,9/6/2023 5:04:58.6,9/6/2023 5:04:58.8,NA,NA,NA,NA,NA,NA,no calls 09/06 05:00 in first 5 min,NA,NA,2023-09-06,21.203633,-156.98395,Night
C:\Users\mmrph\OneDrive\Desktop\Intern\Kalaupapa\230906\5641.230906024530.wav,4/9/24 13:22,Other,Other,9/6/2023 6:04:58.2,9/6/2023 6:04:58.8,NA,NA,NA,NA,NA,NA,no calls 09/06 06:00 in first 5 min,NA,NA,2023-09-06,21.203633,-156.98395,Night
C:\Users\mmrph\OneDrive\Desktop\Intern\Kalaupapa\230906\5641.230906024530.wav,4/9/24 13:23,Other,Other,9/6/2023 7:04:58.1,9/6/2023 7:04:58.7,NA,NA,NA,NA,NA,NA,no calls 09/06 07:00 in first 5 min- intern end analysis,NA,NA,2023-09-06,21.203633,-156.98395,Day
C:\Users\mmrph\OneDrive\Desktop\Intern\Kalaupapa\230906\5641.230906073818.wav,4/15/24 10:58,Other,Other,9/6/2023 8:04:58.8,9/6/2023 8:04:59.6,NA,NA,NA,NA,NA,NA,no calls 09/06 at 08:00 in first 5 mins; intern start analysis,NA,NA,2023-09-06,21.203633,-156.98395,Day
C:\Users\mmrph\OneDrive\Desktop\Intern\Kalaupapa\230906\5641.230906073818.wav,4/15/24 10:59,Other,Other,9/6/2023 9:04:58.8,9/6/2023 9:04:59.7,NA,NA,NA,NA,NA,NA,no calls 09/06 at 09:00 in first 5 mins,NA,NA,2023-09-06,21.203633,-156.98395,Day
C:\Users\mmrph\OneDrive\Desktop\Intern\Kalaupapa\230906\5641.230906073818.wav,4/15/24 11:00,Other,Other,9/6/2023 10:04:58.6,9/6/2023 10:04:59.6,NA,NA,NA,NA,NA,NA,no calls 09/06 at 10:00 in first 5 mins,NA,NA,2023-09-06,21.203633,-156.98395,Day
C:\Users\mmrph\OneDrive\Desktop\Intern\Kalaupapa\230906\5641.230906073818.wav,4/15/24 11:01,Other,Other,9/6/2023 11:04:58.2,9/6/2023 11:04:59.6,NA,NA,NA,NA,NA,NA,no calls 09/06 at 11:00 in first 5 mins,NA,NA,2023-09-06,21.203633,-156.98395,Day
C:\Users\mmrph\OneDrive\Desktop\Intern\Kalaupapa\230906\5641.230906073818.wav,4/15/24 11:03,Other,Other,9/6/2023 12:04:58.8,9/6/2023 12:04:59.7,NA,NA,NA,NA,NA,NA,no calls 09/06 at 12:00 in first 5 mins,NA,NA,2023-09-06,21.203633,-156.98395,Day
C:\Users\mmrph\OneDrive\Desktop\Intern\Kalaupapa\230906\5641.230906130207.wav,4/15/24 11:07,Other,Other,9/6/2023 14:04:58.2,9/6/2023 14:04:59.7,NA,NA,NA,NA,NA,NA,no calls 09/06 at 14:00 in first 5 mins,NA,NA,2023-09-06,21.203633,-156.98395,Day
C:\Users\mmrph\OneDrive\Desktop\Intern\Kalaupapa\230906\5641.230906130207.wav,4/15/24 11:09,Other,Other,9/6/2023 16:04:58.5,9/6/2023 16:04:59.7,NA,NA,NA,NA,NA,NA,no calls 09/-6 at 16:00 in first 5 mins,NA,NA,2023-09-06,21.203633,-156.98395,Day
C:\Users\mmrph\OneDrive\Desktop\Intern\Kalaupapa\230906\5641.230906183538.wav,4/15/24 11:23,Other,Other,9/6/2023 20:04:58.5,9/6/2023 20:04:59.6,NA,NA,NA,NA,NA,NA,no calls 09/06 at 20:00 in first 5 mins,NA,NA,2023-09-06,21.203633,-156.98395,Night
C:\Users\mmrph\OneDrive\Desktop\Intern\Kalaupapa\230906\5641.230906183538.wav,4/15/24 11:25,Other,Other,9/6/2023 21:04:58.6,9/6/2023 21:04:59.6,NA,NA,NA,NA,NA,NA,no calls 09/06 at 21:00 in first 5 mins,NA,NA,2023-09-06,21.203633,-156.98395,Night
C:\Users\mmrph\OneDrive\Desktop\Intern\Kalaupapa\230906\5641.230906183538.wav,4/15/24 11:27,Other,Other,9/6/2023 22:04:58.4,9/6/2023 22:04:59.6,NA,NA,NA,NA,NA,NA,no calls 09/06 at 22:00 in first 5 mins,NA,NA,2023-09-06,21.203633,-156.98395,Night
C:\Users\mmrph\OneDrive\Desktop\Intern\Kalaupapa\230906\5641.230906183538.wav,4/15/24 11:28,Other,Other,9/6/2023 23:04:58.4,9/6/2023 23:04:59.6,NA,NA,NA,NA,NA,NA,no calls 09/06 at 23:00 in first 5 mins,NA,NA,2023-09-06,21.203633,-156.98395,Night
C:\Users\mmrph\OneDrive\Desktop\Intern\Kalaupapa\230908\5641.230907200256.wav,4/15/24 11:31,Other,Other,9/8/2023 0:04:58.4,9/8/2023 0:04:59.8,NA,NA,NA,NA,NA,NA,no calls 09/08 at 00:00 in first 5 mins,NA,NA,2023-09-08,21.203633,-156.98395,Night
C:\Users\mmrph\OneDrive\Desktop\Intern\Kalaupapa\230908\5641.230907200256.wav,4/15/24 11:32,Other,Other,9/8/2023 0:04:59.8,9/8/2023 1:04:59.6,NA,NA,NA,NA,NA,NA,no calls 09/08 at 01:00 in first 5 mins,NA,NA,2023-09-08,21.203633,-156.98395,Night
C:\Users\mmrph\OneDrive\Desktop\Intern\Kalaupapa\230908\5641.230908005050.wav,4/15/24 11:34,Other,Other,9/8/2023 2:04:58.4,9/8/2023 2:04:58.4,NA,NA,NA,NA,NA,NA,no calls 09/08 at 02:00 in first 5 mins,NA,NA,2023-09-08,21.203633,-156.98395,Night
C:\Users\mmrph\OneDrive\Desktop\Intern\Kalaupapa\230908\5641.230908005050.wav,4/15/24 11:35,Other,Other,9/8/2023 3:04:58.5,9/8/2023 3:04:59.7,NA,NA,NA,NA,NA,NA,no calls 09/08 at 03:00 in first 5 mins,NA,NA,2023-09-08,21.203633,-156.98395,Night
C:\Users\mmrph\OneDrive\Desktop\Intern\Kalaupapa\230908\5641.230908005050.wav,4/15/24 11:36,Other,Other,9/8/2023 4:04:58.6,9/8/2023 4:04:59.8,NA,NA,NA,NA,NA,NA,no calls 09/08 at 04:00 in first 5 mins,NA,NA,2023-09-08,21.203633,-156.98395,Night
C:\Users\mmrph\OneDrive\Desktop\Intern\Kalaupapa\230908\5641.230908005050.wav,4/15/24 11:37,Other,Other,9/8/2023 5:04:58.3,9/8/2023 5:04:59.7,NA,NA,NA,NA,NA,NA,no calls 09/08 at 05:00 in first 5 mins,NA,NA,2023-09-08,21.203633,-156.98395,Night
C:\Users\mmrph\OneDrive\Desktop\Intern\Kalaupapa\230908\5641.230908054004.wav,4/15/24 11:38,Other,Other,9/8/2023 6:04:58.7,9/8/2023 6:04:59.6,NA,NA,NA,NA,NA,NA,no calls 09/08 at 06:00 in first 5 mins,NA,NA,2023-09-08,21.203633,-156.98395,Night
C:\Users\mmrph\OneDrive\Desktop\Intern\Kalaupapa\230908\5641.230908054004.wav,4/15/24 11:39,Other,Other,9/8/2023 7:04:58.5,9/8/2023 7:04:59.7,NA,NA,NA,NA,NA,NA,no calls 09/08 at 07:00 in first 5 mins,NA,NA,2023-09-08,21.203633,-156.98395,Day
C:\Users\mmrph\OneDrive\Desktop\Intern\Kalaupapa\230908\5641.230908054004.wav,4/15/24 11:40,Other,Other,9/8/2023 8:04:58.6,9/8/2023 8:04:59.7,NA,NA,NA,NA,NA,NA,no calls 09/08 at 08:00 in first 5 mins,NA,NA,2023-09-08,21.203633,-156.98395,Day
C:\Users\mmrph\OneDrive\Desktop\Intern\Kalaupapa\230908\5641.230908054004.wav,4/15/24 11:45,Other,Other,9/8/2023 10:04:58.6,9/8/2023 10:04:58.6,NA,NA,NA,NA,NA,NA,no calls 09/08 at 10:00 in first 5 mins,NA,NA,2023-09-08,21.203633,-156.98395,Day
C:\Users\mmrph\OneDrive\Desktop\Intern\Kalaupapa\230908\5641.230908054004.wav,4/15/24 12:52,Other,Other,9/8/2023 10:04:58.6,9/8/2023 11:04:59.6,NA,NA,NA,NA,NA,NA,no calls 09/08 at 11:00 in first 5 mins,NA,NA,2023-09-08,21.203633,-156.98395,Day
C:\Users\mmrph\OneDrive\Desktop\Intern\Kalaupapa\230908\5641.230908104809.wav,4/15/24 12:53,Other,Other,9/8/2023 12:04:58.6,9/8/2023 12:04:59.7,NA,NA,NA,NA,NA,NA,no calls 09/08 at 12:00 in first 5 mins,NA,NA,2023-09-08,21.203633,-156.98395,Day
C:\Users\mmrph\OneDrive\Desktop\Intern\Kalaupapa\230908\5641.230908104809.wav,4/15/24 12:55,Other,Other,9/8/2023 12:04:58.4,9/8/2023 12:04:59.7,NA,NA,NA,NA,NA,NA,no calls 09/08 at 12:00 in first 5 mins,NA,NA,2023-09-08,21.203633,-156.98395,Day
C:\Users\mmrph\OneDrive\Desktop\Intern\Kalaupapa\230908\5641.230908104809.wav,4/15/24 12:59,Other,Other,9/8/2023 13:04:58.6,9/8/2023 13:04:59.8,NA,NA,NA,NA,NA,NA,no calls 09/08 at 13:00 in first 5 mins,NA,NA,2023-09-08,21.203633,-156.98395,Day
C:\Users\mmrph\OneDrive\Desktop\Intern\Kalaupapa\230908\5641.230908104809.wav,4/15/24 13:01,Other,Other,9/8/2023 14:04:58.6,9/8/2023 14:04:59.6,NA,NA,NA,NA,NA,NA,no calls 09/08 at 14:00 in first 5 mins,NA,NA,2023-09-08,21.203633,-156.98395,Day
C:\Users\mmrph\OneDrive\Desktop\Intern\Kalaupapa\230908\5641.230908104809.wav,4/15/24 13:03,Other,Other,9/8/2023 15:04:58.4,9/8/2023 15:04:59.8,NA,NA,NA,NA,NA,NA,no calls 09/08 at 15:00 in first 5 mins,NA,NA,2023-09-08,21.203633,-156.98395,Day
C:\Users\mmrph\OneDrive\Desktop\Intern\Kalaupapa\230908\5641.230908104809.wav,4/15/24 13:04,Other,Other,9/8/2023 16:04:58.4,9/8/2023 16:04:59.7,NA,NA,NA,NA,NA,NA,no calls 09/08 at 16:00 in first 5 mins,NA,NA,2023-09-08,21.203633,-156.98395,Day
C:\Users\mmrph\OneDrive\Desktop\Intern\Kalaupapa\230908\5641.230908163026.wav,4/15/24 13:05,Other,Other,9/8/2023 17:04:58.6,9/8/2023 17:04:59.7,NA,NA,NA,NA,NA,NA,no calls 09/08 at 17:00 in first 5 mins,NA,NA,2023-09-08,21.203633,-156.98395,Day
C:\Users\mmrph\OneDrive\Desktop\Intern\Kalaupapa\230908\5641.230908163026.wav,4/15/24 13:09,Other,Other,9/8/2023 19:04:58.7,9/8/2023 19:04:59.8,NA,NA,NA,NA,NA,NA,no calls 09/08 at 19:00 in first 5 mins,NA,NA,2023-09-08,21.203633,-156.98395,Night
C:\Users\mmrph\OneDrive\Desktop\Intern\Kalaupapa\230908\5641.230908163026.wav,4/15/24 13:10,Other,Other,9/8/2023 20:04:58.6,9/8/2023 20:04:59.8,NA,NA,NA,NA,NA,NA,no calls 09/08 at 20:00 in first 5 mins,NA,NA,2023-09-08,21.203633,-156.98395,Night
C:\Users\mmrph\OneDrive\Desktop\Intern\Kalaupapa\230908\5641.230908163026.wav,4/15/24 13:12,Other,Other,9/8/2023 21:04:58.6,9/8/2023 21:04:58.6,NA,NA,NA,NA,NA,NA,no calls 09/08 at 21:00 in first 5 mins,NA,NA,2023-09-08,21.203633,-156.98395,Night
C:\Users\mmrph\OneDrive\Desktop\Intern\Kalaupapa\230908\5641.230908213532.wav,4/15/24 13:13,Other,Other,9/8/2023 22:04:58.7,9/8/2023 22:04:59.7,NA,NA,NA,NA,NA,NA,no calls 09/08 at 22:00 in first 5 mins,NA,NA,2023-09-08,21.203633,-156.98395,Night
C:\Users\mmrph\OneDrive\Desktop\Intern\Kalaupapa\230908\5641.230908213532.wav,4/15/24 13:14,Other,Other,9/8/2023 23:04:58.7,9/8/2023 23:04:59.7,NA,NA,NA,NA,NA,NA,no calls 09/08 at 23:00 in first 5 mins,NA,NA,2023-09-08,21.203633,-156.98395,Night
C:\Users\mmrph\OneDrive\Desktop\Intern\Kalaupapa\230910\5641.230909230841.wav,4/15/24 13:17,Other,Other,9/10/2023 0:04:58.5,9/10/2023 0:04:59.8,NA,NA,NA,NA,NA,NA,no calls 09/10 at 00:00 in first 5 mins,NA,NA,2023-09-10,21.203633,-156.98395,Night
C:\Users\mmrph\OneDrive\Desktop\Intern\Kalaupapa\230910\5641.230909230841.wav,4/15/24 13:17,Other,Other,9/10/2023 1:04:58.6,9/10/2023 1:04:59.7,NA,NA,NA,NA,NA,NA,no calls 09/10 at 01:00 in first 5 mins,NA,NA,2023-09-10,21.203633,-156.98395,Night
C:\Users\mmrph\OneDrive\Desktop\Intern\Kalaupapa\230910\5641.230909230841.wav,4/15/24 13:20,Other,Other,9/10/2023 2:04:58.5,9/10/2023 2:04:59.7,NA,NA,NA,NA,NA,NA,no calls 09/10 at 02:00 in first 5 mins,NA,NA,2023-09-10,21.203633,-156.98395,Night
C:\Users\mmrph\OneDrive\Desktop\Intern\Kalaupapa\230910\5641.230909230841.wav,4/15/24 13:21,Other,Other,9/10/2023 3:04:58.5,9/10/2023 3:04:58.5,NA,NA,NA,NA,NA,NA,no calls 09/10 at 03:00 in first 5 mins,NA,NA,2023-09-10,21.203633,-156.98395,Night
C:\Users\mmrph\OneDrive\Desktop\Intern\Kalaupapa\230910\5641.230910035846.wav,4/15/24 13:23,Other,Other,9/10/2023 4:04:58.5,9/10/2023 4:04:58.5,NA,NA,NA,NA,NA,NA,no calls 09/10 at 04:00 in first 5 mins,NA,NA,2023-09-10,21.203633,-156.98395,Night
C:\Users\mmrph\OneDrive\Desktop\Intern\Kalaupapa\230910\5641.230910035846.wav,4/15/24 13:25,Other,Other,9/10/2023 5:04:58.4,9/10/2023 5:04:59.7,NA,NA,NA,NA,NA,NA,no calls 09/10 at 05:00 in first 5 mins,NA,NA,2023-09-10,21.203633,-156.98395,Night
C:\Users\mmrph\OneDrive\Desktop\Intern\Kalaupapa\230910\5641.230910035846.wav,4/15/24 13:29,Other,Other,9/10/2023 6:04:58.7,9/10/2023 6:04:59.7,NA,NA,NA,NA,NA,NA,no calls 09/10 at 06:00 in first 5 mins,NA,NA,2023-09-10,21.203633,-156.98395,Night
C:\Users\mmrph\OneDrive\Desktop\Intern\Kalaupapa\230910\5641.230910085624.wav,4/15/24 13:35,Other,Other,9/10/2023 10:04:58.6,9/10/2023 10:04:59.7,NA,NA,NA,NA,NA,NA,no calls 09/10 at 10:00 in first 5 mins,NA,NA,2023-09-10,21.203633,-156.98395,Day
C:\Users\mmrph\OneDrive\Desktop\Intern\Kalaupapa\230910\5641.230910085624.wav,4/15/24 13:36,Other,Other,9/10/2023 11:04:58.4,9/10/2023 11:04:59.7,NA,NA,NA,NA,NA,NA,no calls 09/10 at 11:00 in first 5 mins,NA,NA,2023-09-10,21.203633,-156.98395,Day
C:\Users\mmrph\OneDrive\Desktop\Intern\Kalaupapa\230910\5641.230910085624.wav,4/15/24 13:37,Other,Other,9/10/2023 12:04:58.5,9/10/2023 12:04:59.7,NA,NA,NA,NA,NA,NA,no calls 09/10 at 12:00 in first 5 mins,NA,NA,2023-09-10,21.203633,-156.98395,Day
C:\Users\mmrph\OneDrive\Desktop\Intern\Kalaupapa\230910\5641.230910085624.wav,4/15/24 13:38,Other,Other,9/10/2023 13:04:58.7,9/10/2023 13:04:59.7,NA,NA,NA,NA,NA,NA,no calls 09/10 at 13:00 in first 5 mins,NA,NA,2023-09-10,21.203633,-156.98395,Day
C:\Users\mmrph\OneDrive\Desktop\Intern\Kalaupapa\230910\5641.230910085624.wav,4/15/24 13:39,Other,Other,9/10/2023 14:04:58.7,9/10/2023 14:04:59.7,NA,NA,NA,NA,NA,NA,no calls 09/10 at 14:00 in first 5 mins,NA,NA,2023-09-10,21.203633,-156.98395,Day
C:\Users\mmrph\OneDrive\Desktop\Intern\Kalaupapa\230910\5641.230910143250.wav,4/15/24 13:41,Other,Other,9/10/2023 15:04:58.7,9/10/2023 15:04:59.8,NA,NA,NA,NA,NA,NA,no calls 09/10 at 15:00 in first 5 mins,NA,NA,2023-09-10,21.203633,-156.98395,Day
C:\Users\mmrph\OneDrive\Desktop\Intern\Kalaupapa\230910\5641.230910143250.wav,4/15/24 13:41,Other,Other,9/10/2023 16:04:58.7,9/10/2023 16:04:59.7,NA,NA,NA,NA,NA,NA,no calls 09/10 at 16:00 in first 5 mins,NA,NA,2023-09-10,21.203633,-156.98395,Day
C:\Users\mmrph\OneDrive\Desktop\Intern\Kalaupapa\230910\5641.230910143250.wav,4/15/24 13:43,Other,Other,9/10/2023 17:04:58.4,9/10/2023 17:04:59.7,NA,NA,NA,NA,NA,NA,no calls 09/10 at 17:00 in first 5 mins,NA,NA,2023-09-10,21.203633,-156.98395,Day
C:\Users\mmrph\OneDrive\Desktop\Intern\Kalaupapa\230910\5641.230910143250.wav,4/15/24 13:45,Other,Other,9/10/2023 18:04:58.6,9/10/2023 18:04:59.7,NA,NA,NA,NA,NA,NA,no calls 09/10 at 18:00 in first 5 mins,NA,NA,2023-09-10,21.203633,-156.98395,Day
C:\Users\mmrph\OneDrive\Desktop\Intern\Kalaupapa\230910\5641.230910143250.wav,4/15/24 13:46,Other,Other,9/10/2023 19:00:00.3,9/10/2023 19:00:29.8,NA,NA,NA,NA,NA,NA,Migratory fish? Happens everyday at 6am and 7pm. Stronger at 7pm.,NA,NA,2023-09-10,21.203633,-156.98395,Night
C:\Users\mmrph\OneDrive\Desktop\Intern\Kalaupapa\230910\5641.230910143250.wav,4/15/24 13:47,Other,Other,9/10/2023 19:04:58.7,9/10/2023 19:04:59.5,NA,NA,NA,NA,NA,NA,no calls 09/10 at 19:00 in first 5 mins,NA,NA,2023-09-10,21.203633,-156.98395,Night
C:\Users\mmrph\OneDrive\Desktop\Intern\Kalaupapa\230910\5641.230910195709.wav,4/15/24 13:48,Other,Other,9/10/2023 20:04:58.5,9/10/2023 20:04:59.7,NA,NA,NA,NA,NA,NA,no calls 09/10 at 20:00 in first 5 mins,NA,NA,2023-09-10,21.203633,-156.98395,Night
C:\Users\mmrph\OneDrive\Desktop\Intern\Kalaupapa\230910\5641.230910195709.wav,4/15/24 13:49,Other,Other,9/10/2023 21:04:58.6,9/10/2023 21:04:59.8,NA,NA,NA,NA,NA,NA,no calls 09/10 at 21:00 in first 5 mins,NA,NA,2023-09-10,21.203633,-156.98395,Night
C:\Users\mmrph\OneDrive\Desktop\Intern\Kalaupapa\230910\5641.230910195709.wav,4/15/24 13:50,Other,Other,9/10/2023 22:04:58.6,9/10/2023 22:04:59.7,NA,NA,NA,NA,NA,NA,no calls 09/10 at 22:00 in first 5 mins,NA,NA,2023-09-10,21.203633,-156.98395,Night
C:\Users\mmrph\OneDrive\Desktop\Intern\Kalaupapa\230910\5641.230910195709.wav,4/15/24 13:51,Other,Other,9/10/2023 23:04:58.7,9/10/2023 23:04:59.8,NA,NA,NA,NA,NA,NA,no calls 09/10 at 23:00 in first 5 mins,NA,NA,2023-09-10,21.203633,-156.98395,Night
C:\Users\mmrph\OneDrive\Desktop\Intern\Kalaupapa\230912\5641.230911213230.wav,4/15/24 13:54,Other,Other,9/12/2023 0:04:58.6,9/12/2023 0:04:58.6,NA,NA,NA,NA,NA,NA,no calls 09/12 at 00:00 in first 5 mins,NA,NA,2023-09-12,21.203633,-156.98395,Night
C:\Users\mmrph\OneDrive\Desktop\Intern\Kalaupapa\230912\5641.230911213230.wav,4/15/24 13:56,Other,Other,9/12/2023 1:04:58.8,9/12/2023 1:04:59.7,NA,NA,NA,NA,NA,NA,no calls 09/12 at 01:00 in first 5 mins,NA,NA,2023-09-12,21.203633,-156.98395,Night
C:\Users\mmrph\OneDrive\Desktop\Intern\Kalaupapa\230912\5641.230911213230.wav,4/15/24 13:58,Other,Other,9/12/2023 2:04:58.4,9/12/2023 2:04:59.8,NA,NA,NA,NA,NA,NA,no calls 09/12 at 02:00 in first 5 mins,NA,NA,2023-09-12,21.203633,-156.98395,Night
C:\Users\mmrph\OneDrive\Desktop\Intern\Kalaupapa\230912\5641.230912022102.wav,4/15/24 13:59,Other,Other,9/12/2023 3:04:58.5,9/12/2023 3:04:59.5,NA,NA,NA,NA,NA,NA,no calls 09/12 at 03:00 in first 5 mins,NA,NA,2023-09-12,21.203633,-156.98395,Night
C:\Users\mmrph\OneDrive\Desktop\Intern\Kalaupapa\230912\5641.230912022102.wav,4/15/24 14:01,Other,Other,9/12/2023 4:04:58.4,9/12/2023 4:04:59.7,NA,NA,NA,NA,NA,NA,no calls 09/12 at 04:00 in first 5 mins,NA,NA,2023-09-12,21.203633,-156.98395,Night
C:\Users\mmrph\OneDrive\Desktop\Intern\Kalaupapa\230912\5641.230912022102.wav,4/15/24 14:04,Other,Other,9/12/2023 5:04:58.3,9/12/2023 5:04:59.7,NA,NA,NA,NA,NA,NA,no calls 09/12 at 05:00 in first 5 mins,NA,NA,2023-09-12,21.203633,-156.98395,Night
C:\Users\mmrph\OneDrive\Desktop\Intern\Kalaupapa\230912\5641.230912022102.wav,4/15/24 14:05,Other,Other,9/12/2023 6:00:00.2,9/12/2023 6:00:29.7,NA,NA,NA,NA,NA,NA,migratory fish?,NA,NA,2023-09-12,21.203633,-156.98395,Night
C:\Users\mmrph\OneDrive\Desktop\Intern\Kalaupapa\230912\5641.230912022102.wav,4/15/24 14:08,Other,Other,9/12/2023 7:04:58.4,9/12/2023 7:04:59.8,NA,NA,NA,NA,NA,NA,no calls 09/12 at 07:00 in first 5 mins,NA,NA,2023-09-12,21.203633,-156.98395,Day
C:\Users\mmrph\OneDrive\Desktop\Intern\Kalaupapa\230912\5641.230912071315.wav,4/15/24 14:11,Other,Other,9/12/2023 8:04:58.4,9/12/2023 8:04:59.7,NA,NA,NA,NA,NA,NA,no calls 09/12 at 08:00 in first 5 mins,NA,NA,2023-09-12,21.203633,-156.98395,Day
C:\Users\mmrph\OneDrive\Desktop\Intern\Kalaupapa\230912\5641.230912071315.wav,4/15/24 14:20,Other,Other,9/12/2023 11:04:58.3,9/12/2023 11:04:59.7,NA,NA,NA,NA,NA,NA,no calls 09/12 at 11:00 in first 5 mins; heavy rain,NA,NA,2023-09-12,21.203633,-156.98395,Day
C:\Users\mmrph\OneDrive\Desktop\Intern\Kalaupapa\230912\5641.230912071315.wav,4/15/24 14:21,Other,Other,9/12/2023 12:04:58.3,9/12/2023 12:04:59.6,NA,NA,NA,NA,NA,NA,no calls 09/12 at 12:00 in first 5 mins; rain continues,NA,NA,2023-09-12,21.203633,-156.98395,Day
C:\Users\mmrph\OneDrive\Desktop\Intern\Kalaupapa\230912\5641.230912122939.wav,4/15/24 14:23,Other,Other,9/12/2023 13:04:58.6,9/12/2023 13:04:59.7,NA,NA,NA,NA,NA,NA,no calls 09/12 at 13:00 in first 5 mins; rainnn,NA,NA,2023-09-12,21.203633,-156.98395,Day
C:\Users\mmrph\OneDrive\Desktop\Intern\Kalaupapa\230912\5641.230912122939.wav,4/15/24 14:24,Other,Other,9/12/2023 14:04:58.5,9/12/2023 14:04:59.7,NA,NA,NA,NA,NA,NA,no calls 09/12 at 14:00 in first 5 mins; more rain,NA,NA,2023-09-12,21.203633,-156.98395,Day
C:\Users\mmrph\OneDrive\Desktop\Intern\Kalaupapa\230912\5641.230912122939.wav,4/15/24 14:25,Other,Other,9/12/2023 15:04:58.3,9/12/2023 15:04:59.6,NA,NA,NA,NA,NA,NA,no calls 09/12 at 15:00 in first mins; rain!,NA,NA,2023-09-12,21.203633,-156.98395,Day
C:\Users\mmrph\OneDrive\Desktop\Intern\Kalaupapa\230912\5641.230912122939.wav,4/15/24 14:26,Other,Other,9/12/2023 16:04:58.7,9/12/2023 16:04:59.6,NA,NA,NA,NA,NA,NA,no calls 09/12 at 16:00 in first 5 mins; so much rain,NA,NA,2023-09-12,21.203633,-156.98395,Day
C:\Users\mmrph\OneDrive\Desktop\Intern\Kalaupapa\230912\5641.230912122939.wav,4/15/24 14:27,Other,Other,9/12/2023 17:04:58.2,9/12/2023 17:04:59.6,NA,NA,NA,NA,NA,NA,no calls 09/12 at 17:00 in first 5 mins,NA,NA,2023-09-12,21.203633,-156.98395,Day
C:\Users\mmrph\OneDrive\Desktop\Intern\Kalaupapa\230912\5641.230912122939.wav,4/15/24 14:28,Other,Other,9/12/2023 18:04:58.4,9/12/2023 18:04:59.7,NA,NA,NA,NA,NA,NA,no calls 09/12 at 18:00 in first 5 mins,NA,NA,2023-09-12,21.203633,-156.98395,Day
C:\Users\mmrph\OneDrive\Desktop\Intern\Kalaupapa\230912\5641.230912180503.wav,4/15/24 14:30,Other,Other,9/12/2023 19:04:58.4,9/12/2023 19:04:59.7,NA,NA,NA,NA,NA,NA,no calls 09/12 at 19:00 in first 5 mins,NA,NA,2023-09-12,21.203633,-156.98395,Night
C:\Users\mmrph\OneDrive\Desktop\Intern\Kalaupapa\230912\5641.230912180503.wav,4/15/24 14:30,Other,Other,9/12/2023 20:04:58.3,9/12/2023 20:04:59.7,NA,NA,NA,NA,NA,NA,no calls 09/12 at 20:00 in first 5 mins,NA,NA,2023-09-12,21.203633,-156.98395,Night
C:\Users\mmrph\OneDrive\Desktop\Intern\Kalaupapa\230912\5641.230912180503.wav,4/15/24 14:33,Other,Other,9/12/2023 21:04:58.5,9/12/2023 21:04:59.7,NA,NA,NA,NA,NA,NA,no calls 09/12 at 21:00 in first 5 mins,NA,NA,2023-09-12,21.203633,-156.98395,Night
C:\Users\mmrph\OneDrive\Desktop\Intern\Kalaupapa\230912\5641.230912180503.wav,4/15/24 14:34,Other,Other,9/12/2023 22:04:58.4,9/12/2023 22:04:59.6,NA,NA,NA,NA,NA,NA,no calls 09/12 at 22:00 in first 5 mins,NA,NA,2023-09-12,21.203633,-156.98395,Night
C:\Users\mmrph\OneDrive\Desktop\Intern\Kalaupapa\230912\5641.230912225428.wav,4/15/24 14:35,Other,Other,9/12/2023 23:04:58.2,9/12/2023 23:04:59.5,NA,NA,NA,NA,NA,NA,no calls 09/12 at 23:00 in first 5 mins,NA,NA,2023-09-12,21.203633,-156.98395,Night
C:\Users\mmrph\OneDrive\Desktop\Intern\Kalaupapa\230913\5641.230912225428.wav,4/15/24 14:37,Other,Other,9/13/2023 0:04:58.5,9/13/2023 0:04:59.8,NA,NA,NA,NA,NA,NA,no calls 09/13 at 00:00 in first 5 mins; still raining,NA,NA,2023-09-13,21.203633,-156.98395,Night
C:\Users\mmrph\OneDrive\Desktop\Intern\Kalaupapa\230913\5641.230912225428.wav,4/15/24 14:39,Other,Other,9/13/2023 1:04:58.2,9/13/2023 1:04:59.7,NA,NA,NA,NA,NA,NA,no calls 09/13 at 01:00 in first 5 mins,NA,NA,2023-09-13,21.203633,-156.98395,Night
C:\Users\mmrph\OneDrive\Desktop\Intern\Kalaupapa\230913\5641.230912225428.wav,4/15/24 14:40,Other,Other,9/13/2023 2:04:58.4,9/13/2023 2:04:59.7,NA,NA,NA,NA,NA,NA,no calls 09/13 at 02:00 in first 5 mins,NA,NA,2023-09-13,21.203633,-156.98395,Night
C:\Users\mmrph\OneDrive\Desktop\Intern\Kalaupapa\230913\5641.230912225428.wav,4/15/24 14:43,Other,Other,9/13/2023 3:04:58.1,9/13/2023 3:04:59.6,NA,NA,NA,NA,NA,NA,no calls 09/13 at 03:00 in first 5 mins,NA,NA,2023-09-13,21.203633,-156.98395,Night
C:\Users\mmrph\OneDrive\Desktop\Intern\Kalaupapa\230913\5641.230913034303.wav,4/15/24 14:45,Other,Other,9/13/2023 4:04:58.6,9/13/2023 4:04:59.7,NA,NA,NA,NA,NA,NA,no calls 09/13 at 04:00 in first 5 mins,NA,NA,2023-09-13,21.203633,-156.98395,Night
C:\Users\mmrph\OneDrive\Desktop\Intern\Kalaupapa\230913\5641.230913034303.wav,4/15/24 14:46,Other,Other,9/13/2023 5:04:58.7,9/13/2023 5:04:59.8,NA,NA,NA,NA,NA,NA,no calls 09/13 at 05:00 in first 5 mins,NA,NA,2023-09-13,21.203633,-156.98395,Night
C:\Users\mmrph\OneDrive\Desktop\Intern\Kalaupapa\230913\5641.230913034303.wav,4/15/24 14:46,Other,Other,9/13/2023 6:04:58.7,9/13/2023 6:04:59.8,NA,NA,NA,NA,NA,NA,no calls 09/13 at 06:00 in first 5 mins,NA,NA,2023-09-13,21.203633,-156.98395,Night
C:\Users\mmrph\OneDrive\Desktop\Intern\Kalaupapa\230913\5641.230913034303.wav,4/15/24 14:48,Other,Other,9/13/2023 7:04:58.4,9/13/2023 7:04:59.7,NA,NA,NA,NA,NA,NA,no calls 09/13 at 07:00 in first 5 mins,NA,NA,2023-09-13,21.203633,-156.98395,Day
C:\Users\mmrph\OneDrive\Desktop\Intern\Kalaupapa\230913\5641.230913034303.wav,4/15/24 14:50,Other,Other,9/13/2023 8:04:58.6,9/13/2023 8:04:59.8,NA,NA,NA,NA,NA,NA,no calls 09/13 at 08:00 in first 5 mins,NA,NA,2023-09-13,21.203633,-156.98395,Day
C:\Users\mmrph\OneDrive\Desktop\Intern\Kalaupapa\230913\5641.230913083823.wav,4/15/24 14:52,Other,Other,9/13/2023 9:04:58.4,9/13/2023 9:04:59.7,NA,NA,NA,NA,NA,NA,no calls 09/13 at 09:00 in first 5 mins,NA,NA,2023-09-13,21.203633,-156.98395,Day
C:\Users\mmrph\OneDrive\Desktop\Intern\Kalaupapa\230913\5641.230913083823.wav,4/15/24 14:54,Other,Other,9/13/2023 10:04:58.5,9/13/2023 10:04:58.5,NA,NA,NA,NA,NA,NA,no calls 09/13 at 10:00 in first 5 mins; weird static from the hydrophone,NA,NA,2023-09-13,21.203633,-156.98395,Day
C:\Users\mmrph\OneDrive\Desktop\Intern\Kalaupapa\230913\5641.230913083823.wav,4/15/24 14:56,Other,Other,9/13/2023 11:04:58.5,9/13/2023 11:04:59.7,NA,NA,NA,NA,NA,NA,no calls 09/13 at 11:00 in first 5 mins,NA,NA,2023-09-13,21.203633,-156.98395,Day
C:\Users\mmrph\OneDrive\Desktop\Intern\Kalaupapa\230913\5641.230913083823.wav,4/15/24 15:00,Other,Other,9/13/2023 12:04:58.6,9/13/2023 12:04:59.8,NA,NA,NA,NA,NA,NA,no calls 09/13 at 12:00 in first 5 mins,NA,NA,2023-09-13,21.203633,-156.98395,Day
C:\Users\mmrph\OneDrive\Desktop\Intern\Kalaupapa\230913\5641.230913083823.wav,4/15/24 15:01,Other,Other,9/13/2023 13:04:57.8,9/13/2023 13:04:59.7,NA,NA,NA,NA,NA,NA,no calls 09/13 at 13:00 in first 5 mins; static sound again,NA,NA,2023-09-13,21.203633,-156.98395,Day
C:\Users\mmrph\OneDrive\Desktop\Intern\Kalaupapa\230913\5641.230913135914.wav,4/15/24 15:05,Other,Other,9/13/2023 15:04:58.1,9/13/2023 15:04:59.7,NA,NA,NA,NA,NA,NA,no calls 09/13 at 15:00 in first 5 mins,NA,NA,2023-09-13,21.203633,-156.98395,Day
C:\Users\mmrph\OneDrive\Desktop\Intern\Kalaupapa\230913\5641.230913135914.wav,4/15/24 15:07,Other,Other,9/13/2023 16:04:58.1,9/13/2023 16:04:59.7,NA,NA,NA,NA,NA,NA,no calls 09/13 at 16:00 in first 5 mins,NA,NA,2023-09-13,21.203633,-156.98395,Day
C:\Users\mmrph\OneDrive\Desktop\Intern\Kalaupapa\230913\5641.230913135914.wav,4/15/24 15:08,Other,Other,9/13/2023 17:04:58.2,9/13/2023 17:04:59.7,NA,NA,NA,NA,NA,NA,no calls 09/13 at 17:00 in first 5 mins,NA,NA,2023-09-13,21.203633,-156.98395,Day
C:\Users\mmrph\OneDrive\Desktop\Intern\Kalaupapa\230913\5641.230913135914.wav,4/15/24 15:09,Other,Other,9/13/2023 18:00:07.6,9/13/2023 18:00:09.6,NA,NA,NA,NA,NA,NA,really loud sound within the static,NA,NA,2023-09-13,21.203633,-156.98395,Day
C:\Users\mmrph\OneDrive\Desktop\Intern\Kalaupapa\230913\5641.230913135914.wav,4/15/24 15:10,Other,Other,9/13/2023 19:04:58.1,9/13/2023 19:04:59.5,NA,NA,NA,NA,NA,NA,no calls 09/13 at 19:00 in first 5 mins,NA,NA,2023-09-13,21.203633,-156.98395,Night
C:\Users\mmrph\OneDrive\Desktop\Intern\Kalaupapa\230913\5641.230913192234.wav,4/15/24 15:11,Other,Other,9/13/2023 20:04:58.5,9/13/2023 20:04:59.7,NA,NA,NA,NA,NA,NA,no calls 09/13 at 20:00 in first 5 mins,NA,NA,2023-09-13,21.203633,-156.98395,Night
C:\Users\mmrph\OneDrive\Desktop\Intern\Kalaupapa\230913\5641.230913192234.wav,4/15/24 15:12,Other,Other,9/13/2023 21:04:58.1,9/13/2023 21:04:58.1,NA,NA,NA,NA,NA,NA,no calls 09/13 at 21:00 in first 5 mins,NA,NA,2023-09-13,21.203633,-156.98395,Night
C:\Users\mmrph\OneDrive\Desktop\Intern\Kalaupapa\230913\5641.230913192234.wav,4/15/24 15:13,Other,Other,9/13/2023 22:04:58.4,9/13/2023 22:04:59.6,NA,NA,NA,NA,NA,NA,no calls 09/13 at 22:00 in first 5 mins,NA,NA,2023-09-13,21.203633,-156.98395,Night
C:\Users\mmrph\OneDrive\Desktop\Intern\Kalaupapa\230913\5641.230913192234.wav,4/15/24 15:15,Other,Other,9/13/2023 23:04:57.9,9/13/2023 23:04:59.7,NA,NA,NA,NA,NA,NA,no calls 09/13 at 23:00 in first 5 mins,NA,NA,2023-09-13,21.203633,-156.98395,Night
C:\Users\mmrph\Desktop\author's Interns\Kala_wavfiles_2023\230914\5641.230913192234.wav,4/2/24 10:58,Other,Other,9/14/2023 0:00:01.1,9/14/2023 0:00:01.4,NA,NA,NA,NA,NA,NA,Maddie analysis start...just a thud,NA,NA,2023-09-14,21.203633,-156.98395,Night
C:\Users\mmrph\Desktop\author's Interns\Kala_wavfiles_2023\230914\5641.230913192234.wav,4/2/24 11:00,Other,Other,9/14/2023 0:01:34.7,9/14/2023 0:01:57.6,NA,NA,NA,NA,NA,NA,may be just wave noise...long duration of unknown sound,NA,NA,2023-09-14,21.203633,-156.98395,Night
C:\Users\mmrph\Desktop\author's Interns\Kala_wavfiles_2023\230914\5641.230913192234.wav,4/2/24 11:08,Other,Other,9/14/2023 0:03:25.7,9/14/2023 0:03:26.1,NA,NA,NA,NA,NA,NA,most likely fish,NA,NA,2023-09-14,21.203633,-156.98395,Night
C:\Users\mmrph\Desktop\author's Interns\Kala_wavfiles_2023\230914\5641.230913192234.wav,4/2/24 11:11,Other,Other,9/14/2023 0:03:29.4,9/14/2023 0:04:58.3,NA,NA,NA,NA,NA,NA,long duration of that same static noise...rainfall? high wave action?,NA,NA,2023-09-14,21.203633,-156.98395,Night
C:\Users\mmrph\Desktop\author's Interns\Kala_wavfiles_2023\230914\5641.230914000839.wav,4/2/24 11:20,Other,Other,9/14/2023 1:00:00.9,9/14/2023 1:04:48.6,NA,NA,NA,NA,NA,NA,rain/wave noise througout the entire five minutes,NA,NA,2023-09-14,21.203633,-156.98395,Night
C:\Users\mmrph\Desktop\author's Interns\Kala_wavfiles_2023\230914\5641.230914000839.wav,4/2/24 11:22,Other,Other,9/14/2023 2:02:03.1,9/14/2023 2:02:05.2,NA,NA,NA,NA,NA,NA,rain through all five minutes...weird section of noises but pointernibly just fish,NA,NA,2023-09-14,21.203633,-156.98395,Night
C:\Users\mmrph\Desktop\author's Interns\Kala_wavfiles_2023\230914\5641.230914000839.wav,4/2/24 11:38,Other,Other,9/14/2023 3:04:30.2,9/14/2023 3:04:59.7,NA,NA,NA,NA,NA,NA,still raining through the five minutes,NA,NA,2023-09-14,21.203633,-156.98395,Night
C:\Users\mmrph\Desktop\author's Interns\Kala_wavfiles_2023\230914\5641.230914045718.wav,4/2/24 11:50,Other,Other,9/14/2023 5:01:17.5,9/14/2023 5:01:25.3,NA,NA,NA,NA,NA,NA,more rain...no calls,NA,NA,2023-09-14,21.203633,-156.98395,Night
C:\Users\mmrph\Desktop\author's Interns\Kala_wavfiles_2023\230914\5641.230914045718.wav,4/2/24 11:54,Other,Other,9/14/2023 6:04:38.4,9/14/2023 6:04:38.8,NA,NA,NA,NA,NA,NA,no calls,NA,NA,2023-09-14,21.203633,-156.98395,Night
C:\Users\mmrph\Desktop\author's Interns\Kala_wavfiles_2023\230914\5641.230914045718.wav,4/2/24 12:01,Other,Other,9/14/2023 7:04:49.8,9/14/2023 7:04:59.2,NA,NA,NA,NA,NA,NA,no calls,NA,NA,2023-09-14,21.203633,-156.98395,Day
C:\Users\mmrph\Desktop\author's Interns\Kala_wavfiles_2023\230914\5641.230914045718.wav,4/2/24 12:02,Other,Other,9/14/2023 8:04:51.4,9/14/2023 8:04:53.8,NA,NA,NA,NA,NA,NA,no calls just more rain or wave noise,NA,NA,2023-09-14,21.203633,-156.98395,Day
C:\Users\mmrph\Desktop\author's Interns\Kala_wavfiles_2023\230914\5641.230914045718.wav,4/2/24 12:03,Other,Other,9/14/2023 9:00:31.9,9/14/2023 9:00:32.5,NA,NA,NA,NA,NA,NA,fish?,NA,NA,2023-09-14,21.203633,-156.98395,Day
C:\Users\mmrph\Desktop\author's Interns\Kala_wavfiles_2023\230914\5641.230914095924.wav,4/2/24 12:06,Other,Other,9/14/2023 10:01:26.4,9/14/2023 10:01:26.8,NA,NA,NA,NA,NA,NA,fish?,NA,NA,2023-09-14,21.203633,-156.98395,Day
C:\Users\mmrph\Desktop\author's Interns\Kala_wavfiles_2023\230914\5641.230914095924.wav,4/2/24 12:07,Other,Other,9/14/2023 11:04:47.1,9/14/2023 11:04:49.9,NA,NA,NA,NA,NA,NA,nothing but wave/rain noise,NA,NA,2023-09-14,21.203633,-156.98395,Day
C:\Users\mmrph\Desktop\author's Interns\Kala_wavfiles_2023\230914\5641.230914095924.wav,4/2/24 12:08,Other,Other,9/14/2023 12:04:39.9,9/14/2023 12:04:40.4,NA,NA,NA,NA,NA,NA,no calls,NA,NA,2023-09-14,21.203633,-156.98395,Day
C:\Users\mmrph\Desktop\author's Interns\Kala_wavfiles_2023\230914\5641.230914095924.wav,4/2/24 12:10,Other,Other,9/14/2023 13:01:12.6,9/14/2023 13:01:13.5,NA,NA,NA,NA,NA,NA,no calls,NA,NA,2023-09-14,21.203633,-156.98395,Day
C:\Users\mmrph\Desktop\author's Interns\Kala_wavfiles_2023\230914\5641.230914095924.wav,4/2/24 12:11,Other,Other,9/14/2023 13:01:13.5,9/14/2023 14:04:59.6,NA,NA,NA,NA,NA,NA,static rain/wave noise all five minutes,NA,NA,2023-09-14,21.203633,-156.98395,Day
C:\Users\mmrph\Desktop\author's Interns\Kala_wavfiles_2023\230914\5641.230914095924.wav,4/2/24 12:12,Other,Other,9/14/2023 15:04:01.9,9/14/2023 15:04:02.4,NA,NA,NA,NA,NA,NA,no calls,NA,NA,2023-09-14,21.203633,-156.98395,Day
C:\Users\mmrph\Desktop\author's Interns\Kala_wavfiles_2023\230914\5641.230914153116.wav,4/2/24 12:27,Other,Other,9/14/2023 16:04:36.1,9/14/2023 16:04:39.6,NA,NA,NA,NA,NA,NA,no calls,NA,NA,2023-09-14,21.203633,-156.98395,Day
C:\Users\mmrph\Desktop\author's Interns\Kala_wavfiles_2023\230914\5641.230914153116.wav,4/2/24 12:28,Other,Other,9/14/2023 17:00:00.2,9/14/2023 17:00:29.7,NA,NA,NA,NA,NA,NA,no calls just heavy rain/wave/&fish,NA,NA,2023-09-14,21.203633,-156.98395,Day
C:\Users\mmrph\Desktop\author's Interns\Kala_wavfiles_2023\230914\5641.230914153116.wav,4/2/24 12:32,Other,Other,9/14/2023 18:04:50.2,9/14/2023 18:04:52.0,NA,NA,NA,NA,NA,NA,no calls,NA,NA,2023-09-14,21.203633,-156.98395,Day
C:\Users\mmrph\Desktop\author's Interns\Kala_wavfiles_2023\230914\5641.230914153116.wav,4/2/24 12:36,Other,Other,9/14/2023 19:04:39.4,9/14/2023 19:04:39.9,NA,NA,NA,NA,NA,NA,fish?,NA,NA,2023-09-14,21.203633,-156.98395,Night
C:\Users\mmrph\Desktop\author's Interns\Kala_wavfiles_2023\230914\5641.230914153116.wav,4/2/24 12:36,Other,Other,9/14/2023 19:04:46.9,9/14/2023 19:04:48.1,NA,NA,NA,NA,NA,NA,no real calls,NA,NA,2023-09-14,21.203633,-156.98395,Night
C:\Users\mmrph\Desktop\author's Interns\Kala_wavfiles_2023\230914\5641.230914153116.wav,4/2/24 12:37,Other,Other,9/14/2023 20:01:15.7,9/14/2023 20:01:16.0,NA,NA,NA,NA,NA,NA,fish?,NA,NA,2023-09-14,21.203633,-156.98395,Night
C:\Users\mmrph\Desktop\author's Interns\Kala_wavfiles_2023\230914\5641.230914153116.wav,4/2/24 12:37,Other,Other,9/14/2023 20:04:30.1,9/14/2023 20:04:40.4,NA,NA,NA,NA,NA,NA,more rain/wave...no calls,NA,NA,2023-09-14,21.203633,-156.98395,Night
C:\Users\mmrph\Desktop\author's Interns\Kala_wavfiles_2023\230914\5641.230914203906.wav,4/2/24 12:45,Other,Other,9/14/2023 22:04:52.6,9/14/2023 22:04:55.9,NA,NA,NA,NA,NA,NA,no calls just rain/wave,NA,NA,2023-09-14,21.203633,-156.98395,Night
C:\Users\mmrph\Desktop\author's Interns\Kala_wavfiles_2023\230914\5641.230914203906.wav,4/2/24 12:46,Other,Other,9/14/2023 23:04:56.7,9/14/2023 23:04:57.6,NA,NA,NA,NA,NA,NA,no calls,NA,NA,2023-09-14,21.203633,-156.98395,Night
C:\Users\mmrph\OneDrive\Desktop\Intern\Kalaupapa\230915\5641.230914203906.wav,4/15/24 15:16,Other,Other,9/15/2023 0:04:58.4,9/15/2023 0:04:59.6,NA,NA,NA,NA,NA,NA,no calls 09/15 at 00:00 in first 5 mins,NA,NA,2023-09-15,21.203633,-156.98395,Night
C:\Users\mmrph\OneDrive\Desktop\Intern\Kalaupapa\230915\5641.230914203906.wav,4/15/24 15:16,Other,Other,9/15/2023 1:04:58.3,9/15/2023 1:04:59.7,NA,NA,NA,NA,NA,NA,no calls 09/15 at 01:00 in first 5 mins,NA,NA,2023-09-15,21.203633,-156.98395,Night
C:\Users\mmrph\OneDrive\Desktop\Intern\Kalaupapa\230915\5641.230915012619.wav,4/15/24 15:18,Other,Other,9/15/2023 2:04:58.3,9/15/2023 2:04:59.8,NA,NA,NA,NA,NA,NA,no calls 09/15 at 02:00 in first 5 mins,NA,NA,2023-09-15,21.203633,-156.98395,Night
C:\Users\mmrph\OneDrive\Desktop\Intern\Kalaupapa\230915\5641.230915012619.wav,4/15/24 15:18,Other,Other,9/15/2023 3:04:58.2,9/15/2023 3:04:59.7,NA,NA,NA,NA,NA,NA,no calls 09/15 at 03:00 in first 5 mins,NA,NA,2023-09-15,21.203633,-156.98395,Night
C:\Users\mmrph\OneDrive\Desktop\Intern\Kalaupapa\230915\5641.230915012619.wav,4/15/24 15:19,Other,Other,9/15/2023 4:04:58.2,9/15/2023 4:04:59.7,NA,NA,NA,NA,NA,NA,no calls 09/15 at 04:00 in first 5 mins,NA,NA,2023-09-15,21.203633,-156.98395,Night
C:\Users\mmrph\OneDrive\Desktop\Intern\Kalaupapa\230915\5641.230915012619.wav,4/15/24 15:20,Other,Other,9/15/2023 5:04:58.0,9/15/2023 5:04:59.7,NA,NA,NA,NA,NA,NA,no calls 09/15 at 05:00 in first 5 mins,NA,NA,2023-09-15,21.203633,-156.98395,Night
C:\Users\mmrph\OneDrive\Desktop\Intern\Kalaupapa\230915\5641.230915012619.wav,4/15/24 15:20,Other,Other,9/15/2023 6:04:58.5,9/15/2023 6:04:59.7,NA,NA,NA,NA,NA,NA,no calls 09/15 at 06:00 in first 5 mins,NA,NA,2023-09-15,21.203633,-156.98395,Night
C:\Users\mmrph\OneDrive\Desktop\Intern\Kalaupapa\230915\5641.230915061536.wav,4/15/24 15:21,Other,Other,9/15/2023 7:04:58.6,9/15/2023 7:04:59.7,NA,NA,NA,NA,NA,NA,no calls 09/15 at 07:00 in first 5 mins,NA,NA,2023-09-15,21.203633,-156.98395,Day
C:\Users\mmrph\OneDrive\Desktop\Intern\Kalaupapa\230915\5641.230915061536.wav,4/15/24 15:22,Other,Other,9/15/2023 8:04:58.3,9/15/2023 8:04:59.6,NA,NA,NA,NA,NA,NA,no calls 09/15 at 08:00 in first 5 mins,NA,NA,2023-09-15,21.203633,-156.98395,Day
C:\Users\mmrph\OneDrive\Desktop\Intern\Kalaupapa\230915\5641.230915061536.wav,4/15/24 15:26,Other,Other,9/15/2023 9:05:28.4,9/15/2023 9:05:29.6,NA,NA,NA,NA,NA,NA,no calls 09/15 at 09:00 in first 5 mins; intern end analysis,NA,NA,2023-09-15,21.203633,-156.98395,Day
NA,NA,NA,NA,NA,NA,NA,NA,NA,NA,NA,NA,NA,NA,NA,NA,NA,NA,NA
NA,NA,NA,NA,NA,NA,NA,NA,NA,NA,NA,NA,NA,NA,NA,NA,NA,NA,NA
NA,NA,NA,NA,NA,NA,NA,NA,NA,NA,NA,NA,NA,NA,NA,NA,NA,NA,NA
NA,NA,NA,NA,NA,NA,NA,NA,NA,NA,NA,NA,NA,NA,NA,NA,NA,NA,NA
NA,NA,NA,NA,NA,NA,NA,NA,NA,NA,NA,NA,NA,NA,NA,NA,NA,NA,NA
NA,NA,NA,NA,NA,NA,NA,NA,NA,NA,NA,NA,NA,NA,NA,NA,NA,NA,NA
NA,NA,NA,NA,NA,NA,NA,NA,NA,NA,NA,NA,NA,NA,NA,NA,NA,NA,NA
NA,NA,NA,NA,NA,NA,NA,NA,NA,NA,NA,NA,NA,NA,NA,NA,NA,NA,NA
NA,NA,NA,NA,NA,NA,NA,NA,NA,NA,NA,NA,NA,NA,NA,NA,NA,NA,NA
NA,NA,NA,NA,NA,NA,NA,NA,NA,NA,NA,NA,NA,NA,NA,NA,NA,NA,NA
NA,NA,NA,NA,NA,NA,NA,NA,NA,NA,NA,NA,NA,NA,NA,NA,NA,NA,NA
NA,NA,NA,NA,NA,NA,NA,NA,NA,NA,NA,NA,NA,NA,NA,NA,NA,NA,NA
NA,NA,NA,NA,NA,NA,NA,NA,NA,NA,NA,NA,NA,NA,NA,NA,NA,NA,NA
NA,NA,NA,NA,NA,NA,NA,NA,NA,NA,NA,NA,NA,NA,NA,NA,NA,NA,NA
NA,NA,NA,NA,NA,NA,NA,NA,NA,NA,NA,NA,NA,NA,NA,NA,NA,NA,NA
NA,NA,NA,NA,NA,NA,NA,NA,NA,NA,NA,NA,NA,NA,NA,NA,NA,NA,NA
NA,NA,NA,NA,NA,NA,NA,NA,NA,NA,NA,NA,NA,NA,NA,NA,NA,NA,NA
NA,NA,NA,NA,NA,NA,NA,NA,NA,NA,NA,NA,NA,NA,NA,NA,NA,NA,NA
NA,NA,NA,NA,NA,NA,NA,NA,NA,NA,NA,NA,NA,NA,NA,NA,NA,NA,NA
NA,NA,NA,NA,NA,NA,NA,NA,NA,NA,NA,NA,NA,NA,NA,NA,NA,NA,NA
NA,NA,NA,NA,NA,NA,NA,NA,NA,NA,NA,NA,NA,NA,NA,NA,NA,NA,NA
NA,NA,NA,NA,NA,NA,NA,NA,NA,NA,NA,NA,NA,NA,NA,NA,NA,NA,NA
NA,NA,NA,NA,NA,NA,NA,NA,NA,NA,NA,NA,NA,NA,NA,NA,NA,NA,NA
NA,NA,NA,NA,NA,NA,NA,NA,NA,NA,NA,NA,NA,NA,NA,NA,NA,NA,NA
NA,NA,NA,NA,NA,NA,NA,NA,NA,NA,NA,NA,NA,NA,NA,NA,NA,NA,NA
NA,NA,NA,NA,NA,NA,NA,NA,NA,NA,NA,NA,NA,NA,NA,NA,NA,NA,NA
NA,NA,NA,NA,NA,NA,NA,NA,NA,NA,NA,NA,NA,NA,NA,NA,NA,NA,NA
NA,NA,NA,NA,NA,NA,NA,NA,NA,NA,NA,NA,NA,NA,NA,NA,NA,NA,NA
NA,NA,NA,NA,NA,NA,NA,NA,NA,NA,NA,NA,NA,NA,NA,NA,NA,NA,NA
NA,NA,NA,NA,NA,NA,NA,NA,NA,NA,NA,NA,NA,NA,NA,NA,NA,NA,NA
NA,NA,NA,NA,NA,NA,NA,NA,NA,NA,NA,NA,NA,NA,NA,NA,NA,NA,NA
NA,NA,NA,NA,NA,NA,NA,NA,NA,NA,NA,NA,NA,NA,NA,NA,NA,NA,NA
NA,NA,NA,NA,NA,NA,NA,NA,NA,NA,NA,NA,NA,NA,NA,NA,NA,NA,NA
NA,NA,NA,NA,NA,NA,NA,NA,NA,NA,NA,NA,NA,NA,NA,NA,NA,NA,NA
NA,NA,NA,NA,NA,NA,NA,NA,NA,NA,NA,NA,NA,NA,NA,NA,NA,NA,NA
NA,NA,NA,NA,NA,NA,NA,NA,NA,NA,NA,NA,NA,NA,NA,NA,NA,NA,NA
NA,NA,NA,NA,NA,NA,NA,NA,NA,NA,NA,NA,NA,NA,NA,NA,NA,NA,NA
NA,NA,NA,NA,NA,NA,NA,NA,NA,NA,NA,NA,NA,NA,NA,NA,NA,NA,NA
NA,NA,NA,NA,NA,NA,NA,NA,NA,NA,NA,NA,NA,NA,NA,NA,NA,NA,NA
NA,NA,NA,NA,NA,NA,NA,NA,NA,NA,NA,NA,NA,NA,NA,NA,NA,NA,NA
NA,NA,NA,NA,NA,NA,NA,NA,NA,NA,NA,NA,NA,NA,NA,NA,NA,NA,NA
NA,NA,NA,NA,NA,NA,NA,NA,NA,NA,NA,NA,NA,NA,NA,NA,NA,NA,NA
NA,NA,NA,NA,NA,NA,NA,NA,NA,NA,NA,NA,NA,NA,NA,NA,NA,NA,NA
NA,NA,NA,NA,NA,NA,NA,NA,NA,NA,NA,NA,NA,NA,NA,NA,NA,NA,NA
NA,NA,NA,NA,NA,NA,NA,NA,NA,NA,NA,NA,NA,NA,NA,NA,NA,NA,NA
NA,NA,NA,NA,NA,NA,NA,NA,NA,NA,NA,NA,NA,NA,NA,NA,NA,NA,NA
NA,NA,NA,NA,NA,NA,NA,NA,NA,NA,NA,NA,NA,NA,NA,NA,NA,NA,NA
NA,NA,NA,NA,NA,NA,NA,NA,NA,NA,NA,NA,NA,NA,NA,NA,NA,NA,NA
NA,NA,NA,NA,NA,NA,NA,NA,NA,NA,NA,NA,NA,NA,NA,NA,NA,NA,NA
NA,NA,NA,NA,NA,NA,NA,NA,NA,NA,NA,NA,NA,NA,NA,NA,NA,NA,NA
NA,NA,NA,NA,NA,NA,NA,NA,NA,NA,NA,NA,NA,NA,NA,NA,NA,NA,NA
NA,NA,NA,NA,NA,NA,NA,NA,NA,NA,NA,NA,NA,NA,NA,NA,NA,NA,NA
NA,NA,NA,NA,NA,NA,NA,NA,NA,NA,NA,NA,NA,NA,NA,NA,NA,NA,NA
NA,NA,NA,NA,NA,NA,NA,NA,NA,NA,NA,NA,NA,NA,NA,NA,NA,NA,NA
NA,NA,NA,NA,NA,NA,NA,NA,NA,NA,NA,NA,NA,NA,NA,NA,NA,NA,NA
NA,NA,NA,NA,NA,NA,NA,NA,NA,NA,NA,NA,NA,NA,NA,NA,NA,NA,NA
NA,NA,NA,NA,NA,NA,NA,NA,NA,NA,NA,NA,NA,NA,NA,NA,NA,NA,NA
NA,NA,NA,NA,NA,NA,NA,NA,NA,NA,NA,NA,NA,NA,NA,NA,NA,NA,NA
NA,NA,NA,NA,NA,NA,NA,NA,NA,NA,NA,NA,NA,NA,NA,NA,NA,NA,NA
NA,NA,NA,NA,NA,NA,NA,NA,NA,NA,NA,NA,NA,NA,NA,NA,NA,NA,NA
NA,NA,NA,NA,NA,NA,NA,NA,NA,NA,NA,NA,NA,NA,NA,NA,NA,NA,NA
NA,NA,NA,NA,NA,NA,NA,NA,NA,NA,NA,NA,NA,NA,NA,NA,NA,NA,NA
NA,NA,NA,NA,NA,NA,NA,NA,NA,NA,NA,NA,NA,NA,NA,NA,NA,NA,NA
NA,NA,NA,NA,NA,NA,NA,NA,NA,NA,NA,NA,NA,NA,NA,NA,NA,NA,NA
NA,NA,NA,NA,NA,NA,NA,NA,NA,NA,NA,NA,NA,NA,NA,NA,NA,NA,NA
NA,NA,NA,NA,NA,NA,NA,NA,NA,NA,NA,NA,NA,NA,NA,NA,NA,NA,NA
NA,NA,NA,NA,NA,NA,NA,NA,NA,NA,NA,NA,NA,NA,NA,NA,NA,NA,NA
NA,NA,NA,NA,NA,NA,NA,NA,NA,NA,NA,NA,NA,NA,NA,NA,NA,NA,NA
NA,NA,NA,NA,NA,NA,NA,NA,NA,NA,NA,NA,NA,NA,NA,NA,NA,NA,NA
NA,NA,NA,NA,NA,NA,NA,NA,NA,NA,NA,NA,NA,NA,NA,NA,NA,NA,NA
NA,NA,NA,NA,NA,NA,NA,NA,NA,NA,NA,NA,NA,NA,NA,NA,NA,NA,NA
NA,NA,NA,NA,NA,NA,NA,NA,NA,NA,NA,NA,NA,NA,NA,NA,NA,NA,NA
NA,NA,NA,NA,NA,NA,NA,NA,NA,NA,NA,NA,NA,NA,NA,NA,NA,NA,NA
NA,NA,NA,NA,NA,NA,NA,NA,NA,NA,NA,NA,NA,NA,NA,NA,NA,NA,NA
NA,NA,NA,NA,NA,NA,NA,NA,NA,NA,NA,NA,NA,NA,NA,NA,NA,NA,NA
NA,NA,NA,NA,NA,NA,NA,NA,NA,NA,NA,NA,NA,NA,NA,NA,NA,NA,NA
NA,NA,NA,NA,NA,NA,NA,NA,NA,NA,NA,NA,NA,NA,NA,NA,NA,NA,NA
NA,NA,NA,NA,NA,NA,NA,NA,NA,NA,NA,NA,NA,NA,NA,NA,NA,NA,NA
NA,NA,NA,NA,NA,NA,NA,NA,NA,NA,NA,NA,NA,NA,NA,NA,NA,NA,NA
NA,NA,NA,NA,NA,NA,NA,NA,NA,NA,NA,NA,NA,NA,NA,NA,NA,NA,NA
NA,NA,NA,NA,NA,NA,NA,NA,NA,NA,NA,NA,NA,NA,NA,NA,NA,NA,NA
NA,NA,NA,NA,NA,NA,NA,NA,NA,NA,NA,NA,NA,NA,NA,NA,NA,NA,NA
NA,NA,NA,NA,NA,NA,NA,NA,NA,NA,NA,NA,NA,NA,NA,NA,NA,NA,NA
NA,NA,NA,NA,NA,NA,NA,NA,NA,NA,NA,NA,NA,NA,NA,NA,NA,NA,NA
NA,NA,NA,NA,NA,NA,NA,NA,NA,NA,NA,NA,NA,NA,NA,NA,NA,NA,NA
NA,NA,NA,NA,NA,NA,NA,NA,NA,NA,NA,NA,NA,NA,NA,NA,NA,NA,NA
NA,NA,NA,NA,NA,NA,NA,NA,NA,NA,NA,NA,NA,NA,NA,NA,NA,NA,NA
NA,NA,NA,NA,NA,NA,NA,NA,NA,NA,NA,NA,NA,NA,NA,NA,NA,NA,NA
NA,NA,NA,NA,NA,NA,NA,NA,NA,NA,NA,NA,NA,NA,NA,NA,NA,NA,NA
NA,NA,NA,NA,NA,NA,NA,NA,NA,NA,NA,NA,NA,NA,NA,NA,NA,NA,NA
NA,NA,NA,NA,NA,NA,NA,NA,NA,NA,NA,NA,NA,NA,NA,NA,NA,NA,NA
NA,NA,NA,NA,NA,NA,NA,NA,NA,NA,NA,NA,NA,NA,NA,NA,NA,NA,NA
NA,NA,NA,NA,NA,NA,NA,NA,NA,NA,NA,NA,NA,NA,NA,NA,NA,NA,NA
NA,NA,NA,NA,NA,NA,NA,NA,NA,NA,NA,NA,NA,NA,NA,NA,NA,NA,NA
NA,NA,NA,NA,NA,NA,NA,NA,NA,NA,NA,NA,NA,NA,NA,NA,NA,NA,NA
NA,NA,NA,NA,NA,NA,NA,NA,NA,NA,NA,NA,NA,NA,NA,NA,NA,NA,NA
NA,NA,NA,NA,NA,NA,NA,NA,NA,NA,NA,NA,NA,NA,NA,NA,NA,NA,NA
NA,NA,NA,NA,NA,NA,NA,NA,NA,NA,NA,NA,NA,NA,NA,NA,NA,NA,NA
NA,NA,NA,NA,NA,NA,NA,NA,NA,NA,NA,NA,NA,NA,NA,NA,NA,NA,NA
NA,NA,NA,NA,NA,NA,NA,NA,NA,NA,NA,NA,NA,NA,NA,NA,NA,NA,NA
NA,NA,NA,NA,NA,NA,NA,NA,NA,NA,NA,NA,NA,NA,NA,NA,NA,NA,NA
NA,NA,NA,NA,NA,NA,NA,NA,NA,NA,NA,NA,NA,NA,NA,NA,NA,NA,NA
NA,NA,NA,NA,NA,NA,NA,NA,NA,NA,NA,NA,NA,NA,NA,NA,NA,NA,NA
NA,NA,NA,NA,NA,NA,NA,NA,NA,NA,NA,NA,NA,NA,NA,NA,NA,NA,NA
NA,NA,NA,NA,NA,NA,NA,NA,NA,NA,NA,NA,NA,NA,NA,NA,NA,NA,NA
NA,NA,NA,NA,NA,NA,NA,NA,NA,NA,NA,NA,NA,NA,NA,NA,NA,NA,NA
NA,NA,NA,NA,NA,NA,NA,NA,NA,NA,NA,NA,NA,NA,NA,NA,NA,NA,NA
NA,NA,NA,NA,NA,NA,NA,NA,NA,NA,NA,NA,NA,NA,NA,NA,NA,NA,NA
NA,NA,NA,NA,NA,NA,NA,NA,NA,NA,NA,NA,NA,NA,NA,NA,NA,NA,NA
NA,NA,NA,NA,NA,NA,NA,NA,NA,NA,NA,NA,NA,NA,NA,NA,NA,NA,NA
NA,NA,NA,NA,NA,NA,NA,NA,NA,NA,NA,NA,NA,NA,NA,NA,NA,NA,NA
NA,NA,NA,NA,NA,NA,NA,NA,NA,NA,NA,NA,NA,NA,NA,NA,NA,NA,NA
NA,NA,NA,NA,NA,NA,NA,NA,NA,NA,NA,NA,NA,NA,NA,NA,NA,NA,NA
NA,NA,NA,NA,NA,NA,NA,NA,NA,NA,NA,NA,NA,NA,NA,NA,NA,NA,NA
